feature,tau_s,median_jump,median_ctrl,cliffs_delta,n_jump,n_ctrl
spread_ticks,-30.0,2.9999996423721313,2.0000040531158447,0.013402692778457848,430,380
spread_ticks,-29.8,2.9999979734420776,2.0000040531158447,0.0113035495716034,430,380
spread_ticks,-29.6,2.999997138977051,2.0000011920928955,0.017533659730722073,430,380
spread_ticks,-29.4,2.999999761581421,2.0000011920928955,0.026334149326805445,430,380
spread_ticks,-29.2,3.000000238418579,2.0000011920928955,0.03387392900856789,430,380
spread_ticks,-29.0,3.000000238418579,2.0000011920928955,0.0458690330477356,430,380
spread_ticks,-28.8,2.9999988079071045,2.0000011920928955,0.04369645042839654,430,380
spread_ticks,-28.6,2.9999979734420776,2.0000011920928955,0.0415544675642594,430,380
spread_ticks,-28.4,2.999997138977051,2.00000262260437,0.033231334149326885,430,380
spread_ticks,-28.2,2.999997138977051,2.0000011920928955,0.02383720930232558,430,380
spread_ticks,-28.0,2.949998617172241,2.0000011920928955,0.016664626682986627,430,380
spread_ticks,-27.8,2.999997138977051,2.0000011920928955,0.02768665850673191,430,380
spread_ticks,-27.6,2.999997138977051,2.0000011920928955,0.02850061199510412,430,380
spread_ticks,-27.4,2.999997138977051,2.0000011920928955,0.035134638922888595,430,380
spread_ticks,-27.2,2.949998617172241,2.0000011920928955,0.040899632802937624,430,380
spread_ticks,-27.0,2.999997138977051,2.0000011920928955,0.04047735618115045,430,380
spread_ticks,-26.8,2.999997138977051,2.0000011920928955,0.03531211750305996,430,380
spread_ticks,-26.6,2.999997138977051,2.0000011920928955,0.03919216646266821,430,380
spread_ticks,-26.4,2.999997138977051,2.0000011920928955,0.040073439412484646,430,380
spread_ticks,-26.2,2.999997138977051,2.0000011920928955,0.04011015911872695,430,380
spread_ticks,-26.0,2.949998617172241,2.0000011920928955,0.04724602203182382,430,380
spread_ticks,-25.8,2.9000000953674316,2.0000011920928955,0.050403916768665846,430,380
spread_ticks,-25.6,2.5500012636184692,2.0000011920928955,0.0633108935128519,430,380
spread_ticks,-25.4,2.999997138977051,2.0000011920928955,0.06023867809057526,430,380
spread_ticks,-25.2,2.9999988079071045,2.0000011920928955,0.06101591187270494,430,380
spread_ticks,-25.0,2.999997138977051,2.0000011920928955,0.04424724602203178,430,380
spread_ticks,-24.8,2.9999979734420776,2.0000011920928955,0.05398408812729505,430,380
spread_ticks,-24.6,2.9999979734420776,2.0000011920928955,0.05289473684210533,430,380
spread_ticks,-24.4,2.999997138977051,2.0000011920928955,0.048457772337821226,430,380
spread_ticks,-24.2,2.9999988079071045,2.0000011920928955,0.05824969400244795,430,380
spread_ticks,-24.0,2.9999988079071045,2.0000011920928955,0.06679314565483474,430,380
spread_ticks,-23.8,2.999997138977051,2.0000011920928955,0.06984700122399023,430,380
spread_ticks,-23.6,2.9999988079071045,2.0000011920928955,0.0803059975520195,430,380
spread_ticks,-23.4,2.9999996423721313,2.0000011920928955,0.0777478580171358,430,380
spread_ticks,-23.2,2.9999988079071045,2.0000011920928955,0.08199510403916777,430,380
spread_ticks,-23.0,2.9999988079071045,2.0000011920928955,0.08854345165238686,430,380
spread_ticks,-22.8,2.999999165534973,2.0000011920928955,0.09225826193390452,430,380
spread_ticks,-22.6,2.999999523162842,2.0000011920928955,0.09359853121175021,430,380
spread_ticks,-22.4,3.000000238418579,2.0000011920928955,0.11856181150550804,430,380
spread_ticks,-22.2,3.000000238418579,2.0000011920928955,0.1197552019583843,430,380
spread_ticks,-22.0,3.000000238418579,2.0000011920928955,0.12623623011015916,430,380
spread_ticks,-21.8,3.000000238418579,2.0000011920928955,0.1250734394124846,430,380
spread_ticks,-21.6,3.000000238418579,2.0000011920928955,0.12769889840881277,430,380
spread_ticks,-21.4,3.000000238418579,2.0000011920928955,0.13236230110159108,430,380
spread_ticks,-21.2,3.000000238418579,2.000000834465027,0.14149326805385565,430,380
spread_ticks,-21.0,3.000000238418579,2.0000011920928955,0.14201958384332936,430,380
spread_ticks,-20.8,3.000000238418579,2.000000834465027,0.15298653610771118,430,380
spread_ticks,-20.6,3.000000238418579,2.0000011920928955,0.1535067319461445,430,380
spread_ticks,-20.4,3.000000238418579,2.0000011920928955,0.16312117503059986,430,380
spread_ticks,-20.2,3.000000238418579,2.0000011920928955,0.16793145654834762,430,380
spread_ticks,-20.0,3.000000238418579,2.0000011920928955,0.17292533659730713,430,380
spread_ticks,-19.8,3.000000238418579,2.0000011920928955,0.17719706242350064,430,380
spread_ticks,-19.6,3.000000238418579,2.0000011920928955,0.1697674418604651,430,380
spread_ticks,-19.4,3.000000238418579,2.0000011920928955,0.16450428396572825,430,380
spread_ticks,-19.2,3.000000238418579,2.0000011920928955,0.15811505507955936,430,380
spread_ticks,-19.0,3.000000238418579,2.000000834465027,0.1560220318237453,430,380
spread_ticks,-18.8,3.000000238418579,2.0000003576278687,0.15181762545899624,430,380
spread_ticks,-18.6,3.000000238418579,2.000000834465027,0.1469951040391677,430,380
spread_ticks,-18.4,3.000000238418579,2.000000834465027,0.1453304773561812,430,380
spread_ticks,-18.2,3.000000238418579,2.0000001192092896,0.15351897184822527,430,380
spread_ticks,-18.0,3.000000238418579,2.0000003576278687,0.1510220318237454,430,380
spread_ticks,-17.8,3.000000238418579,2.0000011920928955,0.145079559363525,430,380
spread_ticks,-17.6,3.000000238418579,2.0000011920928955,0.13847001223990207,430,380
spread_ticks,-17.4,2.9999998807907104,2.0000011920928955,0.13754589963280295,430,380
spread_ticks,-17.2,3.0000001192092896,2.0000011920928955,0.13987760097919222,430,380
spread_ticks,-17.0,2.999999523162842,2.0000011920928955,0.12651774785801706,430,380
spread_ticks,-16.8,2.9999988079071045,2.0000011920928955,0.12026315789473685,430,380
spread_ticks,-16.6,2.9999979734420776,2.0000011920928955,0.11640146878824975,430,380
spread_ticks,-16.4,2.9999979734420776,2.0000011920928955,0.11508567931456559,430,380
spread_ticks,-16.2,2.9999979734420776,2.0000011920928955,0.11700734394124845,430,380
spread_ticks,-16.0,2.9999988079071045,2.0000011920928955,0.11402692778457779,430,380
spread_ticks,-15.8,2.9999979734420776,2.0000011920928955,0.10842717258261936,430,380
spread_ticks,-15.6,2.9999988079071045,2.0000011920928955,0.1058873929008568,430,380
spread_ticks,-15.4,2.999999165534973,2.0000011920928955,0.10307221542227651,430,380
spread_ticks,-15.2,2.999999523162842,2.0000011920928955,0.09736842105263155,430,380
spread_ticks,-15.0,2.999999523162842,2.0000011920928955,0.10351897184822523,430,380
spread_ticks,-14.8,3.0000001192092896,2.0000011920928955,0.11268665850673187,430,380
spread_ticks,-14.6,3.000000238418579,2.0000011920928955,0.11330477356181157,430,380
spread_ticks,-14.4,3.0000001192092896,2.0000011920928955,0.11053243574051397,430,380
spread_ticks,-14.2,3.0000001192092896,2.0000011920928955,0.10463280293757649,430,380
spread_ticks,-14.0,3.0000001192092896,2.0000011920928955,0.10774785801713582,430,380
spread_ticks,-13.8,3.0,2.0000011920928955,0.09972460220318236,430,380
spread_ticks,-13.6,2.999999523162842,2.0000011920928955,0.09554467564259483,430,380
spread_ticks,-13.4,2.999999165534973,2.0000011920928955,0.09337821297429616,430,380
spread_ticks,-13.2,2.999999523162842,2.0000011920928955,0.0913708690330477,430,380
spread_ticks,-13.0,2.999999523162842,2.0000011920928955,0.09111383108935134,430,380
spread_ticks,-12.8,2.9999988079071045,2.0000011920928955,0.08365361077111388,430,380
spread_ticks,-12.6,2.999997138977051,2.0000011920928955,0.07586291309669524,430,380
spread_ticks,-12.4,2.999997138977051,2.0000011920928955,0.07180538555691562,430,380
spread_ticks,-12.2,2.999999523162842,2.0000011920928955,0.07464504283965723,430,380
spread_ticks,-12.0,2.999997138977051,2.0000011920928955,0.06515299877600977,430,380
spread_ticks,-11.8,2.999997138977051,2.0000011920928955,0.05724602203182383,430,380
spread_ticks,-11.6,2.999997138977051,2.0000011920928955,0.06377600979192177,430,380
spread_ticks,-11.4,2.999997138977051,2.0000011920928955,0.061077111383109006,430,380
spread_ticks,-11.2,2.999997138977051,2.0000011920928955,0.06633414932680548,430,380
spread_ticks,-11.0,2.999997138977051,2.0000011920928955,0.06671970624235013,430,380
spread_ticks,-10.8,2.999997138977051,2.0000011920928955,0.08365973072215427,430,380
spread_ticks,-10.6,2.9999979734420776,2.0000011920928955,0.08604039167686661,430,380
spread_ticks,-10.4,2.999997138977051,2.0000011920928955,0.09452876376988995,430,380
spread_ticks,-10.2,2.999997138977051,2.0000011920928955,0.09526315789473694,430,380
spread_ticks,-10.0,2.9999988079071045,2.0000011920928955,0.09910648714810288,430,380
spread_ticks,-9.8,2.9999988079071045,2.0000011920928955,0.10011627906976739,430,380
spread_ticks,-9.6,2.9999988079071045,2.0000011920928955,0.10168298653610774,430,380
spread_ticks,-9.4,2.999999165534973,2.0000011920928955,0.0970195838433292,430,380
spread_ticks,-9.2,2.999999165534973,2.0000011920928955,0.0988494492044063,430,380
spread_ticks,-9.0,2.999999523162842,2.0000011920928955,0.09577111383108927,430,380
spread_ticks,-8.8,2.999999523162842,2.0000011920928955,0.09953488372093022,430,380
spread_ticks,-8.6,3.000000238418579,2.0000011920928955,0.10464504283965725,430,380
spread_ticks,-8.4,3.000000238418579,2.00000262260437,0.10916156670746635,430,380
spread_ticks,-8.2,3.000000238418579,2.0000011920928955,0.11471848225214187,430,380
spread_ticks,-8.0,3.000000238418579,2.0000011920928955,0.13176866585067315,430,380
spread_ticks,-7.8,3.000000238418579,2.0000011920928955,0.13209302325581396,430,380
spread_ticks,-7.6,3.000000238418579,2.00000262260437,0.1399999999999999,430,380
spread_ticks,-7.4,3.000000238418579,2.0000040531158447,0.13941248470012235,430,380
spread_ticks,-7.2,3.000000238418579,2.0000040531158447,0.1628518971848225,430,380
spread_ticks,-7.0,3.000000238418579,2.0000011920928955,0.1818421052631578,430,380
spread_ticks,-6.8,3.0000007152557373,2.0000040531158447,0.1797368421052632,430,380
spread_ticks,-6.6,3.200002074241638,2.3000000715255737,0.18826805385556922,430,380
spread_ticks,-6.4,3.9999992847442627,2.0000040531158447,0.2174724602203182,430,380
spread_ticks,-6.2,3.9999992847442627,2.0000040531158447,0.22469400244798043,430,380
spread_ticks,-6.0,3.9999996423721313,2.200000047683716,0.23365973072215418,430,380
spread_ticks,-5.8,4.000000953674316,2.0000040531158447,0.24323133414932685,430,380
spread_ticks,-5.6,4.000002384185791,2.0000040531158447,0.2560587515299877,430,380
spread_ticks,-5.4,4.000002384185791,2.0000040531158447,0.26315177478580165,430,380
spread_ticks,-5.2,4.350001096725464,2.0000040531158447,0.2757343941248469,430,380
spread_ticks,-5.0,4.949997901916504,2.0000040531158447,0.27096083231334145,430,380
spread_ticks,-4.8,5.0,2.0000040531158447,0.2808996328029376,430,380
spread_ticks,-4.6,5.000001430511475,2.0000040531158447,0.29113219094247245,430,380
spread_ticks,-4.4,5.000001430511475,2.00000262260437,0.3036474908200735,430,380
spread_ticks,-4.2,6.0,2.0000040531158447,0.3018482252141983,430,380
spread_ticks,-4.0,6.0,2.0000011920928955,0.3213647490820073,430,380
spread_ticks,-3.8,5.999999761581421,2.0000011920928955,0.32345777233782136,430,380
spread_ticks,-3.6,6.0,2.0000011920928955,0.3279130966952264,430,380
spread_ticks,-3.4,6.000000476837158,2.0000011920928955,0.3500795593635251,430,380
spread_ticks,-3.2,6.000000476837158,2.0000011920928955,0.3655263157894737,430,380
spread_ticks,-3.0,6.1000001430511475,2.0000011920928955,0.37538555691554465,430,380
spread_ticks,-2.8,6.999999523162842,2.0000011920928955,0.3994920440636476,430,380
spread_ticks,-2.6,7.000000953674316,2.0000011920928955,0.4139963280293757,430,380
spread_ticks,-2.4,7.000002384185791,2.0000011920928955,0.4305018359853121,430,380
spread_ticks,-2.2,8.000001430511475,2.0000011920928955,0.4552692778457772,430,380
spread_ticks,-2.0,8.600000381469727,2.0000011920928955,0.47136474908200743,430,380
spread_ticks,-1.8,8.99999713897705,2.0000011920928955,0.4926744186046512,430,380
spread_ticks,-1.6,9.000000953674316,2.0000011920928955,0.5042778457772339,430,380
spread_ticks,-1.4,10.0,2.0000011920928955,0.5160403916768665,430,380
spread_ticks,-1.2,10.0,2.0000011920928955,0.5281028151774785,430,380
spread_ticks,-1.0,10.00000286102295,2.0000011920928955,0.5457894736842106,430,380
spread_ticks,-0.8,10.500000953674316,2.0000011920928955,0.5731334149326806,430,380
spread_ticks,-0.6,10.999999523162842,2.0000011920928955,0.5901529987760097,430,380
spread_ticks,-0.4,11.000001907348633,2.0000040531158447,0.5995532435740514,430,380
spread_ticks,-0.2,11.999998092651367,2.200000047683716,0.610373317013464,430,380
spread_ticks,0.0,13.0,2.3000000715255737,0.6696756425948593,430,380
spread_ticks,0.2,51.0,2.649999260902405,0.8378090575275399,430,380
spread_ticks,0.4,40.99999809265137,2.649999260902405,0.8009179926560588,430,380
spread_ticks,0.6,36.0,2.1000020503997803,0.7940068703226597,429,380
spread_ticks,0.8,32.0,2.0000040531158447,0.7678996442154338,429,380
spread_ticks,1.0,30.000001907348633,2.0000040531158447,0.7496135443503864,429,380
spread_ticks,1.2,28.0,2.0000040531158447,0.7321739663844926,429,380
spread_ticks,1.4,27.999998092651367,2.0000040531158447,0.7133541896699791,429,380
spread_ticks,1.6,26.000001907348633,2.0000011920928955,0.7069355632070831,428,380
spread_ticks,1.8,24.000001907348633,2.00000262260437,0.6820646827348746,428,380
spread_ticks,2.0,22.94999885559082,2.00000262260437,0.6699704869650762,428,380
spread_ticks,2.2,22.000001907348633,2.0000011920928955,0.6668162813575995,428,380
spread_ticks,2.4,21.500000953674316,2.0000011920928955,0.6457943925233645,428,380
spread_ticks,2.6,20.000001907348633,2.0000011920928955,0.634683964584358,428,380
spread_ticks,2.8,19.000000953674316,2.00000262260437,0.6300049188391539,428,380
spread_ticks,3.0,18.000000953674316,2.00000262260437,0.626026807673389,428,380
spread_ticks,3.2,17.000000953674316,2.0000011920928955,0.6164473684210525,428,380
spread_ticks,3.4,16.5,2.0000011920928955,0.6161645351697,428,380
spread_ticks,3.6,15.500001907348633,2.0000011920928955,0.6027852926709296,428,380
spread_ticks,3.8,14.999998092651367,2.0000011920928955,0.5956591244466305,428,380
spread_ticks,4.0,14.000003337860107,2.0000011920928955,0.5775762420068864,428,380
spread_ticks,4.2,13.0,2.0000011920928955,0.5677816035415642,428,380
spread_ticks,4.4,12.000001430511475,2.0000011920928955,0.5418962124938516,428,380
spread_ticks,4.6,11.000001907348633,2.0000040531158447,0.5316158386620757,428,380
spread_ticks,4.8,10.00000286102295,2.00000262260437,0.5173266109198229,428,380
spread_ticks,5.0,10.000001907348633,2.0000011920928955,0.5036153467781603,428,380
l1_bid_usd,-30.0,130.1750259399414,158.95997619628906,-0.04343941248470007,430,380
l1_bid_usd,-29.8,139.04002380371094,158.95997619628906,-0.03320073439412485,430,380
l1_bid_usd,-29.6,140.00001525878906,153.81000518798828,-0.020416156670746588,430,380
l1_bid_usd,-29.4,148.9899673461914,158.95997619628906,-0.022858017135862885,430,380
l1_bid_usd,-29.2,140.70001220703125,160.15477752685547,-0.03366585067319461,430,380
l1_bid_usd,-29.0,149.99996948242188,164.25152587890625,-0.03354345165238681,430,380
l1_bid_usd,-28.8,148.9899673461914,179.9999542236328,-0.05691554467564264,430,380
l1_bid_usd,-28.6,158.74996948242188,179.9999542236328,-0.05692166462668302,430,380
l1_bid_usd,-28.4,148.9899673461914,164.25152587890625,-0.04541615667074661,430,380
l1_bid_usd,-28.2,154.0,156.95999145507812,-0.02392288861689107,430,380
l1_bid_usd,-28.0,143.989990234375,153.81000518798828,-0.02454100367197065,430,380
l1_bid_usd,-27.8,150.99998474121094,161.49998474121094,-0.04107711138310899,430,380
l1_bid_usd,-27.6,140.00001525878906,159.99996948242188,-0.049730722154222806,430,380
l1_bid_usd,-27.4,135.92501831054688,164.25152587890625,-0.0653427172582619,430,380
l1_bid_usd,-27.2,135.92501831054688,164.25152587890625,-0.06332313341493268,430,380
l1_bid_usd,-27.0,135.92501831054688,159.99996948242188,-0.059161566707466307,430,380
l1_bid_usd,-26.8,130.00001525878906,158.95997619628906,-0.07017747858017132,430,380
l1_bid_usd,-26.6,128.58001708984375,163.29499053955078,-0.06960832313341492,430,380
l1_bid_usd,-26.4,135.92501831054688,172.62000274658203,-0.07243574051407586,430,380
l1_bid_usd,-26.2,139.04002380371094,176.9399871826172,-0.07440024479804164,430,380
l1_bid_usd,-26.0,123.58001708984375,179.9999542236328,-0.09388616891064872,430,380
l1_bid_usd,-25.8,128.58001708984375,181.9270782470703,-0.1047490820073439,430,380
l1_bid_usd,-25.6,128.58001708984375,180.71997833251953,-0.10561811505507956,430,380
l1_bid_usd,-25.4,123.58001708984375,179.9999542236328,-0.10440024479804166,430,380
l1_bid_usd,-25.2,114.77191162109375,180.71997833251953,-0.10899632802937576,430,380
l1_bid_usd,-25.0,105.15445327758789,179.9999542236328,-0.1017013463892289,430,380
l1_bid_usd,-24.8,120.00001525878906,179.9999542236328,-0.10187882496940026,430,380
l1_bid_usd,-24.6,99.99999237060547,179.9999542236328,-0.1143451652386781,430,380
l1_bid_usd,-24.4,109.77191162109375,164.54651641845703,-0.10056303549571599,430,380
l1_bid_usd,-24.2,99.99999237060547,176.9399871826172,-0.10537943696450425,430,380
l1_bid_usd,-24.0,99.99999237060547,180.71997833251953,-0.11324357405140761,430,380
l1_bid_usd,-23.8,99.99999237060547,183.55999755859375,-0.11542227662178706,430,380
l1_bid_usd,-23.6,99.99999237060547,199.9998550415039,-0.12468788249694007,430,380
l1_bid_usd,-23.4,104.56298446655273,180.50995635986328,-0.10848225214198282,430,380
l1_bid_usd,-23.2,106.68997955322266,179.9999542236328,-0.11297429620563038,430,380
l1_bid_usd,-23.0,106.68997955322266,184.6650390625,-0.11807221542227664,430,380
l1_bid_usd,-22.8,107.22189712524414,199.9986572265625,-0.12596695226438193,430,380
l1_bid_usd,-22.6,101.12998962402344,192.83877563476562,-0.12673806609547122,430,380
l1_bid_usd,-22.4,98.96498489379883,184.6650390625,-0.1399204406364749,430,380
l1_bid_usd,-22.2,90.01800918579102,192.83877563476562,-0.15934516523867814,430,380
l1_bid_usd,-22.0,87.7389030456543,207.96480560302734,-0.16175030599755202,430,380
l1_bid_usd,-21.8,89.5999984741211,208.2674789428711,-0.15546511627906978,430,380
l1_bid_usd,-21.6,89.5999984741211,210.0,-0.16234394124846996,430,380
l1_bid_usd,-21.4,91.94251251220703,207.16250610351562,-0.15526315789473688,430,380
l1_bid_usd,-21.2,91.94251251220703,207.16250610351562,-0.1478518971848225,430,380
l1_bid_usd,-21.0,85.7249984741211,210.0,-0.1644002447980416,430,380
l1_bid_usd,-20.8,81.73998641967773,213.0000228881836,-0.18317013463892284,430,380
l1_bid_usd,-20.6,81.99998474121094,210.0,-0.17968176254589963,430,380
l1_bid_usd,-20.4,91.94251251220703,209.31749725341797,-0.1662362301101591,430,380
l1_bid_usd,-20.2,91.10249328613281,210.0,-0.1617992656058751,430,380
l1_bid_usd,-20.0,83.2199935913086,213.0000228881836,-0.16776621787025703,430,380
l1_bid_usd,-19.8,91.10249328613281,213.0000228881836,-0.15372093023255817,430,380
l1_bid_usd,-19.6,95.16499328613281,213.0000228881836,-0.15792533659730723,430,380
l1_bid_usd,-19.4,99.99999237060547,204.31747436523438,-0.13379436964504288,430,380
l1_bid_usd,-19.2,100.89999389648438,204.31747436523438,-0.1296022031823746,430,380
l1_bid_usd,-19.0,109.77191162109375,209.31749725341797,-0.11711750305997548,430,380
l1_bid_usd,-18.8,110.00001525878906,204.31747436523438,-0.11850061199510409,430,380
l1_bid_usd,-18.6,101.15000915527344,199.9986572265625,-0.12514687882496944,430,380
l1_bid_usd,-18.4,101.15000915527344,191.99879455566406,-0.1145104039167687,430,380
l1_bid_usd,-18.2,99.99999237060547,191.99879455566406,-0.11924724602203185,430,380
l1_bid_usd,-18.0,99.99999237060547,179.9999542236328,-0.11574051407588737,430,380
l1_bid_usd,-17.8,99.99999237060547,179.9999542236328,-0.11795593635250923,430,380
l1_bid_usd,-17.6,99.99999237060547,176.9399871826172,-0.10619951040391673,430,380
l1_bid_usd,-17.4,106.03190231323242,170.93999481201172,-0.10456548347613215,430,380
l1_bid_usd,-17.2,109.77191162109375,159.99996948242188,-0.09306609547123623,430,380
l1_bid_usd,-17.0,101.25999450683594,161.79497528076172,-0.09212974296205634,430,380
l1_bid_usd,-16.8,115.24999237060547,179.9999542236328,-0.08432680538555692,430,380
l1_bid_usd,-16.6,99.99999237060547,168.99998474121094,-0.09438800489596089,430,380
l1_bid_usd,-16.4,120.68001174926758,157.70997619628906,-0.07287637698898408,430,380
l1_bid_usd,-16.2,112.6099967956543,159.99996948242188,-0.07959608323133416,430,380
l1_bid_usd,-16.0,111.0000114440918,136.0500259399414,-0.0733170134638923,430,380
l1_bid_usd,-15.8,110.00001525878906,153.81000518798828,-0.07680538555691552,430,380
l1_bid_usd,-15.6,112.6099967956543,146.0500030517578,-0.058757649938800505,430,380
l1_bid_usd,-15.4,109.77191162109375,127.95500946044922,-0.05626070991432064,430,380
l1_bid_usd,-15.2,115.24999237060547,134.3405990600586,-0.05102203182374543,430,380
l1_bid_usd,-15.0,117.75000381469727,146.0500030517578,-0.056756425948592426,430,380
l1_bid_usd,-14.8,112.6099967956543,146.0500030517578,-0.05903916768665851,430,380
l1_bid_usd,-14.6,125.88501739501953,149.99996948242188,-0.048084455324357456,430,380
l1_bid_usd,-14.4,125.88501739501953,149.99996948242188,-0.04242962056303545,430,380
l1_bid_usd,-14.2,120.00001525878906,150.80998992919922,-0.04869645042839654,430,380
l1_bid_usd,-14.0,135.00001525878906,156.74998474121094,-0.040373317013463916,430,380
l1_bid_usd,-13.8,146.0500030517578,149.25,-0.02130354957160341,430,380
l1_bid_usd,-13.6,128.58001708984375,150.9599838256836,-0.037509179926560554,430,380
l1_bid_usd,-13.4,144.99999237060547,150.9599838256836,-0.03159730722154219,430,380
l1_bid_usd,-13.2,140.00001525878906,156.74998474121094,-0.03864749082007346,430,380
l1_bid_usd,-13.0,149.99996948242188,156.74998474121094,-0.029339045287637644,430,380
l1_bid_usd,-12.8,150.99998474121094,157.70997619628906,-0.028182374541003696,430,380
l1_bid_usd,-12.6,138.75999450683594,150.9599838256836,-0.030250917992656112,430,380
l1_bid_usd,-12.4,140.00001525878906,156.74998474121094,-0.030257037943696496,430,380
l1_bid_usd,-12.2,126.51002502441406,159.49998474121094,-0.0490391676866585,430,380
l1_bid_usd,-12.0,128.58001708984375,161.79497528076172,-0.0475764993880049,430,380
l1_bid_usd,-11.8,128.58001708984375,159.99996948242188,-0.04558751529987759,430,380
l1_bid_usd,-11.6,130.2050018310547,176.66500091552734,-0.05930844553243575,430,380
l1_bid_usd,-11.4,126.51002502441406,179.9999542236328,-0.06978580171358628,430,380
l1_bid_usd,-11.2,122.93002319335938,176.9399871826172,-0.0685189718482252,430,380
l1_bid_usd,-11.0,126.51002502441406,181.99999237060547,-0.07700734394124842,430,380
l1_bid_usd,-10.8,126.51002502441406,181.99999237060547,-0.07917992656058748,430,380
l1_bid_usd,-10.6,120.00001525878906,170.80389404296875,-0.07772337821297426,430,380
l1_bid_usd,-10.4,120.00001525878906,170.80389404296875,-0.07698898408812727,430,380
l1_bid_usd,-10.2,113.75,167.79499053955078,-0.08468788249694004,430,380
l1_bid_usd,-10.0,113.75,173.1988983154297,-0.08977968176254592,430,380
l1_bid_usd,-9.8,117.75000381469727,166.0015106201172,-0.0746572827417381,430,380
l1_bid_usd,-9.6,117.75000381469727,161.79497528076172,-0.06941860465116279,430,380
l1_bid_usd,-9.4,120.00001525878906,154.18999481201172,-0.06881272949816397,430,380
l1_bid_usd,-9.2,120.00001525878906,161.79497528076172,-0.07372705018359849,430,380
l1_bid_usd,-9.0,112.7599983215332,156.95999145507812,-0.07648102815177482,430,380
l1_bid_usd,-8.8,117.75000381469727,158.95997619628906,-0.07643818849449202,430,380
l1_bid_usd,-8.6,117.75000381469727,164.54651641845703,-0.09187882496940025,430,380
l1_bid_usd,-8.4,113.75,170.93999481201172,-0.10376376988984093,430,380
l1_bid_usd,-8.2,120.00001525878906,161.79497528076172,-0.09371481028151774,430,380
l1_bid_usd,-8.0,117.75000381469727,156.95999145507812,-0.0930416156670747,430,380
l1_bid_usd,-7.8,109.82501983642578,159.99996948242188,-0.10805997552019586,430,380
l1_bid_usd,-7.6,88.67854309082031,161.79497528076172,-0.11976744186046506,430,380
l1_bid_usd,-7.4,84.50000381469727,158.95997619628906,-0.12051407588739294,430,380
l1_bid_usd,-7.2,69.39380264282227,157.58499145507812,-0.1395165238678091,430,380
l1_bid_usd,-7.0,71.30998992919922,164.54651641845703,-0.156187270501836,430,380
l1_bid_usd,-6.8,69.39380264282227,167.24996948242188,-0.16394124847001224,430,380
l1_bid_usd,-6.6,62.83000373840332,170.93999481201172,-0.1799388004895961,430,380
l1_bid_usd,-6.4,70.05500411987305,179.9999542236328,-0.19237454100367202,430,380
l1_bid_usd,-6.2,70.45499038696289,167.24996948242188,-0.19025703794369642,430,380
l1_bid_usd,-6.0,70.00001525878906,179.9999542236328,-0.20865973072215427,430,380
l1_bid_usd,-5.8,60.329994201660156,176.9399871826172,-0.2177906976744186,430,380
l1_bid_usd,-5.6,52.750003814697266,166.0015106201172,-0.22033047735618116,430,380
l1_bid_usd,-5.4,55.71400451660156,179.9999542236328,-0.223531211750306,430,380
l1_bid_usd,-5.2,50.0,170.93999481201172,-0.22257037943696445,430,380
l1_bid_usd,-5.0,44.75,166.7515106201172,-0.22183598531211746,430,380
l1_bid_usd,-4.8,40.354997634887695,176.9399871826172,-0.23228274173806607,430,380
l1_bid_usd,-4.6,40.99590301513672,176.9399871826172,-0.22612607099143212,430,380
l1_bid_usd,-4.4,40.99590301513672,171.9000244140625,-0.24197674418604653,430,380
l1_bid_usd,-4.2,41.300004959106445,166.7515106201172,-0.23752753977968177,430,380
l1_bid_usd,-4.0,40.514997482299805,176.9399871826172,-0.24522031823745405,430,380
l1_bid_usd,-3.8,36.80999946594238,156.74998474121094,-0.25615667074663406,430,380
l1_bid_usd,-3.6,35.23500061035156,157.70997619628906,-0.25720930232558137,430,380
l1_bid_usd,-3.4,30.82499885559082,179.9999542236328,-0.30268053855569155,430,380
l1_bid_usd,-3.2,28.149999618530273,170.93999481201172,-0.31695838433292534,430,380
l1_bid_usd,-3.0,22.769999504089355,164.54651641845703,-0.3277478580171359,430,380
l1_bid_usd,-2.8,20.340002059936523,160.7549819946289,-0.33020807833537336,430,380
l1_bid_usd,-2.6,20.000001907348633,167.75,-0.3331946144430844,430,380
l1_bid_usd,-2.4,18.5,164.54651641845703,-0.35586291309669527,430,380
l1_bid_usd,-2.2,17.679999351501465,166.5015411376953,-0.3706058751529988,430,380
l1_bid_usd,-2.0,16.359200477600098,164.54651641845703,-0.37826805385556916,430,380
l1_bid_usd,-1.8,13.059874534606934,167.75,-0.40771113831089356,430,380
l1_bid_usd,-1.6,12.124999046325684,160.7549819946289,-0.41564259485924115,430,380
l1_bid_usd,-1.4,14.42499828338623,166.5015411376953,-0.3970807833537332,430,380
l1_bid_usd,-1.2,10.649999141693115,160.7549819946289,-0.4237148102815177,430,380
l1_bid_usd,-1.0,10.000000953674316,156.74998474121094,-0.4397858017135863,430,380
l1_bid_usd,-0.8,10.000000953674316,164.54651641845703,-0.4572582619339045,430,380
l1_bid_usd,-0.6,9.500000953674316,160.7549819946289,-0.4851958384332925,430,380
l1_bid_usd,-0.4,9.840001106262207,156.74998474121094,-0.484265605875153,430,380
l1_bid_usd,-0.2,8.019999980926514,156.74998474121094,-0.501297429620563,430,380
l1_bid_usd,0.0,7.200000762939453,153.95999908447266,-0.5347919216646266,430,380
l1_bid_usd,0.2,4.9996795654296875,153.95999908447266,-0.5838188494492045,430,380
l1_bid_usd,0.4,5.360599994659424,156.74998474121094,-0.5538004895960833,430,380
l1_bid_usd,0.6,5.200000286102295,158.95997619628906,-0.5677708256655625,429,380
l1_bid_usd,0.8,5.0,129.7977523803711,-0.5583057293583609,429,380
l1_bid_usd,1.0,5.700000286102295,129.7977523803711,-0.5496994233836339,429,380
l1_bid_usd,1.2,6.324000358581543,153.95999908447266,-0.5243344374923322,429,380
l1_bid_usd,1.4,6.848701000213623,129.57500457763672,-0.5166053245000614,429,380
l1_bid_usd,1.6,5.795000314712524,139.99999237060547,-0.5312469257255288,428,380
l1_bid_usd,1.8,7.349999904632568,139.99999237060547,-0.48500983767830796,428,380
l1_bid_usd,2.0,7.84999942779541,139.99999237060547,-0.49190236104279395,428,380
l1_bid_usd,2.2,8.162649631500244,139.99999237060547,-0.47703516969995086,428,380
l1_bid_usd,2.4,7.84999942779541,150.9599838256836,-0.48260575504181014,428,380
l1_bid_usd,2.6,8.724349975585938,144.99999237060547,-0.4583804722085588,428,380
l1_bid_usd,2.8,9.0,157.70997619628906,-0.4646151008362026,428,380
l1_bid_usd,3.0,10.000000953674316,157.70997619628906,-0.4503873585833743,428,380
l1_bid_usd,3.2,10.034600257873535,170.69002532958984,-0.44977250368912935,428,380
l1_bid_usd,3.4,10.65000057220459,164.54651641845703,-0.42651254303984265,428,380
l1_bid_usd,3.6,10.65000057220459,164.54651641845703,-0.42549803246433837,428,380
l1_bid_usd,3.8,13.125000476837158,161.79497528076172,-0.40877397934087556,428,380
l1_bid_usd,4.0,15.0,164.54651641845703,-0.39185932120019673,428,380
l1_bid_usd,4.2,17.429999351501465,179.9999542236328,-0.38386620757501233,428,380
l1_bid_usd,4.4,17.749999046325684,164.54651641845703,-0.3805951795376291,428,380
l1_bid_usd,4.6,18.360000610351562,191.75000762939453,-0.3909431874077718,428,380
l1_bid_usd,4.8,19.975000381469727,179.7749786376953,-0.390303738317757,428,380
l1_bid_usd,5.0,18.860000610351562,164.54651641845703,-0.3793839153959665,428,380
l1_ask_usd,-30.0,148.44998931884766,154.31410217285156,-0.03120563035495716,430,380
l1_ask_usd,-29.8,161.58011627197266,140.2360076904297,0.0007099143206854563,430,380
l1_ask_usd,-29.6,160.75,140.2360076904297,-0.0015789473684210131,430,380
l1_ask_usd,-29.4,163.5212631225586,125.86001586914062,-0.006444308445532454,430,380
l1_ask_usd,-29.2,154.173583984375,150.35067749023438,-0.015532435740514106,430,380
l1_ask_usd,-29.0,138.96002197265625,151.6870346069336,-0.03652998776009797,430,380
l1_ask_usd,-28.8,138.96002197265625,155.25000762939453,-0.04266829865361077,430,380
l1_ask_usd,-28.6,150.95092010498047,159.7499771118164,-0.049430844553243536,430,380
l1_ask_usd,-28.4,144.14997100830078,155.99998474121094,-0.06269277845777232,430,380
l1_ask_usd,-28.2,149.63497161865234,134.1911163330078,-0.03156670746634027,430,380
l1_ask_usd,-28.0,149.63497161865234,123.16728973388672,-0.025006119951040406,430,380
l1_ask_usd,-27.8,158.55501556396484,131.41020965576172,-0.01189106487148106,430,380
l1_ask_usd,-27.6,149.63497161865234,131.41020965576172,-0.019381884944920436,430,380
l1_ask_usd,-27.4,131.24998474121094,130.7826919555664,-0.02758873929008565,430,380
l1_ask_usd,-27.2,132.5999755859375,150.78773498535156,-0.051603427172582594,430,380
l1_ask_usd,-27.0,129.2855224609375,150.98329162597656,-0.05697674418604648,430,380
l1_ask_usd,-26.8,141.00003051757812,144.30885314941406,-0.0329804161566708,430,380
l1_ask_usd,-26.6,142.50000762939453,140.0699920654297,-0.03861689106487143,430,380
l1_ask_usd,-26.4,146.41502380371094,146.93011474609375,-0.04233782129742958,430,380
l1_ask_usd,-26.2,150.80998992919922,176.5877227783203,-0.06358017135862915,430,380
l1_ask_usd,-26.0,139.13402557373047,171.2749786376953,-0.07026927784577719,430,380
l1_ask_usd,-25.8,142.50000762939453,164.99998474121094,-0.06351285189718481,430,380
l1_ask_usd,-25.6,139.13402557373047,170.0,-0.07963892288861685,430,380
l1_ask_usd,-25.4,149.99996948242188,172.81671905517578,-0.08394124847001228,430,380
l1_ask_usd,-25.2,135.7125015258789,161.02830505371094,-0.07776621787025706,430,380
l1_ask_usd,-25.0,137.0940170288086,155.1870346069336,-0.07028763769889845,430,380
l1_ask_usd,-24.8,122.77502059936523,150.78773498535156,-0.0699816401468788,430,380
l1_ask_usd,-24.6,119.85001373291016,159.99996948242188,-0.08649938800489598,430,380
l1_ask_usd,-24.4,127.06052780151367,161.38900756835938,-0.08326805385556912,430,380
l1_ask_usd,-24.2,122.77502059936523,163.27999877929688,-0.09544675642594858,430,380
l1_ask_usd,-24.0,129.2855224609375,147.84507751464844,-0.0759975520195838,430,380
l1_ask_usd,-23.8,142.50000762939453,150.78773498535156,-0.07112607099143209,430,380
l1_ask_usd,-23.6,133.46001434326172,163.27999877929688,-0.07786413708690332,430,380
l1_ask_usd,-23.4,120.00001525878906,163.27999877929688,-0.08862301101591186,430,380
l1_ask_usd,-23.2,119.85001373291016,150.35067749023438,-0.08782741738066091,430,380
l1_ask_usd,-23.0,119.85001373291016,168.28001403808594,-0.09296205630354959,430,380
l1_ask_usd,-22.8,119.85001373291016,174.63687896728516,-0.10288861689106488,430,380
l1_ask_usd,-22.6,121.25001525878906,179.9999542236328,-0.11181762545899632,430,380
l1_ask_usd,-22.4,113.50501251220703,179.9999542236328,-0.1208139534883721,430,380
l1_ask_usd,-22.2,120.00001525878906,180.95037078857422,-0.10998776009791922,430,380
l1_ask_usd,-22.0,130.00001525878906,180.95037078857422,-0.095110159118727,430,380
l1_ask_usd,-21.8,133.46001434326172,185.5267791748047,-0.0955569155446756,430,380
l1_ask_usd,-21.6,130.00001525878906,187.38001251220703,-0.10791309669522642,430,380
l1_ask_usd,-21.4,130.00001525878906,179.9999542236328,-0.09715422276621788,430,380
l1_ask_usd,-21.2,130.00001525878906,178.0951156616211,-0.07813953488372094,430,380
l1_ask_usd,-21.0,119.5000114440918,178.0951156616211,-0.09006119951040392,430,380
l1_ask_usd,-20.8,119.5000114440918,178.0951156616211,-0.09935128518971847,430,380
l1_ask_usd,-20.6,125.48551559448242,178.0951156616211,-0.10339657282741743,430,380
l1_ask_usd,-20.4,130.00001525878906,179.9999542236328,-0.10535495716034271,430,380
l1_ask_usd,-20.2,121.20000839233398,178.0951156616211,-0.11392900856793142,430,380
l1_ask_usd,-20.0,119.5000114440918,178.72498321533203,-0.11752753977968178,430,380
l1_ask_usd,-19.8,120.00001525878906,178.72498321533203,-0.1200367197062423,430,380
l1_ask_usd,-19.6,122.45000839233398,176.8201446533203,-0.12082619339045286,430,380
l1_ask_usd,-19.4,125.5355224609375,175.36875915527344,-0.12312117503059972,430,380
l1_ask_usd,-19.2,138.96002197265625,178.72498321533203,-0.09647490820073434,430,380
l1_ask_usd,-19.0,129.35135650634766,178.50000762939453,-0.10391676866585065,430,380
l1_ask_usd,-18.8,119.5000114440918,173.81536102294922,-0.1201162790697674,430,380
l1_ask_usd,-18.6,121.20000839233398,167.3454132080078,-0.10066707466340274,430,380
l1_ask_usd,-18.4,122.45000839233398,171.54174041748047,-0.10477968176254593,430,380
l1_ask_usd,-18.2,122.45000839233398,171.54174041748047,-0.10367197062423505,430,380
l1_ask_usd,-18.0,104.70000076293945,175.99862670898438,-0.1267074663402693,430,380
l1_ask_usd,-17.8,106.88759994506836,173.81536102294922,-0.11635250917992657,430,380
l1_ask_usd,-17.6,99.99999237060547,168.7053985595703,-0.13165238678090574,430,380
l1_ask_usd,-17.4,109.29162216186523,160.7677459716797,-0.11370869033047737,430,380
l1_ask_usd,-17.2,119.5000114440918,159.86864471435547,-0.10099143206854344,430,380
l1_ask_usd,-17.0,109.29162216186523,159.61865234375,-0.10516523867809058,430,380
l1_ask_usd,-16.8,111.72760009765625,150.78773498535156,-0.09846389228886165,430,380
l1_ask_usd,-16.6,99.99999237060547,159.86864471435547,-0.13223378212974302,430,380
l1_ask_usd,-16.4,103.68000793457031,154.00784301757812,-0.11836597307221541,430,380
l1_ask_usd,-16.2,120.35000991821289,159.61865234375,-0.10335985312117502,430,380
l1_ask_usd,-16.0,108.5199966430664,143.19508361816406,-0.11187882496940027,430,380
l1_ask_usd,-15.8,114.47758865356445,147.84507751464844,-0.10066707466340274,430,380
l1_ask_usd,-15.6,122.45000839233398,137.16397094726562,-0.08293145654834766,430,380
l1_ask_usd,-15.4,130.00001525878906,141.55007934570312,-0.05789473684210522,430,380
l1_ask_usd,-15.2,113.22759246826172,149.99996948242188,-0.07413708690330478,430,380
l1_ask_usd,-15.0,113.22759246826172,147.84507751464844,-0.07684822521419832,430,380
l1_ask_usd,-14.8,130.00001525878906,147.84507751464844,-0.06800489596083237,430,380
l1_ask_usd,-14.6,145.00999450683594,145.9250946044922,-0.05689106487148099,430,380
l1_ask_usd,-14.4,150.67000579833984,138.70499420166016,-0.04429620563035497,430,380
l1_ask_usd,-14.2,150.39701080322266,132.24591064453125,-0.04088127294981636,430,380
l1_ask_usd,-14.0,152.1785888671875,150.35067749023438,-0.0479436964504284,430,380
l1_ask_usd,-13.8,158.58718872070312,148.3704071044922,-0.04278457772337818,430,380
l1_ask_usd,-13.6,150.67000579833984,138.70499420166016,-0.05012239902080784,430,380
l1_ask_usd,-13.4,153.3135757446289,147.84507751464844,-0.05390452876376994,430,380
l1_ask_usd,-13.2,163.63002014160156,138.70499420166016,-0.034375764993880065,430,380
l1_ask_usd,-13.0,163.63002014160156,140.00001525878906,-0.04036107711138315,430,380
l1_ask_usd,-12.8,173.13018035888672,142.0,-0.027007343941248485,430,380
l1_ask_usd,-12.6,177.94651794433594,144.84508514404297,-0.02123623011015907,430,380
l1_ask_usd,-12.4,173.13018035888672,140.00001525878906,-0.019222766217870224,430,380
l1_ask_usd,-12.2,164.25501251220703,147.84507751464844,-0.052662178702570395,430,380
l1_ask_usd,-12.0,157.13551330566406,151.6870346069336,-0.06614443084455324,430,380
l1_ask_usd,-11.8,154.47301483154297,162.08013153076172,-0.07562423500611992,430,380
l1_ask_usd,-11.6,159.99996948242188,159.61865234375,-0.07480416156670744,430,380
l1_ask_usd,-11.4,159.99996948242188,159.61865234375,-0.07285189718482254,430,380
l1_ask_usd,-11.2,154.28048706054688,160.77864837646484,-0.08810893512851892,430,380
l1_ask_usd,-11.0,154.28048706054688,171.2749786376953,-0.08733782129742962,430,380
l1_ask_usd,-10.8,146.7263412475586,170.0,-0.10675642594859236,430,380
l1_ask_usd,-10.6,149.05997467041016,170.0,-0.09912484700122404,430,380
l1_ask_usd,-10.4,146.02845764160156,174.3701171875,-0.09967564259485928,430,380
l1_ask_usd,-10.2,146.02845764160156,170.0,-0.09963280293757648,430,380
l1_ask_usd,-10.0,146.02845764160156,159.61865234375,-0.09208690330477354,430,380
l1_ask_usd,-9.8,132.39092254638672,155.99998474121094,-0.07996328029375765,430,380
l1_ask_usd,-9.6,146.02845764160156,150.35067749023438,-0.07348837209302328,430,380
l1_ask_usd,-9.4,156.5872039794922,151.6870346069336,-0.0704712362301102,430,380
l1_ask_usd,-9.2,150.42857360839844,151.6870346069336,-0.07926560587515297,430,380
l1_ask_usd,-9.0,146.7263412475586,150.78773498535156,-0.09510403916768662,430,380
l1_ask_usd,-8.8,142.50000762939453,155.99998474121094,-0.09829865361077106,430,380
l1_ask_usd,-8.6,145.0901336669922,159.61865234375,-0.10224602203182376,430,380
l1_ask_usd,-8.4,143.64423370361328,164.8800048828125,-0.12294981640146874,430,380
l1_ask_usd,-8.2,140.3355255126953,159.86864471435547,-0.12239902080783349,430,380
l1_ask_usd,-8.0,129.2855224609375,159.61865234375,-0.13714810281517753,430,380
l1_ask_usd,-7.8,133.59081268310547,151.2499771118164,-0.1359853121175031,430,380
l1_ask_usd,-7.6,121.11101531982422,149.99996948242188,-0.13434516523867812,430,380
l1_ask_usd,-7.4,122.46685028076172,146.47588348388672,-0.12148714810281513,430,380
l1_ask_usd,-7.2,122.31100845336914,149.99996948242188,-0.13763769889840882,430,380
l1_ask_usd,-7.0,112.38325500488281,155.99998474121094,-0.148782129742962,430,380
l1_ask_usd,-6.8,118.4180793762207,137.55499267578125,-0.12855569155446755,430,380
l1_ask_usd,-6.6,110.00001525878906,158.31999969482422,-0.15410036719706244,430,380
l1_ask_usd,-6.4,108.5199966430664,159.61865234375,-0.15894736842105261,430,380
l1_ask_usd,-6.2,110.00001525878906,174.41675567626953,-0.16911260709914322,430,380
l1_ask_usd,-6.0,99.33499145507812,166.81673431396484,-0.18058139534883721,430,380
l1_ask_usd,-5.8,82.08269882202148,161.68539428710938,-0.19194002447980418,430,380
l1_ask_usd,-5.6,77.00198745727539,161.68539428710938,-0.2039718482252142,430,380
l1_ask_usd,-5.4,80.18770980834961,159.61865234375,-0.19239290085679317,430,380
l1_ask_usd,-5.2,77.1697998046875,149.99996948242188,-0.18629742962056306,430,380
l1_ask_usd,-5.0,78.8878059387207,147.6035919189453,-0.19214198286413708,430,380
l1_ask_usd,-4.8,76.38780212402344,149.99996948242188,-0.1852203182374541,430,380
l1_ask_usd,-4.6,72.50870895385742,140.7149887084961,-0.18422888616891064,430,380
l1_ask_usd,-4.4,78.8878059387207,149.99996948242188,-0.19268665850673194,430,380
l1_ask_usd,-4.2,69.68514633178711,141.2835922241211,-0.20085679314565485,430,380
l1_ask_usd,-4.0,69.68514633178711,149.99996948242188,-0.20854345165238675,430,380
l1_ask_usd,-3.8,69.68514633178711,154.7499771118164,-0.21414932680538556,430,380
l1_ask_usd,-3.6,57.44470405578613,136.0959014892578,-0.22949204406364754,430,380
l1_ask_usd,-3.4,49.55999946594238,144.8800048828125,-0.25315789473684214,430,380
l1_ask_usd,-3.2,41.40000343322754,149.49999237060547,-0.2836291309669523,430,380
l1_ask_usd,-3.0,38.500003814697266,154.98998260498047,-0.2969339045287638,430,380
l1_ask_usd,-2.8,38.42499923706055,144.8800048828125,-0.28779069767441856,430,380
l1_ask_usd,-2.6,34.19999885559082,144.8800048828125,-0.3009608323133415,430,380
l1_ask_usd,-2.4,32.91674995422363,137.70499420166016,-0.30714810281517746,430,380
l1_ask_usd,-2.2,31.25,134.59090423583984,-0.32228274173806615,430,380
l1_ask_usd,-2.0,27.795350074768066,134.59090423583984,-0.3368604651162791,430,380
l1_ask_usd,-1.8,27.297399520874023,140.3300018310547,-0.3637331701346389,430,380
l1_ask_usd,-1.6,27.599998474121094,129.35501098632812,-0.36070379436964506,430,380
l1_ask_usd,-1.4,27.549999237060547,126.07230758666992,-0.36570379436964506,430,380
l1_ask_usd,-1.2,24.565452575683594,123.0722885131836,-0.37380048959608325,430,380
l1_ask_usd,-1.0,21.659998893737793,120.79682540893555,-0.38319461444308445,430,380
l1_ask_usd,-0.8,20.466800689697266,122.99999237060547,-0.41047735618115055,430,380
l1_ask_usd,-0.6,20.500001907348633,125.41227340698242,-0.41593023255813955,430,380
l1_ask_usd,-0.4,19.5,120.00001525878906,-0.4065116279069767,430,380
l1_ask_usd,-0.2,19.0,118.31356430053711,-0.4090452876376989,430,380
l1_ask_usd,0.0,17.708599090576172,128.33999633789062,-0.470483476132191,430,380
l1_ask_usd,0.2,43.47554969787598,125.41227340698242,-0.2700489596083231,430,380
l1_ask_usd,0.4,38.97019577026367,129.35501098632812,-0.2905385556915545,430,380
l1_ask_usd,0.6,34.499996185302734,134.59090423583984,-0.3174211753159122,429,380
l1_ask_usd,0.8,34.000003814697266,127.75001907348633,-0.29973622868359706,429,380
l1_ask_usd,1.0,34.000003814697266,129.8550033569336,-0.317868973132131,429,380
l1_ask_usd,1.2,34.26499938964844,132.39092254638672,-0.31799779168200226,429,380
l1_ask_usd,1.4,34.20000076293945,129.8550033569336,-0.29824561403508776,429,380
l1_ask_usd,1.6,34.50000190734863,129.35501098632812,-0.30572429906542054,428,380
l1_ask_usd,1.8,38.19235038757324,126.07230758666992,-0.2875184456468274,428,380
l1_ask_usd,2.0,37.80000305175781,122.29681396484375,-0.2853357107722577,428,380
l1_ask_usd,2.2,36.405052185058594,120.79682540893555,-0.27591613379242497,428,380
l1_ask_usd,2.4,38.09235382080078,120.00001525878906,-0.26979217904574515,428,380
l1_ask_usd,2.6,38.47799873352051,120.79682540893555,-0.24782956222331531,428,380
l1_ask_usd,2.8,35.79665184020996,122.29681396484375,-0.27681997048696505,428,380
l1_ask_usd,3.0,37.02500343322754,122.29681396484375,-0.27090506640432854,428,380
l1_ask_usd,3.2,37.424997329711914,120.79682540893555,-0.2676647811116577,428,380
l1_ask_usd,3.4,38.39234924316406,123.0722885131836,-0.2677570093457944,428,380
l1_ask_usd,3.6,38.52910041809082,122.29681396484375,-0.26039719626168223,428,380
l1_ask_usd,3.8,38.93800163269043,120.79682540893555,-0.2477865223807182,428,380
l1_ask_usd,4.0,38.93800163269043,120.79682540893555,-0.24772503689129366,428,380
l1_ask_usd,4.2,40.7150993347168,137.70499420166016,-0.25607476635514015,428,380
l1_ask_usd,4.4,38.77800178527832,139.38333129882812,-0.2696138711264142,428,380
l1_ask_usd,4.6,38.44999885559082,154.7499771118164,-0.28435809149040825,428,380
l1_ask_usd,4.8,39.762447357177734,154.7499771118164,-0.2801770782095425,428,380
l1_ask_usd,5.0,39.160396575927734,149.99996948242188,-0.2762481554353172,428,380
log_total_depth,-30.0,8.388339042663574,8.491277694702148,-0.053794369645042805,430,380
log_total_depth,-29.8,8.39205551147461,8.489972114562988,-0.05343941248470008,430,380
log_total_depth,-29.6,8.4952073097229,8.443162441253662,-0.03487148102815174,430,380
log_total_depth,-29.4,8.485616683959961,8.488093852996826,-0.03472460220318241,430,380
log_total_depth,-29.2,8.404198169708252,8.503974437713623,-0.03997552019583839,430,380
log_total_depth,-29.0,8.363111019134521,8.503974437713623,-0.047711138310893464,430,380
log_total_depth,-28.8,8.363789558410645,8.460795402526855,-0.04544675642594864,430,380
log_total_depth,-28.6,8.416815280914307,8.495867252349854,-0.046193390452876404,430,380
log_total_depth,-28.4,8.45503568649292,8.527676105499268,-0.04100367197062427,430,380
log_total_depth,-28.2,8.475934982299805,8.549809455871582,-0.04317013463892294,430,380
log_total_depth,-28.0,8.45503568649292,8.489124774932861,-0.04597307221542224,430,380
log_total_depth,-27.8,8.486233234405518,8.454260349273682,-0.04117503059975525,430,380
log_total_depth,-27.6,8.461519718170166,8.421038150787354,-0.03951040391676863,430,380
log_total_depth,-27.4,8.45503568649292,8.534715175628662,-0.0401346389228886,430,380
log_total_depth,-27.2,8.45485258102417,8.502002239227295,-0.052521419828641336,430,380
log_total_depth,-27.0,8.455205917358398,8.5606050491333,-0.062435740514075855,430,380
log_total_depth,-26.8,8.475934982299805,8.571604251861572,-0.06484700122399023,430,380
log_total_depth,-26.6,8.455024719238281,8.598547458648682,-0.07771113831089349,430,380
log_total_depth,-26.4,8.427257061004639,8.633834838867188,-0.07667074663402695,430,380
log_total_depth,-26.2,8.400627136230469,8.608076095581055,-0.08603427172582623,430,380
log_total_depth,-26.0,8.432331562042236,8.581506252288818,-0.07927784577723374,430,380
log_total_depth,-25.8,8.396192073822021,8.667760372161865,-0.08889840881272948,430,380
log_total_depth,-25.6,8.450271129608154,8.657801628112793,-0.0919828641370869,430,380
log_total_depth,-25.4,8.44406509399414,8.632425308227539,-0.08913096695226441,430,380
log_total_depth,-25.2,8.455820560455322,8.632425308227539,-0.08308445532435738,430,380
log_total_depth,-25.0,8.424203395843506,8.647477626800537,-0.09052631578947368,430,380
log_total_depth,-24.8,8.44140100479126,8.631793975830078,-0.07166462668298657,430,380
log_total_depth,-24.6,8.416750431060791,8.621714115142822,-0.0812851897184822,430,380
log_total_depth,-24.4,8.428969383239746,8.549838066101074,-0.07197062423500611,430,380
log_total_depth,-24.2,8.416750431060791,8.56027889251709,-0.07220318237454104,430,380
log_total_depth,-24.0,8.416750431060791,8.620291709899902,-0.08532435740514077,430,380
log_total_depth,-23.8,8.430436611175537,8.631146430969238,-0.07336597307221537,430,380
log_total_depth,-23.6,8.421750545501709,8.659807205200195,-0.07507955936352506,430,380
log_total_depth,-23.4,8.428250789642334,8.644282341003418,-0.07859241126070993,430,380
log_total_depth,-23.2,8.412332534790039,8.700164794921875,-0.08061199510403916,430,380
log_total_depth,-23.0,8.513436794281006,8.807452201843262,-0.07982864137086898,430,380
log_total_depth,-22.8,8.463479042053223,8.797026634216309,-0.08395348837209304,430,380
log_total_depth,-22.6,8.461184978485107,8.806771278381348,-0.0922276621787026,430,380
log_total_depth,-22.4,8.461184978485107,8.818783283233643,-0.08582619339045283,430,380
log_total_depth,-22.2,8.438191890716553,8.809667587280273,-0.09772337821297428,430,380
log_total_depth,-22.0,8.405848026275635,8.807493209838867,-0.09248470012239907,430,380
log_total_depth,-21.8,8.385261058807373,8.817179679870605,-0.09785801713586295,430,380
log_total_depth,-21.6,8.391264915466309,8.86514949798584,-0.11226438188494492,430,380
log_total_depth,-21.4,8.378451824188232,8.859998226165771,-0.10281517747858016,430,380
log_total_depth,-21.2,8.391264915466309,8.821010112762451,-0.08598531211750304,430,380
log_total_depth,-21.0,8.349735260009766,8.833873271942139,-0.10249694002447984,430,380
log_total_depth,-20.8,8.300628662109375,8.79245138168335,-0.11057527539779677,430,380
log_total_depth,-20.6,8.326550006866455,8.708613395690918,-0.10257037943696445,430,380
log_total_depth,-20.4,8.34034538269043,8.752923011779785,-0.09574051407588735,430,380
log_total_depth,-20.2,8.314509868621826,8.837699890136719,-0.10679314565483478,430,380
log_total_depth,-20.0,8.339314460754395,8.848424434661865,-0.11504283965728279,430,380
log_total_depth,-19.8,8.354328632354736,8.749884605407715,-0.1062913096695226,430,380
log_total_depth,-19.6,8.391541004180908,8.713093280792236,-0.10040391676866589,430,380
log_total_depth,-19.4,8.398276805877686,8.704808712005615,-0.08752753977968175,430,380
log_total_depth,-19.2,8.423885822296143,8.684269428253174,-0.07796817625458996,430,380
log_total_depth,-19.0,8.414752960205078,8.685993671417236,-0.06674418604651167,430,380
log_total_depth,-18.8,8.366352081298828,8.70589828491211,-0.075593635250918,430,380
log_total_depth,-18.6,8.369542121887207,8.68380069732666,-0.07349449204406366,430,380
log_total_depth,-18.4,8.40208101272583,8.65715503692627,-0.07052631578947366,430,380
log_total_depth,-18.2,8.324231147766113,8.674638271331787,-0.08139534883720934,430,380
log_total_depth,-18.0,8.308711528778076,8.679498195648193,-0.07068543451652387,430,380
log_total_depth,-17.8,8.323731422424316,8.672106266021729,-0.06560587515299876,430,380
log_total_depth,-17.6,8.273561000823975,8.672106266021729,-0.07133414932680537,430,380
log_total_depth,-17.4,8.335046768188477,8.672106266021729,-0.06720930232558142,430,380
log_total_depth,-17.2,8.354025840759277,8.65715503692627,-0.07105263157894737,430,380
log_total_depth,-17.0,8.338951110839844,8.620953559875488,-0.053035495716034275,430,380
log_total_depth,-16.8,8.384625911712646,8.622254848480225,-0.0589228886168911,430,380
log_total_depth,-16.6,8.383471488952637,8.622254848480225,-0.06330477356181152,430,380
log_total_depth,-16.4,8.39092206954956,8.65715503692627,-0.05757649938800491,430,380
log_total_depth,-16.2,8.364228248596191,8.641516208648682,-0.06061199510403914,430,380
log_total_depth,-16.0,8.359750270843506,8.629937171936035,-0.06467564259485925,430,380
log_total_depth,-15.8,8.423308372497559,8.606654644012451,-0.05178702570379434,430,380
log_total_depth,-15.6,8.423308372497559,8.585058212280273,-0.04730722154222766,430,380
log_total_depth,-15.4,8.465170860290527,8.645908832550049,-0.031713586291309714,430,380
log_total_depth,-15.2,8.441247940063477,8.639139175415039,-0.043990208078335424,430,380
log_total_depth,-15.0,8.432501316070557,8.590152263641357,-0.03783353733170136,430,380
log_total_depth,-14.8,8.423308372497559,8.612502098083496,-0.04817625458996333,430,380
log_total_depth,-14.6,8.401827812194824,8.60231351852417,-0.04424724602203178,430,380
log_total_depth,-14.4,8.441247940063477,8.555080890655518,-0.03587515299877597,430,380
log_total_depth,-14.2,8.423308372497559,8.552664756774902,-0.0381028151774786,430,380
log_total_depth,-14.0,8.441247940063477,8.56222915649414,-0.03392900856793146,430,380
log_total_depth,-13.8,8.433721542358398,8.583946228027344,-0.029755201958384325,430,380
log_total_depth,-13.6,8.421082019805908,8.572153091430664,-0.03963280293757654,430,380
log_total_depth,-13.4,8.4647855758667,8.627889156341553,-0.041199510403916784,430,380
log_total_depth,-13.2,8.41384506225586,8.54458999633789,-0.04293757649938801,430,380
log_total_depth,-13.0,8.40578031539917,8.618325233459473,-0.04913096695226438,430,380
log_total_depth,-12.8,8.423308372497559,8.618325233459473,-0.046695226438188464,430,380
log_total_depth,-12.6,8.41384506225586,8.569177150726318,-0.043219094247246015,430,380
log_total_depth,-12.4,8.435641765594482,8.59519100189209,-0.04030599755201958,430,380
log_total_depth,-12.2,8.423908710479736,8.618699550628662,-0.05199510403916774,430,380
log_total_depth,-12.0,8.423908710479736,8.59035587310791,-0.04942472460220315,430,380
log_total_depth,-11.8,8.41384506225586,8.572807312011719,-0.050232558139534866,430,380
log_total_depth,-11.6,8.384881019592285,8.5665922164917,-0.053623011015911826,430,380
log_total_depth,-11.4,8.39092206954956,8.56057357788086,-0.05488372093023253,430,380
log_total_depth,-11.2,8.384881019592285,8.559528350830078,-0.0579069767441861,430,380
log_total_depth,-11.0,8.381774425506592,8.56057357788086,-0.05552019583843326,430,380
log_total_depth,-10.8,8.36750078201294,8.56824541091919,-0.06460220318237453,430,380
log_total_depth,-10.6,8.357654094696045,8.56057357788086,-0.07346389228886174,430,380
log_total_depth,-10.4,8.352553367614746,8.56057357788086,-0.08720930232558144,430,380
log_total_depth,-10.2,8.337475299835205,8.478930473327637,-0.08358629130966955,430,380
log_total_depth,-10.0,8.371164798736572,8.597388744354248,-0.08619339045287633,430,380
log_total_depth,-9.8,8.335268497467041,8.574816226959229,-0.09208078335373315,430,380
log_total_depth,-9.6,8.335268497467041,8.574816226959229,-0.09254589963280291,430,380
log_total_depth,-9.4,8.314793586730957,8.555443286895752,-0.08286413708690332,430,380
log_total_depth,-9.2,8.316398620605469,8.502706527709961,-0.08157894736842108,430,380
log_total_depth,-9.0,8.316398620605469,8.521255016326904,-0.0827906976744186,430,380
log_total_depth,-8.8,8.21291446685791,8.499528884887695,-0.0984455324357405,430,380
log_total_depth,-8.6,8.229398250579834,8.595355987548828,-0.10747858017135858,430,380
log_total_depth,-8.4,8.240139961242676,8.60837697982788,-0.1255324357405141,430,380
log_total_depth,-8.2,8.127038478851318,8.582016468048096,-0.12969400244798046,430,380
log_total_depth,-8.0,8.145892143249512,8.560615539550781,-0.1237821297429621,430,380
log_total_depth,-7.8,8.094273567199707,8.584655284881592,-0.1332925336597307,430,380
log_total_depth,-7.6,8.095574378967285,8.557703971862793,-0.13828641370869033,430,380
log_total_depth,-7.4,8.094273567199707,8.594127655029297,-0.14689106487148107,430,380
log_total_depth,-7.2,8.053630828857422,8.604692459106445,-0.1522521419828642,430,380
log_total_depth,-7.0,8.050596714019775,8.619722366333008,-0.15793145654834762,430,380
log_total_depth,-6.8,8.063350200653076,8.608608722686768,-0.14795593635250914,430,380
log_total_depth,-6.6,7.992757320404053,8.558568000793457,-0.16667074663402692,430,380
log_total_depth,-6.4,8.051959991455078,8.608201503753662,-0.17159118727050182,430,380
log_total_depth,-6.2,8.020923614501953,8.608201503753662,-0.17067319461444308,430,380
log_total_depth,-6.0,8.029449939727783,8.609941482543945,-0.17085679314565483,430,380
log_total_depth,-5.8,8.01713752746582,8.619980335235596,-0.16992656058751532,430,380
log_total_depth,-5.6,7.938804626464844,8.606552600860596,-0.18231334149326806,430,380
log_total_depth,-5.4,7.940680265426636,8.557976245880127,-0.18891064871481034,430,380
log_total_depth,-5.2,7.9253833293914795,8.477982997894287,-0.17828641370869036,430,380
log_total_depth,-5.0,7.903534173965454,8.552824974060059,-0.19024479804161565,430,380
log_total_depth,-4.8,7.89111852645874,8.502189636230469,-0.19250917992656058,430,380
log_total_depth,-4.6,7.873481273651123,8.475365161895752,-0.18727050183598526,430,380
log_total_depth,-4.4,7.873481273651123,8.503492832183838,-0.19296205630354957,430,380
log_total_depth,-4.2,7.858866930007935,8.559377670288086,-0.20320685434516528,430,380
log_total_depth,-4.0,7.741765260696411,8.601790428161621,-0.2205140758873929,430,380
log_total_depth,-3.8,7.726542949676514,8.539978981018066,-0.23468788249694006,430,380
log_total_depth,-3.6,7.665595054626465,8.548376083374023,-0.25203182374541,430,380
log_total_depth,-3.4,7.602108955383301,8.530929565429688,-0.2476009791921665,430,380
log_total_depth,-3.2,7.628242254257202,8.526947975158691,-0.24722154222766213,430,380
log_total_depth,-3.0,7.628242254257202,8.526089668273926,-0.24405140758873933,430,380
log_total_depth,-2.8,7.637084722518921,8.591785430908203,-0.2610097919216646,430,380
log_total_depth,-2.6,7.611301898956299,8.612942695617676,-0.2705018359853121,430,380
log_total_depth,-2.4,7.556360483169556,8.62333631515503,-0.28258261933904527,430,380
log_total_depth,-2.2,7.532870769500732,8.606568813323975,-0.2963525091799266,430,380
log_total_depth,-2.0,7.463940143585205,8.5642409324646,-0.29189718482252147,430,380
log_total_depth,-1.8,7.397718191146851,8.54091501235962,-0.2990330477356181,430,380
log_total_depth,-1.6,7.328507900238037,8.606568813323975,-0.305593635250918,430,380
log_total_depth,-1.4,7.325587511062622,8.552835464477539,-0.2952141982864137,430,380
log_total_depth,-1.2,7.304699182510376,8.586050987243652,-0.2957527539779682,430,380
log_total_depth,-1.0,7.286864757537842,8.552835464477539,-0.31614443084455324,430,380
log_total_depth,-0.8,7.232221841812134,8.568024158477783,-0.3404773561811506,430,380
log_total_depth,-0.6,7.225674629211426,8.544532775878906,-0.3484822521419829,430,380
log_total_depth,-0.4,7.182765483856201,8.544532775878906,-0.34937576499388,430,380
log_total_depth,-0.2,7.131425380706787,8.53427267074585,-0.36053855569155446,430,380
log_total_depth,0.0,7.161861181259155,8.58094835281372,-0.3712239902080783,430,380
log_total_depth,0.2,7.186317205429077,8.565053939819336,-0.34073439412484696,430,380
log_total_depth,0.4,7.218334197998047,8.583240509033203,-0.3298653610771114,430,380
log_total_depth,0.6,7.261462211608887,8.584960460662842,-0.3398478714268188,429,380
log_total_depth,0.8,7.2306227684021,8.599134922027588,-0.3473929579192737,429,380
log_total_depth,1.0,7.202422618865967,8.606568813323975,-0.3579070052754263,429,380
log_total_depth,1.2,7.232588768005371,8.615252494812012,-0.35167464114832536,429,380
log_total_depth,1.4,7.230997085571289,8.599134922027588,-0.34901239111765425,429,380
log_total_depth,1.6,7.2322304248809814,8.606568813323975,-0.3525700934579439,428,380
log_total_depth,1.8,7.201082229614258,8.606568813323975,-0.35683718642400397,428,380
log_total_depth,2.0,7.188681602478027,8.558640956878662,-0.3748155435317265,428,380
log_total_depth,2.2,7.175814628601074,8.552835464477539,-0.35712001967535667,428,380
log_total_depth,2.4,7.156820058822632,8.599134922027588,-0.36117806197737334,428,380
log_total_depth,2.6,7.2142884731292725,8.55705451965332,-0.34007624200688635,428,380
log_total_depth,2.8,7.2389116287231445,8.573386669158936,-0.3394244958189867,428,380
log_total_depth,3.0,7.284375905990601,8.574381828308105,-0.326709296606001,428,380
log_total_depth,3.2,7.296387672424316,8.591573238372803,-0.32416379734382683,428,380
log_total_depth,3.4,7.287852764129639,8.591573238372803,-0.31846409247417606,428,380
log_total_depth,3.6,7.3899476528167725,8.60368299484253,-0.31604156419085094,428,380
log_total_depth,3.8,7.446707725524902,8.607272624969482,-0.2940543531726513,428,380
log_total_depth,4.0,7.507274627685547,8.599134922027588,-0.27822183964584357,428,380
log_total_depth,4.2,7.492051601409912,8.621492385864258,-0.28970732907033936,428,380
log_total_depth,4.4,7.426160097122192,8.60368299484253,-0.29228971962616823,428,380
log_total_depth,4.6,7.489243030548096,8.599134922027588,-0.27957452041318254,428,380
log_total_depth,4.8,7.497277021408081,8.581957817077637,-0.27664781111657644,428,380
log_total_depth,5.0,7.473330020904541,8.606259822845459,-0.2728971962616823,428,380
log_bid_depth,-30.0,6.876840591430664,7.1211230754852295,-0.06608323133414928,430,380
log_bid_depth,-29.8,6.893222808837891,7.150036573410034,-0.06195226438188495,430,380
log_bid_depth,-29.6,6.9110705852508545,7.135835409164429,-0.05830477356181152,430,380
log_bid_depth,-29.4,6.9105517864227295,7.182221174240112,-0.06673806609547128,430,380
log_bid_depth,-29.2,6.876044273376465,7.206087827682495,-0.0634332925336597,430,380
log_bid_depth,-29.0,6.869339942932129,7.217797517776489,-0.07216034271725824,430,380
log_bid_depth,-28.8,6.8822455406188965,7.246848106384277,-0.07672582619339041,430,380
log_bid_depth,-28.6,6.8822455406188965,7.2592854499816895,-0.0838066095471236,430,380
log_bid_depth,-28.4,6.89128851890564,7.248847723007202,-0.08056303549571608,430,380
log_bid_depth,-28.2,6.9013121128082275,7.238670110702515,-0.07998776009791919,430,380
log_bid_depth,-28.0,6.918302536010742,7.225907325744629,-0.06881884944920436,430,380
log_bid_depth,-27.8,6.979619979858398,7.2544944286346436,-0.07564259485924107,430,380
log_bid_depth,-27.6,6.999784469604492,7.3053138256073,-0.07861077111383108,430,380
log_bid_depth,-27.4,6.964397668838501,7.322457790374756,-0.09415544675642595,430,380
log_bid_depth,-27.2,6.919977426528931,7.292488098144531,-0.10203182374541009,430,380
log_bid_depth,-27.0,6.898864269256592,7.325786352157593,-0.09660954712362302,430,380
log_bid_depth,-26.8,6.847213268280029,7.3107240200042725,-0.09778457772337823,430,380
log_bid_depth,-26.6,6.807659387588501,7.325786352157593,-0.10258261933904533,430,380
log_bid_depth,-26.4,6.941927433013916,7.38701057434082,-0.10309669522643816,430,380
log_bid_depth,-26.2,6.985429048538208,7.38701057434082,-0.1040575275397797,430,380
log_bid_depth,-26.0,6.959854364395142,7.38701057434082,-0.11340269277845783,430,380
log_bid_depth,-25.8,6.954698324203491,7.404684066772461,-0.12407588739290087,430,380
log_bid_depth,-25.6,6.96275520324707,7.420131206512451,-0.12859853121175036,430,380
log_bid_depth,-25.4,6.970413446426392,7.395693302154541,-0.12580783353733171,430,380
log_bid_depth,-25.2,6.970411777496338,7.367182016372681,-0.12232558139534888,430,380
log_bid_depth,-25.0,6.951334238052368,7.316973686218262,-0.11570379436964506,430,380
log_bid_depth,-24.8,6.903014421463013,7.290769577026367,-0.11079559363525093,430,380
log_bid_depth,-24.6,6.911038398742676,7.23386549949646,-0.11692778457772335,430,380
log_bid_depth,-24.4,6.848093509674072,7.162498474121094,-0.1123561811505508,430,380
log_bid_depth,-24.2,6.842824459075928,7.205487966537476,-0.12624847001223993,430,380
log_bid_depth,-24.0,6.852568626403809,7.269266128540039,-0.12924724602203186,430,380
log_bid_depth,-23.8,6.957394123077393,7.340174674987793,-0.12688494492044067,430,380
log_bid_depth,-23.6,6.888897657394409,7.359867572784424,-0.13408200734394127,430,380
log_bid_depth,-23.4,6.784968376159668,7.39600133895874,-0.1420746634026928,430,380
log_bid_depth,-23.2,6.762557744979858,7.381002187728882,-0.14652998776009796,430,380
log_bid_depth,-23.0,6.733614444732666,7.4533257484436035,-0.15088739290085684,430,380
log_bid_depth,-22.8,6.749964952468872,7.39600133895874,-0.15007343941248474,430,380
log_bid_depth,-22.6,6.7639055252075195,7.416975736618042,-0.15206242350061194,430,380
log_bid_depth,-22.4,6.691877365112305,7.39600133895874,-0.16206854345165234,430,380
log_bid_depth,-22.2,6.710753679275513,7.420797824859619,-0.16461444308445528,430,380
log_bid_depth,-22.0,6.689863681793213,7.431532144546509,-0.16823133414932678,430,380
log_bid_depth,-21.8,6.688616514205933,7.416975736618042,-0.16286413708690328,430,380
log_bid_depth,-21.6,6.8303656578063965,7.52311897277832,-0.1625703794369645,430,380
log_bid_depth,-21.4,6.8862316608428955,7.503809928894043,-0.15872705018359856,430,380
log_bid_depth,-21.2,6.803849458694458,7.445424556732178,-0.1552937576499388,430,380
log_bid_depth,-21.0,6.687441349029541,7.456863880157471,-0.16022643818849447,430,380
log_bid_depth,-20.8,6.69033670425415,7.4535322189331055,-0.1707466340269278,430,380
log_bid_depth,-20.6,6.623572111129761,7.469506502151489,-0.1709118727050184,430,380
log_bid_depth,-20.4,6.670763731002808,7.438524484634399,-0.16726438188494497,430,380
log_bid_depth,-20.2,6.6668312549591064,7.444726943969727,-0.16778457772337818,430,380
log_bid_depth,-20.0,6.700150012969971,7.515429973602295,-0.17161566707466336,430,380
log_bid_depth,-19.8,6.600879669189453,7.498481750488281,-0.1690330477356181,430,380
log_bid_depth,-19.6,6.620818614959717,7.498481750488281,-0.1714443084455325,430,380
log_bid_depth,-19.4,6.6668312549591064,7.499870777130127,-0.15836597307221545,430,380
log_bid_depth,-19.2,6.744869709014893,7.428502321243286,-0.14686046511627904,430,380
log_bid_depth,-19.0,6.794245004653931,7.426804542541504,-0.13868421052631574,430,380
log_bid_depth,-18.8,6.680889368057251,7.426804542541504,-0.14067931456548344,430,380
log_bid_depth,-18.6,6.6919732093811035,7.397770881652832,-0.134155446756426,430,380
log_bid_depth,-18.4,6.698897361755371,7.373552322387695,-0.13138922888616889,430,380
log_bid_depth,-18.2,6.708866834640503,7.369729518890381,-0.12952876376988987,430,380
log_bid_depth,-18.0,6.724428415298462,7.343295097351074,-0.1304100367197062,430,380
log_bid_depth,-17.8,6.68622899055481,7.325786352157593,-0.12127906976744185,430,380
log_bid_depth,-17.6,6.672226428985596,7.325786352157593,-0.12087515299877605,430,380
log_bid_depth,-17.4,6.725769519805908,7.369729518890381,-0.11832925336597311,430,380
log_bid_depth,-17.2,6.760344743728638,7.354252576828003,-0.11531823745410041,430,380
log_bid_depth,-17.0,6.804737329483032,7.304683208465576,-0.11176866585067324,430,380
log_bid_depth,-16.8,6.828401327133179,7.268276929855347,-0.1069033047735618,430,380
log_bid_depth,-16.6,6.861968278884888,7.325786352157593,-0.11613219094247251,430,380
log_bid_depth,-16.4,6.808581829071045,7.29529333114624,-0.10270501835985313,430,380
log_bid_depth,-16.2,6.828675985336304,7.264203310012817,-0.10648714810281523,430,380
log_bid_depth,-16.0,6.8477349281311035,7.246226072311401,-0.10473684210526313,430,380
log_bid_depth,-15.8,6.861968278884888,7.214558124542236,-0.09347613219094242,430,380
log_bid_depth,-15.6,6.96316933631897,7.224270343780518,-0.08287637698898409,430,380
log_bid_depth,-15.4,6.983712673187256,7.214558124542236,-0.07686658506731947,430,380
log_bid_depth,-15.2,7.035540819168091,7.286765098571777,-0.08686658506731948,430,380
log_bid_depth,-15.0,7.0649495124816895,7.286765098571777,-0.09058751529987763,430,380
log_bid_depth,-14.8,7.035540819168091,7.343295097351074,-0.09341493268053858,430,380
log_bid_depth,-14.6,7.035540819168091,7.362711429595947,-0.09847613219094242,430,380
log_bid_depth,-14.4,7.111547231674194,7.362151861190796,-0.08744186046511626,430,380
log_bid_depth,-14.2,7.1006975173950195,7.264203310012817,-0.08158506731946147,430,380
log_bid_depth,-14.0,7.121115207672119,7.343295097351074,-0.0849877600979192,430,380
log_bid_depth,-13.8,7.176568269729614,7.264203310012817,-0.07566707466340272,430,380
log_bid_depth,-13.6,7.183954477310181,7.245213985443115,-0.07818849449204401,430,380
log_bid_depth,-13.4,7.221256971359253,7.343295097351074,-0.07679314565483475,430,380
log_bid_depth,-13.2,7.164657354354858,7.272246837615967,-0.07651162790697674,430,380
log_bid_depth,-13.0,7.165135860443115,7.3289711475372314,-0.08094247246022035,430,380
log_bid_depth,-12.8,7.175783157348633,7.264203310012817,-0.067172582619339,430,380
log_bid_depth,-12.6,7.187507152557373,7.3000648021698,-0.0700244798041616,430,380
log_bid_depth,-12.4,7.172307014465332,7.27303147315979,-0.06555691554467569,430,380
log_bid_depth,-12.2,7.110729932785034,7.317896604537964,-0.07869033047735619,430,380
log_bid_depth,-12.0,7.171821355819702,7.264203310012817,-0.07364749082007349,430,380
log_bid_depth,-11.8,7.134412527084351,7.246226072311401,-0.07944308445532433,430,380
log_bid_depth,-11.6,7.067211389541626,7.291783571243286,-0.0854773561811506,430,380
log_bid_depth,-11.4,7.059493064880371,7.321233749389648,-0.08780905752753976,430,380
log_bid_depth,-11.2,7.045058727264404,7.357744932174683,-0.08911872705018364,430,380
log_bid_depth,-11.0,7.045058727264404,7.349839448928833,-0.09129130966952259,430,380
log_bid_depth,-10.8,7.013809680938721,7.390486240386963,-0.10376376988984093,430,380
log_bid_depth,-10.6,6.999702215194702,7.360959768295288,-0.10200734394124844,430,380
log_bid_depth,-10.4,6.992932081222534,7.3915181159973145,-0.10554467564259484,430,380
log_bid_depth,-10.2,6.927912712097168,7.3116631507873535,-0.10740514075887397,430,380
log_bid_depth,-10.0,6.875770568847656,7.3691699504852295,-0.11545899632802936,430,380
log_bid_depth,-9.8,6.869506120681763,7.3116631507873535,-0.11198286413708691,430,380
log_bid_depth,-9.6,6.875770568847656,7.354317903518677,-0.11611383108935125,430,380
log_bid_depth,-9.4,6.712366580963135,7.281170129776001,-0.11848837209302321,430,380
log_bid_depth,-9.2,6.779029130935669,7.264203310012817,-0.11823745410036723,430,380
log_bid_depth,-9.0,6.678224563598633,7.236630439758301,-0.12280905752753979,430,380
log_bid_depth,-8.8,6.623479843139648,7.264203310012817,-0.14394124847001222,430,380
log_bid_depth,-8.6,6.5825722217559814,7.386948585510254,-0.15778457772337817,430,380
log_bid_depth,-8.4,6.582871675491333,7.35491156578064,-0.16356793145654835,430,380
log_bid_depth,-8.2,6.490056991577148,7.3696746826171875,-0.1670073439412485,430,380
log_bid_depth,-8.0,6.490056991577148,7.3691699504852295,-0.17055079559363528,430,380
log_bid_depth,-7.8,6.467392921447754,7.3691699504852295,-0.18161566707466337,430,380
log_bid_depth,-7.6,6.395128965377808,7.368511199951172,-0.18879436964504281,430,380
log_bid_depth,-7.4,6.395128965377808,7.343669891357422,-0.19381272949816397,430,380
log_bid_depth,-7.2,6.315053462982178,7.354770183563232,-0.20017135862913094,430,380
log_bid_depth,-7.0,6.1643147468566895,7.3500893115997314,-0.21334761321909423,430,380
log_bid_depth,-6.8,6.1742260456085205,7.2757110595703125,-0.2116156670746634,430,380
log_bid_depth,-6.6,6.1299889087677,7.271012783050537,-0.2177478580171358,430,380
log_bid_depth,-6.4,6.078263521194458,7.30315899848938,-0.2352019583843329,430,380
log_bid_depth,-6.2,6.031515836715698,7.276940822601318,-0.23962056303549573,430,380
log_bid_depth,-6.0,6.061169147491455,7.276940822601318,-0.24602815177478576,430,380
log_bid_depth,-5.8,6.039135456085205,7.323087930679321,-0.25176866585067315,430,380
log_bid_depth,-5.6,5.9297215938568115,7.238265037536621,-0.2521481028151775,430,380
log_bid_depth,-5.4,5.963039398193359,7.215558052062988,-0.2571052631578947,430,380
log_bid_depth,-5.2,5.862891435623169,7.211665630340576,-0.2580966952264382,430,380
log_bid_depth,-5.0,5.849868297576904,7.20356297492981,-0.26192778457772337,430,380
log_bid_depth,-4.8,5.845598459243774,7.165879249572754,-0.2717197062423501,430,380
log_bid_depth,-4.6,5.858470678329468,7.165879249572754,-0.2686964504283966,430,380
log_bid_depth,-4.4,5.870524168014526,7.165879249572754,-0.27515299877600974,430,380
log_bid_depth,-4.2,5.812671184539795,7.173333644866943,-0.27629130966952264,430,380
log_bid_depth,-4.0,5.796300411224365,7.212021350860596,-0.28894124847001224,430,380
log_bid_depth,-3.8,5.771683931350708,7.148932218551636,-0.2947796817625459,430,380
log_bid_depth,-3.6,5.670325517654419,7.148932218551636,-0.3023684210526316,430,380
log_bid_depth,-3.4,5.604903697967529,7.128654718399048,-0.3179559363525092,430,380
log_bid_depth,-3.2,5.601719617843628,7.128654718399048,-0.32284577723378216,430,380
log_bid_depth,-3.0,5.593270540237427,7.128654718399048,-0.3274969400244798,430,380
log_bid_depth,-2.8,5.498938798904419,7.128654718399048,-0.34411872705018365,430,380
log_bid_depth,-2.6,5.480477333068848,7.148932218551636,-0.3451162790697675,430,380
log_bid_depth,-2.4,5.356502056121826,7.128654718399048,-0.35994492044063653,430,380
log_bid_depth,-2.2,5.314801931381226,7.148932218551636,-0.3792411260709915,430,380
log_bid_depth,-2.0,5.297711133956909,7.148932218551636,-0.38807221542227666,430,380
log_bid_depth,-1.8,5.247635126113892,7.172457933425903,-0.396297429620563,430,380
log_bid_depth,-1.6,5.1477274894714355,7.155226469039917,-0.40157894736842104,430,380
log_bid_depth,-1.4,5.146658658981323,7.128654718399048,-0.3961505507955936,430,380
log_bid_depth,-1.2,5.119701862335205,7.128654718399048,-0.4063831089351285,430,380
log_bid_depth,-1.0,4.933980703353882,7.128654718399048,-0.4260342717258262,430,380
log_bid_depth,-0.8,4.89290189743042,7.113083362579346,-0.4362484700122399,430,380
log_bid_depth,-0.6,4.734965801239014,7.09482741355896,-0.45037943696450433,430,380
log_bid_depth,-0.4,4.740894794464111,7.1009814739227295,-0.45345165238678087,430,380
log_bid_depth,-0.2,4.545920133590698,7.012704610824585,-0.46805997552019585,430,380
log_bid_depth,0.0,4.384767770767212,7.063544750213623,-0.49876376988984084,430,380
log_bid_depth,0.2,4.124931335449219,7.054466247558594,-0.50640758873929,430,380
log_bid_depth,0.4,4.416247606277466,7.093193769454956,-0.49025703794369646,430,380
log_bid_depth,0.6,4.544675827026367,7.097191572189331,-0.4824070666175929,429,380
log_bid_depth,0.8,4.574062347412109,7.033799409866333,-0.4743405717089928,429,380
log_bid_depth,1.0,4.612837791442871,7.070252418518066,-0.4803337013863329,429,380
log_bid_depth,1.2,4.645273208618164,7.012704610824585,-0.4660225739173107,429,380
log_bid_depth,1.4,4.7757439613342285,6.9759361743927,-0.4424978530241688,429,380
log_bid_depth,1.6,4.763533115386963,7.050362586975098,-0.4518261190359075,428,380
log_bid_depth,1.8,4.837049961090088,7.099276542663574,-0.4340014756517462,428,380
log_bid_depth,2.0,4.8606321811676025,7.1250550746917725,-0.4387297097884899,428,380
log_bid_depth,2.2,4.919753313064575,7.1460700035095215,-0.4222331529758977,428,380
log_bid_depth,2.4,4.912205219268799,7.1250550746917725,-0.4244035907525824,428,380
log_bid_depth,2.6,5.032364845275879,7.109293460845947,-0.4046851942941466,428,380
log_bid_depth,2.8,5.029464960098267,7.109293460845947,-0.40250245941957696,428,380
log_bid_depth,3.0,5.044020414352417,7.174031019210815,-0.39810009837678306,428,380
log_bid_depth,3.2,5.10829758644104,7.217664480209351,-0.3943802262666011,428,380
log_bid_depth,3.4,5.230989694595337,7.223994731903076,-0.3864547466797835,428,380
log_bid_depth,3.6,5.254636526107788,7.2488672733306885,-0.38859444171175606,428,380
log_bid_depth,3.8,5.2486467361450195,7.240511655807495,-0.3853480078701427,428,380
log_bid_depth,4.0,5.263335227966309,7.191374063491821,-0.3717474176094442,428,380
log_bid_depth,4.2,5.380892515182495,7.253641605377197,-0.3639695031972454,428,380
log_bid_depth,4.4,5.43731689453125,7.25640082359314,-0.3572737333989179,428,380
log_bid_depth,4.6,5.444880723953247,7.253641605377197,-0.35498032464338414,428,380
log_bid_depth,4.8,5.469613552093506,7.241780996322632,-0.3401561731431382,428,380
log_bid_depth,5.0,5.513705253601074,7.241910696029663,-0.33055213969503194,428,380
log_ask_depth,-30.0,7.860930681228638,7.998290777206421,-0.053378212974296235,430,380
log_ask_depth,-29.8,7.935298681259155,8.011417627334595,-0.04958384332925336,430,380
log_ask_depth,-29.6,8.029174327850342,7.990645170211792,-0.029957160342717226,430,380
log_ask_depth,-29.4,7.982481002807617,7.983679294586182,-0.03059363525091796,430,380
log_ask_depth,-29.2,7.9369072914123535,7.9797163009643555,-0.034332925336597264,430,380
log_ask_depth,-29.0,7.912774085998535,7.998290777206421,-0.04434516523867804,430,380
log_ask_depth,-28.8,7.888423204421997,7.973716974258423,-0.03668298653610769,430,380
log_ask_depth,-28.6,7.900305986404419,7.946999788284302,-0.03839045287637699,430,380
log_ask_depth,-28.4,7.969825983047485,7.937916994094849,-0.03243574051407594,430,380
log_ask_depth,-28.2,7.969825983047485,7.966505289077759,-0.03455936352509181,430,380
log_ask_depth,-28.0,7.944760322570801,7.968689441680908,-0.04146878824969402,430,380
log_ask_depth,-27.8,7.957273006439209,7.935108661651611,-0.03514075887392898,430,380
log_ask_depth,-27.6,7.969825983047485,7.942780494689941,-0.031701346389228835,430,380
log_ask_depth,-27.4,7.95924973487854,7.974889039993286,-0.0287882496940024,430,380
log_ask_depth,-27.2,7.9278435707092285,7.973308086395264,-0.04343941248470007,430,380
log_ask_depth,-27.0,7.93708348274231,8.021343231201172,-0.057013463892288896,430,380
log_ask_depth,-26.8,7.948266983032227,8.045825958251953,-0.058971848225214174,430,380
log_ask_depth,-26.6,7.907094717025757,8.049049854278564,-0.07017135862913093,430,380
log_ask_depth,-26.4,7.930713653564453,8.184355735778809,-0.07328029375764988,430,380
log_ask_depth,-26.2,7.901530027389526,8.184355735778809,-0.08501835985312123,430,380
log_ask_depth,-26.0,7.942589044570923,8.07510757446289,-0.07416156670746632,430,380
log_ask_depth,-25.8,7.919436693191528,8.181073665618896,-0.08199510403916765,430,380
log_ask_depth,-25.6,7.952507257461548,8.184355735778809,-0.08317013463892287,430,380
log_ask_depth,-25.4,7.935598373413086,8.17404842376709,-0.07968176254589965,430,380
log_ask_depth,-25.2,7.970377683639526,8.152189254760742,-0.07268053855569157,430,380
log_ask_depth,-25.0,7.93735671043396,8.200423240661621,-0.08223990208078336,430,380
log_ask_depth,-24.8,7.938867807388306,8.137135982513428,-0.06066707466340271,430,380
log_ask_depth,-24.6,7.9397292137146,8.126520156860352,-0.07216646266829863,430,380
log_ask_depth,-24.4,7.866018056869507,8.137135982513428,-0.06410036719706247,430,380
log_ask_depth,-24.2,7.860152006149292,8.051918983459473,-0.06271725826193386,430,380
log_ask_depth,-24.0,7.873945236206055,8.212542057037354,-0.07776009791921668,430,380
log_ask_depth,-23.8,7.955132007598877,8.201992988586426,-0.05903304773561813,430,380
log_ask_depth,-23.6,7.969600439071655,8.229310512542725,-0.060832313341493305,430,380
log_ask_depth,-23.4,7.961994409561157,8.218356132507324,-0.06525091799265603,430,380
log_ask_depth,-23.2,7.969922065734863,8.23948335647583,-0.06378212974296205,430,380
log_ask_depth,-23.0,8.025827407836914,8.28652572631836,-0.06068543451652386,430,380
log_ask_depth,-22.8,8.012131690979004,8.28580379486084,-0.0690085679314566,430,380
log_ask_depth,-22.6,7.982562303543091,8.339968204498291,-0.07731946144430846,430,380
log_ask_depth,-22.4,8.022148132324219,8.262540340423584,-0.0649816401468788,430,380
log_ask_depth,-22.2,7.993046522140503,8.292669296264648,-0.08179926560587514,430,380
log_ask_depth,-22.0,7.956897497177124,8.274929523468018,-0.07100367197062418,430,380
log_ask_depth,-21.8,7.950631618499756,8.321964740753174,-0.08118727050183594,430,380
log_ask_depth,-21.6,7.907395124435425,8.38730239868164,-0.10215422276621788,430,380
log_ask_depth,-21.4,7.949437618255615,8.370543479919434,-0.09044063647490819,430,380
log_ask_depth,-21.2,7.941284656524658,8.29215955734253,-0.07089351285189716,430,380
log_ask_depth,-21.0,7.864980220794678,8.336810111999512,-0.08899632802937574,430,380
log_ask_depth,-20.8,7.837038993835449,8.297533512115479,-0.0984088127294982,430,380
log_ask_depth,-20.6,7.823017597198486,8.267805099487305,-0.09134638922888616,430,380
log_ask_depth,-20.4,7.8395538330078125,8.295155048370361,-0.08302325581395353,430,380
log_ask_depth,-20.2,7.84455418586731,8.365007877349854,-0.09512851897184826,430,380
log_ask_depth,-20.0,7.856860637664795,8.366586685180664,-0.10363525091799264,430,380
log_ask_depth,-19.8,7.860930681228638,8.31406021118164,-0.09533659730722155,430,380
log_ask_depth,-19.6,7.93048882484436,8.273540019989014,-0.0820195838433293,430,380
log_ask_depth,-19.4,7.949413299560547,8.270853519439697,-0.07199510403916765,430,380
log_ask_depth,-19.2,7.939445734024048,8.29248571395874,-0.06576499388004897,430,380
log_ask_depth,-19.0,7.945068836212158,8.231305122375488,-0.05325581395348833,430,380
log_ask_depth,-18.8,7.865105390548706,8.235010147094727,-0.06265605875153002,430,380
log_ask_depth,-18.6,7.867120027542114,8.241425514221191,-0.061162790697674385,430,380
log_ask_depth,-18.4,7.947640419006348,8.224889755249023,-0.05580171358629127,430,380
log_ask_depth,-18.2,7.896254062652588,8.23345947265625,-0.0714443084455324,430,380
log_ask_depth,-18.0,7.896891117095947,8.21086311340332,-0.057184822521419876,430,380
log_ask_depth,-17.8,7.938847064971924,8.18217658996582,-0.05494492044063648,430,380
log_ask_depth,-17.6,7.853529214859009,8.18217658996582,-0.059473684210526345,430,380
log_ask_depth,-17.4,7.87823486328125,8.182036876678467,-0.05856793145654837,430,380
log_ask_depth,-17.2,7.900446891784668,8.189684391021729,-0.06337821297429624,430,380
log_ask_depth,-17.0,7.948595285415649,8.14722728729248,-0.04258261933904528,430,380
log_ask_depth,-16.8,7.956292629241943,8.189526081085205,-0.049657282741738085,430,380
log_ask_depth,-16.6,7.953198671340942,8.18217658996582,-0.054320685434516514,430,380
log_ask_depth,-16.4,7.955679178237915,8.199110984802246,-0.05401468788249697,430,380
log_ask_depth,-16.2,7.938262462615967,8.18217658996582,-0.0566462668298654,430,380
log_ask_depth,-16.0,7.947542667388916,8.198392868041992,-0.061591187270501835,430,380
log_ask_depth,-15.8,7.949645757675171,8.194697380065918,-0.04952264381884941,430,380
log_ask_depth,-15.6,7.957684516906738,8.181281566619873,-0.04684210526315791,430,380
log_ask_depth,-15.4,7.966056823730469,8.167727947235107,-0.02837209302325583,430,380
log_ask_depth,-15.2,7.959169149398804,8.172805309295654,-0.03809057527539783,430,380
log_ask_depth,-15.0,7.9791834354400635,8.159791946411133,-0.026731946144430863,430,380
log_ask_depth,-14.8,7.959169149398804,8.175382614135742,-0.034161566707466395,430,380
log_ask_depth,-14.6,7.945297002792358,8.177592277526855,-0.025801713586291353,430,380
log_ask_depth,-14.4,7.950734376907349,8.1326904296875,-0.016132190942472424,430,380
log_ask_depth,-14.2,7.9612956047058105,8.115602970123291,-0.022313341493268024,430,380
log_ask_depth,-14.0,7.9612956047058105,8.132164478302002,-0.01785801713586288,430,380
log_ask_depth,-13.8,7.9415647983551025,8.123465538024902,-0.01719706242350061,430,380
log_ask_depth,-13.6,7.9415647983551025,8.139769077301025,-0.025667074663402678,430,380
log_ask_depth,-13.4,7.98322606086731,8.183980941772461,-0.029510403916768624,430,380
log_ask_depth,-13.2,7.938861608505249,8.13545846939087,-0.030673194614443067,430,380
log_ask_depth,-13.0,7.938861608505249,8.15293264389038,-0.03883720930232559,430,380
log_ask_depth,-12.8,7.938861608505249,8.172784805297852,-0.03618115055079563,430,380
log_ask_depth,-12.6,7.950734376907349,8.15293264389038,-0.02990208078335377,430,380
log_ask_depth,-12.4,7.9605326652526855,8.139907836914062,-0.025520195838433346,430,380
log_ask_depth,-12.2,7.950734376907349,8.139907836914062,-0.03422276621787024,430,380
log_ask_depth,-12.0,7.9415647983551025,8.103132724761963,-0.03317013463892293,430,380
log_ask_depth,-11.8,7.938555717468262,8.134290218353271,-0.03478580171358625,430,380
log_ask_depth,-11.6,7.877696752548218,8.103132724761963,-0.03685434516523867,430,380
log_ask_depth,-11.4,7.877696752548218,8.103132724761963,-0.0381028151774786,430,380
log_ask_depth,-11.2,7.897854328155518,8.076367378234863,-0.04411260709914322,430,380
log_ask_depth,-11.0,7.924062728881836,8.073729515075684,-0.036279069767441885,430,380
log_ask_depth,-10.8,7.9151012897491455,8.092323303222656,-0.04515911872705014,430,380
log_ask_depth,-10.6,7.876779079437256,8.073729515075684,-0.05505507955936351,430,380
log_ask_depth,-10.4,7.884241342544556,8.083985805511475,-0.07009791921664632,430,380
log_ask_depth,-10.2,7.853860139846802,8.009622812271118,-0.06634026927784575,430,380
log_ask_depth,-10.0,7.9185791015625,8.14484167098999,-0.06414932680538554,430,380
log_ask_depth,-9.8,7.858958005905151,8.112719058990479,-0.07472460220318233,430,380
log_ask_depth,-9.6,7.858958005905151,8.144761085510254,-0.07463892288861684,430,380
log_ask_depth,-9.4,7.848754167556763,8.065269947052002,-0.06638922888616894,430,380
log_ask_depth,-9.2,7.853860139846802,8.08353567123413,-0.0652264381884945,430,380
log_ask_depth,-9.0,7.848754167556763,7.9326794147491455,-0.06621787025703796,430,380
log_ask_depth,-8.8,7.753101825714111,7.992426872253418,-0.08249694002447983,430,380
log_ask_depth,-8.6,7.78042459487915,8.140678882598877,-0.08910648714810276,430,380
log_ask_depth,-8.4,7.7704176902771,8.159245014190674,-0.1078824969400245,430,380
log_ask_depth,-8.2,7.723576545715332,8.1259183883667,-0.11493268053855565,430,380
log_ask_depth,-8.0,7.715689659118652,8.085726737976074,-0.10694002447980411,430,380
log_ask_depth,-7.8,7.712126731872559,8.1259183883667,-0.11533659730722157,430,380
log_ask_depth,-7.6,7.717183828353882,8.025602340698242,-0.12365973072215419,430,380
log_ask_depth,-7.4,7.691145896911621,8.149999618530273,-0.1337086903304774,430,380
log_ask_depth,-7.2,7.645071268081665,8.149999618530273,-0.13810281517747858,430,380
log_ask_depth,-7.0,7.679460525512695,8.160689353942871,-0.1375642594859241,430,380
log_ask_depth,-6.8,7.632486343383789,8.146537780761719,-0.1260587515299878,430,380
log_ask_depth,-6.6,7.614856481552124,8.061829090118408,-0.14640146878824967,430,380
log_ask_depth,-6.4,7.645411491394043,8.167497158050537,-0.14613219094247243,430,380
log_ask_depth,-6.2,7.662804126739502,8.17085599899292,-0.14548347613219093,430,380
log_ask_depth,-6.0,7.667675495147705,8.17085599899292,-0.1446389228886169,430,380
log_ask_depth,-5.8,7.6448729038238525,8.165388107299805,-0.14190942472460222,430,380
log_ask_depth,-5.6,7.568594694137573,8.174736022949219,-0.15981640146878828,430,380
log_ask_depth,-5.4,7.569188117980957,8.100429058074951,-0.16762545899632808,430,380
log_ask_depth,-5.2,7.566991806030273,7.959858417510986,-0.15723378212974293,430,380
log_ask_depth,-5.0,7.509276390075684,7.966392755508423,-0.1694492044063648,430,380
log_ask_depth,-4.8,7.490482568740845,7.956533908843994,-0.16457772337821297,430,380
log_ask_depth,-4.6,7.4879701137542725,7.910888195037842,-0.15942472460220314,430,380
log_ask_depth,-4.4,7.501080274581909,7.9908974170684814,-0.1670501835985312,430,380
log_ask_depth,-4.2,7.48803448677063,8.015663146972656,-0.1770134638922889,430,380
log_ask_depth,-4.0,7.478129148483276,8.065555095672607,-0.19170134638922887,430,380
log_ask_depth,-3.8,7.457263946533203,8.04038953781128,-0.20424724602203181,430,380
log_ask_depth,-3.6,7.375866651535034,8.058910846710205,-0.2212974296205631,430,380
log_ask_depth,-3.4,7.338638782501221,7.997185945510864,-0.21528763769889836,430,380
log_ask_depth,-3.2,7.370898485183716,8.069247245788574,-0.2196695226438189,430,380
log_ask_depth,-3.0,7.37823486328125,8.069247245788574,-0.21870257037943697,430,380
log_ask_depth,-2.8,7.350801467895508,8.12117052078247,-0.23534883720930233,430,380
log_ask_depth,-2.6,7.292900800704956,8.120389938354492,-0.2449571603427173,430,380
log_ask_depth,-2.4,7.257645845413208,8.078035354614258,-0.25515299877600983,430,380
log_ask_depth,-2.2,7.227180242538452,8.144370555877686,-0.2673561811505508,430,380
log_ask_depth,-2.0,7.1975085735321045,8.105427265167236,-0.2604161566707466,430,380
log_ask_depth,-1.8,7.177091836929321,8.08975076675415,-0.2651162790697674,430,380
log_ask_depth,-1.6,7.151117324829102,8.114531517028809,-0.26941248470012236,430,380
log_ask_depth,-1.4,7.14540958404541,8.062123775482178,-0.25982864137086903,430,380
log_ask_depth,-1.2,7.145816326141357,8.07248592376709,-0.2541982864137087,430,380
log_ask_depth,-1.0,7.110496520996094,8.021955013275146,-0.2684577723378213,430,380
log_ask_depth,-0.8,7.0081846714019775,8.041346073150635,-0.3034271725826193,430,380
log_ask_depth,-0.6,6.975400686264038,8.023580551147461,-0.31285189718482254,430,380
log_ask_depth,-0.4,6.94944953918457,8.023580551147461,-0.32001223990208083,430,380
log_ask_depth,-0.2,6.938531160354614,8.017660140991211,-0.3260709914320685,430,380
log_ask_depth,0.0,6.921587944030762,8.041656494140625,-0.3312974296205631,430,380
log_ask_depth,0.2,6.982498645782471,8.072754383087158,-0.29921664626682987,430,380
log_ask_depth,0.4,6.968345642089844,8.038016319274902,-0.2856915544675642,430,380
log_ask_depth,0.6,7.012615203857422,8.14754867553711,-0.2968224757698442,429,380
log_ask_depth,0.8,6.983081340789795,8.072754383087158,-0.30078517973254815,429,380
log_ask_depth,1.0,6.992677688598633,8.191776275634766,-0.3100355784566311,429,380
log_ask_depth,1.2,6.991579055786133,8.172041893005371,-0.30695620169304383,429,380
log_ask_depth,1.4,6.991519927978516,8.156580924987793,-0.309458962090541,429,380
log_ask_depth,1.6,7.000960111618042,8.177772521972656,-0.3094441711756025,428,380
log_ask_depth,1.8,6.957488059997559,8.177772521972656,-0.31394490900147565,428,380
log_ask_depth,2.0,6.911351919174194,8.149224758148193,-0.33796114117068377,428,380
log_ask_depth,2.2,6.9362146854400635,8.128518104553223,-0.32172897196261685,428,380
log_ask_depth,2.4,6.900543928146362,8.130779266357422,-0.3264264633546483,428,380
log_ask_depth,2.6,6.987568140029907,8.08608341217041,-0.30479586817511073,428,380
log_ask_depth,2.8,7.000042200088501,8.100772857666016,-0.3062469257255288,428,380
log_ask_depth,3.0,7.048394203186035,8.100772857666016,-0.2904943433349729,428,380
log_ask_depth,3.2,7.040731191635132,8.118425369262695,-0.2908140678799803,428,380
log_ask_depth,3.4,7.025805473327637,8.140536785125732,-0.28520659124446635,428,380
log_ask_depth,3.6,7.105443716049194,8.131805896759033,-0.2809517953762912,428,380
log_ask_depth,3.8,7.18009614944458,8.140536785125732,-0.25724299065420564,428,380
log_ask_depth,4.0,7.2132134437561035,8.131805896759033,-0.24064190850959177,428,380
log_ask_depth,4.2,7.187375783920288,8.158780097961426,-0.25547220855878017,428,380
log_ask_depth,4.4,7.167601585388184,8.158780097961426,-0.259751598622725,428,380
log_ask_depth,4.6,7.190233945846558,8.121728897094727,-0.24672897196261678,428,380
log_ask_depth,4.8,7.181769132614136,8.146624565124512,-0.2478111165764879,428,380
log_ask_depth,5.0,7.2026684284210205,8.159828186035156,-0.2425725528775209,428,380
imbalance,-30.0,-0.36383067071437836,-0.33479855954647064,-0.025801713586291353,430,380
imbalance,-29.8,-0.36759521067142487,-0.33813372254371643,-0.029265605875153033,430,380
imbalance,-29.6,-0.3776070773601532,-0.33992500603199005,-0.036536107711138355,430,380
imbalance,-29.4,-0.3900753855705261,-0.32424555718898773,-0.03656058751529989,430,380
imbalance,-29.2,-0.38920578360557556,-0.3189251273870468,-0.03346389228886171,430,380
imbalance,-29.0,-0.38155990839004517,-0.3315729647874832,-0.03176254589963279,430,380
imbalance,-28.8,-0.38268904387950897,-0.30466514825820923,-0.0496511627906977,430,380
imbalance,-28.6,-0.374225914478302,-0.2980484515428543,-0.04843329253365969,430,380
imbalance,-28.4,-0.3721696436405182,-0.28369204699993134,-0.057197062423500644,430,380
imbalance,-28.2,-0.3722296506166458,-0.29399384558200836,-0.04504283965728273,430,380
imbalance,-28.0,-0.370198056101799,-0.29071947932243347,-0.033402692778457754,430,380
imbalance,-27.8,-0.36618463695049286,-0.27680762112140656,-0.042044063647490804,430,380
imbalance,-27.6,-0.35765132308006287,-0.2877713739871979,-0.04789473684210521,430,380
imbalance,-27.4,-0.3916788846254349,-0.2595750391483307,-0.06829865361077114,430,380
imbalance,-27.2,-0.3916243314743042,-0.2573341131210327,-0.07187270501835985,430,380
imbalance,-27.0,-0.37095123529434204,-0.26004377007484436,-0.05288861689106483,430,380
imbalance,-26.8,-0.3727683275938034,-0.2911923825740814,-0.05884944920440638,430,380
imbalance,-26.6,-0.37466204166412354,-0.2911923825740814,-0.05653610771113826,430,380
imbalance,-26.4,-0.37311604619026184,-0.2904830276966095,-0.049828641370869065,430,380
imbalance,-26.2,-0.36634428799152374,-0.2748091518878937,-0.047539779681762595,430,380
imbalance,-26.0,-0.3709166347980499,-0.27240464091300964,-0.061591187270501835,430,380
imbalance,-25.8,-0.36688318848609924,-0.28087174892425537,-0.07388004895960831,430,380
imbalance,-25.6,-0.34914225339889526,-0.24563927948474884,-0.08205630354957161,430,380
imbalance,-25.4,-0.356196790933609,-0.2570919543504715,-0.08264381884944916,430,380
imbalance,-25.2,-0.3741121143102646,-0.28375935554504395,-0.08322521419828643,430,380
imbalance,-25.0,-0.40549153089523315,-0.3069819360971451,-0.06899632802937572,430,380
imbalance,-24.8,-0.39759550988674164,-0.3112093359231949,-0.07423500611995104,430,380
imbalance,-24.6,-0.3974973112344742,-0.3072701096534729,-0.07898408812729496,430,380
imbalance,-24.4,-0.41730664670467377,-0.3069819360971451,-0.07574051407588744,430,380
imbalance,-24.2,-0.42012718319892883,-0.27691277861595154,-0.09496940024479805,430,380
imbalance,-24.0,-0.42012718319892883,-0.2890016734600067,-0.08614443084455325,430,380
imbalance,-23.8,-0.42568810284137726,-0.28562478721141815,-0.09955936352509176,430,380
imbalance,-23.6,-0.42012718319892883,-0.2770792096853256,-0.11039167686658502,430,380
imbalance,-23.4,-0.45105762779712677,-0.2716823220252991,-0.12374541003671968,430,380
imbalance,-23.2,-0.45105762779712677,-0.30211086571216583,-0.11953488372093024,430,380
imbalance,-23.0,-0.47627946734428406,-0.29256904125213623,-0.13294981640146875,430,380
imbalance,-22.8,-0.466590017080307,-0.2967512458562851,-0.12188494492044066,430,380
imbalance,-22.6,-0.44929857552051544,-0.27691277861595154,-0.12048959608323129,430,380
imbalance,-22.4,-0.47871242463588715,-0.2613869607448578,-0.15107711138310898,430,380
imbalance,-22.2,-0.471749022603035,-0.26845842599868774,-0.14320685434516522,430,380
imbalance,-22.0,-0.4857516437768936,-0.2549506574869156,-0.1617625458996328,430,380
imbalance,-21.8,-0.4855494201183319,-0.2549506574869156,-0.14643818849449208,430,380
imbalance,-21.6,-0.46178285777568817,-0.2518763095140457,-0.12592411260709913,430,380
imbalance,-21.4,-0.4484897404909134,-0.2518763095140457,-0.13791921664626683,430,380
imbalance,-21.2,-0.48672012984752655,-0.2530129998922348,-0.15576499388004894,430,380
imbalance,-21.0,-0.478913277387619,-0.2521470934152603,-0.14046511627906977,430,380
imbalance,-20.8,-0.48657363653182983,-0.2536327689886093,-0.15149326805385555,430,380
imbalance,-20.6,-0.48205238580703735,-0.2536327689886093,-0.14870257037943702,430,380
imbalance,-20.4,-0.4850424826145172,-0.2567542940378189,-0.1489473684210526,430,380
imbalance,-20.2,-0.47770921885967255,-0.2567542940378189,-0.13862913096695229,430,380
imbalance,-20.0,-0.48400312662124634,-0.24868400394916534,-0.13884944920440634,430,380
imbalance,-19.8,-0.48279906809329987,-0.24630872905254364,-0.13981640146878827,430,380
imbalance,-19.6,-0.478461354970932,-0.2535577341914177,-0.15030599755201957,430,380
imbalance,-19.4,-0.47770921885967255,-0.2744891196489334,-0.1421175030599755,430,380
imbalance,-19.2,-0.4738033264875412,-0.2547810226678848,-0.13804161566707462,430,380
imbalance,-19.0,-0.4828142076730728,-0.26859310269355774,-0.14074663402692777,430,380
imbalance,-18.8,-0.4828142076730728,-0.2632874995470047,-0.13746634026927784,430,380
imbalance,-18.6,-0.4845123738050461,-0.26716676354408264,-0.13258261933904525,430,380
imbalance,-18.4,-0.47770921885967255,-0.2727397233247757,-0.13840881272949812,430,380
imbalance,-18.2,-0.4828142076730728,-0.2661154270172119,-0.12822521419828636,430,380
imbalance,-18.0,-0.4702165275812149,-0.273663267493248,-0.12608323133414934,430,380
imbalance,-17.8,-0.4823034405708313,-0.273466020822525,-0.12145654834761321,430,380
imbalance,-17.6,-0.4823034405708313,-0.2897004187107086,-0.11892288861689104,430,380
imbalance,-17.4,-0.47662611305713654,-0.2930789738893509,-0.11445532435740513,430,380
imbalance,-17.2,-0.45945805311203003,-0.296967551112175,-0.09231334149326809,430,380
imbalance,-17.0,-0.4738033264875412,-0.2926746606826782,-0.10151774785801715,430,380
imbalance,-16.8,-0.4484061002731323,-0.2930546998977661,-0.09270501835985312,430,380
imbalance,-16.6,-0.4484061002731323,-0.29830658435821533,-0.11033047735618118,430,380
imbalance,-16.4,-0.41232749819755554,-0.30431923270225525,-0.08634026927784577,430,380
imbalance,-16.2,-0.42627429962158203,-0.29830658435821533,-0.09129742962056309,430,380
imbalance,-16.0,-0.43708695471286774,-0.31895574927330017,-0.08175030599755206,430,380
imbalance,-15.8,-0.42627429962158203,-0.3246617019176483,-0.08640146878824972,430,380
imbalance,-15.6,-0.40857991576194763,-0.3256366401910782,-0.0677478580171359,430,380
imbalance,-15.4,-0.4165642261505127,-0.3309998959302902,-0.06884944920440639,430,380
imbalance,-15.2,-0.4025835692882538,-0.30639728903770447,-0.06893512851897188,430,380
imbalance,-15.0,-0.40123799443244934,-0.29006968438625336,-0.08831089351285193,430,380
imbalance,-14.8,-0.3964974731206894,-0.2921299636363983,-0.09347613219094242,430,380
imbalance,-14.6,-0.4045262932777405,-0.2871157228946686,-0.10603427172582625,430,380
imbalance,-14.4,-0.40376824140548706,-0.27385440468788147,-0.10177478580171362,430,380
imbalance,-14.2,-0.3870850205421448,-0.27647776901721954,-0.08290085679314563,430,380
imbalance,-14.0,-0.3919803500175476,-0.27647776901721954,-0.08418604651162787,430,380
imbalance,-13.8,-0.38874949514865875,-0.2840232700109482,-0.07869033047735619,430,380
imbalance,-13.6,-0.40935006737709045,-0.28892919421195984,-0.07842717258261933,430,380
imbalance,-13.4,-0.3743375092744827,-0.2712651491165161,-0.08154222766217867,430,380
imbalance,-13.2,-0.36582785844802856,-0.2703324854373932,-0.07173806609547129,430,380
imbalance,-13.0,-0.3670430928468704,-0.28998248279094696,-0.07073439412484706,430,380
imbalance,-12.8,-0.3670489639043808,-0.30639728903770447,-0.04892288861689109,430,380
imbalance,-12.6,-0.3639741837978363,-0.29999876022338867,-0.05629130966952267,430,380
imbalance,-12.4,-0.38900239765644073,-0.30521440505981445,-0.05807833537331697,430,380
imbalance,-12.2,-0.4141070544719696,-0.30639728903770447,-0.07388004895960831,430,380
imbalance,-12.0,-0.4118971824645996,-0.30521440505981445,-0.06455324357405146,430,380
imbalance,-11.8,-0.416778028011322,-0.31178514659404755,-0.06444308445532432,430,380
imbalance,-11.6,-0.38940681517124176,-0.30369971692562103,-0.07244798041615663,430,380
imbalance,-11.4,-0.3898039907217026,-0.3052635192871094,-0.06720930232558142,430,380
imbalance,-11.2,-0.3825497031211853,-0.30531488358974457,-0.056854345165238684,430,380
imbalance,-11.0,-0.408796563744545,-0.30369971692562103,-0.07048959608323135,430,380
imbalance,-10.8,-0.4107804000377655,-0.29450641572475433,-0.08403916768665853,430,380
imbalance,-10.6,-0.4094074070453644,-0.2989591360092163,-0.08432068543451654,430,380
imbalance,-10.4,-0.38641293346881866,-0.29791776835918427,-0.0731946144430845,430,380
imbalance,-10.2,-0.3898039907217026,-0.2877350151538849,-0.06986536107711139,430,380
imbalance,-10.0,-0.4204365313053131,-0.30194932222366333,-0.08635250917992654,430,380
imbalance,-9.8,-0.4226233512163162,-0.3073607534170151,-0.07824969400244797,430,380
imbalance,-9.6,-0.4226233512163162,-0.31371958553791046,-0.0826682986536108,430,380
imbalance,-9.4,-0.43331119418144226,-0.31292450428009033,-0.07845777233782125,430,380
imbalance,-9.2,-0.437256395816803,-0.3140970319509506,-0.08764993880048955,430,380
imbalance,-9.0,-0.4528513103723526,-0.3069134056568146,-0.08538555691554472,430,380
imbalance,-8.8,-0.46477706730365753,-0.3126693367958069,-0.10151774785801715,430,380
imbalance,-8.6,-0.46782831847667694,-0.3057406544685364,-0.10771113831089352,430,380
imbalance,-8.4,-0.4616004228591919,-0.3057406544685364,-0.10986536107711142,430,380
imbalance,-8.2,-0.44451136887073517,-0.32702043652534485,-0.09919216646266826,430,380
imbalance,-8.0,-0.4522692859172821,-0.32702043652534485,-0.10962056303549572,430,380
imbalance,-7.8,-0.4613124877214432,-0.3089005649089813,-0.11777233782129748,430,380
imbalance,-7.6,-0.4592897295951843,-0.31404727697372437,-0.10970624235006121,430,380
imbalance,-7.4,-0.45850688219070435,-0.3230963945388794,-0.10282741738066092,430,380
imbalance,-7.2,-0.46888671815395355,-0.3197912573814392,-0.10833537331701348,430,380
imbalance,-7.0,-0.48769429326057434,-0.3044600337743759,-0.13436964504283966,430,380
imbalance,-6.8,-0.49226240813732147,-0.30672918260097504,-0.13580171358629134,430,380
imbalance,-6.6,-0.49036046862602234,-0.31404727697372437,-0.13498164014687886,430,380
imbalance,-6.4,-0.5167424976825714,-0.3048616796731949,-0.16181150550795598,430,380
imbalance,-6.2,-0.5543489158153534,-0.3139270693063736,-0.16189718482252147,430,380
imbalance,-6.0,-0.5793572664260864,-0.2917911857366562,-0.17587515299877599,430,380
imbalance,-5.8,-0.564653605222702,-0.3092922270298004,-0.17673194614443088,430,380
imbalance,-5.6,-0.5830824077129364,-0.31875893473625183,-0.1681028151774786,430,380
imbalance,-5.4,-0.5566032230854034,-0.33372630178928375,-0.162203182374541,430,380
imbalance,-5.2,-0.5634476840496063,-0.3450183719396591,-0.16436964504283968,430,380
imbalance,-5.0,-0.5710228085517883,-0.3301028311252594,-0.16512851897184821,430,380
imbalance,-4.8,-0.605050265789032,-0.32793551683425903,-0.197625458996328,430,380
imbalance,-4.6,-0.5951086282730103,-0.32793551683425903,-0.1905140758873929,430,380
imbalance,-4.4,-0.5976845622062683,-0.33881424367427826,-0.19047735618115058,430,380
imbalance,-4.2,-0.6217974424362183,-0.3440888375043869,-0.18697674418604648,430,380
imbalance,-4.0,-0.6217974424362183,-0.3345782309770584,-0.19906976744186045,430,380
imbalance,-3.8,-0.6167422235012054,-0.3357592970132828,-0.2034394124847001,430,380
imbalance,-3.6,-0.6278895139694214,-0.3357592970132828,-0.20171358629130964,430,380
imbalance,-3.4,-0.6506878435611725,-0.32803790271282196,-0.2241003671970624,430,380
imbalance,-3.2,-0.6684583425521851,-0.31168949604034424,-0.21906976744186046,430,380
imbalance,-3.0,-0.6879860460758209,-0.32823754847049713,-0.22309669522643816,430,380
imbalance,-2.8,-0.6947543919086456,-0.3326554000377655,-0.2424357405140759,430,380
imbalance,-2.6,-0.6973974704742432,-0.3355753570795059,-0.24542227662178706,430,380
imbalance,-2.4,-0.7003229558467865,-0.34713253378868103,-0.2560954712362301,430,380
imbalance,-2.2,-0.7343143820762634,-0.3408938944339752,-0.26831089351285187,430,380
imbalance,-2.0,-0.76295405626297,-0.3280453383922577,-0.2892288861689106,430,380
imbalance,-1.8,-0.7633804380893707,-0.31541548669338226,-0.30763769889840886,430,380
imbalance,-1.6,-0.7989889979362488,-0.33668389916419983,-0.3156793145654835,430,380
imbalance,-1.4,-0.8021920025348663,-0.33989422023296356,-0.2962056303549572,430,380
imbalance,-1.2,-0.8307025730609894,-0.3594251424074173,-0.32585067319461447,430,380
imbalance,-1.0,-0.8331527411937714,-0.34655052423477173,-0.33705018359853123,430,380
imbalance,-0.8,-0.81659996509552,-0.33797720074653625,-0.33479804161566706,430,380
imbalance,-0.6,-0.8314999043941498,-0.33938632905483246,-0.34017135862913095,430,380
imbalance,-0.4,-0.8479380011558533,-0.3493649959564209,-0.3408323133414932,430,380
imbalance,-0.2,-0.8688449263572693,-0.371762752532959,-0.3545960832313342,430,380
imbalance,0.0,-0.884833574295044,-0.3698076754808426,-0.3839412484700122,430,380
imbalance,0.2,-0.9153352081775665,-0.36462026834487915,-0.4100979192166463,430,380
imbalance,0.4,-0.8930682837963104,-0.35188359022140503,-0.400452876376989,430,380
imbalance,0.6,-0.9051408767700195,-0.3504832088947296,-0.3841982578824684,429,380
imbalance,0.8,-0.8746581673622131,-0.36415332555770874,-0.38569500674763835,429,380
imbalance,1.0,-0.8746581673622131,-0.33989422023296356,-0.3838302048828365,429,380
imbalance,1.2,-0.8537084460258484,-0.33938632905483246,-0.3656851920009815,429,380
imbalance,1.4,-0.861494243144989,-0.35538671910762787,-0.32659796344006875,429,380
imbalance,1.6,-0.8666513860225677,-0.34492242336273193,-0.3416871618298082,428,380
imbalance,1.8,-0.8395313620567322,-0.33717113733291626,-0.317560255779636,428,380
imbalance,2.0,-0.8203643560409546,-0.34870047867298126,-0.3118789965568126,428,380
imbalance,2.2,-0.8116253316402435,-0.3381054252386093,-0.31738809640924737,428,380
imbalance,2.4,-0.8047973811626434,-0.33016665279865265,-0.3108952287260207,428,380
imbalance,2.6,-0.7890664637088776,-0.33989422023296356,-0.3068371864240039,428,380
imbalance,2.8,-0.8040321171283722,-0.3268916755914688,-0.30523856369896707,428,380
imbalance,3.0,-0.7758762836456299,-0.31782273948192596,-0.31458435809149043,428,380
imbalance,3.2,-0.7649235725402832,-0.3277491480112076,-0.29953271028037387,428,380
imbalance,3.4,-0.7579700350761414,-0.3318978101015091,-0.287432365961633,428,380
imbalance,3.6,-0.7543503940105438,-0.3157956898212433,-0.2993851451057551,428,380
imbalance,3.8,-0.7705716788768768,-0.32192350924015045,-0.31849483521888833,428,380
imbalance,4.0,-0.7573974430561066,-0.32192350924015045,-0.30549680275454993,428,380
imbalance,4.2,-0.7360563576221466,-0.333060085773468,-0.2907771765863256,428,380
imbalance,4.4,-0.702919602394104,-0.3318978101015091,-0.2858952287260207,428,380
imbalance,4.6,-0.7254010438919067,-0.30426470935344696,-0.2923204623708805,428,380
imbalance,4.8,-0.7077851891517639,-0.3303796947002411,-0.26727742252828335,428,380
imbalance,5.0,-0.713608980178833,-0.336987167596817,-0.2626045253320216,428,380
imbalance_l1,-30.0,-0.18869375437498093,-0.1155441477894783,-0.022227662178702534,430,380
imbalance_l1,-29.8,-0.1832842230796814,-0.09708050638437271,-0.03907588739290091,430,380
imbalance_l1,-29.6,-0.14234209805727005,-0.10188987106084824,-0.028261933904528802,430,380
imbalance_l1,-29.4,-0.09564416110515594,-0.09360276907682419,-0.016064871481028198,430,380
imbalance_l1,-29.2,-0.1240059994161129,-0.09384158998727798,-0.021572827417380647,430,380
imbalance_l1,-29.0,-0.11741077899932861,-0.08906415104866028,-0.01290697674418606,430,380
imbalance_l1,-28.8,-0.11850804090499878,-0.09690698981285095,-0.027135862913096664,430,380
imbalance_l1,-28.6,-0.11172764748334885,-0.08906415104866028,-0.020226438188494456,430,380
imbalance_l1,-28.4,-0.09890630096197128,-0.09721355140209198,0.006303549571603506,430,380
imbalance_l1,-28.2,-0.10172518342733383,-0.1155441477894783,-0.002301101591187238,430,380
imbalance_l1,-28.0,-0.1022811308503151,-0.09384158998727798,-0.005973072215422315,430,380
imbalance_l1,-27.8,-0.1342342644929886,-0.08413708209991455,-0.04307221542227657,430,380
imbalance_l1,-27.6,-0.11172764748334885,-0.08798053860664368,-0.03553855569155451,430,380
imbalance_l1,-27.4,-0.11172764748334885,-0.08357471600174904,-0.044663402692778464,430,380
imbalance_l1,-27.2,-0.11172764748334885,-0.08357471600174904,-0.02851897184822516,430,380
imbalance_l1,-27.0,-0.09197418764233589,-0.08469460532069206,-0.014687882496939975,430,380
imbalance_l1,-26.8,-0.12295440956950188,-0.08407671377062798,-0.04660342717258259,430,380
imbalance_l1,-26.6,-0.11248726025223732,-0.08469460532069206,-0.035893512851897236,430,380
imbalance_l1,-26.4,-0.11248726025223732,-0.07932212576270103,-0.03791309669522647,430,380
imbalance_l1,-26.2,-0.09703869000077248,-0.08322527259588242,-0.015146878824969345,430,380
imbalance_l1,-26.0,-0.13471993058919907,-0.07481348887085915,-0.04328641370869035,430,380
imbalance_l1,-25.8,-0.11676960065960884,-0.06511666625738144,-0.060116279069767464,430,380
imbalance_l1,-25.6,-0.11114585772156715,-0.07210180908441544,-0.04734394124846997,430,380
imbalance_l1,-25.4,-0.12917787581682205,-0.08037875965237617,-0.04255201958384336,430,380
imbalance_l1,-25.2,-0.13006620854139328,-0.06997907534241676,-0.05963892288861694,430,380
imbalance_l1,-25.0,-0.13574938476085663,-0.07481348887085915,-0.05319461444308449,430,380
imbalance_l1,-24.8,-0.13006620854139328,-0.0759616270661354,-0.0500979192166463,430,380
imbalance_l1,-24.6,-0.10552575066685677,-0.07792442291975021,-0.04006731946144426,430,380
imbalance_l1,-24.4,-0.11968164518475533,-0.0875384658575058,-0.03116279069767447,430,380
imbalance_l1,-24.2,-0.1010710597038269,-0.09842748939990997,-0.017674418604651132,430,380
imbalance_l1,-24.0,-0.12552811950445175,-0.07706385478377342,-0.046536107711138364,430,380
imbalance_l1,-23.8,-0.1313260942697525,-0.07706385478377342,-0.05223990208078333,430,380
imbalance_l1,-23.6,-0.1378856524825096,-0.07792442291975021,-0.0562362301101591,430,380
imbalance_l1,-23.4,-0.1304815113544464,-0.1051391139626503,-0.02657282741738065,430,380
imbalance_l1,-23.2,-0.15911466628313065,-0.10181908681988716,-0.040299877600979195,430,380
imbalance_l1,-23.0,-0.16187817603349686,-0.10533251985907555,-0.040985312117503114,430,380
imbalance_l1,-22.8,-0.15636774897575378,-0.09719441831111908,-0.04163402692778462,430,380
imbalance_l1,-22.6,-0.1378856524825096,-0.1012745052576065,-0.02687270501835981,430,380
imbalance_l1,-22.4,-0.15636774897575378,-0.08221964538097382,-0.04654834761321913,430,380
imbalance_l1,-22.2,-0.18407227098941803,-0.08221964538097382,-0.0767747858017136,430,380
imbalance_l1,-22.0,-0.17444124817848206,-0.0759616270661354,-0.0814075887392901,430,380
imbalance_l1,-21.8,-0.20534180104732513,-0.09719441831111908,-0.07821909424724605,430,380
imbalance_l1,-21.6,-0.21645283699035645,-0.0838979072868824,-0.08146266829865356,430,380
imbalance_l1,-21.4,-0.2098018303513527,-0.09126878529787064,-0.08499388004895958,430,380
imbalance_l1,-21.2,-0.20647205412387848,-0.09680872410535812,-0.09151774785801714,430,380
imbalance_l1,-21.0,-0.1817750632762909,-0.07706385478377342,-0.09504283965728277,430,380
imbalance_l1,-20.8,-0.2000000849366188,-0.07072864472866058,-0.10761321909424726,430,380
imbalance_l1,-20.6,-0.18407227098941803,-0.07239044830203056,-0.09841493268053858,430,380
imbalance_l1,-20.4,-0.17329750955104828,-0.05344599112868309,-0.0911260709914321,430,380
imbalance_l1,-20.2,-0.15957321971654892,-0.06045316532254219,-0.07769889840881272,430,380
imbalance_l1,-20.0,-0.16605181246995926,-0.05344599112868309,-0.08232558139534885,430,380
imbalance_l1,-19.8,-0.12613990902900696,-0.07061271741986275,-0.05513463892288861,430,380
imbalance_l1,-19.6,-0.13365791738033295,-0.07239044830203056,-0.0605507955936353,430,380
imbalance_l1,-19.4,-0.11112736165523529,-0.07610227540135384,-0.02556915544675642,430,380
imbalance_l1,-19.2,-0.12895815074443817,-0.07802028954029083,-0.04602815177478581,430,380
imbalance_l1,-19.0,-0.10657879337668419,-0.07802028954029083,-0.02358017135862911,430,380
imbalance_l1,-18.8,-0.09764295443892479,-0.07610227540135384,-0.010220318237454062,430,380
imbalance_l1,-18.6,-0.09789925068616867,-0.07506455108523369,-0.02501223990208079,430,380
imbalance_l1,-18.4,-0.10657879337668419,-0.09266206994652748,-0.011689106487148049,430,380
imbalance_l1,-18.2,-0.10657879337668419,-0.08722890913486481,-0.015722154222766238,430,380
imbalance_l1,-18.0,-0.09800216183066368,-0.09670194610953331,0.007337821297429548,430,380
imbalance_l1,-17.8,-0.12298433110117912,-0.09670194610953331,-0.013537331701346411,430,380
imbalance_l1,-17.6,-0.07243498414754868,-0.0838979072868824,0.01664014687882487,430,380
imbalance_l1,-17.4,-0.10258634388446808,-0.09148537740111351,0.002301101591187349,430,380
imbalance_l1,-17.2,-0.108623206615448,-0.0953722670674324,-0.0013586291309669596,430,380
imbalance_l1,-17.0,-0.11974716559052467,-0.0953722670674324,0.004112607099143295,430,380
imbalance_l1,-16.8,-0.092189472168684,-0.09108027443289757,0.008011015911872699,430,380
imbalance_l1,-16.6,-0.08609915897250175,-0.0953722670674324,0.024498164014687962,430,380
imbalance_l1,-16.4,-0.07243498414754868,-0.10711399838328362,0.038298653610771005,430,380
imbalance_l1,-16.2,-0.1428571715950966,-0.10459082573652267,0.004130966952264448,430,380
imbalance_l1,-16.0,-0.10935337096452713,-0.12132035940885544,0.025758873929008663,430,380
imbalance_l1,-15.8,-0.11797614395618439,-0.11362457275390625,0.009204406364749174,430,380
imbalance_l1,-15.6,-0.07917410880327225,-0.09426755458116531,0.010709914320685465,430,380
imbalance_l1,-15.4,-0.12148240953683853,-0.10152715817093849,-0.009840881272949797,430,380
imbalance_l1,-15.2,-0.11642831191420555,-0.11492998898029327,0.006572827417380633,430,380
imbalance_l1,-15.0,-0.09403494745492935,-0.09709157049655914,0.008531211750306023,430,380
imbalance_l1,-14.8,-0.10820642486214638,-0.10861115157604218,0.003268053855569164,430,380
imbalance_l1,-14.6,-0.1370214968919754,-0.0840701162815094,-0.016793145654834807,430,380
imbalance_l1,-14.4,-0.11642831191420555,-0.09548475965857506,-0.007356181150550811,430,380
imbalance_l1,-14.2,-0.11861499026417732,-0.08382871747016907,-0.015930232558139523,430,380
imbalance_l1,-14.0,-0.10239145159721375,-0.07792442291975021,-0.00952876376988987,430,380
imbalance_l1,-13.8,-0.08936181291937828,-0.08370976150035858,0.011842105263157876,430,380
imbalance_l1,-13.6,-0.10212258249521255,-0.08724474906921387,-0.0007833537331701779,430,380
imbalance_l1,-13.4,-0.08936181291937828,-0.08724474906921387,0.01023255813953483,430,380
imbalance_l1,-13.2,-0.0935002826154232,-0.07359181344509125,-0.008402692778457732,430,380
imbalance_l1,-13.0,-0.0800650417804718,-0.07210272178053856,0.005305997552019548,430,380
imbalance_l1,-12.8,-0.09282301366329193,-0.07560870423913002,-0.004706242350061229,430,380
imbalance_l1,-12.6,-0.10918397828936577,-0.09148537740111351,-0.01167686658506728,430,380
imbalance_l1,-12.4,-0.09881392121315002,-0.0852113738656044,-0.008574051407588712,430,380
imbalance_l1,-12.2,-0.08589561656117439,-0.086335439234972,0.011597307221542286,430,380
imbalance_l1,-12.0,-0.07241745293140411,-0.09445679560303688,0.029039167686658596,430,380
imbalance_l1,-11.8,-0.054894305765628815,-0.086335439234972,0.03449816401468797,430,380
imbalance_l1,-11.6,-0.0507583562284708,-0.07794874534010887,0.024143206854345234,430,380
imbalance_l1,-11.4,-0.054894305765628815,-0.08170070871710777,0.015985312117503092,430,380
imbalance_l1,-11.2,-0.05599657818675041,-0.1048460491001606,0.033176254589963206,430,380
imbalance_l1,-11.0,-0.06936704367399216,-0.086335439234972,0.017203182374541104,430,380
imbalance_l1,-10.8,-0.06936704367399216,-0.11492715403437614,0.030501835985312198,430,380
imbalance_l1,-10.6,-0.06936704367399216,-0.11490850523114204,0.029014687882496837,430,380
imbalance_l1,-10.4,-0.06480183824896812,-0.11492715403437614,0.03351285189718478,430,380
imbalance_l1,-10.2,-0.09403306245803833,-0.11996319144964218,0.02287637698898415,430,380
imbalance_l1,-10.0,-0.07245753332972527,-0.10861115157604218,0.015342717258261862,430,380
imbalance_l1,-9.8,-0.06263296492397785,-0.10861115157604218,0.021028151774785897,430,380
imbalance_l1,-9.6,-0.07091739028692245,-0.10861115157604218,0.02379436964504289,430,380
imbalance_l1,-9.4,-0.12230684235692024,-0.11671825870871544,0.010250917992655983,430,380
imbalance_l1,-9.2,-0.09232964739203453,-0.11231658980250359,0.00978580171358634,430,380
imbalance_l1,-9.0,-0.08697674423456192,-0.10861115157604218,0.023678090575275368,430,380
imbalance_l1,-8.8,-0.09044294059276581,-0.10250753536820412,0.025507955936352467,430,380
imbalance_l1,-8.6,-0.09447420388460159,-0.08835135772824287,0.012851897184822603,430,380
imbalance_l1,-8.4,-0.09688541665673256,-0.10269004479050636,0.029241126070991497,430,380
imbalance_l1,-8.2,-0.09394950792193413,-0.11424310877919197,0.03625458996328024,430,380
imbalance_l1,-8.0,-0.09044294059276581,-0.10967495292425156,0.04588739290085675,430,380
imbalance_l1,-7.8,-0.12045448645949364,-0.11760761588811874,0.029155446756425896,430,380
imbalance_l1,-7.6,-0.12298433110117912,-0.11424310877919197,0.013427172582619384,430,380
imbalance_l1,-7.4,-0.1238119788467884,-0.11744394898414612,0.007545899632802833,430,380
imbalance_l1,-7.2,-0.13313721120357513,-0.12413742020726204,0.0019277845777234681,430,380
imbalance_l1,-7.0,-0.13148298859596252,-0.11744394898414612,-0.00397796817625462,430,380
imbalance_l1,-6.8,-0.1408970057964325,-0.11424310877919197,-0.029712362301101636,430,380
imbalance_l1,-6.6,-0.17404188960790634,-0.1174856536090374,-0.040599755201958354,430,380
imbalance_l1,-6.4,-0.14285721629858017,-0.0977560542523861,-0.05209914320685438,430,380
imbalance_l1,-6.2,-0.14285721629858017,-0.0977560542523861,-0.046854345165238676,430,380
imbalance_l1,-6.0,-0.1691782921552658,-0.08648141846060753,-0.06651774785801712,430,380
imbalance_l1,-5.8,-0.1457691565155983,-0.09520168974995613,-0.06151162790697673,430,380
imbalance_l1,-5.6,-0.1816287338733673,-0.09986819326877594,-0.054565483476132215,430,380
imbalance_l1,-5.4,-0.1635599434375763,-0.09888780489563942,-0.06850673194614443,430,380
imbalance_l1,-5.2,-0.1816287338733673,-0.09440156444907188,-0.07888004895960832,430,380
imbalance_l1,-5.0,-0.18704874068498611,-0.0977560542523861,-0.07229498164014692,430,380
imbalance_l1,-4.8,-0.18906649947166443,-0.09520168974995613,-0.08764993880048955,430,380
imbalance_l1,-4.6,-0.18223673850297928,-0.10683133080601692,-0.08020807833537336,430,380
imbalance_l1,-4.4,-0.22173791378736496,-0.10683133080601692,-0.10118727050183596,430,380
imbalance_l1,-4.2,-0.18461429327726364,-0.10643559694290161,-0.07172582619339041,430,380
imbalance_l1,-4.0,-0.1673148348927498,-0.09627204015851021,-0.07029375764993884,430,380
imbalance_l1,-3.8,-0.1901586502790451,-0.09911241009831429,-0.07641370869033048,430,380
imbalance_l1,-3.6,-0.15237975120544434,-0.09520168974995613,-0.06422276621787026,430,380
imbalance_l1,-3.4,-0.18233688175678253,-0.09263351559638977,-0.08662790697674416,430,380
imbalance_l1,-3.2,-0.15237972885370255,-0.09001464396715164,-0.08135862913096692,430,380
imbalance_l1,-3.0,-0.18217622488737106,-0.09001464396715164,-0.08401468788249689,430,380
imbalance_l1,-2.8,-0.18371759355068207,-0.09627204015851021,-0.08839657282741742,430,380
imbalance_l1,-2.6,-0.17717453092336655,-0.09738611057400703,-0.07771725826193387,430,380
imbalance_l1,-2.4,-0.21717169135808945,-0.0977560542523861,-0.09973684210526312,430,380
imbalance_l1,-2.2,-0.1924407035112381,-0.09520168974995613,-0.10102815177478586,430,380
imbalance_l1,-2.0,-0.19165955483913422,-0.09771841764450073,-0.10051407588739292,430,380
imbalance_l1,-1.8,-0.21986158937215805,-0.09771841764450073,-0.11313341493268059,430,380
imbalance_l1,-1.6,-0.29004350304603577,-0.10331154242157936,-0.13376376988984084,430,380
imbalance_l1,-1.4,-0.2321208342909813,-0.12041812390089035,-0.09260097919216648,430,380
imbalance_l1,-1.2,-0.2657252699136734,-0.12459360063076019,-0.11905140758873933,430,380
imbalance_l1,-1.0,-0.287008672952652,-0.12041812390089035,-0.1295104039167687,430,380
imbalance_l1,-0.8,-0.24512998014688492,-0.12384150549769402,-0.12294369645042835,430,380
imbalance_l1,-0.6,-0.29004350304603577,-0.1051391139626503,-0.15303549571603425,430,380
imbalance_l1,-0.4,-0.2618778496980667,-0.09999817237257957,-0.1451652386780906,430,380
imbalance_l1,-0.2,-0.30048538744449615,-0.11047577857971191,-0.1708629130966952,430,380
imbalance_l1,0.0,-0.290121927857399,-0.12459360063076019,-0.15307833537331705,430,380
imbalance_l1,0.2,-0.7228021323680878,-0.12066416814923286,-0.4045960832313341,430,380
imbalance_l1,0.4,-0.6444304883480072,-0.12066416814923286,-0.3516585067319461,430,380
imbalance_l1,0.6,-0.6330901980400085,-0.10408779606223106,-0.34455894982210766,429,380
imbalance_l1,0.8,-0.619544267654419,-0.11221013590693474,-0.34217273954116056,429,380
imbalance_l1,1.0,-0.5744681358337402,-0.11047577857971191,-0.30998037050668625,429,380
imbalance_l1,1.2,-0.5266944169998169,-0.10008545592427254,-0.2839774260826893,429,380
imbalance_l1,1.4,-0.5468059182167053,-0.07988378405570984,-0.308790332474543,429,380
imbalance_l1,1.6,-0.5395010709762573,-0.10008545592427254,-0.30007378258730943,428,380
imbalance_l1,1.8,-0.5378062129020691,-0.10345814004540443,-0.27407771765863254,428,380
imbalance_l1,2.0,-0.5179329812526703,-0.10008545592427254,-0.27657402852926705,428,380
imbalance_l1,2.2,-0.5075184404850006,-0.08987827226519585,-0.2705177078209543,428,380
imbalance_l1,2.4,-0.5586411952972412,-0.09808461740612984,-0.2914350713231677,428,380
imbalance_l1,2.6,-0.521967887878418,-0.08391720801591873,-0.2869220363994097,428,380
imbalance_l1,2.8,-0.4539979249238968,-0.08705933019518852,-0.25811608460403346,428,380
imbalance_l1,3.0,-0.4586162120103836,-0.08987827226519585,-0.25170929660600094,428,380
imbalance_l1,3.2,-0.4530270844697952,-0.08884264528751373,-0.2517523364485982,428,380
imbalance_l1,3.4,-0.42456138134002686,-0.08884264528751373,-0.23122233152975902,428,380
imbalance_l1,3.6,-0.44732189178466797,-0.07988378405570984,-0.23718642400393508,428,380
imbalance_l1,3.8,-0.4161103814840317,-0.06738423183560371,-0.22370880472208554,428,380
imbalance_l1,4.0,-0.39978639781475067,-0.06062422692775726,-0.21626906050172157,428,380
imbalance_l1,4.2,-0.3859011083841324,-0.06423916481435299,-0.20651746187899656,428,380
imbalance_l1,4.4,-0.3184564858675003,-0.05913013964891434,-0.1817572552877521,428,380
imbalance_l1,4.6,-0.37500862777233124,-0.05913013964891434,-0.1919761436301033,428,380
imbalance_l1,4.8,-0.4029887318611145,-0.0905262753367424,-0.192504918839154,428,380
imbalance_l1,5.0,-0.3731595426797867,-0.08294044062495232,-0.18492375799311367,428,380
hhi_bid,-30.0,0.4937662184238434,0.49029915034770966,0.024791921664626626,430,380
hhi_bid,-29.8,0.491364449262619,0.4895450323820114,0.017252141982864178,430,380
hhi_bid,-29.6,0.49435068666934967,0.4901777356863022,0.03535495716034265,430,380
hhi_bid,-29.4,0.5023864507675171,0.4990556389093399,0.02268053855569163,430,380
hhi_bid,-29.2,0.509946197271347,0.5006924271583557,0.023396572827417472,430,380
hhi_bid,-29.0,0.5061977505683899,0.5095251798629761,0.01711138310893512,430,380
hhi_bid,-28.8,0.5186823010444641,0.5054737627506256,0.021670746634026905,430,380
hhi_bid,-28.6,0.5015649199485779,0.512521892786026,-0.003408812729498112,430,380
hhi_bid,-28.4,0.5078229606151581,0.5197710394859314,-0.004320685434516469,430,380
hhi_bid,-28.2,0.5037331581115723,0.5108290612697601,-0.017246022031823793,430,380
hhi_bid,-28.0,0.5078005194664001,0.5133846998214722,-0.0060220318237453885,430,380
hhi_bid,-27.8,0.507079005241394,0.5142048299312592,-0.014755201958384312,430,380
hhi_bid,-27.6,0.507079005241394,0.5118393898010254,-0.018482252141982847,430,380
hhi_bid,-27.4,0.5058130323886871,0.5255750715732574,-0.0395226438188494,430,380
hhi_bid,-27.2,0.5000168532133102,0.5227518677711487,-0.039400244798041606,430,380
hhi_bid,-27.0,0.49905766546726227,0.5255750715732574,-0.04056915544675643,430,380
hhi_bid,-26.8,0.5048082172870636,0.5073712766170502,-0.026952264381884916,430,380
hhi_bid,-26.6,0.49674107134342194,0.5132626295089722,-0.04686046511627906,430,380
hhi_bid,-26.4,0.503496378660202,0.5106825530529022,-0.04213586291309668,430,380
hhi_bid,-26.2,0.5010559558868408,0.5259956419467926,-0.04980416156670742,430,380
hhi_bid,-26.0,0.502064049243927,0.5135089457035065,-0.05800489596083236,430,380
hhi_bid,-25.8,0.4858170747756958,0.5210190415382385,-0.07466952264381888,430,380
hhi_bid,-25.6,0.4901692420244217,0.5210190415382385,-0.07582619339045282,430,380
hhi_bid,-25.4,0.4907020926475525,0.5069564878940582,-0.05097919216646263,430,380
hhi_bid,-25.2,0.4875011146068573,0.5139564275741577,-0.05195838433292532,430,380
hhi_bid,-25.0,0.48464468121528625,0.5003476440906525,-0.03447980416156671,430,380
hhi_bid,-24.8,0.4964786618947983,0.5108332633972168,-0.04078947368421049,430,380
hhi_bid,-24.6,0.4945594072341919,0.514751672744751,-0.0368421052631579,430,380
hhi_bid,-24.4,0.49841558933258057,0.49990393221378326,-0.0348102815177479,430,380
hhi_bid,-24.2,0.49092672765254974,0.503118246793747,-0.03935128518971853,430,380
hhi_bid,-24.0,0.4822760671377182,0.5082396566867828,-0.04741738066095469,430,380
hhi_bid,-23.8,0.49092672765254974,0.5054152011871338,-0.034461444308445555,430,380
hhi_bid,-23.6,0.493584468960762,0.5101645290851593,-0.04893512851897186,430,380
hhi_bid,-23.4,0.4945019632577896,0.515691488981247,-0.05604651162790697,430,380
hhi_bid,-23.2,0.4930843114852905,0.5101645290851593,-0.05378824969400242,430,380
hhi_bid,-23.0,0.49574069678783417,0.5127001404762268,-0.06072827417380666,430,380
hhi_bid,-22.8,0.5050122737884521,0.5127001404762268,-0.04652998776009787,430,380
hhi_bid,-22.6,0.4950855076313019,0.5193226933479309,-0.047986536107711086,430,380
hhi_bid,-22.4,0.4963252544403076,0.5285497605800629,-0.059902080783353684,430,380
hhi_bid,-22.2,0.5023844242095947,0.5216177701950073,-0.05088127294981637,430,380
hhi_bid,-22.0,0.5033583045005798,0.5226475894451141,-0.044492044063647485,430,380
hhi_bid,-21.8,0.5033583045005798,0.5312774777412415,-0.05510403916768669,430,380
hhi_bid,-21.6,0.5019187033176422,0.5261444449424744,-0.04133414932680535,430,380
hhi_bid,-21.4,0.49812301993370056,0.5225172638893127,-0.042962056303549545,430,380
hhi_bid,-21.2,0.5033583045005798,0.5185530781745911,-0.024143206854345123,430,380
hhi_bid,-21.0,0.4988154321908951,0.5213436484336853,-0.03190942472460223,430,380
hhi_bid,-20.8,0.4954819977283478,0.5298832058906555,-0.036119951040391673,430,380
hhi_bid,-20.6,0.4963041990995407,0.5284669101238251,-0.03386780905752751,430,380
hhi_bid,-20.4,0.4941442906856537,0.5312774777412415,-0.04184822521419829,430,380
hhi_bid,-20.2,0.49445465207099915,0.5256439447402954,-0.04503059975520196,430,380
hhi_bid,-20.0,0.494915708899498,0.5312774777412415,-0.049143206854345145,430,380
hhi_bid,-19.8,0.4888908714056015,0.5284669101238251,-0.06446144430844558,430,380
hhi_bid,-19.6,0.49558402597904205,0.5113706886768341,-0.049773561811505496,430,380
hhi_bid,-19.4,0.500439465045929,0.5170938670635223,-0.03528763769889842,430,380
hhi_bid,-19.2,0.49724535644054413,0.5218985080718994,-0.05156670746634029,430,380
hhi_bid,-19.0,0.5017474889755249,0.520325243473053,-0.03239290085679314,430,380
hhi_bid,-18.8,0.5005120933055878,0.520325243473053,-0.04192166462668301,430,380
hhi_bid,-18.6,0.5029944777488708,0.5018022656440735,-0.030195838433292543,430,380
hhi_bid,-18.4,0.5004838109016418,0.49936093389987946,-0.023096695226438202,430,380
hhi_bid,-18.2,0.49992063641548157,0.5043924450874329,-0.03655446756425951,430,380
hhi_bid,-18.0,0.5019752681255341,0.49879033863544464,-0.02094859241126068,430,380
hhi_bid,-17.8,0.5001028478145599,0.49879033863544464,-0.025734394124847015,430,380
hhi_bid,-17.6,0.5086272060871124,0.5133744180202484,-0.034063647490820026,430,380
hhi_bid,-17.4,0.5129542052745819,0.5103316903114319,-0.022025703794369633,430,380
hhi_bid,-17.2,0.5051807165145874,0.5075117945671082,-0.03389840881272954,430,380
hhi_bid,-17.0,0.5156198143959045,0.5042681694030762,-0.01641370869033043,430,380
hhi_bid,-16.8,0.5079134106636047,0.5050873160362244,-0.0224479804161567,430,380
hhi_bid,-16.6,0.5006633400917053,0.5131657719612122,-0.02953488372093027,430,380
hhi_bid,-16.4,0.5165461599826813,0.5143117308616638,-0.00326193390452878,430,380
hhi_bid,-16.2,0.5172126591205597,0.5149295032024384,-0.010789473684210571,430,380
hhi_bid,-16.0,0.5146196484565735,0.5149295032024384,-0.0006854345165239195,430,380
hhi_bid,-15.8,0.5164088308811188,0.5081084370613098,0.008494492044063717,430,380
hhi_bid,-15.6,0.5104531943798065,0.5237537026405334,-0.004283965728274164,430,380
hhi_bid,-15.4,0.5104531943798065,0.5157005488872528,-0.0013219094247246543,430,380
hhi_bid,-15.2,0.5058749616146088,0.5170107483863831,-0.005446756425948607,430,380
hhi_bid,-15.0,0.5120733678340912,0.5146793127059937,-0.00994492044063644,430,380
hhi_bid,-14.8,0.52653968334198,0.5165661871433258,0.005544675642594754,430,380
hhi_bid,-14.6,0.5249829292297363,0.5142837762832642,-0.008537331701346407,430,380
hhi_bid,-14.4,0.52653968334198,0.5179164707660675,-0.012123623011015883,430,380
hhi_bid,-14.2,0.5212699174880981,0.521577388048172,-0.00961444308445536,430,380
hhi_bid,-14.0,0.5224943459033966,0.5193569660186768,-0.008090575275397804,430,380
hhi_bid,-13.8,0.5198938846588135,0.5115897059440613,-0.002386780905752728,430,380
hhi_bid,-13.6,0.5147962272167206,0.5142837762832642,-0.006713586291309692,430,380
hhi_bid,-13.4,0.5249829292297363,0.5087869763374329,0.026419828641370824,430,380
hhi_bid,-13.2,0.5179843306541443,0.5088832080364227,0.006217870257037905,430,380
hhi_bid,-13.0,0.5078036189079285,0.5149287581443787,-0.011419828641370922,430,380
hhi_bid,-12.8,0.5032014846801758,0.511801540851593,-0.009069767441860499,430,380
hhi_bid,-12.6,0.49953895807266235,0.512521505355835,-0.019326805385556867,430,380
hhi_bid,-12.4,0.5050629675388336,0.523250550031662,-0.018739290085679317,430,380
hhi_bid,-12.2,0.5060697197914124,0.526231974363327,-0.016070991432068582,430,380
hhi_bid,-12.0,0.5050629675388336,0.526231974363327,-0.013598531211750253,430,380
hhi_bid,-11.8,0.5028373301029205,0.5287453532218933,-0.01925948592411264,430,380
hhi_bid,-11.6,0.5020701289176941,0.5257710814476013,-0.018849449204406343,430,380
hhi_bid,-11.4,0.4986359030008316,0.5319511890411377,-0.040630354957160386,430,380
hhi_bid,-11.2,0.5007152259349823,0.5324424803256989,-0.04365973072215423,430,380
hhi_bid,-11.0,0.49148769676685333,0.5319511890411377,-0.05335373317013459,430,380
hhi_bid,-10.8,0.49148769676685333,0.5339294075965881,-0.05815177478580169,430,380
hhi_bid,-10.6,0.49029338359832764,0.5313717722892761,-0.04016523867809052,430,380
hhi_bid,-10.4,0.4936112016439438,0.526231974363327,-0.051438188494492,430,380
hhi_bid,-10.2,0.49564431607723236,0.5257710814476013,-0.052619339045287594,430,380
hhi_bid,-10.0,0.49490490555763245,0.5257710814476013,-0.05335373317013459,430,380
hhi_bid,-9.8,0.4986359030008316,0.526231974363327,-0.04806609547123619,430,380
hhi_bid,-9.6,0.4911225289106369,0.5289054214954376,-0.05716034271725823,430,380
hhi_bid,-9.4,0.48830652236938477,0.5257710814476013,-0.058445532435740466,430,380
hhi_bid,-9.2,0.49236151576042175,0.5296946167945862,-0.049369645042839694,430,380
hhi_bid,-9.0,0.49236151576042175,0.5319511890411377,-0.05696450428396571,430,380
hhi_bid,-8.8,0.49236151576042175,0.5319511890411377,-0.06833537331701345,430,380
hhi_bid,-8.6,0.4911225289106369,0.5433993637561798,-0.08952264381884945,430,380
hhi_bid,-8.4,0.49056099355220795,0.5433993637561798,-0.08593635250917997,430,380
hhi_bid,-8.2,0.4879915416240692,0.5333542823791504,-0.08764993880048955,430,380
hhi_bid,-8.0,0.4911225289106369,0.5439220368862152,-0.08802937576499392,430,380
hhi_bid,-7.8,0.48732762038707733,0.5343503952026367,-0.0797796817625459,430,380
hhi_bid,-7.6,0.4893380254507065,0.5343503952026367,-0.0814932680538556,430,380
hhi_bid,-7.4,0.4893380254507065,0.5319511890411377,-0.06665850673194618,430,380
hhi_bid,-7.2,0.4911225289106369,0.5319511890411377,-0.07402080783353737,430,380
hhi_bid,-7.0,0.4889891892671585,0.537571370601654,-0.07274173806609552,430,380
hhi_bid,-6.8,0.48239633440971375,0.5307894349098206,-0.07266217870257041,430,380
hhi_bid,-6.6,0.47536177933216095,0.5291543304920197,-0.07865361077111388,430,380
hhi_bid,-6.4,0.4791563153266907,0.5296971201896667,-0.0905997552019584,430,380
hhi_bid,-6.2,0.4706011414527893,0.5335188806056976,-0.10171358629130967,430,380
hhi_bid,-6.0,0.47551704943180084,0.5349959433078766,-0.08886168910648717,430,380
hhi_bid,-5.8,0.475769579410553,0.5346897542476654,-0.09485924112607103,430,380
hhi_bid,-5.6,0.45971207320690155,0.5333542823791504,-0.11345777233782128,430,380
hhi_bid,-5.4,0.4760614037513733,0.5252709984779358,-0.08901468788249689,430,380
hhi_bid,-5.2,0.4669337421655655,0.5189788341522217,-0.09424112607099144,430,380
hhi_bid,-5.0,0.4656740874052048,0.5215369462966919,-0.09234394124847001,430,380
hhi_bid,-4.8,0.475769579410553,0.5238635241985321,-0.08751529987760098,430,380
hhi_bid,-4.6,0.477767750620842,0.5191769003868103,-0.07600367197062419,430,380
hhi_bid,-4.4,0.475130558013916,0.5252584517002106,-0.0914504283965728,430,380
hhi_bid,-4.2,0.4828086793422699,0.5201466083526611,-0.06612607099143208,430,380
hhi_bid,-4.0,0.4783189594745636,0.52335986495018,-0.08107099143206853,430,380
hhi_bid,-3.8,0.47591644525527954,0.5333542823791504,-0.07299877600979188,430,380
hhi_bid,-3.6,0.46342258155345917,0.5334170162677765,-0.10164014687882494,430,380
hhi_bid,-3.4,0.46628572046756744,0.5287234485149384,-0.10790085679314565,430,380
hhi_bid,-3.2,0.46989190578460693,0.5349913537502289,-0.09984700122399026,430,380
hhi_bid,-3.0,0.4601472169160843,0.5343270897865295,-0.11935128518971849,430,380
hhi_bid,-2.8,0.45936916768550873,0.521503746509552,-0.11584455324357401,430,380
hhi_bid,-2.6,0.46347399055957794,0.521503746509552,-0.104828641370869,430,380
hhi_bid,-2.4,0.4706663638353348,0.5192680954933167,-0.11342105263157898,430,380
hhi_bid,-2.2,0.4485478550195694,0.5209660232067108,-0.1436230110159119,430,380
hhi_bid,-2.0,0.4527241587638855,0.5217820107936859,-0.12067931456548353,430,380
hhi_bid,-1.8,0.45872530341148376,0.5217820107936859,-0.11380660954712363,430,380
hhi_bid,-1.6,0.4488998353481293,0.5141829252243042,-0.1139351285189718,430,380
hhi_bid,-1.4,0.4625031054019928,0.5083245933055878,-0.08440636474908203,430,380
hhi_bid,-1.2,0.4772241860628128,0.5073781907558441,-0.07855569155446751,430,380
hhi_bid,-1.0,0.46802960336208344,0.5153219699859619,-0.10298653610771114,430,380
hhi_bid,-0.8,0.47435738146305084,0.5156626999378204,-0.07070991432068541,430,380
hhi_bid,-0.6,0.47621460258960724,0.5099889039993286,-0.07648102815177482,430,380
hhi_bid,-0.4,0.47742611169815063,0.5061655938625336,-0.07699510403916765,430,380
hhi_bid,-0.2,0.46626466512680054,0.5018157958984375,-0.06441860465116278,430,380
hhi_bid,0.0,0.473742738366127,0.509370744228363,-0.09183598531211745,430,380
hhi_bid,0.2,0.46896491944789886,0.5059923529624939,-0.05902080783353736,430,380
hhi_bid,0.4,0.4863482415676117,0.511381983757019,-0.07281517747858013,430,380
hhi_bid,0.6,0.47313883900642395,0.5171253979206085,-0.08247454300085877,429,380
hhi_bid,0.8,0.46530312299728394,0.5306316912174225,-0.08663967611336032,429,380
hhi_bid,1.0,0.4538628160953522,0.5306316912174225,-0.09955833640044165,429,380
hhi_bid,1.2,0.46611836552619934,0.5317440330982208,-0.08251748251748248,429,380
hhi_bid,1.4,0.4726141095161438,0.5265671610832214,-0.06502269660164395,429,380
hhi_bid,1.6,0.45898035168647766,0.5134685039520264,-0.06671790457452043,428,380
hhi_bid,1.8,0.4813784807920456,0.509113222360611,-0.06175602557796356,428,380
hhi_bid,2.0,0.4793909043073654,0.515668660402298,-0.07675848499754057,428,380
hhi_bid,2.2,0.48389990627765656,0.515668660402298,-0.0674495818986719,428,380
hhi_bid,2.4,0.49315351247787476,0.517467588186264,-0.057261436301032975,428,380
hhi_bid,2.6,0.4991774708032608,0.5245172381401062,-0.051395720609936024,428,380
hhi_bid,2.8,0.4966578483581543,0.5323662757873535,-0.06524225282833251,428,380
hhi_bid,3.0,0.5025034546852112,0.5284693837165833,-0.06529144121987207,428,380
hhi_bid,3.2,0.5037396848201752,0.5328474044799805,-0.0622725036891294,428,380
hhi_bid,3.4,0.4934278428554535,0.529449075460434,-0.0625184456468274,428,380
hhi_bid,3.6,0.49870555102825165,0.5215733647346497,-0.05846655189375305,428,380
hhi_bid,3.8,0.4989692270755768,0.5259344577789307,-0.059825381210034445,428,380
hhi_bid,4.0,0.5065335333347321,0.5205790996551514,-0.05764879488440733,428,380
hhi_bid,4.2,0.5119673609733582,0.5245172381401062,-0.05466674864731924,428,380
hhi_bid,4.4,0.5080713927745819,0.5205790996551514,-0.05773487456960158,428,380
hhi_bid,4.6,0.5258419513702393,0.517675906419754,-0.03717412690605015,428,380
hhi_bid,4.8,0.5111806392669678,0.517119973897934,-0.037112641416625625,428,380
hhi_bid,5.0,0.5145257115364075,0.517119973897934,-0.039596655189375274,428,380
hhi_ask,-30.0,0.409146785736084,0.38553717732429504,0.028353733170134676,430,380
hhi_ask,-29.8,0.40776076912879944,0.38747037947177887,0.03304773561811514,430,380
hhi_ask,-29.6,0.4102611839771271,0.38842959702014923,0.04238678090575276,430,380
hhi_ask,-29.4,0.41311393678188324,0.39009228348731995,0.026976744186046453,430,380
hhi_ask,-29.2,0.40001721680164337,0.39941227436065674,0.020624235006119873,430,380
hhi_ask,-29.0,0.40001721680164337,0.3905124068260193,0.020722154222766243,430,380
hhi_ask,-28.8,0.3979235142469406,0.3886897563934326,0.0251285189718482,430,380
hhi_ask,-28.6,0.3971538543701172,0.39575067162513733,0.022802937576499316,430,380
hhi_ask,-28.4,0.39287708699703217,0.4089016169309616,-0.0012729498164014696,430,380
hhi_ask,-28.2,0.393180176615715,0.4040432274341583,0.001952264381885005,430,380
hhi_ask,-28.0,0.39408713579177856,0.39720048010349274,0.003525091799265523,430,380
hhi_ask,-27.8,0.39891791343688965,0.39720048010349274,0.018108935128519077,430,380
hhi_ask,-27.6,0.40326300263404846,0.3958219587802887,0.021860465116279038,430,380
hhi_ask,-27.4,0.40072938799858093,0.4000818729400635,0.006670746634027003,430,380
hhi_ask,-27.2,0.3936318904161453,0.4001787304878235,0.002301101591187349,430,380
hhi_ask,-27.0,0.39473430812358856,0.398141548037529,-0.010152998776009836,430,380
hhi_ask,-26.8,0.3949444144964218,0.39513008296489716,-0.003757649938800456,430,380
hhi_ask,-26.6,0.40001721680164337,0.39418673515319824,-0.0065483476132190965,430,380
hhi_ask,-26.4,0.3960203528404236,0.39697539806365967,-0.027906976744186074,430,380
hhi_ask,-26.2,0.39154960215091705,0.39967137575149536,-0.029724602203182404,430,380
hhi_ask,-26.0,0.39179226756095886,0.40003126859664917,-0.04044675642594864,430,380
hhi_ask,-25.8,0.3925323486328125,0.40333932638168335,-0.05767441860465117,430,380
hhi_ask,-25.6,0.3998125493526459,0.39967137575149536,-0.03133414932680534,430,380
hhi_ask,-25.4,0.40002770721912384,0.3956356346607208,-0.01591187270501837,430,380
hhi_ask,-25.2,0.39151430130004883,0.3891995996236801,-0.013102815177478577,430,380
hhi_ask,-25.0,0.3867505043745041,0.3963569700717926,-0.042931456548347624,430,380
hhi_ask,-24.8,0.3876512050628662,0.3936430662870407,-0.019137086903304734,430,380
hhi_ask,-24.6,0.39179226756095886,0.39750976860523224,-0.03417992656058755,430,380
hhi_ask,-24.4,0.39151430130004883,0.3957570344209671,-0.041603427172582585,430,380
hhi_ask,-24.2,0.3869519531726837,0.395392969250679,-0.037123623011015905,430,380
hhi_ask,-24.0,0.38313207030296326,0.39967137575149536,-0.0593696450428397,430,380
hhi_ask,-23.8,0.38665182888507843,0.4013212025165558,-0.04886780905752752,430,380
hhi_ask,-23.6,0.3867505043745041,0.39864227175712585,-0.04192778457772339,430,380
hhi_ask,-23.4,0.39107760787010193,0.40303927659988403,-0.04337209302325584,430,380
hhi_ask,-23.2,0.3911800682544708,0.40338408946990967,-0.039914320685434546,430,380
hhi_ask,-23.0,0.40054337680339813,0.4114707410335541,-0.029106487148102822,430,380
hhi_ask,-22.8,0.40006476640701294,0.41617612540721893,-0.04049571603427171,430,380
hhi_ask,-22.6,0.39211615920066833,0.41226883232593536,-0.050232558139534866,430,380
hhi_ask,-22.4,0.39211615920066833,0.4117850065231323,-0.03884944920440636,430,380
hhi_ask,-22.2,0.3847193270921707,0.4138118177652359,-0.06077111383108935,430,380
hhi_ask,-22.0,0.3917381465435028,0.41473737359046936,-0.053408812729498156,430,380
hhi_ask,-21.8,0.3912890702486038,0.40873755514621735,-0.04260097919216643,430,380
hhi_ask,-21.6,0.39240093529224396,0.4121031016111374,-0.05052631578947364,430,380
hhi_ask,-21.4,0.398765504360199,0.41993898153305054,-0.047968176254589934,430,380
hhi_ask,-21.2,0.3970046788454056,0.4177463501691818,-0.035764993880048945,430,380
hhi_ask,-21.0,0.3970046788454056,0.4022224545478821,-0.018164014687882535,430,380
hhi_ask,-20.8,0.3958957642316818,0.40086913108825684,-0.030269277845777265,430,380
hhi_ask,-20.6,0.39719153940677643,0.4022224545478821,-0.028396572827417366,430,380
hhi_ask,-20.4,0.40594710409641266,0.40249378979206085,-0.00525091799265609,430,380
hhi_ask,-20.2,0.3987041562795639,0.40312400460243225,-0.01596695226438194,430,380
hhi_ask,-20.0,0.3935563564300537,0.40416671335697174,-0.05072827417380665,430,380
hhi_ask,-19.8,0.3961757719516754,0.40312400460243225,-0.030287637698898418,430,380
hhi_ask,-19.6,0.3961395025253296,0.4020477384328842,-0.02279069767441866,430,380
hhi_ask,-19.4,0.39864565432071686,0.4006301164627075,-0.00864137086903305,430,380
hhi_ask,-19.2,0.40001721680164337,0.3974606692790985,0.00261933904528755,430,380
hhi_ask,-19.0,0.40240709483623505,0.4004843384027481,0.013133414932680498,430,380
hhi_ask,-18.8,0.3991648256778717,0.39476045966148376,0.001487148102815139,430,380
hhi_ask,-18.6,0.3902927488088608,0.39591389894485474,-0.01040391676866581,430,380
hhi_ask,-18.4,0.3992845416069031,0.39280296862125397,0.0028763769889841306,430,380
hhi_ask,-18.2,0.39216838777065277,0.3954693228006363,-0.01649938800489592,430,380
hhi_ask,-18.0,0.39916855096817017,0.3905913829803467,0.00718482252141972,430,380
hhi_ask,-17.8,0.3977254778146744,0.39280296862125397,-0.0029620563035496206,430,380
hhi_ask,-17.6,0.3997282534837723,0.3887297660112381,0.012350061199510431,430,380
hhi_ask,-17.4,0.401035338640213,0.388030007481575,0.0206609547123624,430,380
hhi_ask,-17.2,0.3997325599193573,0.39025382697582245,0.012570379436964485,430,380
hhi_ask,-17.0,0.4058374911546707,0.38632482290267944,0.04413708690330487,430,380
hhi_ask,-16.8,0.41119909286499023,0.3846599757671356,0.06493268053855572,430,380
hhi_ask,-16.6,0.4088692218065262,0.3847797214984894,0.034749082007343945,430,380
hhi_ask,-16.4,0.4124019891023636,0.38562560081481934,0.03553243574051401,430,380
hhi_ask,-16.2,0.4088692218065262,0.38632482290267944,0.030942472460220305,430,380
hhi_ask,-16.0,0.4168388396501541,0.39025382697582245,0.02962056303549576,430,380
hhi_ask,-15.8,0.4129553586244583,0.38955244421958923,0.021701346389228826,430,380
hhi_ask,-15.6,0.40815795958042145,0.38792121410369873,0.02268053855569163,430,380
hhi_ask,-15.4,0.4088692218065262,0.3909901827573776,0.021517747858017078,430,380
hhi_ask,-15.2,0.4025789648294449,0.3902961313724518,-0.002619339045287661,430,380
hhi_ask,-15.0,0.39364078640937805,0.38831518590450287,-0.012007343941248472,430,380
hhi_ask,-14.8,0.3981498032808304,0.397545263171196,-0.01745410036719708,430,380
hhi_ask,-14.6,0.39421385526657104,0.39774733781814575,-0.023855569155446732,430,380
hhi_ask,-14.4,0.39421385526657104,0.4098142832517624,-0.01964504283965729,430,380
hhi_ask,-14.2,0.3969992995262146,0.40416671335697174,-0.027319461444308413,430,380
hhi_ask,-14.0,0.399230033159256,0.4078502357006073,-0.017135862913096656,430,380
hhi_ask,-13.8,0.3917565494775772,0.3932180851697922,-0.01506731946144435,430,380
hhi_ask,-13.6,0.40097735822200775,0.4040747880935669,-0.012888616891064908,430,380
hhi_ask,-13.4,0.4019390940666199,0.39614397287368774,-0.009938800489596056,430,380
hhi_ask,-13.2,0.3989405781030655,0.3932180851697922,-0.012166462668298683,430,380
hhi_ask,-13.0,0.399230033159256,0.4004148691892624,-0.02648714810281516,430,380
hhi_ask,-12.8,0.3893892616033554,0.3949905335903168,-0.02555691554467565,430,380
hhi_ask,-12.6,0.39000774919986725,0.38930557668209076,-0.025752753977968168,430,380
hhi_ask,-12.4,0.38997387886047363,0.3905090093612671,-0.01987760097919211,430,380
hhi_ask,-12.2,0.3923492431640625,0.3882249593734741,0.0038310893512851774,430,380
hhi_ask,-12.0,0.3867376148700714,0.39572250843048096,-0.021481028151774773,430,380
hhi_ask,-11.8,0.3867376148700714,0.38986876606941223,-0.02973072215422279,430,380
hhi_ask,-11.6,0.37925322353839874,0.3944644182920456,-0.037294981640146885,430,380
hhi_ask,-11.4,0.3823530822992325,0.39524246752262115,-0.04891676866585071,430,380
hhi_ask,-11.2,0.37996821105480194,0.38950467109680176,-0.04070991432068538,430,380
hhi_ask,-11.0,0.384627565741539,0.3892887234687805,-0.03150550795593632,430,380
hhi_ask,-10.8,0.38666632771492004,0.3932866156101227,-0.015465116279069768,430,380
hhi_ask,-10.6,0.3862220346927643,0.3924008011817932,-0.012656058751529975,430,380
hhi_ask,-10.4,0.3864944577217102,0.3985021114349365,-0.024259485924112645,430,380
hhi_ask,-10.2,0.3852790594100952,0.3949905335903168,-0.029596083231334114,430,380
hhi_ask,-10.0,0.38921861350536346,0.4033637046813965,-0.025434516523867856,430,380
hhi_ask,-9.8,0.3836279362440109,0.3964114636182785,-0.0306609547123623,430,380
hhi_ask,-9.6,0.3909081071615219,0.39528699219226837,-0.017233782129742914,430,380
hhi_ask,-9.4,0.3853566348552704,0.39528699219226837,-0.024779681762545858,430,380
hhi_ask,-9.2,0.3885105699300766,0.3859945386648178,-0.013004895960832319,430,380
hhi_ask,-9.0,0.3936510533094406,0.38237954676151276,0.015611995104039211,430,380
hhi_ask,-8.8,0.3840775638818741,0.3850047439336777,-0.012160342717258299,430,380
hhi_ask,-8.6,0.38529732823371887,0.38746486604213715,-0.008151774785801758,430,380
hhi_ask,-8.4,0.38771623373031616,0.3948223143815994,-0.02302325581395348,430,380
hhi_ask,-8.2,0.3776732236146927,0.3949905335903168,-0.04842105263157892,430,380
hhi_ask,-8.0,0.37901419401168823,0.3942941427230835,-0.04900856793145658,430,380
hhi_ask,-7.8,0.38208092749118805,0.3982912451028824,-0.053133414932680534,430,380
hhi_ask,-7.6,0.3789350539445877,0.39561280608177185,-0.047368421052631615,430,380
hhi_ask,-7.4,0.3714989423751831,0.4036693871021271,-0.07171358629130964,430,380
hhi_ask,-7.2,0.37542442977428436,0.3957102745771408,-0.06042839657282739,430,380
hhi_ask,-7.0,0.371844545006752,0.3997572511434555,-0.06660954712362299,430,380
hhi_ask,-6.8,0.3768005222082138,0.38917118310928345,-0.04165238678090577,430,380
hhi_ask,-6.6,0.3681071251630783,0.3968995213508606,-0.04605875152998773,430,380
hhi_ask,-6.4,0.3807505667209625,0.3991265743970871,-0.03363525091799269,430,380
hhi_ask,-6.2,0.3767157047986984,0.39261244237422943,-0.022827417380660964,430,380
hhi_ask,-6.0,0.38554440438747406,0.38967883586883545,-9.791921664625836e-05,430,380
hhi_ask,-5.8,0.38257619738578796,0.4004611670970917,-0.016719706242350085,430,380
hhi_ask,-5.6,0.3742140829563141,0.39812110364437103,-0.014920440636474908,430,380
hhi_ask,-5.4,0.37938937544822693,0.3876565396785736,0.008812729498163918,430,380
hhi_ask,-5.2,0.3799763321876526,0.3887726962566376,0.006303549571603506,430,380
hhi_ask,-5.0,0.377379834651947,0.3815082013607025,0.021627906976744216,430,380
hhi_ask,-4.8,0.37093761563301086,0.38289278745651245,0.026450428396572745,430,380
hhi_ask,-4.6,0.3934926837682724,0.38444414734840393,0.044394124847001226,430,380
hhi_ask,-4.4,0.38429294526576996,0.3849443346261978,0.03811505507955926,430,380
hhi_ask,-4.2,0.38360947370529175,0.3807390630245209,0.03225214198286408,430,380
hhi_ask,-4.0,0.38059101998806,0.3796813488006592,0.022986536107711064,430,380
hhi_ask,-3.8,0.376334011554718,0.3790905624628067,0.006340269277845811,430,380
hhi_ask,-3.6,0.378369078040123,0.38799503445625305,-0.020281517747858024,430,380
hhi_ask,-3.4,0.3790803998708725,0.3844667077064514,0.006070991432068462,430,380
hhi_ask,-3.2,0.37969742715358734,0.3773798793554306,0.011554467564259596,430,380
hhi_ask,-3.0,0.3785558491945267,0.38180041313171387,0.006952264381884898,430,380
hhi_ask,-2.8,0.3700915426015854,0.38180041313171387,-0.025201958384332923,430,380
hhi_ask,-2.6,0.36829298734664917,0.3896305561065674,-0.03499388004895965,430,380
hhi_ask,-2.4,0.3688249737024307,0.3957102745771408,-0.03640146878824968,430,380
hhi_ask,-2.2,0.3667726367712021,0.3957102745771408,-0.05139534883720931,430,380
hhi_ask,-2.0,0.3732067197561264,0.39252160489559174,-0.028653610771113835,430,380
hhi_ask,-1.8,0.3804226666688919,0.3814852237701416,-0.004075887392900879,430,380
hhi_ask,-1.6,0.3797706812620163,0.3853041082620621,-0.020085679314565508,430,380
hhi_ask,-1.4,0.3799973875284195,0.38176825642585754,-0.01618115055079561,430,380
hhi_ask,-1.2,0.39298754930496216,0.3787878602743149,0.014247246022031756,430,380
hhi_ask,-1.0,0.39653638005256653,0.38035595417022705,0.01717258261933896,430,380
hhi_ask,-0.8,0.3977735936641693,0.3866017907857895,0.01686658506731953,430,380
hhi_ask,-0.6,0.396618977189064,0.39096225798130035,0.00745410036719707,430,380
hhi_ask,-0.4,0.3970606178045273,0.37893496453762054,0.021113831089351276,430,380
hhi_ask,-0.2,0.3969310075044632,0.3739178776741028,0.01641370869033043,430,380
hhi_ask,0.0,0.4096157103776932,0.3781158775091171,0.046866585067319555,430,380
hhi_ask,0.2,0.41193675994873047,0.37654680013656616,0.0835250917992656,430,380
hhi_ask,0.4,0.42094433307647705,0.3754861503839493,0.09729498164014694,430,380
hhi_ask,0.6,0.422225683927536,0.3769822418689728,0.08552324868114347,429,380
hhi_ask,0.8,0.41537415981292725,0.37753652036190033,0.056937799043062176,429,380
hhi_ask,1.0,0.410452663898468,0.37753652036190033,0.03869463869463874,429,380
hhi_ask,1.2,0.4071935713291168,0.3713594675064087,0.05232486811434178,429,380
hhi_ask,1.4,0.42025116086006165,0.3731742650270462,0.0714145503619188,429,380
hhi_ask,1.6,0.4101027101278305,0.37673723697662354,0.0526192818494835,428,380
hhi_ask,1.8,0.4058492034673691,0.3831811249256134,0.03369404820462374,428,380
hhi_ask,2.0,0.3866049498319626,0.38364654779434204,-0.008048450565666498,428,380
hhi_ask,2.2,0.3966331481933594,0.37673723697662354,0.02285415641908517,428,380
hhi_ask,2.4,0.39494284987449646,0.37874509394168854,0.0027238071815052223,428,380
hhi_ask,2.6,0.3966331481933594,0.37798161804676056,0.003935071323167838,428,380
hhi_ask,2.8,0.4013269990682602,0.38085219264030457,-0.0030127889818002407,428,380
hhi_ask,3.0,0.39792443811893463,0.3793126046657562,-0.007808657156910925,428,380
hhi_ask,3.2,0.38730110228061676,0.3822893351316452,-0.010169699950811628,428,380
hhi_ask,3.4,0.388940691947937,0.37673723697662354,0.012155681259222728,428,380
hhi_ask,3.6,0.39589886367321014,0.3739178776741028,0.02277422528283335,428,380
hhi_ask,3.8,0.4019693583250046,0.37567658722400665,0.046790457452041245,428,380
hhi_ask,4.0,0.41443391144275665,0.37567658722400665,0.06808903098868657,428,380
hhi_ask,4.2,0.4107870012521744,0.3774217367172241,0.05910600098376784,428,380
hhi_ask,4.4,0.41700413823127747,0.37673723697662354,0.04756517461878995,428,380
hhi_ask,4.6,0.4084043502807617,0.37646618485450745,0.040918593212001975,428,380
hhi_ask,4.8,0.39664964377880096,0.37646618485450745,0.03290088539104774,428,380
hhi_ask,5.0,0.3913154602050781,0.37646618485450745,0.032353664535169635,428,380
entropy_bid,-30.0,0.9325061440467834,0.9644249677658081,-0.010703794369645081,430,380
entropy_bid,-29.8,0.93672776222229,0.9600222110748291,-0.006358629130966964,430,380
entropy_bid,-29.6,0.9252252578735352,0.9640785157680511,-0.025305997552019566,430,380
entropy_bid,-29.4,0.9224954843521118,0.9568705558776855,-0.012631578947368438,430,380
entropy_bid,-29.2,0.9020556211471558,0.9571340084075928,-0.014253365973072252,430,380
entropy_bid,-29.0,0.9095655381679535,0.9242287576198578,-0.0021664626682986743,430,380
entropy_bid,-28.8,0.8959780037403107,0.9345287680625916,-0.005722154222766229,430,380
entropy_bid,-28.6,0.9279443323612213,0.9303042888641357,0.01697062423500606,430,380
entropy_bid,-28.4,0.9248520731925964,0.9087962508201599,0.019755201958384427,430,380
entropy_bid,-28.2,0.9355280697345734,0.9214918911457062,0.031272949816401496,430,380
entropy_bid,-28.0,0.9279443323612213,0.9132728576660156,0.02166462668298652,430,380
entropy_bid,-27.8,0.923316091299057,0.9040267467498779,0.028427172582619287,430,380
entropy_bid,-27.6,0.9175415337085724,0.9136609733104706,0.030354957160342755,430,380
entropy_bid,-27.4,0.9307514429092407,0.882698267698288,0.049987760097919276,430,380
entropy_bid,-27.2,0.9355280697345734,0.8658382594585419,0.05369645042839655,430,380
entropy_bid,-27.0,0.93672776222229,0.8608804941177368,0.05212362301101581,430,380
entropy_bid,-26.8,0.9355280697345734,0.8846930265426636,0.04331701346389227,430,380
entropy_bid,-26.6,0.9345040619373322,0.8846930265426636,0.05582007343941253,430,380
entropy_bid,-26.4,0.9376676380634308,0.8795234262943268,0.05271113831089358,430,380
entropy_bid,-26.2,0.93672776222229,0.8604546785354614,0.057454100367197114,430,380
entropy_bid,-26.0,0.9525258541107178,0.8658382594585419,0.06657282741738069,430,380
entropy_bid,-25.8,0.9592619240283966,0.8658382594585419,0.07747246022031828,430,380
entropy_bid,-25.6,0.9400181174278259,0.8735676407814026,0.0774663402692779,430,380
entropy_bid,-25.4,0.9567918181419373,0.8996240794658661,0.05547123623011019,430,380
entropy_bid,-25.2,0.9581283628940582,0.89283287525177,0.05467564259485913,430,380
entropy_bid,-25.0,0.9575044810771942,0.9044035971164703,0.03888616891064878,430,380
entropy_bid,-24.8,0.9476800262928009,0.8812214434146881,0.04290697674418609,430,380
entropy_bid,-24.6,0.9552159905433655,0.8722030818462372,0.04536107711138304,430,380
entropy_bid,-24.4,0.93672776222229,0.8996240794658661,0.03980416156670752,430,380
entropy_bid,-24.2,0.9532497525215149,0.8772889077663422,0.04641370869033046,430,380
entropy_bid,-24.0,0.9391733705997467,0.8675771057605743,0.054479804161566614,430,380
entropy_bid,-23.8,0.937999039888382,0.8811225891113281,0.03630966952264392,430,380
entropy_bid,-23.6,0.93672776222229,0.8800608217716217,0.04798041615667081,430,380
entropy_bid,-23.4,0.9386455714702606,0.8695301413536072,0.0568910648714811,430,380
entropy_bid,-23.2,0.9469070732593536,0.8800608217716217,0.054082007343941196,430,380
entropy_bid,-23.0,0.9603063762187958,0.8811225891113281,0.0644124847001224,430,380
entropy_bid,-22.8,0.940026581287384,0.882232666015625,0.04701958384332916,430,380
entropy_bid,-22.6,0.9532810151576996,0.8772889077663422,0.04955324357405133,430,380
entropy_bid,-22.4,0.9561861455440521,0.8496095240116119,0.061603427172582714,430,380
entropy_bid,-22.2,0.9434145987033844,0.8582817018032074,0.055826193390452916,430,380
entropy_bid,-22.0,0.936580240726471,0.8446143567562103,0.0522888616891064,430,380
entropy_bid,-21.8,0.9345233738422394,0.8505261838436127,0.05570379436964501,430,380
entropy_bid,-21.6,0.9222360849380493,0.8446143567562103,0.04571603427172577,430,380
entropy_bid,-21.4,0.9164696335792542,0.8516471982002258,0.04455324357405144,430,380
entropy_bid,-21.2,0.9047014117240906,0.8697806298732758,0.026064871481028096,430,380
entropy_bid,-21.0,0.9248612523078918,0.8658382594585419,0.034406364749081986,430,380
entropy_bid,-20.8,0.9122362732887268,0.8613184094429016,0.03854345165238682,430,380
entropy_bid,-20.6,0.9140471518039703,0.8635855913162231,0.03473684210526318,430,380
entropy_bid,-20.4,0.9264888763427734,0.8512822389602661,0.04332925336597304,430,380
entropy_bid,-20.2,0.9280899465084076,0.8660508990287781,0.043806609547123676,430,380
entropy_bid,-20.0,0.9275666773319244,0.8658382594585419,0.04751529987760095,430,380
entropy_bid,-19.8,0.9405852854251862,0.8772973716259003,0.06016523867809065,430,380
entropy_bid,-19.6,0.937216192483902,0.900566577911377,0.04891676866585071,430,380
entropy_bid,-19.4,0.9334227740764618,0.8896900713443756,0.034247246022031774,430,380
entropy_bid,-19.2,0.9366214573383331,0.8853908181190491,0.04664626682986528,430,380
entropy_bid,-19.0,0.9245012104511261,0.8853908181190491,0.025465116279069777,430,380
entropy_bid,-18.8,0.9157175123691559,0.8896900713443756,0.03429620563035485,430,380
entropy_bid,-18.6,0.9113165438175201,0.8840190172195435,0.023929008567931564,430,380
entropy_bid,-18.4,0.9312430620193481,0.9014652073383331,0.020881272949816454,430,380
entropy_bid,-18.2,0.9332894682884216,0.9006528556346893,0.031560587515299776,430,380
entropy_bid,-18.0,0.9194035530090332,0.9098528027534485,0.016664626682986627,430,380
entropy_bid,-17.8,0.9276705980300903,0.9184521436691284,0.021548347613219,430,380
entropy_bid,-17.6,0.9091148674488068,0.8953879177570343,0.028678090575275483,430,380
entropy_bid,-17.4,0.9091148674488068,0.8950307667255402,0.015257037943696483,430,380
entropy_bid,-17.2,0.9131807088851929,0.9060322642326355,0.021487148102815157,430,380
entropy_bid,-17.0,0.9048779010772705,0.9175741374492645,0.006217870257037905,430,380
entropy_bid,-16.8,0.908486396074295,0.9186104536056519,0.010709914320685465,430,380
entropy_bid,-16.6,0.9360277056694031,0.9219509959220886,0.017845777233782112,430,380
entropy_bid,-16.4,0.9017586410045624,0.9167878329753876,-0.006444308445532454,430,380
entropy_bid,-16.2,0.9037778973579407,0.9054098725318909,-0.0014137086903305285,430,380
entropy_bid,-16.0,0.9118231236934662,0.9193525016307831,-0.012399020807833505,430,380
entropy_bid,-15.8,0.9052078723907471,0.9148131012916565,-0.021897184822521454,430,380
entropy_bid,-15.6,0.9096518754959106,0.9069525003433228,-0.011444308445532458,430,380
entropy_bid,-15.4,0.9055942296981812,0.9111136496067047,-0.0166707466340269,430,380
entropy_bid,-15.2,0.9096518754959106,0.8967830836772919,-0.009020807833537314,430,380
entropy_bid,-15.0,0.9050877690315247,0.8928585052490234,-0.005085679314565494,430,380
entropy_bid,-14.8,0.8970485031604767,0.9032910168170929,-0.013782129742962002,430,380
entropy_bid,-14.6,0.9131887555122375,0.8921598792076111,0.0006915544675643037,430,380
entropy_bid,-14.4,0.9069830477237701,0.8921598792076111,0.002943696450428357,430,380
entropy_bid,-14.2,0.9037070274353027,0.8892676532268524,-0.0012790697674418539,430,380
entropy_bid,-14.0,0.8886456489562988,0.8940570056438446,-0.0004406364749082181,430,380
entropy_bid,-13.8,0.9083275496959686,0.9104229211807251,-0.00084455324357402,430,380
entropy_bid,-13.6,0.9060025215148926,0.9020941853523254,0.0015605875152999715,430,380
entropy_bid,-13.4,0.8962791860103607,0.9028930366039276,-0.024375764993880056,430,380
entropy_bid,-13.2,0.9075244963169098,0.901551365852356,-0.0051652386780906,430,380
entropy_bid,-13.0,0.935722678899765,0.901551365852356,0.009963280293757704,430,380
entropy_bid,-12.8,0.9091950058937073,0.902714729309082,0.003292533659730701,430,380
entropy_bid,-12.6,0.9183268249034882,0.901551365852356,0.014871481028151834,430,380
entropy_bid,-12.4,0.9272984564304352,0.8731941878795624,0.01669522643818855,430,380
entropy_bid,-12.2,0.9194183051586151,0.8806186616420746,0.017466340269277847,430,380
entropy_bid,-12.0,0.9251148998737335,0.872943788766861,0.01668298653610778,430,380
entropy_bid,-11.8,0.92637038230896,0.872943788766861,0.021511627906976694,430,380
entropy_bid,-11.6,0.9252216219902039,0.8755504786968231,0.020856793145654917,430,380
entropy_bid,-11.4,0.9272984564304352,0.8858571350574493,0.03518359853121167,430,380
entropy_bid,-11.2,0.9272984564304352,0.8916147649288177,0.0383476132190943,430,380
entropy_bid,-11.0,0.9272984564304352,0.8635677993297577,0.048555691554467595,430,380
entropy_bid,-10.8,0.9498717188835144,0.8470459878444672,0.05230110159118717,430,380
entropy_bid,-10.6,0.9594868421554565,0.8477906882762909,0.040899632802937624,430,380
entropy_bid,-10.4,0.9618396461009979,0.8492503762245178,0.051144430844553224,430,380
entropy_bid,-10.2,0.9560443460941315,0.861468493938446,0.04876376988984088,430,380
entropy_bid,-10.0,0.9424941539764404,0.8718492686748505,0.05094247246022032,430,380
entropy_bid,-9.8,0.9441007077693939,0.8501840829849243,0.04593635250917982,430,380
entropy_bid,-9.6,0.9514651894569397,0.8487994372844696,0.05223990208078333,430,380
entropy_bid,-9.4,0.9570698440074921,0.8732101619243622,0.05045287637698892,430,380
entropy_bid,-9.2,0.961994856595993,0.8589363098144531,0.04662790697674413,430,380
entropy_bid,-9.0,0.9546515345573425,0.8500381708145142,0.05079559363525088,430,380
entropy_bid,-8.8,0.9616466462612152,0.8464060425758362,0.06227662178702564,430,380
entropy_bid,-8.6,0.9872617423534393,0.8397283256053925,0.0829130966952265,430,380
entropy_bid,-8.4,0.9635032117366791,0.8403979539871216,0.08085679314565475,430,380
entropy_bid,-8.2,1.0004732012748718,0.8442144393920898,0.08512851897184825,430,380
entropy_bid,-8.0,1.0040928721427917,0.8268384039402008,0.0851897184822521,430,380
entropy_bid,-7.8,0.9967565536499023,0.8442144393920898,0.07817625458996336,430,380
entropy_bid,-7.6,1.0000078678131104,0.8464060425758362,0.08358629130966944,430,380
entropy_bid,-7.4,1.0040928721427917,0.8606151342391968,0.07095471236230111,430,380
entropy_bid,-7.2,0.9979758262634277,0.8444727957248688,0.07938800489596076,430,380
entropy_bid,-7.0,1.019133746623993,0.8407882452011108,0.0797368421052631,430,380
entropy_bid,-6.8,1.018739402294159,0.8475182354450226,0.07751529987760097,430,380
entropy_bid,-6.6,1.0263658165931702,0.8551450371742249,0.08088127294981651,430,380
entropy_bid,-6.4,1.0202682614326477,0.8612162470817566,0.08886168910648706,430,380
entropy_bid,-6.2,1.0265292525291443,0.8524867594242096,0.09581395348837218,430,380
entropy_bid,-6.0,1.0081372261047363,0.8551450371742249,0.08274173806609553,430,380
entropy_bid,-5.8,1.0174428224563599,0.8529373109340668,0.08957160342717252,430,380
entropy_bid,-5.6,1.0422639846801758,0.8571865856647491,0.10417992656058761,430,380
entropy_bid,-5.4,1.0269448161125183,0.8662633001804352,0.08441248470012241,430,380
entropy_bid,-5.2,1.0312238335609436,0.8701875805854797,0.09044675642594857,430,380
entropy_bid,-5.0,1.0282799005508423,0.8874755799770355,0.08943084455324368,430,380
entropy_bid,-4.8,1.0229663848876953,0.8830444514751434,0.08220318237454105,430,380
entropy_bid,-4.6,1.005695104598999,0.8899309933185577,0.0731150550795594,430,380
entropy_bid,-4.4,1.0271727442741394,0.8688247203826904,0.08564871481028158,430,380
entropy_bid,-4.2,1.0031960904598236,0.8813478052616119,0.06744798041615674,430,380
entropy_bid,-4.0,1.0084517002105713,0.8813478052616119,0.07958996328029366,430,380
entropy_bid,-3.8,1.0135650634765625,0.8719475269317627,0.07452876376988993,430,380
entropy_bid,-3.6,1.0526200532913208,0.8578380644321442,0.10001223990208086,430,380
entropy_bid,-3.4,1.0373034477233887,0.8626566827297211,0.10584455324357411,430,380
entropy_bid,-3.2,1.0179433822631836,0.8558964431285858,0.09821909424724606,430,380
entropy_bid,-3.0,1.037057340145111,0.8558964431285858,0.11266829865361072,430,380
entropy_bid,-2.8,1.039554238319397,0.8813478052616119,0.11070379436964495,430,380
entropy_bid,-2.6,1.0258851647377014,0.8761608004570007,0.10693390452876383,430,380
entropy_bid,-2.4,1.024700105190277,0.8740092515945435,0.11541615667074656,430,380
entropy_bid,-2.2,1.0630728006362915,0.8720442950725555,0.14014687882496935,430,380
entropy_bid,-2.0,1.027397871017456,0.8765238523483276,0.12028763769889839,430,380
entropy_bid,-1.8,1.0161126852035522,0.8793841600418091,0.11319461444308443,430,380
entropy_bid,-1.6,1.0449963808059692,0.8781235218048096,0.106860465116279,430,380
entropy_bid,-1.4,1.0177378058433533,0.8909015357494354,0.0836842105263158,430,380
entropy_bid,-1.2,1.00342857837677,0.899965912103653,0.08293757649938804,430,380
entropy_bid,-1.0,1.0232808589935303,0.8867760300636292,0.10378212974296197,430,380
entropy_bid,-0.8,1.0013925433158875,0.8964010775089264,0.07181150550795601,430,380
entropy_bid,-0.6,0.9951168894767761,0.8981463313102722,0.07917380660954709,430,380
entropy_bid,-0.4,1.0013293027877808,0.8890537619590759,0.08545899632802945,430,380
entropy_bid,-0.2,1.0172487497329712,0.9080305099487305,0.06609547123623005,430,380
entropy_bid,0.0,0.9981560111045837,0.8982426822185516,0.0926682986536107,430,380
entropy_bid,0.2,0.9927485585212708,0.9006704092025757,0.05504283965728285,430,380
entropy_bid,0.4,0.9737942814826965,0.893646240234375,0.0627050183598532,430,380
entropy_bid,0.6,1.0047519207000732,0.8896311223506927,0.07800269905533064,429,380
entropy_bid,0.8,1.026073932647705,0.8744849562644958,0.07826647037173351,429,380
entropy_bid,1.0,1.03696608543396,0.8627273440361023,0.09092135934241208,429,380
entropy_bid,1.2,1.0099481344223022,0.8562714457511902,0.07347564715985766,429,380
entropy_bid,1.4,0.9963274598121643,0.867414802312851,0.053723469512943156,429,380
entropy_bid,1.6,1.0114004611968994,0.8987290561199188,0.05325258239055586,428,380
entropy_bid,1.8,1.0057287216186523,0.8987290561199188,0.05581652729955722,428,380
entropy_bid,2.0,0.9874534606933594,0.8964010775089264,0.06619527791441215,428,380
entropy_bid,2.2,0.9686605334281921,0.9000622630119324,0.062100344318740675,428,380
entropy_bid,2.4,0.9577359557151794,0.8781235218048096,0.05657279881947863,428,380
entropy_bid,2.6,0.9586821794509888,0.86480313539505,0.05272380718150527,428,380
entropy_bid,2.8,0.9607132077217102,0.8562714457511902,0.06821815051647806,428,380
entropy_bid,3.0,0.951664388179779,0.8562714457511902,0.06916502705361527,428,380
entropy_bid,3.2,0.9566254317760468,0.8471038937568665,0.06763403836694537,428,380
entropy_bid,3.4,0.9772385060787201,0.8519611954689026,0.0663920314805706,428,380
entropy_bid,3.6,0.9661283791065216,0.8573570251464844,0.06664412198721092,428,380
entropy_bid,3.8,0.9613462090492249,0.8541193604469299,0.06764633546483023,428,380
entropy_bid,4.0,0.9450090527534485,0.8621901571750641,0.0666379734382685,428,380
entropy_bid,4.2,0.9559170007705688,0.8573570251464844,0.0661645351697,428,380
entropy_bid,4.4,0.9545788466930389,0.8690931499004364,0.06612149532710276,428,380
entropy_bid,4.6,0.9200724959373474,0.8600720763206482,0.05018445646827341,428,380
entropy_bid,4.8,0.9513331353664398,0.8666562139987946,0.04794638465322176,428,380
entropy_bid,5.0,0.9306110739707947,0.8763756155967712,0.04881947860304958,428,380
entropy_ask,-30.0,1.1919958591461182,1.2318217754364014,-0.014547123623011027,430,380
entropy_ask,-29.8,1.1931012868881226,1.2318217754364014,-0.01997552019583848,430,380
entropy_ask,-29.6,1.1654388308525085,1.2290652990341187,-0.03477356181150548,430,380
entropy_ask,-29.4,1.1726667881011963,1.2221983075141907,-0.017649938800489595,430,380
entropy_ask,-29.2,1.195800542831421,1.2289783954620361,-0.012435740514075921,430,380
entropy_ask,-29.0,1.1963801980018616,1.229311764240265,-0.011334149326805432,430,380
entropy_ask,-28.8,1.1775386333465576,1.2310656309127808,-0.01669522643818855,430,380
entropy_ask,-28.6,1.1964250802993774,1.2186387777328491,-0.016119951040391656,430,380
entropy_ask,-28.4,1.184549629688263,1.181209146976471,0.002190942472460211,430,380
entropy_ask,-28.2,1.2065606117248535,1.193932294845581,0.0028212974296206728,430,380
entropy_ask,-28.0,1.1901721358299255,1.2189037799835205,-0.0007221542227662248,430,380
entropy_ask,-27.8,1.2000842690467834,1.2310656309127808,-0.010055079559363578,430,380
entropy_ask,-27.6,1.2000842690467834,1.2325607538223267,-0.013659730722154206,430,380
entropy_ask,-27.4,1.209213137626648,1.2077937126159668,0.0025581395348837077,430,380
entropy_ask,-27.2,1.2121276259422302,1.2128998041152954,0.006328029375765043,430,380
entropy_ask,-27.0,1.2230852842330933,1.227715790271759,0.016493268053855648,430,380
entropy_ask,-26.8,1.2121276259422302,1.2006338834762573,0.011285189718482247,430,380
entropy_ask,-26.6,1.2103936076164246,1.2036832571029663,0.014161566707466378,430,380
entropy_ask,-26.4,1.2176666259765625,1.2006338834762573,0.03462668298653604,430,380
entropy_ask,-26.2,1.2138886451721191,1.1793665289878845,0.034791921664626635,430,380
entropy_ask,-26.0,1.220625400543213,1.180058240890503,0.040985312117503,430,380
entropy_ask,-25.8,1.2311795353889465,1.1780797839164734,0.05985312117503061,430,380
entropy_ask,-25.6,1.2118085026741028,1.2082310318946838,0.03599755201958388,430,380
entropy_ask,-25.4,1.2084542512893677,1.2292183637619019,0.02040391676866582,430,380
entropy_ask,-25.2,1.212553858757019,1.2310656309127808,0.015575275397796906,430,380
entropy_ask,-25.0,1.212652862071991,1.2177643179893494,0.0426132190942472,430,380
entropy_ask,-24.8,1.2184927463531494,1.2297161221504211,0.02400856793145656,430,380
entropy_ask,-24.6,1.2255232334136963,1.2297161221504211,0.037851897184822514,430,380
entropy_ask,-24.4,1.229253888130188,1.2280328869819641,0.04441860465116276,430,380
entropy_ask,-24.2,1.2400336265563965,1.2280328869819641,0.04033047735618123,430,380
entropy_ask,-24.0,1.245431900024414,1.2141501903533936,0.05983476132190946,430,380
entropy_ask,-23.8,1.229253888130188,1.2151861786842346,0.04569767441860462,430,380
entropy_ask,-23.6,1.229253888130188,1.2188328504562378,0.04278457772337818,430,380
entropy_ask,-23.4,1.2237932682037354,1.189178705215454,0.041132190942472446,430,380
entropy_ask,-23.2,1.2224507331848145,1.186883807182312,0.044063647490820035,430,380
entropy_ask,-23.0,1.209459662437439,1.1825995445251465,0.03066095471236241,430,380
entropy_ask,-22.8,1.2111456394195557,1.1700369715690613,0.041958384332925425,430,380
entropy_ask,-22.6,1.2263904809951782,1.1686118245124817,0.05376988984088138,430,380
entropy_ask,-22.4,1.223422348499298,1.1698461174964905,0.04072215422276626,430,380
entropy_ask,-22.2,1.2400252223014832,1.1751448512077332,0.06020807833537334,430,380
entropy_ask,-22.0,1.2291545867919922,1.1656309366226196,0.05600367197062428,430,380
entropy_ask,-21.8,1.2276109457015991,1.1814221143722534,0.04508567931456553,430,380
entropy_ask,-21.6,1.2263904809951782,1.1599860787391663,0.05630354957160333,430,380
entropy_ask,-21.4,1.2086885571479797,1.1456219553947449,0.05317013463892284,430,380
entropy_ask,-21.2,1.221491515636444,1.1598759889602661,0.04361077111383116,430,380
entropy_ask,-21.0,1.2030355334281921,1.192521572113037,0.025042839657282823,430,380
entropy_ask,-20.8,1.218348741531372,1.195943832397461,0.03900856793145646,430,380
entropy_ask,-20.6,1.206360101699829,1.1908866167068481,0.03921664626682997,430,380
entropy_ask,-20.4,1.1951599717140198,1.1742041110992432,0.01954712362301092,430,380
entropy_ask,-20.2,1.2023850679397583,1.1749509572982788,0.023127294981640123,430,380
entropy_ask,-20.0,1.2189361453056335,1.1749509572982788,0.054877600979192254,430,380
entropy_ask,-19.8,1.2082874178886414,1.1902865171432495,0.036982864137086846,430,380
entropy_ask,-19.6,1.209342896938324,1.2093799114227295,0.02370869033047729,430,380
entropy_ask,-19.4,1.2082874178886414,1.1984686255455017,0.015055079559363582,430,380
entropy_ask,-19.2,1.1992862820625305,1.2071118354797363,0.001223990208078396,430,380
entropy_ask,-19.0,1.1889333128929138,1.1969422101974487,-0.011126070991432035,430,380
entropy_ask,-18.8,1.2032653093338013,1.2119858264923096,0.00027539779681773346,430,380
entropy_ask,-18.6,1.205089807510376,1.2188260555267334,0.010342717258261969,430,380
entropy_ask,-18.4,1.1971375942230225,1.2188260555267334,-0.008935128518971824,430,380
entropy_ask,-18.2,1.218873679637909,1.1985857486724854,0.014002447980416166,430,380
entropy_ask,-18.0,1.2153359651565552,1.2333768606185913,-0.006389228886168885,430,380
entropy_ask,-17.8,1.206959068775177,1.2333768606185913,-0.0033414932680538856,430,380
entropy_ask,-17.6,1.1950973868370056,1.235472559928894,-0.014871481028151723,430,380
entropy_ask,-17.4,1.1903600692749023,1.235472559928894,-0.02522643818849446,430,380
entropy_ask,-17.2,1.1867561340332031,1.2188260555267334,-0.014516523867809106,430,380
entropy_ask,-17.0,1.1672077178955078,1.241517186164856,-0.04434516523867804,430,380
entropy_ask,-16.8,1.1575891375541687,1.2451041340827942,-0.06247246022031827,430,380
entropy_ask,-16.6,1.1628732085227966,1.241517186164856,-0.036695226438188455,430,380
entropy_ask,-16.4,1.1498785018920898,1.2358056902885437,-0.04130966952264381,430,380
entropy_ask,-16.2,1.1517121195793152,1.2310656309127808,-0.035250917992656006,430,380
entropy_ask,-16.0,1.1338245272636414,1.222630798816681,-0.036022031823745415,430,380
entropy_ask,-15.8,1.1562197804450989,1.2215542793273926,-0.03452876376988989,430,380
entropy_ask,-15.6,1.1639650464057922,1.2280033826828003,-0.033647490820073456,430,380
entropy_ask,-15.4,1.1639650464057922,1.222630798816681,-0.0310648714810281,430,380
entropy_ask,-15.2,1.1810348629951477,1.2092519998550415,-0.008580171358629096,430,380
entropy_ask,-15.0,1.1956340074539185,1.217511773109436,-0.001603427172582661,430,380
entropy_ask,-14.8,1.1882860660552979,1.1955402493476868,0.007343941248469932,430,380
entropy_ask,-14.6,1.191339373588562,1.1934216618537903,0.011811505507955955,430,380
entropy_ask,-14.4,1.1973410248756409,1.1839810013771057,0.008365973072215427,430,380
entropy_ask,-14.2,1.1972764134407043,1.1971394419670105,0.01681150550795585,430,380
entropy_ask,-14.0,1.199014961719513,1.1941816210746765,0.011009791921664736,430,380
entropy_ask,-13.8,1.2009899020195007,1.2089456915855408,0.006787025703794303,430,380
entropy_ask,-13.6,1.193430244922638,1.1955946683883667,0.00559363525091805,430,380
entropy_ask,-13.4,1.1855825781822205,1.1912594437599182,0.002827417380661057,430,380
entropy_ask,-13.2,1.1942753791809082,1.1892358660697937,0.009865361077111334,430,380
entropy_ask,-13.0,1.1956340074539185,1.1935255527496338,0.022447980416156588,430,380
entropy_ask,-12.8,1.2098498344421387,1.2008574604988098,0.020379436964504283,430,380
entropy_ask,-12.6,1.2157965898513794,1.2067382335662842,0.022288861689106376,430,380
entropy_ask,-12.4,1.1956340074539185,1.208600401878357,0.01108935128518973,430,380
entropy_ask,-12.2,1.1872859597206116,1.2160635590553284,-0.004859241126070946,430,380
entropy_ask,-12.0,1.2129343152046204,1.1898753643035889,0.019155446756425887,430,380
entropy_ask,-11.8,1.2052215337753296,1.2056365609169006,0.02877600979192163,430,380
entropy_ask,-11.6,1.2127670049667358,1.2056365609169006,0.03432068543451661,430,380
entropy_ask,-11.4,1.2220444083213806,1.2026405930519104,0.04272337821297434,430,380
entropy_ask,-11.2,1.217182993888855,1.1980114579200745,0.03618115055079563,430,380
entropy_ask,-11.0,1.2083974480628967,1.202362835407257,0.025777233782129816,430,380
entropy_ask,-10.8,1.1965436935424805,1.1996293663978577,0.017705018359853053,430,380
entropy_ask,-10.6,1.1990694999694824,1.1996293663978577,0.017478580171358615,430,380
entropy_ask,-10.4,1.1941879391670227,1.1980114579200745,0.02462668298653603,430,380
entropy_ask,-10.2,1.1941879391670227,1.207064926624298,0.028004895960832332,430,380
entropy_ask,-10.0,1.1976138353347778,1.1944372653961182,0.028139534883721007,430,380
entropy_ask,-9.8,1.2116093039512634,1.1935255527496338,0.03164014687882499,430,380
entropy_ask,-9.6,1.2006359696388245,1.2112017273902893,0.016829865361077,430,380
entropy_ask,-9.4,1.2116093039512634,1.2135187983512878,0.023702570379436905,430,380
entropy_ask,-9.2,1.207996129989624,1.2272717356681824,0.008659730722154313,430,380
entropy_ask,-9.0,1.1963738799095154,1.2307794690132141,-0.015611995104039211,430,380
entropy_ask,-8.8,1.2129640579223633,1.2307794690132141,0.007117503059975494,430,380
entropy_ask,-8.6,1.2124622464179993,1.2198699116706848,0.002570379436964476,430,380
entropy_ask,-8.4,1.2103784084320068,1.2060827612876892,0.02023255813953484,430,380
entropy_ask,-8.2,1.225440263748169,1.2085683345794678,0.04479804161566703,430,380
entropy_ask,-8.0,1.2101386785507202,1.2081822156906128,0.04391676866585059,430,380
entropy_ask,-7.8,1.2050865292549133,1.1965792775154114,0.04850673194614452,430,380
entropy_ask,-7.6,1.2320120334625244,1.205771028995514,0.050000000000000044,430,380
entropy_ask,-7.4,1.2367796897888184,1.1862255930900574,0.06958384332925327,430,380
entropy_ask,-7.2,1.2397239804267883,1.1965792775154114,0.06145654834761327,430,380
entropy_ask,-7.0,1.2348930835723877,1.1900264024734497,0.0625826193390453,430,380
entropy_ask,-6.8,1.2460069060325623,1.2150419354438782,0.042790697674418565,430,380
entropy_ask,-6.6,1.260692536830902,1.1999000906944275,0.0502203182374541,430,380
entropy_ask,-6.4,1.2340238690376282,1.188300907611847,0.03861689106487143,430,380
entropy_ask,-6.2,1.22575843334198,1.1961393356323242,0.029351285189718412,430,380
entropy_ask,-6.0,1.2188509702682495,1.1961393356323242,0.0038433292533659458,430,380
entropy_ask,-5.8,1.22575843334198,1.189592957496643,0.014504283965728337,430,380
entropy_ask,-5.6,1.244990587234497,1.1875796914100647,0.016988984088127213,430,380
entropy_ask,-5.4,1.2216885685920715,1.2221187353134155,-0.00872705018359854,430,380
entropy_ask,-5.2,1.2237268686294556,1.220341682434082,-0.007123623011015878,430,380
entropy_ask,-5.0,1.2216885685920715,1.2391953468322754,-0.022496940024479772,430,380
entropy_ask,-4.8,1.2226207852363586,1.2359436750411987,-0.03332925336597303,430,380
entropy_ask,-4.6,1.1732550859451294,1.227738857269287,-0.048310893512851893,430,380
entropy_ask,-4.4,1.1992087960243225,1.2312737703323364,-0.04184822521419829,430,380
entropy_ask,-4.2,1.204590082168579,1.2359436750411987,-0.03616891064871486,430,380
entropy_ask,-4.0,1.223367154598236,1.2312737703323364,-0.020440636474908236,430,380
entropy_ask,-3.8,1.2237268686294556,1.2312737703323364,-0.007343941248470043,430,380
entropy_ask,-3.6,1.2318938374519348,1.229906678199768,0.01709914320685435,430,380
entropy_ask,-3.4,1.2288800477981567,1.2356733083724976,-0.009192166462668294,430,380
entropy_ask,-3.2,1.230077862739563,1.2435102462768555,-0.00888616891064875,430,380
entropy_ask,-3.0,1.2315051555633545,1.2312737703323364,-0.0028396572827417144,430,380
entropy_ask,-2.8,1.2560320496559143,1.228919267654419,0.02591187270501827,430,380
entropy_ask,-2.6,1.2507005333900452,1.2111977338790894,0.03698898408812723,430,380
entropy_ask,-2.4,1.2327460646629333,1.2068582773208618,0.03368421052631576,430,380
entropy_ask,-2.2,1.2432597875595093,1.2073442935943604,0.045752753977968075,430,380
entropy_ask,-2.0,1.240795612335205,1.2120742201805115,0.023390452876377088,430,380
entropy_ask,-1.8,1.2217916250228882,1.22258061170578,-0.003292533659730701,430,380
entropy_ask,-1.6,1.2257733345031738,1.2120742201805115,0.01099143206854336,430,380
entropy_ask,-1.4,1.229591429233551,1.2255465388298035,0.0009057527539779731,430,380
entropy_ask,-1.2,1.1962822079658508,1.2301397323608398,-0.02066095471236229,430,380
entropy_ask,-1.0,1.159528911113739,1.2301397323608398,-0.03148102815177478,430,380
entropy_ask,-0.8,1.1961519122123718,1.2255465388298035,-0.028984088127295027,430,380
entropy_ask,-0.6,1.2027748823165894,1.2233121395111084,-0.01735618115055082,430,380
entropy_ask,-0.4,1.1667559146881104,1.2397083044052124,-0.031529987760097966,430,380
entropy_ask,-0.2,1.1916837096214294,1.2454633712768555,-0.025263157894736876,430,380
entropy_ask,0.0,1.15827214717865,1.223328173160553,-0.06046511627906981,430,380
entropy_ask,0.2,1.1057965159416199,1.248158872127533,-0.11279069767441863,430,380
entropy_ask,0.4,1.083992063999176,1.2504355311393738,-0.1267074663402693,430,380
entropy_ask,0.6,1.0994036197662354,1.2476197481155396,-0.1090050300576616,429,380
entropy_ask,0.8,1.1310093402862549,1.2403203248977661,-0.08156054471843943,429,380
entropy_ask,1.0,1.133826732635498,1.2400553822517395,-0.06013986013986017,429,380
entropy_ask,1.2,1.1575210094451904,1.259022295475006,-0.06774628879892042,429,380
entropy_ask,1.4,1.1525170803070068,1.259022295475006,-0.07899644215433688,429,380
entropy_ask,1.6,1.1582294702529907,1.2476197481155396,-0.06254303984259713,428,380
entropy_ask,1.8,1.1662951111793518,1.2492876052856445,-0.04955730447614359,428,380
entropy_ask,2.0,1.1988587379455566,1.2476197481155396,-0.009720855878012746,428,380
entropy_ask,2.2,1.2016009092330933,1.250824749469757,-0.03306074766355138,428,380
entropy_ask,2.4,1.1946839094161987,1.245137870311737,-0.01215568125922284,428,380
entropy_ask,2.6,1.1881994605064392,1.245137870311737,-0.01569109690113135,428,380
entropy_ask,2.8,1.1860872507095337,1.2415151000022888,-0.0073782587309394465,428,380
entropy_ask,3.0,1.197832465171814,1.245137870311737,0.0019060501721592793,428,380
entropy_ask,3.2,1.2317191362380981,1.2402859330177307,0.005250860796851997,428,380
entropy_ask,3.4,1.1976702213287354,1.2484830617904663,-0.014738071815051601,428,380
entropy_ask,3.6,1.1976702213287354,1.2572603821754456,-0.021569109690113164,428,380
entropy_ask,3.8,1.187274992465973,1.245977520942688,-0.0492375799311362,428,380
entropy_ask,4.0,1.1571142077445984,1.2439916133880615,-0.0681874077717659,428,380
entropy_ask,4.2,1.1480448842048645,1.2252196073532104,-0.054039596655189426,428,380
entropy_ask,4.4,1.144130825996399,1.239976167678833,-0.04123216920806694,428,380
entropy_ask,4.6,1.1710858345031738,1.2352946400642395,-0.03529881947860303,428,380
entropy_ask,4.8,1.20499986410141,1.2443625330924988,-0.027809886866699496,428,380
entropy_ask,5.0,1.2035688161849976,1.245080053806305,-0.02608214461387115,428,380
slope_bid,-30.0,10.320619583129883,15.684457302093506,-0.06382496940024485,430,380
slope_bid,-29.8,10.562283992767334,15.684457302093506,-0.06115055079559362,430,380
slope_bid,-29.6,10.562283992767334,17.064807891845703,-0.06536719706242355,430,380
slope_bid,-29.4,10.356758117675781,16.872390747070312,-0.07036107711138306,430,380
slope_bid,-29.2,11.336154460906982,16.265079975128174,-0.051933904528763786,430,380
slope_bid,-29.0,10.934348583221436,15.81872034072876,-0.07005507955936352,430,380
slope_bid,-28.8,10.85363245010376,17.00805950164795,-0.06968788249694002,430,380
slope_bid,-28.6,10.782881259918213,17.064807891845703,-0.07649938800489597,430,380
slope_bid,-28.4,10.371260166168213,17.36348819732666,-0.07640146878824972,430,380
slope_bid,-28.2,10.1947021484375,17.36348819732666,-0.07842717258261933,430,380
slope_bid,-28.0,11.026212215423584,18.355887413024902,-0.068561811505508,430,380
slope_bid,-27.8,11.1446852684021,18.169261932373047,-0.06809057527539775,430,380
slope_bid,-27.6,11.483725547790527,18.043188095092773,-0.06561199510403914,430,380
slope_bid,-27.4,11.483726024627686,18.169261932373047,-0.07749082007343944,430,380
slope_bid,-27.2,10.897665977478027,20.43657684326172,-0.09419216646266826,430,380
slope_bid,-27.0,10.551572799682617,19.88766574859619,-0.09063035495716032,430,380
slope_bid,-26.8,10.026662349700928,20.09689426422119,-0.09429008567931452,430,380
slope_bid,-26.6,10.436214923858643,19.320579528808594,-0.09233170134638924,430,380
slope_bid,-26.4,10.105605125427246,20.43657684326172,-0.09399632802937574,430,380
slope_bid,-26.2,10.502086162567139,20.43657684326172,-0.09762545899632802,430,380
slope_bid,-26.0,10.014153480529785,20.297449111938477,-0.10181150550795592,430,380
slope_bid,-25.8,9.909568786621094,20.394229888916016,-0.10010403916768662,430,380
slope_bid,-25.6,10.009908676147461,21.116751670837402,-0.10800489596083229,430,380
slope_bid,-25.4,9.99601411819458,21.116751670837402,-0.11635250917992657,430,380
slope_bid,-25.2,9.873465538024902,21.07150650024414,-0.10634026927784579,430,380
slope_bid,-25.0,9.737523555755615,20.532073974609375,-0.10729498164014684,430,380
slope_bid,-24.8,9.873465538024902,19.6820068359375,-0.1011689106487148,430,380
slope_bid,-24.6,9.99601411819458,19.400257110595703,-0.10447980416156666,430,380
slope_bid,-24.4,9.99601411819458,19.110925674438477,-0.10767441860465121,430,380
slope_bid,-24.2,10.010158061981201,19.422234535217285,-0.12135862913096696,430,380
slope_bid,-24.0,9.972383499145508,19.36657428741455,-0.11266829865361072,430,380
slope_bid,-23.8,10.180245876312256,19.055264472961426,-0.10660342717258264,430,380
slope_bid,-23.6,10.010158061981201,20.17474937438965,-0.11487148102815181,430,380
slope_bid,-23.4,9.481580257415771,20.791619300842285,-0.1285434516523868,430,380
slope_bid,-23.2,9.873465538024902,21.404857635498047,-0.13138922888616889,430,380
slope_bid,-23.0,10.010158061981201,21.443833351135254,-0.1306915544675643,430,380
slope_bid,-22.8,10.174148559570312,20.64492416381836,-0.1275214198286414,430,380
slope_bid,-22.6,10.344590187072754,22.55721092224121,-0.13116891064871483,430,380
slope_bid,-22.4,10.133511066436768,22.205939292907715,-0.14690330477356184,430,380
slope_bid,-22.2,10.133511066436768,22.205939292907715,-0.15072215422276625,430,380
slope_bid,-22.0,9.801357746124268,22.27162265777588,-0.15865361077111384,430,380
slope_bid,-21.8,10.305714130401611,22.60691547393799,-0.15089351285189723,430,380
slope_bid,-21.6,10.4119234085083,23.80524253845215,-0.15298653610771118,430,380
slope_bid,-21.4,10.500027179718018,23.638272285461426,-0.15308445532435744,430,380
slope_bid,-21.2,10.421772956848145,23.949377059936523,-0.1530171358629131,430,380
slope_bid,-21.0,10.402667999267578,24.306933403015137,-0.15011015911872705,430,380
slope_bid,-20.8,10.275548458099365,25.097926139831543,-0.15707466340269283,430,380
slope_bid,-20.6,10.133511066436768,25.097926139831543,-0.15816401468788255,430,380
slope_bid,-20.4,9.474290370941162,23.02950382232666,-0.16091799265605877,430,380
slope_bid,-20.2,9.90018367767334,24.01725959777832,-0.1556181150550796,430,380
slope_bid,-20.0,9.858791828155518,24.513097763061523,-0.153671970624235,430,380
slope_bid,-19.8,9.575139045715332,23.043317794799805,-0.15746022031823748,430,380
slope_bid,-19.6,9.481580257415771,22.635180473327637,-0.16167074663402692,430,380
slope_bid,-19.4,9.681253910064697,22.635180473327637,-0.15362301101591191,430,380
slope_bid,-19.2,9.694440364837646,22.1889066696167,-0.1419951040391677,430,380
slope_bid,-19.0,9.676944255828857,22.023503303527832,-0.13814565483476127,430,380
slope_bid,-18.8,9.650129318237305,21.411279678344727,-0.13210526315789473,430,380
slope_bid,-18.6,9.481580257415771,20.627605438232422,-0.12903304773561808,430,380
slope_bid,-18.4,9.027820587158203,20.43657684326172,-0.12380660954712364,430,380
slope_bid,-18.2,9.960522174835205,19.64270305633545,-0.11116891064871481,430,380
slope_bid,-18.0,10.015450477600098,18.92190647125244,-0.11542839657282744,430,380
slope_bid,-17.8,9.725773811340332,18.59067726135254,-0.09793757649938806,430,380
slope_bid,-17.6,10.305169105529785,18.803272247314453,-0.10632802937576502,430,380
slope_bid,-17.4,10.48884391784668,20.22481918334961,-0.105563035495716,430,380
slope_bid,-17.2,9.94240665435791,19.643404960632324,-0.09902692778457778,430,380
slope_bid,-17.0,10.128973484039307,19.552483558654785,-0.10304773561811509,430,380
slope_bid,-16.8,10.128973484039307,18.52573871612549,-0.10023255813953491,430,380
slope_bid,-16.6,10.128973484039307,20.1451997756958,-0.11367197062423495,430,380
slope_bid,-16.4,10.128973484039307,18.304417610168457,-0.10220930232558134,430,380
slope_bid,-16.2,10.28656816482544,18.606157302856445,-0.10203794369645047,430,380
slope_bid,-16.0,10.52788496017456,18.606157302856445,-0.10694002447980411,430,380
slope_bid,-15.8,10.128973484039307,18.83871555328369,-0.10618115055079558,430,380
slope_bid,-15.6,10.04397439956665,18.606157302856445,-0.1045042839657283,430,380
slope_bid,-15.4,10.128973484039307,18.606157302856445,-0.09359853121175032,430,380
slope_bid,-15.2,9.960522174835205,19.880163192749023,-0.10427172582619337,430,380
slope_bid,-15.0,10.17620849609375,19.32148265838623,-0.11053243574051408,430,380
slope_bid,-14.8,9.926944255828857,20.26869773864746,-0.11007343941248471,430,380
slope_bid,-14.6,9.313446521759033,18.59307289123535,-0.1178029375764994,430,380
slope_bid,-14.4,9.625837326049805,19.249794006347656,-0.10748470012239897,430,380
slope_bid,-14.2,9.926944255828857,18.039612770080566,-0.09752141982864138,430,380
slope_bid,-14.0,10.02748441696167,18.039612770080566,-0.10164014687882494,430,380
slope_bid,-13.8,10.02748441696167,17.961360931396484,-0.0866585067319462,430,380
slope_bid,-13.6,11.976093769073486,18.01091480255127,-0.08081395348837206,430,380
slope_bid,-13.4,12.038437843322754,18.558929443359375,-0.07798653610771111,430,380
slope_bid,-13.2,11.933137893676758,17.815958976745605,-0.07839657282741741,430,380
slope_bid,-13.0,11.906853675842285,17.59678363800049,-0.08561811505507955,430,380
slope_bid,-12.8,12.043690204620361,16.863901138305664,-0.06956548347613223,430,380
slope_bid,-12.6,12.227322578430176,17.39703369140625,-0.06723378212974296,430,380
slope_bid,-12.4,12.25791597366333,16.575660705566406,-0.06245410036719701,430,380
slope_bid,-12.2,11.61724328994751,17.667319297790527,-0.0731946144430845,430,380
slope_bid,-12.0,12.25791597366333,18.20129108428955,-0.07521419828641374,430,380
slope_bid,-11.8,11.889921188354492,20.5631046295166,-0.08975520195838438,430,380
slope_bid,-11.6,12.081897258758545,19.184940338134766,-0.08059975520195839,430,380
slope_bid,-11.4,11.790037631988525,20.43280029296875,-0.08066707466340273,430,380
slope_bid,-11.2,12.03684949874878,19.131125450134277,-0.08221542227662182,430,380
slope_bid,-11.0,11.819859504699707,17.180182456970215,-0.08287637698898409,430,380
slope_bid,-10.8,11.964930057525635,17.535860061645508,-0.08844553243574049,430,380
slope_bid,-10.6,10.86145830154419,17.180182456970215,-0.0896634026927785,430,380
slope_bid,-10.4,10.645866394042969,17.535860061645508,-0.08794981640146882,430,380
slope_bid,-10.2,10.645866394042969,17.535860061645508,-0.08739290085679319,430,380
slope_bid,-10.0,9.901992321014404,18.700645446777344,-0.09013463892288864,430,380
slope_bid,-9.8,9.785344123840332,18.149006843566895,-0.08861689106487147,430,380
slope_bid,-9.6,9.674230575561523,18.50717544555664,-0.09637698898408809,430,380
slope_bid,-9.4,9.894745826721191,17.260377883911133,-0.09418604651162787,430,380
slope_bid,-9.2,9.917616367340088,16.909483909606934,-0.09794981640146883,430,380
slope_bid,-9.0,9.785344123840332,17.147814750671387,-0.09346389228886165,430,380
slope_bid,-8.8,9.453088760375977,17.34382915496826,-0.1127172582619339,430,380
slope_bid,-8.6,9.19613790512085,17.34382915496826,-0.11468788249694006,430,380
slope_bid,-8.4,9.447399616241455,17.34382915496826,-0.1196695226438188,430,380
slope_bid,-8.2,9.087746143341064,17.215771675109863,-0.12405140758873934,430,380
slope_bid,-8.0,8.97001028060913,17.47066020965576,-0.12944920440636476,430,380
slope_bid,-7.8,8.850980281829834,17.75729465484619,-0.13763769889840882,430,380
slope_bid,-7.6,8.42981481552124,17.507338523864746,-0.1471603427172583,430,380
slope_bid,-7.4,7.854553937911987,19.56345844268799,-0.15872705018359856,430,380
slope_bid,-7.2,7.8907012939453125,18.584769248962402,-0.15982864137086905,430,380
slope_bid,-7.0,7.5841333866119385,19.73293113708496,-0.1683476132190942,430,380
slope_bid,-6.8,7.491021394729614,17.213422775268555,-0.1549326805385557,430,380
slope_bid,-6.6,7.355693340301514,17.421524047851562,-0.16018359853121178,430,380
slope_bid,-6.4,6.970099449157715,17.70374298095703,-0.17913096695226438,430,380
slope_bid,-6.2,6.864737272262573,16.81669807434082,-0.18509179926560593,430,380
slope_bid,-6.0,6.469776391983032,16.57843780517578,-0.19056303549571607,430,380
slope_bid,-5.8,6.823961973190308,16.33109951019287,-0.1890820073439412,430,380
slope_bid,-5.6,6.348444938659668,16.4299955368042,-0.1885924112607099,430,380
slope_bid,-5.4,6.817664623260498,15.76100492477417,-0.1853488372093023,430,380
slope_bid,-5.2,6.444632053375244,16.446937561035156,-0.18716034271725823,430,380
slope_bid,-5.0,6.444632053375244,16.621821403503418,-0.19330477356181153,430,380
slope_bid,-4.8,5.809677362442017,16.621822357177734,-0.20875764993880053,430,380
slope_bid,-4.6,5.701174259185791,16.232471466064453,-0.22402692778457778,430,380
slope_bid,-4.4,5.736420631408691,16.68889617919922,-0.22127294981640144,430,380
slope_bid,-4.2,5.520097732543945,18.020055770874023,-0.23126070991432068,430,380
slope_bid,-4.0,4.791731357574463,18.13752269744873,-0.2423072215422276,430,380
slope_bid,-3.8,5.043056964874268,16.590909957885742,-0.23981640146878824,430,380
slope_bid,-3.6,4.687497854232788,16.590909957885742,-0.2464626682986536,430,380
slope_bid,-3.4,4.664771795272827,16.247736930847168,-0.24871481028151776,430,380
slope_bid,-3.2,4.664771795272827,16.247736930847168,-0.25611383108935126,430,380
slope_bid,-3.0,4.552099704742432,16.785273551940918,-0.2560709914320686,430,380
slope_bid,-2.8,4.0996387004852295,18.041348457336426,-0.27909424724602205,430,380
slope_bid,-2.6,4.102567672729492,18.37405490875244,-0.28034883720930237,430,380
slope_bid,-2.4,4.045515298843384,17.618419647216797,-0.2936780905752754,430,380
slope_bid,-2.2,3.970261812210083,19.033527374267578,-0.31191554467564264,430,380
slope_bid,-2.0,4.023614406585693,19.033527374267578,-0.3262851897184823,430,380
slope_bid,-1.8,3.7805473804473877,18.16902446746826,-0.32810281517747864,430,380
slope_bid,-1.6,3.6275612115859985,17.824389457702637,-0.3338066095471236,430,380
slope_bid,-1.4,3.2939788103103638,17.387185096740723,-0.3393390452876377,430,380
slope_bid,-1.2,3.044055700302124,15.55016040802002,-0.3570746634026928,430,380
slope_bid,-1.0,2.7792617082595825,16.117959022521973,-0.3771603427172583,430,380
slope_bid,-0.8,2.3601359128952026,16.104992866516113,-0.3839412484700122,430,380
slope_bid,-0.6,2.181401491165161,13.926445960998535,-0.38607711138310896,430,380
slope_bid,-0.4,2.1232205629348755,13.60283374786377,-0.3768359853121175,430,380
slope_bid,-0.2,1.991686761379242,14.102781295776367,-0.3989106487148103,430,380
slope_bid,0.0,1.8114795088768005,15.550417423248291,-0.423500611995104,430,380
slope_bid,0.2,2.0048810243606567,13.721938610076904,-0.3958996328029376,430,380
slope_bid,0.4,2.449590802192688,14.007231712341309,-0.37766217870257035,430,380
slope_bid,0.6,2.3662736415863037,15.5916166305542,-0.36891178996442153,429,380
slope_bid,0.8,2.4284417629241943,14.253793239593506,-0.3716292479450374,429,380
slope_bid,1.0,2.4794633388519287,14.742388725280762,-0.38183045025150286,429,380
slope_bid,1.2,2.615969181060791,15.771461963653564,-0.3733652312599681,429,380
slope_bid,1.4,2.8653581142425537,14.621991157531738,-0.3571340939761992,429,380
slope_bid,1.6,3.3126790523529053,15.208621978759766,-0.3557120019675356,428,380
slope_bid,1.8,3.188876748085022,16.394989013671875,-0.3612395474667979,428,380
slope_bid,2.0,3.407764196395874,16.491755485534668,-0.3565051647811116,428,380
slope_bid,2.2,3.519615054130554,16.82598114013672,-0.34417117560255783,428,380
slope_bid,2.4,3.436328172683716,17.383609771728516,-0.35175233644859816,428,380
slope_bid,2.6,3.3884568214416504,15.771461963653564,-0.3357968519429415,428,380
slope_bid,2.8,3.338214874267578,15.771461963653564,-0.3284800787014265,428,380
slope_bid,3.0,3.4006471633911133,15.51238489151001,-0.3199581898671914,428,380
slope_bid,3.2,3.6640303134918213,17.472414016723633,-0.32152606984751597,428,380
slope_bid,3.4,3.7758041620254517,17.730433464050293,-0.3224729463846532,428,380
slope_bid,3.6,3.8738367557525635,18.67855167388916,-0.32972208558780125,428,380
slope_bid,3.8,3.883336305618286,19.10977077484131,-0.32891047712739796,428,380
slope_bid,4.0,4.11570143699646,17.936077117919922,-0.32335218888342354,428,380
slope_bid,4.2,4.144587516784668,17.72808837890625,-0.31031726512543045,428,380
slope_bid,4.4,4.756515979766846,17.555463790893555,-0.2975528775209051,428,380
slope_bid,4.6,4.362569093704224,18.348997116088867,-0.2987272503689129,428,380
slope_bid,4.8,4.833449840545654,17.999534606933594,-0.2762051155927201,428,380
slope_bid,5.0,4.589880466461182,19.02752685546875,-0.28173266109198225,428,380
slope_ask,-30.0,35.07116889953613,38.538387298583984,-0.02239290085679313,430,380
slope_ask,-29.8,34.79257011413574,37.993513107299805,-0.02226438188494495,430,380
slope_ask,-29.6,35.5142707824707,38.97760581970215,-0.017037943696450397,430,380
slope_ask,-29.4,35.16033935546875,38.17636299133301,-0.017246022031823793,430,380
slope_ask,-29.2,34.428945541381836,40.02102470397949,-0.010624235006119975,430,380
slope_ask,-29.0,33.762739181518555,38.00754356384277,-0.022337821297429672,430,380
slope_ask,-28.8,34.56752395629883,35.96937561035156,-0.013255813953488405,430,380
slope_ask,-28.6,35.216800689697266,35.445343017578125,-0.015165238678090609,430,380
slope_ask,-28.4,34.94598960876465,32.79919624328613,-0.0072460220318237845,430,380
slope_ask,-28.2,33.85022735595703,36.038883209228516,-0.020299877600979177,430,380
slope_ask,-28.0,34.72060775756836,36.038883209228516,-0.016915544675642602,430,380
slope_ask,-27.8,35.45310020446777,35.63547897338867,-0.010348837209302353,430,380
slope_ask,-27.6,35.34200668334961,32.29209899902344,0.005520195838433217,430,380
slope_ask,-27.4,36.35494422912598,32.00314140319824,0.0143941248470012,430,380
slope_ask,-27.2,36.927480697631836,31.982280731201172,0.013794369645042881,430,380
slope_ask,-27.0,35.11179733276367,33.37469673156738,-0.0029559363525091253,430,380
slope_ask,-26.8,34.986589431762695,35.035865783691406,-0.016731946144430854,430,380
slope_ask,-26.6,34.56752395629883,36.58370780944824,-0.021982864137086944,430,380
slope_ask,-26.4,34.7761344909668,37.60014343261719,-0.03056303549571604,430,380
slope_ask,-26.2,34.30715370178223,35.636287689208984,-0.032600979192166424,430,380
slope_ask,-26.0,32.67911148071289,34.55341720581055,-0.031756425948592404,430,380
slope_ask,-25.8,34.565202713012695,34.354896545410156,-0.02741738066095467,430,380
slope_ask,-25.6,33.666107177734375,33.88603591918945,-0.029363525091799292,430,380
slope_ask,-25.4,33.666107177734375,35.13016319274902,-0.030746634026927788,430,380
slope_ask,-25.2,33.0139045715332,39.64950942993164,-0.034547123623011045,430,380
slope_ask,-25.0,32.45424461364746,40.84206008911133,-0.03257649938800489,430,380
slope_ask,-24.8,33.666107177734375,37.84957313537598,-0.019883720930232607,430,380
slope_ask,-24.6,32.80685043334961,41.677913665771484,-0.036750305997552024,430,380
slope_ask,-24.4,32.069501876831055,37.84957313537598,-0.036352509179926606,430,380
slope_ask,-24.2,32.225807189941406,37.35171318054199,-0.026878824969400195,430,380
slope_ask,-24.0,31.90186882019043,38.406808853149414,-0.03748470012239902,430,380
slope_ask,-23.8,34.628658294677734,40.66557502746582,-0.021609547123623063,430,380
slope_ask,-23.6,34.876041412353516,40.74868392944336,-0.016676866585067285,430,380
slope_ask,-23.4,32.806697845458984,41.66777992248535,-0.02339657282741736,430,380
slope_ask,-23.2,34.97913360595703,42.21944999694824,-0.02123623011015907,430,380
slope_ask,-23.0,36.73273849487305,42.577932357788086,-0.01914320685434512,430,380
slope_ask,-22.8,35.70099449157715,42.21944999694824,-0.028555691554467577,430,380
slope_ask,-22.6,34.876041412353516,41.92477607727051,-0.03964504283965731,430,380
slope_ask,-22.4,34.82326126098633,42.26692008972168,-0.026352509179926598,430,380
slope_ask,-22.2,34.82326126098633,42.76148986816406,-0.037539779681762586,430,380
slope_ask,-22.0,33.80697250366211,42.40053939819336,-0.03721542227662178,430,380
slope_ask,-21.8,33.53545951843262,43.7732048034668,-0.04490208078335378,430,380
slope_ask,-21.6,33.23278617858887,42.76148986816406,-0.053794369645042805,430,380
slope_ask,-21.4,32.736148834228516,45.291181564331055,-0.0465605875152999,430,380
slope_ask,-21.2,33.80697250366211,41.8454647064209,-0.029179926560587544,430,380
slope_ask,-21.0,31.935540199279785,41.61595153808594,-0.033659730722154224,430,380
slope_ask,-20.8,30.835203170776367,42.153526306152344,-0.0417992656058751,430,380
slope_ask,-20.6,30.859946250915527,41.61595153808594,-0.030342717258261986,430,380
slope_ask,-20.4,30.121439933776855,41.8454647064209,-0.03143206854345171,430,380
slope_ask,-20.2,32.322787284851074,42.4682502746582,-0.033947368421052615,430,380
slope_ask,-20.0,31.855429649353027,42.23855972290039,-0.03748470012239902,430,380
slope_ask,-19.8,31.51026439666748,43.7685489654541,-0.034534883720930276,430,380
slope_ask,-19.6,33.882741928100586,40.395355224609375,-0.02378212974296201,430,380
slope_ask,-19.4,34.51935577392578,40.5697135925293,-0.018506731946144384,430,380
slope_ask,-19.2,32.153990745544434,37.41610527038574,-0.014467564259485921,430,380
slope_ask,-19.0,36.3470344543457,38.58849334716797,-0.01160342717258267,430,380
slope_ask,-18.8,36.81106758117676,38.25749397277832,-0.015000000000000013,430,380
slope_ask,-18.6,35.08004951477051,35.84767532348633,-0.017503059975520152,430,380
slope_ask,-18.4,35.38440704345703,35.68079376220703,-0.011921664626682982,430,380
slope_ask,-18.2,31.312108039855957,35.84767532348633,-0.0302937576499388,430,380
slope_ask,-18.0,31.443206787109375,34.62440872192383,-0.0185434516523868,430,380
slope_ask,-17.8,33.802330017089844,34.668386459350586,-0.017588739290085642,430,380
slope_ask,-17.6,29.496150016784668,35.84767723083496,-0.024320685434516487,430,380
slope_ask,-17.4,33.802330017089844,35.68079376220703,-0.008029375764993851,430,380
slope_ask,-17.2,36.92127227783203,34.66366195678711,-0.008445532435740533,430,380
slope_ask,-17.0,38.86570739746094,34.66366195678711,0.0051774785801712575,430,380
slope_ask,-16.8,35.96937942504883,35.23936462402344,0.00020807833537328513,430,380
slope_ask,-16.6,36.71840476989746,35.872249603271484,0.00014687882496944304,430,380
slope_ask,-16.4,36.358734130859375,38.03426551818848,-0.007760097919216613,430,380
slope_ask,-16.2,34.820302963256836,36.53330039978027,-0.012766217870257002,430,380
slope_ask,-16.0,36.27326011657715,36.04974174499512,-0.012998776009791935,430,380
slope_ask,-15.8,40.747703552246094,36.04974174499512,-0.001223990208078285,430,380
slope_ask,-15.6,40.17421531677246,36.31186103820801,-0.004871481028151825,430,380
slope_ask,-15.4,40.34529685974121,36.31186103820801,0.0010893512851897214,430,380
slope_ask,-15.2,38.80265998840332,36.47389030456543,-0.0023990208078334962,430,380
slope_ask,-15.0,38.39062690734863,36.584598541259766,0.014871481028151834,430,380
slope_ask,-14.8,37.17769813537598,37.79300117492676,0.0042717258261932844,430,380
slope_ask,-14.6,36.579702377319336,33.97906684875488,0.010599755201958327,430,380
slope_ask,-14.4,36.579702377319336,34.248823165893555,0.014039167686658471,430,380
slope_ask,-14.2,37.01996994018555,33.09933662414551,0.015507955936352458,430,380
slope_ask,-14.0,36.27326011657715,34.248823165893555,0.018824969400244695,430,380
slope_ask,-13.8,35.469417572021484,33.987117767333984,0.016487148102815263,430,380
slope_ask,-13.6,36.38955879211426,37.90838432312012,0.00449204406364756,430,380
slope_ask,-13.4,36.88121223449707,41.787960052490234,0.0045042839657283285,430,380
slope_ask,-13.2,36.88121223449707,41.693002700805664,-0.005214198286413674,430,380
slope_ask,-13.0,36.09262275695801,43.49673271179199,-0.017649938800489595,430,380
slope_ask,-12.8,36.38955879211426,44.91916084289551,-0.01575275397796816,430,380
slope_ask,-12.6,36.38955879211426,42.85896301269531,-0.007270501835985321,430,380
slope_ask,-12.4,36.38955879211426,44.05255889892578,-0.011554467564259485,430,380
slope_ask,-12.2,37.23452568054199,44.82024955749512,-0.016658506731946132,430,380
slope_ask,-12.0,37.23452568054199,44.84101486206055,-0.010367197062423505,430,380
slope_ask,-11.8,38.151248931884766,44.69363975524902,0.0006731946144431511,430,380
slope_ask,-11.6,36.70461463928223,38.52290916442871,-0.00931456548347609,430,380
slope_ask,-11.4,37.05232048034668,39.97455024719238,-0.023971848225214143,430,380
slope_ask,-11.2,35.124948501586914,37.75847053527832,-0.015875152998775954,430,380
slope_ask,-11.0,36.91050720214844,34.882272720336914,-0.011615667074663438,430,380
slope_ask,-10.8,36.91050720214844,37.63751220703125,-0.0162239902080783,430,380
slope_ask,-10.6,35.86580467224121,41.098867416381836,-0.022974296205630407,430,380
slope_ask,-10.4,35.86580467224121,38.716997146606445,-0.023304773561811487,430,380
slope_ask,-10.2,35.040300369262695,38.35410690307617,-0.019571603427172568,430,380
slope_ask,-10.0,36.897804260253906,42.43432426452637,-0.02235006119951044,430,380
slope_ask,-9.8,36.24475860595703,40.14408302307129,-0.029241126070991386,430,380
slope_ask,-9.6,37.91897964477539,40.14408302307129,-0.03243574051407594,430,380
slope_ask,-9.4,35.148887634277344,39.10068893432617,-0.027166462668298696,430,380
slope_ask,-9.2,35.91506576538086,36.71462821960449,-0.02383720930232558,430,380
slope_ask,-9.0,36.557193756103516,38.507272720336914,-0.015465116279069768,430,380
slope_ask,-8.8,32.94169998168945,37.43520927429199,-0.02383720930232558,430,380
slope_ask,-8.6,32.94169998168945,39.21601867675781,-0.019094247246022045,430,380
slope_ask,-8.4,31.72258949279785,42.16950798034668,-0.03353733170134643,430,380
slope_ask,-8.2,30.873621940612793,41.37564277648926,-0.039742962056303566,430,380
slope_ask,-8.0,31.293726921081543,42.09666061401367,-0.029485924112607087,430,380
slope_ask,-7.8,30.601655960083008,39.80943489074707,-0.031187270501836006,430,380
slope_ask,-7.6,30.044330596923828,40.14408302307129,-0.04624235006119948,430,380
slope_ask,-7.4,29.393803596496582,41.14458465576172,-0.04632802937576497,430,380
slope_ask,-7.2,30.307476043701172,41.367815017700195,-0.05020807833537333,430,380
slope_ask,-7.0,31.779945373535156,41.60810089111328,-0.048812729498164065,430,380
slope_ask,-6.8,30.836798667907715,39.10068893432617,-0.04433292533659727,430,380
slope_ask,-6.6,28.928194046020508,40.72189140319824,-0.04783353733170137,430,380
slope_ask,-6.4,30.307476043701172,39.34743309020996,-0.05030599755201959,430,380
slope_ask,-6.2,30.753397941589355,42.13539123535156,-0.053537331701346336,430,380
slope_ask,-6.0,33.33740043640137,38.030229568481445,-0.04783353733170137,430,380
slope_ask,-5.8,33.35423278808594,38.63207244873047,-0.0463157894736842,430,380
slope_ask,-5.6,29.54055690765381,37.26104164123535,-0.057784577723378194,430,380
slope_ask,-5.4,29.471001625061035,36.73350524902344,-0.07375764993880052,430,380
slope_ask,-5.2,28.3690824508667,37.26773452758789,-0.06908200734394121,430,380
slope_ask,-5.0,27.858046531677246,37.97812271118164,-0.07782129742962052,430,380
slope_ask,-4.8,26.761301040649414,37.97812271118164,-0.08265605875153004,430,380
slope_ask,-4.6,26.918898582458496,37.48975372314453,-0.07663402692778454,430,380
slope_ask,-4.4,24.9987211227417,37.71173095703125,-0.08089351285189716,430,380
slope_ask,-4.2,24.9987211227417,38.75504112243652,-0.08637698898408808,430,380
slope_ask,-4.0,23.630635261535645,37.71173095703125,-0.09154222766217868,430,380
slope_ask,-3.8,21.662437438964844,34.858951568603516,-0.10374541003671967,430,380
slope_ask,-3.6,20.63199806213379,37.48975372314453,-0.1228886168910649,430,380
slope_ask,-3.4,21.92032241821289,34.16585350036621,-0.10490820073439411,430,380
slope_ask,-3.2,23.557875633239746,32.881988525390625,-0.09793145654834756,430,380
slope_ask,-3.0,22.047191619873047,33.1983642578125,-0.10445532435740512,430,380
slope_ask,-2.8,24.324682235717773,38.084285736083984,-0.1134883720930232,430,380
slope_ask,-2.6,23.441919326782227,37.21455192565918,-0.1266217870257038,430,380
slope_ask,-2.4,23.258538246154785,37.069610595703125,-0.1268298653610771,430,380
slope_ask,-2.2,21.73092555999756,37.11889457702637,-0.13376988984088123,430,380
slope_ask,-2.0,23.46969985961914,38.477922439575195,-0.12755201958384332,430,380
slope_ask,-1.8,23.530790328979492,36.951833724975586,-0.12274173806609545,430,380
slope_ask,-1.6,24.890850067138672,38.477922439575195,-0.11915544675642598,430,380
slope_ask,-1.4,24.536402702331543,35.16218376159668,-0.10731946144430848,430,380
slope_ask,-1.2,26.686970710754395,35.33727264404297,-0.10632802937576502,430,380
slope_ask,-1.0,23.689509391784668,35.532705307006836,-0.11396572827417384,430,380
slope_ask,-0.8,22.10264015197754,34.858951568603516,-0.13293757649938798,430,380
slope_ask,-0.6,21.864991188049316,35.79423141479492,-0.14026927784577725,430,380
slope_ask,-0.4,20.43018913269043,33.1983642578125,-0.13865361077111382,430,380
slope_ask,-0.2,19.72953224182129,33.95303153991699,-0.14591187270501838,430,380
slope_ask,0.0,21.7396240234375,36.46747970581055,-0.1384944920440636,430,380
slope_ask,0.2,47.30517768859863,36.46747970581055,0.07629130966952258,430,380
slope_ask,0.4,41.10817337036133,33.1983642578125,0.06161566707466348,430,380
slope_ask,0.6,39.00645065307617,34.858951568603516,0.03233959023432709,429,380
slope_ask,0.8,35.089698791503906,34.04532241821289,0.018991534781008568,429,380
slope_ask,1.0,33.39190673828125,35.436811447143555,-0.0035210403631456,429,380
slope_ask,1.2,33.34416198730469,36.1224308013916,-0.009759538706907156,429,380
slope_ask,1.4,32.66195297241211,38.084285736083984,-0.027303398356029907,429,380
slope_ask,1.6,30.01186180114746,38.441287994384766,-0.029334727004426964,428,380
slope_ask,1.8,29.74329376220703,38.441287994384766,-0.04410969011313326,428,380
slope_ask,2.0,29.527976036071777,37.280033111572266,-0.045308657156911014,428,380
slope_ask,2.2,27.872565269470215,34.296525955200195,-0.04014387604525327,428,380
slope_ask,2.4,28.174501419067383,36.211429595947266,-0.054469995081160794,428,380
slope_ask,2.6,30.075027465820312,36.939104080200195,-0.04499508116084605,428,380
slope_ask,2.8,29.52257537841797,37.81687545776367,-0.040408263649778675,428,380
slope_ask,3.0,29.794901847839355,35.58410453796387,-0.03626414166256764,428,380
slope_ask,3.2,30.42467498779297,36.171913146972656,-0.044724545007378214,428,380
slope_ask,3.4,29.31078338623047,35.58410453796387,-0.04618175110673883,428,380
slope_ask,3.6,28.895609855651855,35.73284721374512,-0.04021151008362023,428,380
slope_ask,3.8,30.52013397216797,34.477394104003906,-0.023831775700934532,428,380
slope_ask,4.0,31.524738311767578,36.562835693359375,-0.01700688637481551,428,380
slope_ask,4.2,32.0515193939209,38.591712951660156,-0.023198475159862286,428,380
slope_ask,4.4,33.46621131896973,37.261043548583984,-0.02600836202656176,428,380
slope_ask,4.6,32.315895080566406,37.29473876953125,-0.030650516478111123,428,380
slope_ask,4.8,31.195274353027344,37.47397041320801,-0.03874200688637486,428,380
slope_ask,5.0,30.110934257507324,37.90179252624512,-0.0484997540580423,428,380
levels_bid,-30.0,8.0,9.0,-0.013237454100367252,430,380
levels_bid,-29.8,8.0,9.0,-0.011205630354957141,430,380
levels_bid,-29.6,9.0,9.0,-0.01400856793145655,430,380
levels_bid,-29.4,9.0,9.0,-0.017288861689106483,430,380
levels_bid,-29.2,9.0,9.0,-0.011285189718482247,430,380
levels_bid,-29.0,9.0,9.0,-0.0012729498164014696,430,380
levels_bid,-28.8,9.0,9.0,-0.005501835985312065,430,380
levels_bid,-28.6,9.0,9.0,0.002851897184822594,430,380
levels_bid,-28.4,9.0,9.0,0.008788249694002381,430,380
levels_bid,-28.2,9.0,9.0,0.014375764993880047,430,380
levels_bid,-28.0,9.0,9.0,0.018604651162790642,430,380
levels_bid,-27.8,9.0,9.0,0.013414932680538616,430,380
levels_bid,-27.6,9.0,9.0,0.01071603427172585,430,380
levels_bid,-27.4,9.0,9.0,0.000495716034271787,430,380
levels_bid,-27.2,9.0,9.0,-0.0034332925336597597,430,380
levels_bid,-27.0,9.0,9.0,0.0019400244798042365,430,380
levels_bid,-26.8,9.0,9.0,0.00064259485924123,430,380
levels_bid,-26.6,9.0,9.0,0.0004712362301102502,430,380
levels_bid,-26.4,9.0,9.0,0.003176254589963179,430,380
levels_bid,-26.2,9.0,9.0,-0.0038984088127295147,430,380
levels_bid,-26.0,9.0,9.0,-0.007337821297429659,430,380
levels_bid,-25.8,9.0,9.0,-0.02028763769889841,430,380
levels_bid,-25.6,9.0,9.0,-0.018696450428396627,430,380
levels_bid,-25.4,9.0,9.0,-0.02290697674418607,430,380
levels_bid,-25.2,9.0,9.0,-0.027080783353733207,430,380
levels_bid,-25.0,9.0,9.0,-0.020813953488372117,430,380
levels_bid,-24.8,9.0,9.0,-0.023170134638922923,430,380
levels_bid,-24.6,9.0,9.0,-0.02054467564259488,430,380
levels_bid,-24.4,9.0,9.0,-0.027637698898408836,430,380
levels_bid,-24.2,8.5,9.0,-0.041046511627906956,430,380
levels_bid,-24.0,8.0,9.0,-0.03845777233782133,430,380
levels_bid,-23.8,8.0,9.0,-0.03857405140758874,430,380
levels_bid,-23.6,8.0,9.0,-0.04365361077111385,430,380
levels_bid,-23.4,8.0,9.0,-0.04490208078335378,430,380
levels_bid,-23.2,8.0,9.0,-0.04687270501835983,430,380
levels_bid,-23.0,8.0,9.0,-0.051976744186046475,430,380
levels_bid,-22.8,8.0,9.0,-0.057613219094247214,430,380
levels_bid,-22.6,8.0,9.0,-0.05305997552019581,430,380
levels_bid,-22.4,9.0,9.0,-0.06143818849449201,430,380
levels_bid,-22.2,9.0,9.0,-0.05643206854345162,430,380
levels_bid,-22.0,9.0,9.0,-0.06025703794369641,430,380
levels_bid,-21.8,8.5,9.0,-0.058157894736842075,430,380
levels_bid,-21.6,9.0,9.0,-0.0523317013463892,430,380
levels_bid,-21.4,8.5,9.0,-0.05859241126070991,430,380
levels_bid,-21.2,8.5,9.0,-0.057313341493268055,430,380
levels_bid,-21.0,8.0,9.0,-0.05840881272949816,430,380
levels_bid,-20.8,8.0,9.0,-0.06479192166462666,430,380
levels_bid,-20.6,8.0,9.0,-0.07143206854345163,430,380
levels_bid,-20.4,8.0,9.0,-0.0668543451652387,430,380
levels_bid,-20.2,8.0,9.0,-0.06821909424724604,430,380
levels_bid,-20.0,8.0,9.0,-0.06938188494492048,430,380
levels_bid,-19.8,8.5,9.0,-0.06789473684210523,430,380
levels_bid,-19.6,8.0,9.0,-0.06708690330477352,430,380
levels_bid,-19.4,8.5,9.0,-0.06227050183598526,430,380
levels_bid,-19.2,8.0,9.0,-0.06028151774785806,430,380
levels_bid,-19.0,8.0,9.0,-0.06383108935128523,430,380
levels_bid,-18.8,8.0,9.0,-0.05976744186046512,430,380
levels_bid,-18.6,8.0,9.0,-0.04894736842105263,430,380
levels_bid,-18.4,8.0,9.0,-0.055697674418604626,430,380
levels_bid,-18.2,8.0,9.0,-0.04776009791921665,430,380
levels_bid,-18.0,8.0,9.0,-0.05849449204406365,430,380
levels_bid,-17.8,8.0,9.0,-0.047552019583843363,430,380
levels_bid,-17.6,8.0,9.0,-0.04248470012239902,430,380
levels_bid,-17.4,9.0,9.0,-0.044320685434516505,430,380
levels_bid,-17.2,8.0,9.0,-0.045966952264381855,430,380
levels_bid,-17.0,8.0,9.0,-0.055869033047735606,430,380
levels_bid,-16.8,8.0,9.0,-0.056181150550795644,430,380
levels_bid,-16.6,8.0,9.0,-0.052288861689106514,430,380
levels_bid,-16.4,8.0,9.0,-0.05125458996328025,430,380
levels_bid,-16.2,8.0,9.0,-0.0529008567931456,430,380
levels_bid,-16.0,8.0,9.0,-0.06131578947368421,430,380
levels_bid,-15.8,8.0,9.0,-0.05610771113831092,430,380
levels_bid,-15.6,8.0,9.0,-0.04906364749082004,430,380
levels_bid,-15.4,8.0,9.0,-0.05214198286413707,430,380
levels_bid,-15.2,8.0,9.0,-0.0469645042839657,430,380
levels_bid,-15.0,8.0,9.0,-0.05077723378212973,430,380
levels_bid,-14.8,8.0,9.0,-0.05418604651162795,430,380
levels_bid,-14.6,8.0,9.0,-0.047998776009791966,430,380
levels_bid,-14.4,8.0,9.0,-0.04679314565483472,430,380
levels_bid,-14.2,8.0,9.0,-0.04366585067319462,430,380
levels_bid,-14.0,8.0,9.0,-0.048629130966952316,430,380
levels_bid,-13.8,8.0,9.0,-0.04083231334149329,430,380
levels_bid,-13.6,9.0,9.0,-0.04061811505507951,430,380
levels_bid,-13.4,9.0,9.0,-0.0316768665850673,430,380
levels_bid,-13.2,9.0,9.0,-0.032460220318237476,430,380
levels_bid,-13.0,9.0,9.0,-0.035036719706242336,430,380
levels_bid,-12.8,9.0,9.0,-0.02733170134638918,430,380
levels_bid,-12.6,9.0,9.0,-0.02605875152998771,430,380
levels_bid,-12.4,9.0,9.0,-0.02438188494492044,430,380
levels_bid,-12.2,9.0,9.0,-0.023555691554467573,430,380
levels_bid,-12.0,9.0,9.0,-0.02564259485924114,430,380
levels_bid,-11.8,9.0,9.0,-0.022399020807833514,430,380
levels_bid,-11.6,9.0,9.0,-0.02383720930232558,430,380
levels_bid,-11.4,9.0,9.0,-0.022747858017135858,430,380
levels_bid,-11.2,9.0,9.0,-0.016805385556915575,430,380
levels_bid,-11.0,9.0,9.0,-0.022184822521419845,430,380
levels_bid,-10.8,9.0,9.0,-0.027509179926560545,430,380
levels_bid,-10.6,9.0,9.0,-0.02439412484700121,430,380
levels_bid,-10.4,8.0,9.0,-0.02725826193390457,430,380
levels_bid,-10.2,8.0,9.0,-0.03365361077111384,430,380
levels_bid,-10.0,8.0,9.0,-0.03845165238678094,430,380
levels_bid,-9.8,8.0,9.0,-0.04731946144430843,430,380
levels_bid,-9.6,8.0,9.0,-0.050844553243574064,430,380
levels_bid,-9.4,8.0,9.0,-0.04709302325581399,430,380
levels_bid,-9.2,8.0,9.0,-0.04524479804161563,430,380
levels_bid,-9.0,8.0,9.0,-0.046193390452876404,430,380
levels_bid,-8.8,8.0,9.0,-0.05183598531211753,430,380
levels_bid,-8.6,8.0,9.0,-0.05165238678090578,430,380
levels_bid,-8.4,8.0,9.0,-0.052790697674418574,430,380
levels_bid,-8.2,8.0,9.0,-0.05013463892288861,430,380
levels_bid,-8.0,8.0,9.0,-0.05885556915544676,430,380
levels_bid,-7.8,8.0,9.0,-0.06828641370869037,430,380
levels_bid,-7.6,8.0,9.0,-0.06171358629130963,430,380
levels_bid,-7.4,8.0,9.0,-0.06720930232558142,430,380
levels_bid,-7.2,8.0,9.0,-0.07296205630354957,430,380
levels_bid,-7.0,8.0,9.0,-0.07053855569155443,430,380
levels_bid,-6.8,8.0,9.0,-0.06558751529987761,430,380
levels_bid,-6.6,8.0,9.0,-0.06696450428396572,430,380
levels_bid,-6.4,8.0,9.0,-0.08078335373317014,430,380
levels_bid,-6.2,8.0,9.0,-0.0941370869033048,430,380
levels_bid,-6.0,8.0,9.0,-0.09614443084455326,430,380
levels_bid,-5.8,8.0,9.0,-0.10379436964504285,430,380
levels_bid,-5.6,8.0,9.0,-0.10799877600979191,430,380
levels_bid,-5.4,8.0,9.0,-0.11402692778457768,430,380
levels_bid,-5.2,8.0,9.0,-0.10773561811505505,430,380
levels_bid,-5.0,8.0,9.0,-0.10318237454100365,430,380
levels_bid,-4.8,8.0,9.0,-0.11500611995104038,430,380
levels_bid,-4.6,8.0,9.0,-0.11416156670746636,430,380
levels_bid,-4.4,8.0,9.0,-0.11046511627906974,430,380
levels_bid,-4.2,8.0,9.0,-0.11749694002447986,430,380
levels_bid,-4.0,8.0,9.0,-0.11675030599755198,430,380
levels_bid,-3.8,8.0,9.0,-0.1231701346389229,430,380
levels_bid,-3.6,8.0,9.0,-0.11529987760097915,430,380
levels_bid,-3.4,8.0,9.0,-0.12217258261933905,430,380
levels_bid,-3.2,8.0,9.0,-0.12179926560587517,430,380
levels_bid,-3.0,8.0,9.0,-0.1234149326805386,430,380
levels_bid,-2.8,8.0,9.0,-0.1280048959608323,430,380
levels_bid,-2.6,8.0,9.0,-0.12208078335373318,430,380
levels_bid,-2.4,8.0,9.0,-0.12503059975520192,430,380
levels_bid,-2.2,8.0,9.0,-0.130452876376989,430,380
levels_bid,-2.0,7.0,9.0,-0.15124235006119946,430,380
levels_bid,-1.8,7.0,9.0,-0.15985924112607097,430,380
levels_bid,-1.6,7.0,9.0,-0.16925336597307217,430,380
levels_bid,-1.4,7.0,9.0,-0.16690330477356186,430,380
levels_bid,-1.2,7.0,9.0,-0.17200122399020812,430,380
levels_bid,-1.0,7.0,9.0,-0.17252141982864133,430,380
levels_bid,-0.8,7.0,9.0,-0.18468788249694001,430,380
levels_bid,-0.6,7.0,9.0,-0.1948959608323133,430,380
levels_bid,-0.4,7.0,9.0,-0.18392900856793148,430,380
levels_bid,-0.2,7.0,9.0,-0.20293757649938804,430,380
levels_bid,0.0,6.0,9.0,-0.20715422276621787,430,380
levels_bid,0.2,6.0,9.0,-0.23477968176254593,430,380
levels_bid,0.4,6.0,9.0,-0.22353733170134638,430,380
levels_bid,0.6,6.0,9.0,-0.2161697951171635,429,380
levels_bid,0.8,6.0,9.0,-0.2095632437737701,429,380
levels_bid,1.0,6.0,9.0,-0.20742240215924423,429,380
levels_bid,1.2,6.0,9.0,-0.2011102932155564,429,380
levels_bid,1.4,6.0,9.0,-0.18787265366212735,429,380
levels_bid,1.6,7.0,9.0,-0.1911276438760453,428,380
levels_bid,1.8,7.0,9.0,-0.17587309394982786,428,380
levels_bid,2.0,7.0,9.0,-0.17125553369404822,428,380
levels_bid,2.2,7.0,9.0,-0.1640555828824397,428,380
levels_bid,2.4,7.0,9.0,-0.16254918839153965,428,380
levels_bid,2.6,7.0,9.0,-0.16004058042302016,428,380
levels_bid,2.8,7.0,9.0,-0.1535477127397934,428,380
levels_bid,3.0,7.0,9.0,-0.1431935563207083,428,380
levels_bid,3.2,7.0,9.0,-0.14628627643876047,428,380
levels_bid,3.4,8.0,9.0,-0.1319909001475652,428,380
levels_bid,3.6,7.0,9.0,-0.13578455484505658,428,380
levels_bid,3.8,7.0,9.0,-0.13630718150516474,428,380
levels_bid,4.0,8.0,9.0,-0.1271888834235121,428,380
levels_bid,4.2,8.0,9.0,-0.1135329562223315,428,380
levels_bid,4.4,8.0,9.0,-0.11674864731923262,428,380
levels_bid,4.6,8.0,9.0,-0.12111411706837183,428,380
levels_bid,4.8,8.0,9.0,-0.11138711264141665,428,380
levels_bid,5.0,8.0,9.0,-0.10773487456960162,428,380
levels_ask,-30.0,10.0,10.0,-0.023127294981640123,430,380
levels_ask,-29.8,10.0,10.0,-0.01954712362301103,430,380
levels_ask,-29.6,10.0,10.0,-0.028837209302325584,430,380
levels_ask,-29.4,10.0,10.0,-0.018910648714810296,430,380
levels_ask,-29.2,10.0,10.0,-0.016505507955936305,430,380
levels_ask,-29.0,10.0,10.0,-0.01210526315789473,430,380
levels_ask,-28.8,10.0,10.0,-0.004259485924112627,430,380
levels_ask,-28.6,10.0,10.0,-0.014516523867809106,430,380
levels_ask,-28.4,10.0,10.0,-0.0011138310893512582,430,380
levels_ask,-28.2,10.0,10.0,-0.004130966952264337,430,380
levels_ask,-28.0,10.0,10.0,-0.004810281517747872,430,380
levels_ask,-27.8,10.0,10.0,-0.013212974296205604,430,380
levels_ask,-27.6,10.0,10.0,-0.015844553243574033,430,380
levels_ask,-27.4,10.0,10.0,-0.01604039167686655,430,380
levels_ask,-27.2,10.0,10.0,-0.020152998776009845,430,380
levels_ask,-27.0,10.0,10.0,-0.018396572827417357,430,380
levels_ask,-26.8,10.0,10.0,-0.012337821297429663,430,380
levels_ask,-26.6,10.0,10.0,-0.02083231334149327,430,380
levels_ask,-26.4,10.0,10.0,-0.014388004895960815,430,380
levels_ask,-26.2,10.0,10.0,-0.016242350061199562,430,380
levels_ask,-26.0,10.0,10.0,-0.015917992656058755,430,380
levels_ask,-25.8,10.0,10.0,-0.014902080783353755,430,380
levels_ask,-25.6,10.0,10.0,-0.019663402692778442,430,380
levels_ask,-25.4,10.0,10.0,-0.022337821297429672,430,380
levels_ask,-25.2,10.0,10.0,-0.030342717258261986,430,380
levels_ask,-25.0,10.0,10.0,-0.022031823745410017,430,380
levels_ask,-24.8,10.0,10.0,-0.019663402692778442,430,380
levels_ask,-24.6,10.0,10.0,-0.018935128518971833,430,380
levels_ask,-24.4,10.0,10.0,-0.021872705018359806,430,380
levels_ask,-24.2,10.0,10.0,-0.03203794369645041,430,380
levels_ask,-24.0,10.0,10.0,-0.032962056303549536,430,380
levels_ask,-23.8,10.0,10.0,-0.017790697674418654,430,380
levels_ask,-23.6,10.0,10.0,-0.026352509179926598,430,380
levels_ask,-23.4,10.0,10.0,-0.0206181150550796,430,380
levels_ask,-23.2,10.0,10.0,-0.02539779681762544,430,380
levels_ask,-23.0,10.0,10.0,-0.03553243574051412,430,380
levels_ask,-22.8,10.0,10.0,-0.016070991432068582,430,380
levels_ask,-22.6,10.0,10.0,-0.021689106487148058,430,380
levels_ask,-22.4,10.0,10.0,-0.03250917992656055,430,380
levels_ask,-22.2,10.0,10.0,-0.041976744186046466,430,380
levels_ask,-22.0,10.0,10.0,-0.04856181150550798,430,380
levels_ask,-21.8,10.0,10.0,-0.03720318237454101,430,380
levels_ask,-21.6,10.0,10.0,-0.027490820073439393,430,380
levels_ask,-21.4,10.0,10.0,-0.02577111383108932,430,380
levels_ask,-21.2,10.0,10.0,-0.01632802937576494,430,380
levels_ask,-21.0,10.0,10.0,-0.03164626682986538,430,380
levels_ask,-20.8,10.0,10.0,-0.04061811505507951,430,380
levels_ask,-20.6,10.0,10.0,-0.03927784577723381,430,380
levels_ask,-20.4,10.0,10.0,-0.03798041615667069,430,380
levels_ask,-20.2,10.0,10.0,-0.05368421052631578,430,380
levels_ask,-20.0,10.0,10.0,-0.06184210526315792,430,380
levels_ask,-19.8,10.0,10.0,-0.05176866585067319,430,380
levels_ask,-19.6,10.0,10.0,-0.056597307221542215,430,380
levels_ask,-19.4,10.0,10.0,-0.05557527539779683,430,380
levels_ask,-19.2,10.0,10.0,-0.06088739290085676,430,380
levels_ask,-19.0,10.0,10.0,-0.0617258261933904,430,380
levels_ask,-18.8,10.0,10.0,-0.06022031823745411,430,380
levels_ask,-18.6,10.0,10.0,-0.0633965728274174,430,380
levels_ask,-18.4,10.0,10.0,-0.06422276621787026,430,380
levels_ask,-18.2,10.0,10.0,-0.06264381884944925,430,380
levels_ask,-18.0,10.0,10.0,-0.06381272949816397,430,380
levels_ask,-17.8,10.0,10.0,-0.05077723378212973,430,380
levels_ask,-17.6,10.0,10.0,-0.05963892288861694,430,380
levels_ask,-17.4,10.0,10.0,-0.07477356181150552,430,380
levels_ask,-17.2,10.0,10.0,-0.06668298653610771,430,380
levels_ask,-17.0,10.0,10.0,-0.07637086903304768,430,380
levels_ask,-16.8,10.0,10.0,-0.06972460220318233,430,380
levels_ask,-16.6,10.0,10.0,-0.0692900856793146,430,380
levels_ask,-16.4,10.0,10.0,-0.0710403916768666,430,380
levels_ask,-16.2,10.0,10.0,-0.06694002447980418,430,380
levels_ask,-16.0,10.0,10.0,-0.07250917992656059,430,380
levels_ask,-15.8,10.0,10.0,-0.0632741738066096,430,380
levels_ask,-15.6,10.0,10.0,-0.058414932680538545,430,380
levels_ask,-15.4,10.0,10.0,-0.060703794369645014,430,380
levels_ask,-15.2,10.0,10.0,-0.06336597307221548,430,380
levels_ask,-15.0,10.0,10.0,-0.05594859241126071,430,380
levels_ask,-14.8,10.0,10.0,-0.06623011015911873,430,380
levels_ask,-14.6,10.0,10.0,-0.06315789473684208,430,380
levels_ask,-14.4,10.0,10.0,-0.05687270501835984,430,380
levels_ask,-14.2,10.0,10.0,-0.054767441860465116,430,380
levels_ask,-14.0,10.0,10.0,-0.05626070991432064,430,380
levels_ask,-13.8,10.0,10.0,-0.049057527539779655,430,380
levels_ask,-13.6,10.0,10.0,-0.048384332925336615,430,380
levels_ask,-13.4,10.0,10.0,-0.049541003671970674,430,380
levels_ask,-13.2,10.0,10.0,-0.049785801713586264,430,380
levels_ask,-13.0,10.0,10.0,-0.04666462668298654,430,380
levels_ask,-12.8,10.0,10.0,-0.048941248470012244,430,380
levels_ask,-12.6,10.0,10.0,-0.046211750305997557,430,380
levels_ask,-12.4,10.0,10.0,-0.060201958384332954,430,380
levels_ask,-12.2,10.0,10.0,-0.0594920440636475,430,380
levels_ask,-12.0,10.0,10.0,-0.0481884944920441,430,380
levels_ask,-11.8,10.0,10.0,-0.041560587515299896,430,380
levels_ask,-11.6,10.0,10.0,-0.04624847001223986,430,380
levels_ask,-11.4,10.0,10.0,-0.034063647490820026,430,380
levels_ask,-11.2,10.0,10.0,-0.03764381884944923,430,380
levels_ask,-11.0,10.0,10.0,-0.040428396572827374,430,380
levels_ask,-10.8,10.0,10.0,-0.03921664626682986,430,380
levels_ask,-10.6,10.0,10.0,-0.04365973072215423,430,380
levels_ask,-10.4,10.0,10.0,-0.04295593635250916,430,380
levels_ask,-10.2,10.0,10.0,-0.04709914320685438,430,380
levels_ask,-10.0,10.0,10.0,-0.0452570379436964,430,380
levels_ask,-9.8,10.0,10.0,-0.03968176254589961,430,380
levels_ask,-9.6,10.0,10.0,-0.04528151774785805,430,380
levels_ask,-9.4,10.0,10.0,-0.05093635250917994,430,380
levels_ask,-9.2,10.0,10.0,-0.05750305997552019,430,380
levels_ask,-9.0,10.0,10.0,-0.04979804161566703,430,380
levels_ask,-8.8,10.0,10.0,-0.04764381884944924,430,380
levels_ask,-8.6,10.0,10.0,-0.050575275397796826,430,380
levels_ask,-8.4,10.0,10.0,-0.05140146878824969,430,380
levels_ask,-8.2,10.0,10.0,-0.04949204406364749,430,380
levels_ask,-8.0,10.0,10.0,-0.04976132190942473,430,380
levels_ask,-7.8,10.0,10.0,-0.05563035495716029,430,380
levels_ask,-7.6,10.0,10.0,-0.0568053855569155,430,380
levels_ask,-7.4,10.0,10.0,-0.062906976744186,430,380
levels_ask,-7.2,10.0,10.0,-0.07279681762545898,430,380
levels_ask,-7.0,10.0,10.0,-0.07012851897184824,430,380
levels_ask,-6.8,10.0,10.0,-0.06944308445532432,430,380
levels_ask,-6.6,10.0,10.0,-0.07508567931456545,430,380
levels_ask,-6.4,10.0,10.0,-0.08264381884944916,430,380
levels_ask,-6.2,10.0,10.0,-0.09200122399020805,430,380
levels_ask,-6.0,10.0,10.0,-0.099094247246022,430,380
levels_ask,-5.8,10.0,10.0,-0.10440024479804166,430,380
levels_ask,-5.6,10.0,10.0,-0.11264381884944918,430,380
levels_ask,-5.4,10.0,10.0,-0.11985312117503055,430,380
levels_ask,-5.2,10.0,10.0,-0.1221113831089351,430,380
levels_ask,-5.0,10.0,10.0,-0.1303304773561812,430,380
levels_ask,-4.8,10.0,10.0,-0.14190942472460222,430,380
levels_ask,-4.6,10.0,10.0,-0.1584638922888617,430,380
levels_ask,-4.4,10.0,10.0,-0.15462056303549576,430,380
levels_ask,-4.2,10.0,10.0,-0.15201958384332925,430,380
levels_ask,-4.0,10.0,10.0,-0.14993880048959607,430,380
levels_ask,-3.8,10.0,10.0,-0.15230722154222764,430,380
levels_ask,-3.6,10.0,10.0,-0.14646266829865362,430,380
levels_ask,-3.4,9.0,10.0,-0.16829253365973074,430,380
levels_ask,-3.2,9.0,10.0,-0.17069155446756423,430,380
levels_ask,-3.0,9.0,10.0,-0.17242962056303546,430,380
levels_ask,-2.8,9.0,10.0,-0.17836597307221547,430,380
levels_ask,-2.6,9.0,10.0,-0.17234394124846997,430,380
levels_ask,-2.4,9.0,10.0,-0.17230110159118728,430,380
levels_ask,-2.2,9.0,10.0,-0.18056303549571606,430,380
levels_ask,-2.0,9.0,10.0,-0.19242962056303548,430,380
levels_ask,-1.8,9.0,10.0,-0.2093023255813954,430,380
levels_ask,-1.6,9.0,10.0,-0.20472460220318234,430,380
levels_ask,-1.4,9.0,10.0,-0.2114137086903305,430,380
levels_ask,-1.2,9.0,10.0,-0.22151162790697676,430,380
levels_ask,-1.0,8.0,10.0,-0.23753365973072216,430,380
levels_ask,-0.8,8.0,10.0,-0.25323133414932686,430,380
levels_ask,-0.6,8.0,10.0,-0.2485740514075887,430,380
levels_ask,-0.4,8.0,10.0,-0.25631578947368416,430,380
levels_ask,-0.2,8.0,10.0,-0.2587392900856793,430,380
levels_ask,0.0,8.0,10.0,-0.28339657282741737,430,380
levels_ask,0.2,7.0,10.0,-0.3756793145654834,430,380
levels_ask,0.4,7.0,10.0,-0.37090575275397797,430,380
levels_ask,0.6,7.0,10.0,-0.34428291007238376,429,380
levels_ask,0.8,8.0,10.0,-0.317580664949086,429,380
levels_ask,1.0,8.0,10.0,-0.2828241933505091,429,380
levels_ask,1.2,8.0,10.0,-0.27821739663844924,429,380
levels_ask,1.4,8.0,10.0,-0.2697153723469513,429,380
levels_ask,1.6,8.0,10.0,-0.25735981308411215,428,380
levels_ask,1.8,8.0,10.0,-0.24464461387112646,428,380
levels_ask,2.0,8.5,10.0,-0.24570216428922775,428,380
levels_ask,2.2,9.0,10.0,-0.24375307427447124,428,380
levels_ask,2.4,9.0,10.0,-0.2436116576487949,428,380
levels_ask,2.6,9.0,10.0,-0.23042302016724048,428,380
levels_ask,2.8,9.0,10.0,-0.21612764387604522,428,380
levels_ask,3.0,9.0,10.0,-0.20976389572060994,428,380
levels_ask,3.2,9.0,10.0,-0.2037875061485489,428,380
levels_ask,3.4,9.0,10.0,-0.20086694540088534,428,380
levels_ask,3.6,9.0,10.0,-0.19208681751106738,428,380
levels_ask,3.8,9.0,10.0,-0.18670068863748157,428,380
levels_ask,4.0,9.0,10.0,-0.19260944417117565,428,380
levels_ask,4.2,9.0,10.0,-0.18298081652729958,428,380
levels_ask,4.4,9.5,10.0,-0.1763895720609936,428,380
levels_ask,4.6,10.0,10.0,-0.16805213969503197,428,380
levels_ask,4.8,10.0,10.0,-0.16340383669454006,428,380
levels_ask,5.0,9.0,10.0,-0.17445277914412194,428,380
log_bid_usd_within_2t,-30.0,4.864238500595093,5.3949806690216064,-0.08045287637698895,430,380
log_bid_usd_within_2t,-29.8,4.91772723197937,5.3949806690216064,-0.07314565483476132,430,380
log_bid_usd_within_2t,-29.6,5.0238587856292725,5.3949806690216064,-0.06783353733170139,430,380
log_bid_usd_within_2t,-29.4,5.008887529373169,5.45129919052124,-0.07706242350061199,430,380
log_bid_usd_within_2t,-29.2,5.008887529373169,5.4663307666778564,-0.08371481028151773,430,380
log_bid_usd_within_2t,-29.0,4.926164865493774,5.4663307666778564,-0.0959669522643819,430,380
log_bid_usd_within_2t,-28.8,4.889383554458618,5.540526628494263,-0.09716034271725826,430,380
log_bid_usd_within_2t,-28.6,4.976285934448242,5.566498517990112,-0.10758873929008572,430,380
log_bid_usd_within_2t,-28.4,4.976285934448242,5.49281644821167,-0.09794369645042844,430,380
log_bid_usd_within_2t,-28.2,4.926164865493774,5.476309776306152,-0.09399020807833536,430,380
log_bid_usd_within_2t,-28.0,4.889383554458618,5.476309776306152,-0.08550795593635252,430,380
log_bid_usd_within_2t,-27.8,5.017124891281128,5.6397483348846436,-0.10349449204406369,430,380
log_bid_usd_within_2t,-27.6,4.976285934448242,5.607239723205566,-0.10574051407588736,430,380
log_bid_usd_within_2t,-27.4,4.875197410583496,5.707110404968262,-0.1252876376988984,430,380
log_bid_usd_within_2t,-27.2,4.843230724334717,5.704428672790527,-0.1337392900856793,430,380
log_bid_usd_within_2t,-27.0,4.829906940460205,5.682232141494751,-0.12999388004895962,430,380
log_bid_usd_within_2t,-26.8,4.700654745101929,5.722615003585815,-0.13242350061199515,430,380
log_bid_usd_within_2t,-26.6,4.829906940460205,5.722615003585815,-0.1357772337821297,430,380
log_bid_usd_within_2t,-26.4,4.768081188201904,5.773008823394775,-0.14365361077111383,430,380
log_bid_usd_within_2t,-26.2,4.875197410583496,5.790155649185181,-0.13696450428396578,430,380
log_bid_usd_within_2t,-26.0,4.875197410583496,5.80022668838501,-0.1512668298653611,430,380
log_bid_usd_within_2t,-25.8,4.924921989440918,5.886090040206909,-0.1527356181150551,430,380
log_bid_usd_within_2t,-25.6,4.989598989486694,6.017894268035889,-0.15733170134638919,430,380
log_bid_usd_within_2t,-25.4,4.947517156600952,5.886090040206909,-0.1501285189718482,430,380
log_bid_usd_within_2t,-25.2,4.947517156600952,5.942117214202881,-0.1564320685434517,430,380
log_bid_usd_within_2t,-25.0,4.947517156600952,5.891891241073608,-0.14434516523867813,430,380
log_bid_usd_within_2t,-24.8,4.924921989440918,5.886090040206909,-0.13854957160342718,430,380
log_bid_usd_within_2t,-24.6,4.866262912750244,5.789490699768066,-0.12884944920440633,430,380
log_bid_usd_within_2t,-24.4,4.8848700523376465,5.758004426956177,-0.12831701346389224,430,380
log_bid_usd_within_2t,-24.2,4.855304002761841,5.789490699768066,-0.1358567931456548,430,380
log_bid_usd_within_2t,-24.0,4.891203880310059,5.846015930175781,-0.14774173806609547,430,380
log_bid_usd_within_2t,-23.8,4.864238500595093,5.852827787399292,-0.15417380660954716,430,380
log_bid_usd_within_2t,-23.6,4.8990561962127686,5.863698482513428,-0.15556303549571604,430,380
log_bid_usd_within_2t,-23.4,4.796492576599121,5.815046548843384,-0.15763769889840884,430,380
log_bid_usd_within_2t,-23.2,4.721769094467163,5.863698482513428,-0.16353733170134643,430,380
log_bid_usd_within_2t,-23.0,4.653298854827881,5.886090040206909,-0.16043451652386775,430,380
log_bid_usd_within_2t,-22.8,4.653298854827881,5.893139362335205,-0.16048959608323132,430,380
log_bid_usd_within_2t,-22.6,4.629158020019531,5.863698482513428,-0.15756425948592412,430,380
log_bid_usd_within_2t,-22.4,4.643154144287109,5.829928636550903,-0.1620012239902081,430,380
log_bid_usd_within_2t,-22.2,4.574407577514648,5.886090040206909,-0.18137086903304778,430,380
log_bid_usd_within_2t,-22.0,4.614030122756958,5.886090040206909,-0.18012851897184823,430,380
log_bid_usd_within_2t,-21.8,4.614030122756958,5.886090040206909,-0.1847796817625459,430,380
log_bid_usd_within_2t,-21.6,4.545647144317627,6.020538091659546,-0.19483476132190947,430,380
log_bid_usd_within_2t,-21.4,4.448258876800537,6.173689365386963,-0.2058812729498164,430,380
log_bid_usd_within_2t,-21.2,4.448258876800537,5.873747825622559,-0.19799877600979188,430,380
log_bid_usd_within_2t,-21.0,4.42832088470459,6.173689365386963,-0.20979192166462668,430,380
log_bid_usd_within_2t,-20.8,4.406644821166992,6.242896795272827,-0.21878824969400246,430,380
log_bid_usd_within_2t,-20.6,4.406644821166992,6.194833517074585,-0.2147001223990208,430,380
log_bid_usd_within_2t,-20.4,4.442431926727295,6.194833517074585,-0.21593635250917997,430,380
log_bid_usd_within_2t,-20.2,4.421244382858276,6.212803840637207,-0.2147062423500612,430,380
log_bid_usd_within_2t,-20.0,4.433351039886475,6.242896795272827,-0.21182986536107706,430,380
log_bid_usd_within_2t,-19.8,4.433351039886475,6.18160605430603,-0.20911872705018364,430,380
log_bid_usd_within_2t,-19.6,4.4267048835754395,6.212803840637207,-0.21520195838433287,430,380
log_bid_usd_within_2t,-19.4,4.433351039886475,6.242896795272827,-0.2107955936352509,430,380
log_bid_usd_within_2t,-19.2,4.527815818786621,6.242896795272827,-0.1955140758873929,430,380
log_bid_usd_within_2t,-19.0,4.565651893615723,6.051546335220337,-0.18742962056303547,430,380
log_bid_usd_within_2t,-18.8,4.506377458572388,6.1398398876190186,-0.18891676866585072,430,380
log_bid_usd_within_2t,-18.6,4.603965759277344,6.242896795272827,-0.1809547123623011,430,380
log_bid_usd_within_2t,-18.4,4.565651893615723,6.212803840637207,-0.18512239902080785,430,380
log_bid_usd_within_2t,-18.2,4.503688335418701,6.212803840637207,-0.19131578947368422,430,380
log_bid_usd_within_2t,-18.0,4.527815818786621,6.141136646270752,-0.18198286413708686,430,380
log_bid_usd_within_2t,-17.8,4.707471132278442,6.225273370742798,-0.1744859241126071,430,380
log_bid_usd_within_2t,-17.6,4.709530353546143,6.056352376937866,-0.16469400244798038,430,380
log_bid_usd_within_2t,-17.4,4.766958475112915,5.844249963760376,-0.15339657282741737,430,380
log_bid_usd_within_2t,-17.2,4.718459129333496,5.952487468719482,-0.15355569155446758,430,380
log_bid_usd_within_2t,-17.0,4.782379150390625,5.738152980804443,-0.14404528763769886,430,380
log_bid_usd_within_2t,-16.8,4.834858179092407,5.738152980804443,-0.14,430,380
log_bid_usd_within_2t,-16.6,4.782379150390625,5.781378984451294,-0.14328029375764995,430,380
log_bid_usd_within_2t,-16.4,4.834858179092407,5.781378984451294,-0.1387392900856793,430,380
log_bid_usd_within_2t,-16.2,4.732757091522217,5.707105398178101,-0.13930232558139533,430,380
log_bid_usd_within_2t,-16.0,4.790111064910889,5.527623653411865,-0.13397184822521424,430,380
log_bid_usd_within_2t,-15.8,4.790111064910889,5.485460042953491,-0.1347980416156671,430,380
log_bid_usd_within_2t,-15.6,4.834858179092407,5.527623653411865,-0.11879436964504286,430,380
log_bid_usd_within_2t,-15.4,4.848181962966919,5.488425016403198,-0.12056303549571601,430,380
log_bid_usd_within_2t,-15.2,4.911978721618652,5.488425016403198,-0.10793145654834757,430,380
log_bid_usd_within_2t,-15.0,4.911978721618652,5.527623653411865,-0.11602815177478576,430,380
log_bid_usd_within_2t,-14.8,4.834858179092407,5.485460042953491,-0.12790697674418605,430,380
log_bid_usd_within_2t,-14.6,4.848378896713257,5.6783881187438965,-0.13127906976744186,430,380
log_bid_usd_within_2t,-14.4,4.848378896713257,5.797833681106567,-0.12911872705018357,430,380
log_bid_usd_within_2t,-14.2,4.843281269073486,5.758077144622803,-0.12538555691554465,430,380
log_bid_usd_within_2t,-14.0,4.911978721618652,5.797833681106567,-0.12847001223990206,430,380
log_bid_usd_within_2t,-13.8,4.876759767532349,5.758077144622803,-0.1227233782129743,430,380
log_bid_usd_within_2t,-13.6,5.0238587856292725,5.806458234786987,-0.12080171358629133,430,380
log_bid_usd_within_2t,-13.4,5.053106784820557,5.797833681106567,-0.11831701346389234,430,380
log_bid_usd_within_2t,-13.2,5.064174652099609,5.844243288040161,-0.11763157894736842,430,380
log_bid_usd_within_2t,-13.0,5.025511741638184,5.7880165576934814,-0.12022031823745405,430,380
log_bid_usd_within_2t,-12.8,5.066416501998901,5.776076555252075,-0.11368421052631583,430,380
log_bid_usd_within_2t,-12.6,5.066416501998901,5.710828542709351,-0.10774173806609544,430,380
log_bid_usd_within_2t,-12.4,5.064174652099609,5.7071099281311035,-0.1104039167686659,430,380
log_bid_usd_within_2t,-12.2,4.983019828796387,5.698728799819946,-0.11705018359853125,430,380
log_bid_usd_within_2t,-12.0,5.064174652099609,5.81357216835022,-0.11785189718482247,430,380
log_bid_usd_within_2t,-11.8,5.066416501998901,5.854237079620361,-0.11449204406364744,430,380
log_bid_usd_within_2t,-11.6,5.046516418457031,5.736708641052246,-0.12096695226438192,430,380
log_bid_usd_within_2t,-11.4,5.081180572509766,5.790403366088867,-0.11561811505507957,430,380
log_bid_usd_within_2t,-11.2,5.081180572509766,5.802111625671387,-0.11774173806609545,430,380
log_bid_usd_within_2t,-11.0,5.119641304016113,5.802111625671387,-0.11669522643818853,430,380
log_bid_usd_within_2t,-10.8,5.093287944793701,5.899972677230835,-0.13285801713586287,430,380
log_bid_usd_within_2t,-10.6,5.056225538253784,5.887629747390747,-0.13584455324357403,430,380
log_bid_usd_within_2t,-10.4,5.064174652099609,5.856926202774048,-0.1326866585067319,430,380
log_bid_usd_within_2t,-10.2,5.064174652099609,5.802118301391602,-0.13308445532435742,430,380
log_bid_usd_within_2t,-10.0,4.989598989486694,5.817850112915039,-0.14146266829865362,430,380
log_bid_usd_within_2t,-9.8,4.90466833114624,5.802111625671387,-0.13957772337821295,430,380
log_bid_usd_within_2t,-9.6,4.876759767532349,5.802111625671387,-0.14753977968176257,430,380
log_bid_usd_within_2t,-9.4,4.90466833114624,5.759021282196045,-0.13941248470012235,430,380
log_bid_usd_within_2t,-9.2,4.90466833114624,5.677388668060303,-0.13429620563035494,430,380
log_bid_usd_within_2t,-9.0,4.761589288711548,5.657047986984253,-0.136187270501836,430,380
log_bid_usd_within_2t,-8.8,4.669703006744385,5.657047986984253,-0.14652998776009796,430,380
log_bid_usd_within_2t,-8.6,4.429688215255737,5.675289630889893,-0.15320073439412485,430,380
log_bid_usd_within_2t,-8.4,4.244930028915405,5.716526985168457,-0.17200122399020812,430,380
log_bid_usd_within_2t,-8.2,4.341219902038574,5.694233179092407,-0.16815789473684206,430,380
log_bid_usd_within_2t,-8.0,4.148395776748657,5.704707145690918,-0.17491432068543455,430,380
log_bid_usd_within_2t,-7.8,4.208810806274414,5.704707145690918,-0.18079559363525088,430,380
log_bid_usd_within_2t,-7.6,3.847849130630493,5.694233179092407,-0.19252141982864135,430,380
log_bid_usd_within_2t,-7.4,3.7221564054489136,5.639763593673706,-0.18602815177478582,430,380
log_bid_usd_within_2t,-7.2,3.1402106285095215,5.639763593673706,-0.2036046511627907,430,380
log_bid_usd_within_2t,-7.0,2.9377952814102173,5.694233179092407,-0.21780905752753976,430,380
log_bid_usd_within_2t,-6.8,2.7573691606521606,5.639763593673706,-0.21400244798041612,430,380
log_bid_usd_within_2t,-6.6,2.3664517402648926,5.696635484695435,-0.22635250917992655,430,380
log_bid_usd_within_2t,-6.4,1.8629092574119568,5.696635484695435,-0.2422766217870257,430,380
log_bid_usd_within_2t,-6.2,1.3028979897499084,5.696635484695435,-0.25315177478580175,430,380
log_bid_usd_within_2t,-6.0,1.1810869574546814,5.708455324172974,-0.2650061199510404,430,380
log_bid_usd_within_2t,-5.8,0.0,5.667919874191284,-0.27396572827417376,430,380
log_bid_usd_within_2t,-5.6,0.0,5.615983963012695,-0.2692778457772338,430,380
log_bid_usd_within_2t,-5.4,0.0,5.708455324172974,-0.2758567931456548,430,380
log_bid_usd_within_2t,-5.2,0.0,5.696635961532593,-0.28085067319461443,430,380
log_bid_usd_within_2t,-5.0,0.0,5.651960134506226,-0.2792717258261934,430,380
log_bid_usd_within_2t,-4.8,0.0,5.615983963012695,-0.2812362301101591,430,380
log_bid_usd_within_2t,-4.6,0.0,5.583319664001465,-0.28763769889840884,430,380
log_bid_usd_within_2t,-4.4,0.0,5.583319664001465,-0.30194614443084455,430,380
log_bid_usd_within_2t,-4.2,0.0,5.615983963012695,-0.3072154222766218,430,380
log_bid_usd_within_2t,-4.0,0.0,5.635908365249634,-0.32870869033047734,430,380
log_bid_usd_within_2t,-3.8,0.0,5.612128734588623,-0.33358629130966955,430,380
log_bid_usd_within_2t,-3.6,0.0,5.583319664001465,-0.34171358629130966,430,380
log_bid_usd_within_2t,-3.4,0.0,5.593329429626465,-0.36590575275397796,430,380
log_bid_usd_within_2t,-3.2,0.0,5.650367736816406,-0.3794002447980416,430,380
log_bid_usd_within_2t,-3.0,0.0,5.593329429626465,-0.3927784577723378,430,380
log_bid_usd_within_2t,-2.8,0.0,5.650367736816406,-0.4148959608323134,430,380
log_bid_usd_within_2t,-2.6,0.0,5.710088729858398,-0.43118727050183603,430,380
log_bid_usd_within_2t,-2.4,0.0,5.679080963134766,-0.43234394124847,430,380
log_bid_usd_within_2t,-2.2,0.0,5.710088729858398,-0.45609547123623007,430,380
log_bid_usd_within_2t,-2.0,0.0,5.679080963134766,-0.46232558139534885,430,380
log_bid_usd_within_2t,-1.8,0.0,5.707107067108154,-0.4696266829865361,430,380
log_bid_usd_within_2t,-1.6,0.0,5.650367736816406,-0.4792105263157894,430,380
log_bid_usd_within_2t,-1.4,0.0,5.650367736816406,-0.4827906976744186,430,380
log_bid_usd_within_2t,-1.2,0.0,5.503468990325928,-0.49087515299877604,430,380
log_bid_usd_within_2t,-1.0,0.0,5.584204435348511,-0.5111015911872705,430,380
log_bid_usd_within_2t,-0.8,0.0,5.585436820983887,-0.5241370869033048,430,380
log_bid_usd_within_2t,-0.6,0.0,5.506941795349121,-0.5347246022031824,430,380
log_bid_usd_within_2t,-0.4,0.0,5.361248016357422,-0.5327968176254589,430,380
log_bid_usd_within_2t,-0.2,0.0,5.401852369308472,-0.5477478580171359,430,380
log_bid_usd_within_2t,0.0,0.0,5.43746018409729,-0.6019706242350061,430,380
log_bid_usd_within_2t,0.2,0.0,5.442135572433472,-0.6227845777233783,430,380
log_bid_usd_within_2t,0.4,0.0,5.445890426635742,-0.595422276621787,430,380
log_bid_usd_within_2t,0.6,0.0,5.592569351196289,-0.5989081094344253,429,380
log_bid_usd_within_2t,0.8,0.0,5.442135572433472,-0.588651699178015,429,380
log_bid_usd_within_2t,1.0,0.0,5.592569351196289,-0.5885780885780886,429,380
log_bid_usd_within_2t,1.2,0.0,5.506941795349121,-0.5749907986750091,429,380
log_bid_usd_within_2t,1.4,0.0,5.44457745552063,-0.5514660777818672,429,380
log_bid_usd_within_2t,1.6,0.0,5.44457745552063,-0.5518199704869651,428,380
log_bid_usd_within_2t,1.8,0.0,5.448050260543823,-0.529992621741269,428,380
log_bid_usd_within_2t,2.0,0.0,5.612253427505493,-0.5315113133300541,428,380
log_bid_usd_within_2t,2.2,0.0,5.63583779335022,-0.5204008853910478,428,380
log_bid_usd_within_2t,2.4,0.0,5.63583779335022,-0.51556197737334,428,380
log_bid_usd_within_2t,2.6,0.0,5.68271017074585,-0.5085157402852927,428,380
log_bid_usd_within_2t,2.8,0.0,5.707096338272095,-0.5082206099360551,428,380
log_bid_usd_within_2t,3.0,0.0,5.717109680175781,-0.5091859321200196,428,380
log_bid_usd_within_2t,3.2,0.0,5.707104444503784,-0.5047712739793409,428,380
log_bid_usd_within_2t,3.4,0.0,5.717109680175781,-0.49636005902606983,428,380
log_bid_usd_within_2t,3.6,0.0,5.754087448120117,-0.4848438268568618,428,380
log_bid_usd_within_2t,3.8,0.0,5.754087448120117,-0.4858890801770782,428,380
log_bid_usd_within_2t,4.0,0.0,5.76532506942749,-0.47068986719134287,428,380
log_bid_usd_within_2t,4.2,0.0,5.770570516586304,-0.46369281849483523,428,380
log_bid_usd_within_2t,4.4,0.0,5.76532506942749,-0.45916133792424985,428,380
log_bid_usd_within_2t,4.6,0.0,5.754371643066406,-0.4452287260206591,428,380
log_bid_usd_within_2t,4.8,0.0,5.747509002685547,-0.439141662567634,428,380
log_bid_usd_within_2t,5.0,0.0,5.754087448120117,-0.42694909001475656,428,380
log_ask_usd_within_2t,-30.0,5.155513286590576,5.351858139038086,-0.05897796817625456,430,380
log_ask_usd_within_2t,-29.8,5.2081475257873535,5.373809814453125,-0.05328641370869036,430,380
log_ask_usd_within_2t,-29.6,5.194572687149048,5.373809814453125,-0.0633965728274174,430,380
log_ask_usd_within_2t,-29.4,5.054677724838257,5.415651082992554,-0.08078335373317014,430,380
log_ask_usd_within_2t,-29.2,5.100034236907959,5.398092031478882,-0.0731517747858017,430,380
log_ask_usd_within_2t,-29.0,4.776484251022339,5.438808441162109,-0.09192778457772333,430,380
log_ask_usd_within_2t,-28.8,4.865142583847046,5.438808441162109,-0.09160342717258263,430,380
log_ask_usd_within_2t,-28.6,5.185419321060181,5.46576714515686,-0.09209302325581392,430,380
log_ask_usd_within_2t,-28.4,5.061127424240112,5.508737325668335,-0.07756425948592416,430,380
log_ask_usd_within_2t,-28.2,5.117609977722168,5.415651082992554,-0.06846389228886174,430,380
log_ask_usd_within_2t,-28.0,5.185419321060181,5.457838296890259,-0.06679314565483474,430,380
log_ask_usd_within_2t,-27.8,5.14857029914856,5.493227481842041,-0.07709914320685429,430,380
log_ask_usd_within_2t,-27.6,5.14857029914856,5.493227481842041,-0.07824357405140758,430,380
log_ask_usd_within_2t,-27.4,5.016896963119507,5.457838296890259,-0.09251529987760099,430,380
log_ask_usd_within_2t,-27.2,4.865636110305786,5.503494739532471,-0.09954100367197061,430,380
log_ask_usd_within_2t,-27.0,4.811203718185425,5.510838985443115,-0.10186658506731949,430,380
log_ask_usd_within_2t,-26.8,4.767741441726685,5.510838985443115,-0.10423500611995107,430,380
log_ask_usd_within_2t,-26.6,4.811886787414551,5.526348829269409,-0.11031823745410041,430,380
log_ask_usd_within_2t,-26.4,5.11076545715332,5.534020662307739,-0.11115055079559366,430,380
log_ask_usd_within_2t,-26.2,5.176728248596191,5.5475287437438965,-0.11376376988984083,430,380
log_ask_usd_within_2t,-26.0,5.016896963119507,5.534020662307739,-0.12533659730722158,430,380
log_ask_usd_within_2t,-25.8,5.066463232040405,5.583319664001465,-0.13067319461444304,430,380
log_ask_usd_within_2t,-25.6,5.046525239944458,5.605593919754028,-0.1388678090575275,430,380
log_ask_usd_within_2t,-25.4,5.022615432739258,5.605593919754028,-0.14006731946144435,430,380
log_ask_usd_within_2t,-25.2,4.857082843780518,5.552624702453613,-0.13527539779681763,430,380
log_ask_usd_within_2t,-25.0,4.748076438903809,5.539293050765991,-0.12850061199510399,430,380
log_ask_usd_within_2t,-24.8,4.7684245109558105,5.492149353027344,-0.12451652386780909,430,380
log_ask_usd_within_2t,-24.6,4.955913782119751,5.4522411823272705,-0.11143206854345167,430,380
log_ask_usd_within_2t,-24.4,4.847395658493042,5.447071313858032,-0.11441860465116283,430,380
log_ask_usd_within_2t,-24.2,4.841019868850708,5.50383734703064,-0.12431456548347608,430,380
log_ask_usd_within_2t,-24.0,4.815839529037476,5.5726706981658936,-0.1381334149326805,430,380
log_ask_usd_within_2t,-23.8,4.722732305526733,5.520425319671631,-0.14107099143206858,430,380
log_ask_usd_within_2t,-23.6,4.869367599487305,5.571082830429077,-0.14430232558139533,430,380
log_ask_usd_within_2t,-23.4,4.640866994857788,5.555667400360107,-0.14462668298653614,430,380
log_ask_usd_within_2t,-23.2,4.6226866245269775,5.571082830429077,-0.14804773561811502,430,380
log_ask_usd_within_2t,-23.0,4.6226866245269775,5.588086128234863,-0.15077111383108932,430,380
log_ask_usd_within_2t,-22.8,4.6151204109191895,5.588086128234863,-0.1502141982864137,430,380
log_ask_usd_within_2t,-22.6,4.687158107757568,5.588086128234863,-0.1463463892288862,430,380
log_ask_usd_within_2t,-22.4,4.625854730606079,5.607922077178955,-0.1603365973072215,430,380
log_ask_usd_within_2t,-22.2,4.625854730606079,5.878928184509277,-0.170422276621787,430,380
log_ask_usd_within_2t,-22.0,4.654621839523315,5.891745328903198,-0.16528763769889843,430,380
log_ask_usd_within_2t,-21.8,4.654621839523315,5.905469655990601,-0.17197674418604647,430,380
log_ask_usd_within_2t,-21.6,4.640866994857788,5.914165258407593,-0.17539167686658508,430,380
log_ask_usd_within_2t,-21.4,4.618288516998291,5.914165258407593,-0.18210526315789477,430,380
log_ask_usd_within_2t,-21.2,4.625854730606079,5.914165258407593,-0.17541615667074661,430,380
log_ask_usd_within_2t,-21.0,4.623755216598511,5.921098947525024,-0.18488372093023253,430,380
log_ask_usd_within_2t,-20.8,4.590722322463989,5.924889326095581,-0.1884394124847001,430,380
log_ask_usd_within_2t,-20.6,4.553211212158203,5.914165258407593,-0.18541003671970624,430,380
log_ask_usd_within_2t,-20.4,4.511126518249512,5.924889326095581,-0.1942533659730722,430,380
log_ask_usd_within_2t,-20.2,4.504852533340454,5.905469655990601,-0.1949816401468788,430,380
log_ask_usd_within_2t,-20.0,4.4787421226501465,5.947839975357056,-0.19829865361077115,430,380
log_ask_usd_within_2t,-19.8,4.419719457626343,5.967319488525391,-0.203359853121175,430,380
log_ask_usd_within_2t,-19.6,4.504852533340454,5.937115907669067,-0.20074663402692783,430,380
log_ask_usd_within_2t,-19.4,4.504852533340454,5.937115907669067,-0.19581395348837205,430,380
log_ask_usd_within_2t,-19.2,4.511126518249512,5.829411029815674,-0.18845777233782135,430,380
log_ask_usd_within_2t,-19.0,4.504852533340454,5.590811014175415,-0.17189106487148098,430,380
log_ask_usd_within_2t,-18.8,4.504852533340454,5.587136507034302,-0.17080783353733175,430,380
log_ask_usd_within_2t,-18.6,4.553211212158203,5.539293050765991,-0.14897184822521414,430,380
log_ask_usd_within_2t,-18.4,4.527891635894775,5.566316366195679,-0.15943084455324352,430,380
log_ask_usd_within_2t,-18.2,4.527891635894775,5.570133209228516,-0.15899020807833542,430,380
log_ask_usd_within_2t,-18.0,4.511126518249512,5.553871393203735,-0.15954100367197066,430,380
log_ask_usd_within_2t,-17.8,4.527891635894775,5.539293050765991,-0.14936964504283967,430,380
log_ask_usd_within_2t,-17.6,4.511126518249512,5.512946128845215,-0.1390758873929009,430,380
log_ask_usd_within_2t,-17.4,4.560706377029419,5.537048101425171,-0.1380171358629131,430,380
log_ask_usd_within_2t,-17.2,4.580368280410767,5.566316366195679,-0.1402876376988984,430,380
log_ask_usd_within_2t,-17.0,4.579457759857178,5.537048101425171,-0.13410036719706242,430,380
log_ask_usd_within_2t,-16.8,4.623263597488403,5.570133209228516,-0.14003671970624232,430,380
log_ask_usd_within_2t,-16.6,4.590722322463989,5.553871393203735,-0.14995716034271722,430,380
log_ask_usd_within_2t,-16.4,4.577609300613403,5.566316366195679,-0.15129130966952264,430,380
log_ask_usd_within_2t,-16.2,4.638275861740112,5.545278787612915,-0.14940636474908198,430,380
log_ask_usd_within_2t,-16.0,4.623482942581177,5.540977478027344,-0.14070379436964509,430,380
log_ask_usd_within_2t,-15.8,4.6574602127075195,5.477774381637573,-0.1321970624235006,430,380
log_ask_usd_within_2t,-15.6,4.875197410583496,5.499501705169678,-0.11934516523867811,430,380
log_ask_usd_within_2t,-15.4,4.807690382003784,5.517432689666748,-0.12135250917992657,430,380
log_ask_usd_within_2t,-15.2,4.807690382003784,5.517432689666748,-0.1159730722154223,430,380
log_ask_usd_within_2t,-15.0,4.875197410583496,5.517432689666748,-0.1290269277845777,430,380
log_ask_usd_within_2t,-14.8,4.932883024215698,5.477774381637573,-0.12778457772337826,430,380
log_ask_usd_within_2t,-14.6,5.079651355743408,5.517432689666748,-0.12534883720930234,430,380
log_ask_usd_within_2t,-14.4,5.025290489196777,5.477774381637573,-0.1264259485924113,430,380
log_ask_usd_within_2t,-14.2,5.062059640884399,5.477774381637573,-0.11667686658506737,430,380
log_ask_usd_within_2t,-14.0,5.133458852767944,5.499501705169678,-0.11479804161566709,430,380
log_ask_usd_within_2t,-13.8,5.127142429351807,5.449232339859009,-0.10799265605875152,430,380
log_ask_usd_within_2t,-13.6,5.183690786361694,5.477774381637573,-0.10235618115055078,430,380
log_ask_usd_within_2t,-13.4,5.2458655834198,5.517432689666748,-0.1077539779681762,430,380
log_ask_usd_within_2t,-13.2,5.247024059295654,5.517432689666748,-0.10818849449204404,430,380
log_ask_usd_within_2t,-13.0,5.246523857116699,5.477774381637573,-0.11109547123623009,430,380
log_ask_usd_within_2t,-12.8,5.302084445953369,5.477774381637573,-0.1005201958384333,430,380
log_ask_usd_within_2t,-12.6,5.302084445953369,5.499501705169678,-0.10151774785801715,430,380
log_ask_usd_within_2t,-12.4,5.247024059295654,5.477774381637573,-0.09995716034271729,430,380
log_ask_usd_within_2t,-12.2,5.2458655834198,5.436648607254028,-0.10522643818849453,430,380
log_ask_usd_within_2t,-12.0,5.232681751251221,5.499501705169678,-0.10651162790697677,430,380
log_ask_usd_within_2t,-11.8,5.246523857116699,5.477774381637573,-0.10199510403916767,430,380
log_ask_usd_within_2t,-11.6,5.158306837081909,5.449232339859009,-0.10985312117503065,430,380
log_ask_usd_within_2t,-11.4,5.206306457519531,5.436648607254028,-0.09707466340269277,430,380
log_ask_usd_within_2t,-11.2,5.206306457519531,5.499501705169678,-0.10487760097919219,430,380
log_ask_usd_within_2t,-11.0,5.206306457519531,5.499501705169678,-0.09905140758873932,430,380
log_ask_usd_within_2t,-10.8,5.178231239318848,5.5499420166015625,-0.11732558139534888,430,380
log_ask_usd_within_2t,-10.6,5.103616952896118,5.566316366195679,-0.13088739290085682,430,380
log_ask_usd_within_2t,-10.4,5.132569789886475,5.577324628829956,-0.13196450428396578,430,380
log_ask_usd_within_2t,-10.2,5.152881860733032,5.577324628829956,-0.12916156670746637,430,380
log_ask_usd_within_2t,-10.0,5.139696359634399,5.509760856628418,-0.13201346389228885,430,380
log_ask_usd_within_2t,-9.8,5.139696359634399,5.499501705169678,-0.12798041615667077,430,380
log_ask_usd_within_2t,-9.6,5.117609977722168,5.499501705169678,-0.12372093023255815,430,380
log_ask_usd_within_2t,-9.4,5.080907106399536,5.499501705169678,-0.12680538555691556,430,380
log_ask_usd_within_2t,-9.2,5.12720251083374,5.443463325500488,-0.11944920440636475,430,380
log_ask_usd_within_2t,-9.0,5.051623582839966,5.426880359649658,-0.12444920440636476,430,380
log_ask_usd_within_2t,-8.8,5.051623582839966,5.443463325500488,-0.136015911872705,430,380
log_ask_usd_within_2t,-8.6,4.998204708099365,5.470422029495239,-0.14452876376988988,430,380
log_ask_usd_within_2t,-8.4,4.933427810668945,5.499501705169678,-0.1534271725826193,430,380
log_ask_usd_within_2t,-8.2,4.919370651245117,5.575528621673584,-0.16239902080783353,430,380
log_ask_usd_within_2t,-8.0,4.529419183731079,5.575528621673584,-0.1750979192166463,430,380
log_ask_usd_within_2t,-7.8,4.502450704574585,5.6041929721832275,-0.17746634026927788,430,380
log_ask_usd_within_2t,-7.6,4.034921288490295,5.6041929721832275,-0.1897796817625459,430,380
log_ask_usd_within_2t,-7.4,4.307004928588867,5.575528621673584,-0.19451040391676866,430,380
log_ask_usd_within_2t,-7.2,3.7123600244522095,5.681528568267822,-0.21416156670746633,430,380
log_ask_usd_within_2t,-7.0,3.6112974882125854,5.705437660217285,-0.22261321909424725,430,380
log_ask_usd_within_2t,-6.8,3.5512452125549316,5.531548738479614,-0.21369645042839658,430,380
log_ask_usd_within_2t,-6.6,2.86794912815094,5.575528621673584,-0.2247552019583844,430,380
log_ask_usd_within_2t,-6.4,1.8892458081245422,5.657942056655884,-0.24859241126070997,430,380
log_ask_usd_within_2t,-6.2,1.5673991441726685,5.657942056655884,-0.2519033047735618,430,380
log_ask_usd_within_2t,-6.0,1.4047013521194458,5.657942056655884,-0.2571175030599755,430,380
log_ask_usd_within_2t,-5.8,0.826919674873352,5.6046812534332275,-0.2619583843329253,430,380
log_ask_usd_within_2t,-5.6,0.0,5.492149353027344,-0.2656181150550796,430,380
log_ask_usd_within_2t,-5.4,0.0,5.492149353027344,-0.2684271725826194,430,380
log_ask_usd_within_2t,-5.2,0.0,5.575528621673584,-0.2789167686658507,430,380
log_ask_usd_within_2t,-5.0,0.0,5.457838296890259,-0.28154222766217873,430,380
log_ask_usd_within_2t,-4.8,0.0,5.457838296890259,-0.284124847001224,430,380
log_ask_usd_within_2t,-4.6,0.0,5.2522735595703125,-0.2789412484700122,430,380
log_ask_usd_within_2t,-4.4,0.0,5.421635150909424,-0.29624847001223986,430,380
log_ask_usd_within_2t,-4.2,0.0,5.2904980182647705,-0.30007955936352504,430,380
log_ask_usd_within_2t,-4.0,0.0,5.2904980182647705,-0.31288249694002446,430,380
log_ask_usd_within_2t,-3.8,0.0,5.249648809432983,-0.31442472460220316,430,380
log_ask_usd_within_2t,-3.6,0.0,5.235414743423462,-0.3289779681762546,430,380
log_ask_usd_within_2t,-3.4,0.0,5.426880359649658,-0.35541615667074666,430,380
log_ask_usd_within_2t,-3.2,0.0,5.2904980182647705,-0.36179926560587516,430,380
log_ask_usd_within_2t,-3.0,0.0,5.2522735595703125,-0.37464504283965727,430,380
log_ask_usd_within_2t,-2.8,0.0,5.249648809432983,-0.38686046511627903,430,380
log_ask_usd_within_2t,-2.6,0.0,5.454174995422363,-0.4065850673194614,430,380
log_ask_usd_within_2t,-2.4,0.0,5.426880359649658,-0.4157894736842105,430,380
log_ask_usd_within_2t,-2.2,0.0,5.413229465484619,-0.43837821297429624,430,380
log_ask_usd_within_2t,-2.0,0.0,5.3375773429870605,-0.44447368421052635,430,380
log_ask_usd_within_2t,-1.8,0.0,5.249648809432983,-0.45089351285189716,430,380
log_ask_usd_within_2t,-1.6,0.0,5.2522735595703125,-0.46618727050183595,430,380
log_ask_usd_within_2t,-1.4,0.0,5.215398550033569,-0.4710587515299878,430,380
log_ask_usd_within_2t,-1.2,0.0,5.155085325241089,-0.47285189718482257,430,380
log_ask_usd_within_2t,-1.0,0.0,5.155085325241089,-0.4968176254589963,430,380
log_ask_usd_within_2t,-0.8,0.0,5.191134929656982,-0.5194247246022032,430,380
log_ask_usd_within_2t,-0.6,0.0,5.17606520652771,-0.5418053855569156,430,380
log_ask_usd_within_2t,-0.4,0.0,5.155010461807251,-0.5380232558139535,430,380
log_ask_usd_within_2t,-0.2,0.0,5.155010461807251,-0.5446144430844553,430,380
log_ask_usd_within_2t,0.0,0.0,5.218023300170898,-0.5938372093023256,430,380
log_ask_usd_within_2t,0.2,0.0,5.17606520652771,-0.6199020807833537,430,380
log_ask_usd_within_2t,0.4,0.0,5.3320512771606445,-0.6057099143206854,430,380
log_ask_usd_within_2t,0.6,0.0,5.417355060577393,-0.6029137529137529,429,380
log_ask_usd_within_2t,0.8,0.0,5.193092584609985,-0.5846828609986505,429,380
log_ask_usd_within_2t,1.0,0.0,5.227342844009399,-0.5833087964666912,429,380
log_ask_usd_within_2t,1.2,0.0,5.417355060577393,-0.5719911667280089,429,380
log_ask_usd_within_2t,1.4,0.0,5.2522735595703125,-0.5380812170285855,429,380
log_ask_usd_within_2t,1.6,0.0,5.378211259841919,-0.5301340383669454,428,380
log_ask_usd_within_2t,1.8,0.0,5.288921117782593,-0.5183042302016724,428,380
log_ask_usd_within_2t,2.0,0.0,5.457838296890259,-0.5075811608460403,428,380
log_ask_usd_within_2t,2.2,0.0,5.426880359649658,-0.4980939498278406,428,380
log_ask_usd_within_2t,2.4,0.0,5.3320512771606445,-0.49035292670929664,428,380
log_ask_usd_within_2t,2.6,0.0,5.417355060577393,-0.4812407771765863,428,380
log_ask_usd_within_2t,2.8,0.0,5.426880359649658,-0.490248401377275,428,380
log_ask_usd_within_2t,3.0,0.0,5.426880359649658,-0.49207452041318245,428,380
log_ask_usd_within_2t,3.2,0.0,5.48479700088501,-0.482863994097393,428,380
log_ask_usd_within_2t,3.4,0.0,5.457838296890259,-0.4803861288735858,428,380
log_ask_usd_within_2t,3.6,0.0,5.457838296890259,-0.4700688637481555,428,380
log_ask_usd_within_2t,3.8,0.0,5.446995496749878,-0.4670068863748156,428,380
log_ask_usd_within_2t,4.0,0.0,5.426880359649658,-0.45194294146581404,428,380
log_ask_usd_within_2t,4.2,0.0,5.473954200744629,-0.4535169699950812,428,380
log_ask_usd_within_2t,4.4,0.0,5.48479700088501,-0.4504795868175111,428,380
log_ask_usd_within_2t,4.6,0.0,5.436648607254028,-0.4414904082636498,428,380
log_ask_usd_within_2t,4.8,0.0,5.426880359649658,-0.43112395474667975,428,380
log_ask_usd_within_2t,5.0,0.0,5.257917404174805,-0.40870019675356617,428,380
upd_rate,-30.0,2.055500629536678,2.0263611727026363,-0.003971848225214236,430,380
upd_rate,-29.8,1.9084038969316215,2.004016064257028,0.018463892288861583,430,380
upd_rate,-29.6,1.8349179842163386,1.986255976519969,0.01231946144430851,430,380
upd_rate,-29.4,1.9723865877712032,2.0473424363584547,0.015501835985312074,430,380
upd_rate,-29.2,2.176281140475514,1.9140876853642812,0.021156670746633965,430,380
upd_rate,-29.0,2.1209504016985594,2.0597868513050264,0.009412484700122459,430,380
upd_rate,-28.8,2.0408163265306123,2.304147465437788,-0.0035189718482252497,430,380
upd_rate,-28.6,2.8050987489180894,1.9531324506090186,0.05381272949816407,430,380
upd_rate,-28.4,2.7855369335816262,1.9212455429318096,0.049785801713586375,430,380
upd_rate,-28.2,2.7984344422700587,2.0748316889646503,0.04031823745410046,430,380
upd_rate,-28.0,2.821149469194162,2.0016957422471786,0.06812729498164005,430,380
upd_rate,-27.8,2.6560471809921555,2.3782053457305414,0.05595471236230121,430,380
upd_rate,-27.6,2.389571532980084,1.974381763183335,0.04515911872705014,430,380
upd_rate,-27.4,2.3613573762448006,2.0556048506359064,0.023029375764993976,430,380
upd_rate,-27.2,2.5032269383560783,2.0263445319493147,0.056799265605875116,430,380
upd_rate,-27.0,2.6886577671130896,1.9665854507483467,0.056138310893512955,430,380
upd_rate,-26.8,2.4096525455221105,1.6751170758123757,0.07696450428396573,430,380
upd_rate,-26.6,2.5286430361618333,1.5835560927414702,0.08528151774785808,430,380
upd_rate,-26.4,2.358503685162008,1.6333333333333333,0.07127294981640153,430,380
upd_rate,-26.2,2.272832931282963,1.5874015748031498,0.07791309669522639,430,380
upd_rate,-26.0,2.2523550807347545,1.7407086456711047,0.05713586291309669,430,380
upd_rate,-25.8,2.209947449647385,1.6652800887409873,0.06254589963280299,430,380
upd_rate,-25.6,2.21768740933789,2.120893159163698,0.06679926560587512,430,380
upd_rate,-25.4,2.3041596984417723,1.9550809170342398,0.06469400244798051,430,380
upd_rate,-25.2,2.4363463707044932,2.143644885580369,0.04569155446756423,430,380
upd_rate,-25.0,2.5608236605679062,2.171555220220692,0.0500550795593635,430,380
upd_rate,-24.8,2.057691574896163,1.939880634308981,0.03768665850673192,430,380
upd_rate,-24.6,2.2625476696270894,1.8644008896302475,0.05403916768665851,430,380
upd_rate,-24.4,2.4906947890818856,1.9532442165659525,0.07397796817625468,430,380
upd_rate,-24.2,3.0581325751907826,2.1164044863295945,0.06022643818849449,430,380
upd_rate,-24.0,2.512562814070352,2.4660949948306268,0.032001223990208105,430,380
upd_rate,-23.8,2.2296793437733036,2.0576480151740952,0.05674418604651166,430,380
upd_rate,-23.6,2.577336707784487,1.7638055894283653,0.0862484700122399,430,380
upd_rate,-23.4,2.649011269700925,1.828089588054926,0.07466952264381876,430,380
upd_rate,-23.2,2.3754175318226958,2.012471655328798,0.04733782129742958,430,380
upd_rate,-23.0,2.3640661938534278,2.0942431339526153,0.0351713586291309,430,380
upd_rate,-22.8,2.5608572477834324,1.982255960519905,0.05529987760097921,430,380
upd_rate,-22.6,2.4215346549166537,2.0408163265306123,0.057099143206854386,430,380
upd_rate,-22.4,2.557812448892814,1.9843222791358748,0.0970624235006119,430,380
upd_rate,-22.2,2.6631205673758864,1.943651117457727,0.09123623011015902,430,380
upd_rate,-22.0,2.6738159070598746,1.851953467954346,0.11722766217870251,430,380
upd_rate,-21.8,2.568617365040425,1.5723309311610776,0.11602203182374549,430,380
upd_rate,-21.6,2.4691508559722966,1.4524335909811996,0.14186046511627914,430,380
upd_rate,-21.4,1.9569771405155543,1.5060240963855422,0.09310281517747865,430,380
upd_rate,-21.2,2.361278379945582,1.663893510815308,0.12278457772337825,430,380
upd_rate,-21.0,2.7701043585021488,1.4609585766485673,0.1318727050183599,430,380
upd_rate,-20.8,2.5062814070351758,1.7035824568735345,0.10177478580171351,430,380
upd_rate,-20.6,2.6737967914438503,1.5564287167760003,0.11290085679314577,430,380
upd_rate,-20.4,2.6076727455700164,1.5674019698164567,0.1368298653610771,430,380
upd_rate,-20.2,3.076923076923077,1.6313604428358528,0.14102815177478578,430,380
upd_rate,-20.0,2.6531919235993326,1.4026238705730298,0.14626070991432072,430,380
upd_rate,-19.8,2.5608572477834324,1.3228346456692912,0.13950428396572834,430,380
upd_rate,-19.6,2.5978407557354926,1.3123562995685758,0.12805997552019588,430,380
upd_rate,-19.4,2.5915258447635736,1.5386946188298345,0.12225214198286416,430,380
upd_rate,-19.2,2.6525198938992043,1.6680671567454466,0.11171358629130967,430,380
upd_rate,-19.0,2.7781207556488456,1.6963638247177042,0.10684210526315785,430,380
upd_rate,-18.8,2.466124990877466,1.7715917650012554,0.09679314565483477,430,380
upd_rate,-18.6,2.6008198162853935,1.947436286407767,0.08115667074663402,430,380
upd_rate,-18.4,2.8864897285949915,1.6532584220536477,0.14247858017135862,430,380
upd_rate,-18.2,3.2468901539110266,1.4880985333814603,0.175985312117503,430,380
upd_rate,-18.0,3.2056551043892814,1.5858056571292143,0.1429314565483477,430,380
upd_rate,-17.8,2.913930880032575,1.6066589237320943,0.1364320685434517,430,380
upd_rate,-17.6,2.8654236147031535,1.874429063312487,0.10847613219094243,430,380
upd_rate,-17.4,3.0120755196283895,1.7958009852724974,0.10928396572827426,430,380
upd_rate,-17.2,3.0960049075991103,1.501586134903761,0.13588739290085683,430,380
upd_rate,-17.0,2.8530728530728533,1.4706391224609847,0.13425336597307225,430,380
upd_rate,-16.8,2.6178010471204187,1.446404591680925,0.1385862913096696,430,380
upd_rate,-16.6,2.7512867090523763,1.611612963549756,0.09481028151774784,430,380
upd_rate,-16.4,2.389571532980084,1.5107429340818586,0.11008567931456548,430,380
upd_rate,-16.2,2.2274477120292095,1.6221891264649697,0.11351897184822524,430,380
upd_rate,-16.0,2.7434893873250035,1.7094067043807564,0.12059363525091804,430,380
upd_rate,-15.8,2.736024193789861,1.5492099149434555,0.11540391676866579,430,380
upd_rate,-15.6,2.4368670378857136,1.6722828898614355,0.07204406364749083,430,380
upd_rate,-15.4,2.3094688221709005,1.610723632506011,0.0701468788249695,430,380
upd_rate,-15.2,2.2656594788213438,1.661294595549276,0.07619339045287643,430,380
upd_rate,-15.0,2.372482579279756,1.7889602908420594,0.0818176254589964,430,380
upd_rate,-14.8,2.066150982702389,1.9802057845536107,0.04889228886168917,430,380
upd_rate,-14.6,2.380224607163882,2.2835335335335336,0.052545899632802984,430,380
upd_rate,-14.4,2.2031669311437545,2.010946013678475,0.050832313341493185,430,380
upd_rate,-14.2,2.3930156004007443,2.0688917415489945,0.030201958384332928,430,380
upd_rate,-14.0,1.917547304402821,1.9666158737034256,0.045948592411260814,430,380
upd_rate,-13.8,2.053526626270804,1.7711598746081503,0.04216646266829871,430,380
upd_rate,-13.6,2.1345324986559504,1.7286097614906981,0.06946756425948597,430,380
upd_rate,-13.4,1.9726628614116795,1.602601144935241,0.05999388004895967,430,380
upd_rate,-13.2,2.1505475802871095,1.8417767888638645,0.02270501835985317,430,380
upd_rate,-13.0,1.992419281220853,1.8165319254248473,0.016291309669522747,430,380
upd_rate,-12.8,1.8622232240389782,1.5823418659616233,0.03291309669522646,430,380
upd_rate,-12.6,1.9920397773042384,1.7621159053083937,0.03608323133414926,430,380
upd_rate,-12.4,1.9666158737034256,1.7331230757678155,0.03779069767441867,430,380
upd_rate,-12.2,2.2026538582829973,2.075268817204301,0.018623011015911795,430,380
upd_rate,-12.0,2.3866484392800182,1.8659898971964894,0.03725826193390458,430,380
upd_rate,-11.8,2.227270923449343,1.7301866685824443,0.0612423500611996,430,380
upd_rate,-11.6,2.358490566037736,1.7110755917774694,0.057141982864137075,430,380
upd_rate,-11.4,2.298862723544582,1.6865132972899182,0.03982252141982867,430,380
upd_rate,-11.2,2.004008016032064,1.930617052044665,0.01104651162790704,430,380
upd_rate,-11.0,1.9049346879535558,1.8570118145264187,0.05154222766217864,430,380
upd_rate,-10.8,2.1551724137931036,1.8298276982006416,0.03604039167686657,430,380
upd_rate,-10.6,2.086706007276272,1.5936750782234141,0.045152998776009756,430,380
upd_rate,-10.4,2.0748316889646503,1.594932844932845,0.051389228886168814,430,380
upd_rate,-10.2,2.3202980317843145,1.5979374864392286,0.05649938800489607,430,380
upd_rate,-10.0,2.141337441766626,1.7079431755199672,0.0690024479804161,430,380
upd_rate,-9.8,2.1600791251446276,1.8816690386671482,0.08283965728274167,430,380
upd_rate,-9.6,2.249744404741419,1.9257144975349372,0.05792533659730714,430,380
upd_rate,-9.4,2.002020056272996,1.8116179849031835,0.052545899632802984,430,380
upd_rate,-9.2,1.8587938569972533,1.7286407534901511,0.013684210526315743,430,380
upd_rate,-9.0,1.9330185719194968,1.9764775732292752,0.024026927784577712,430,380
upd_rate,-8.8,2.234773576236991,1.7954247291551835,0.04500611995104031,430,380
upd_rate,-8.6,2.270173883466125,1.7905117304967266,0.08073439412484706,430,380
upd_rate,-8.4,2.095021037868163,1.6300189172529598,0.07122399020807824,430,380
upd_rate,-8.2,2.1693607209242134,1.545775993883792,0.07007343941248467,430,380
upd_rate,-8.0,2.293686575094562,1.5027729604740228,0.08304161566707458,430,380
upd_rate,-7.8,2.26758535582065,1.600004096010486,0.09267441860465109,430,380
upd_rate,-7.6,2.3121665401434877,1.5588928580107408,0.09915544675642596,430,380
upd_rate,-7.4,2.2398691695678785,1.3956740920813757,0.11812117503059971,430,380
upd_rate,-7.2,2.8450020234722784,1.3504444339075534,0.15375764993880048,430,380
upd_rate,-7.0,2.7777777777777777,1.5314079337718836,0.13544063647490812,430,380
upd_rate,-6.8,3.130511463844797,1.7422078690733822,0.11156670746634023,430,380
upd_rate,-6.6,2.877846790890269,1.9232547387887193,0.10534883720930233,430,380
upd_rate,-6.4,3.0120755196283895,1.9646668750989087,0.10364137086903313,430,380
upd_rate,-6.2,3.262651423218582,1.7827351160684493,0.15097919216646272,430,380
upd_rate,-6.0,3.305794155574498,1.9495029337549021,0.1383843329253367,430,380
upd_rate,-5.8,3.0516169848535597,1.6992365706893962,0.1651774785801714,430,380
upd_rate,-5.6,3.0211480362537766,1.8018076513518426,0.13774173806609546,430,380
upd_rate,-5.4,3.0962423312883436,1.8034279767131753,0.12354345165238678,430,380
upd_rate,-5.2,2.635087280756572,2.166849780732644,0.08650550795593626,430,380
upd_rate,-5.0,2.3980953257269046,2.0387381021655098,0.09760709914320675,430,380
upd_rate,-4.8,2.9240016073459127,1.7621268482925223,0.1299204406364749,430,380
upd_rate,-4.6,3.257640067911715,1.9193857965451055,0.14108323133414924,430,380
upd_rate,-4.4,3.5399228108866723,1.7652264413159582,0.14938800489596082,430,380
upd_rate,-4.2,3.31140350877193,1.4814814814814814,0.16722766217870255,430,380
upd_rate,-4.0,2.6666666666666665,1.6792623089504257,0.1335801713586291,430,380
upd_rate,-3.8,2.950083542188805,1.66251153946081,0.1718543451652388,430,380
upd_rate,-3.6,3.88362693050193,1.6778712430886344,0.18959608323133414,430,380
upd_rate,-3.4,3.66320026836632,1.5797788309636651,0.19264993880048964,430,380
upd_rate,-3.2,3.584966270478638,1.4892041019090199,0.22561199510403918,430,380
upd_rate,-3.0,4.338905202921467,1.6077544426494346,0.2469522643818849,430,380
upd_rate,-2.8,5.390874745713456,1.4367934733243604,0.23985924112607093,430,380
upd_rate,-2.6,4.06510782450632,1.4727828003262247,0.21237454100367192,430,380
upd_rate,-2.4,4.3212872396027775,1.8264855415738133,0.2107527539779681,430,380
upd_rate,-2.2,5.681818181818182,1.763668430335097,0.2614749082007344,430,380
upd_rate,-2.0,5.9171597633136095,1.998019944271012,0.221780905752754,430,380
upd_rate,-1.8,5.649717514124294,1.7108952855980375,0.2917625458996329,430,380
upd_rate,-1.6,6.538461538461538,1.8281596748750033,0.2926438188494491,430,380
upd_rate,-1.4,5.952591857704709,1.5810760816310205,0.308470012239902,430,380
upd_rate,-1.2,7.435869084475895,1.6370997344736766,0.32300489596083226,430,380
upd_rate,-1.0,8.774630541871922,1.485913627130619,0.37594859241126066,430,380
upd_rate,-0.8,8.889064475347661,1.6963638247177042,0.3748408812729498,430,380
upd_rate,-0.6,8.547632963179428,1.8034397075468016,0.33194614443084447,430,380
upd_rate,-0.4,7.875968992248062,2.036693670487023,0.3294063647490819,430,380
upd_rate,-0.2,11.979913916786227,2.2296793437733036,0.34566095471236236,430,380
upd_rate,0.0,27.027027027027028,2.014149757003886,0.4461505507955936,430,380
upd_rate,0.2,125.0,1.81827799156319,0.8322582619339045,430,380
upd_rate,0.4,52.63157894736842,1.906579425663395,0.7104895960832314,430,380
upd_rate,0.6,50.0,1.792120451049097,0.6664703717335296,429,380
upd_rate,0.8,41.666666666666664,1.8417767888638645,0.6276775855723224,429,380
upd_rate,1.0,38.46153846153846,1.8332560374784075,0.6127898417372102,429,380
upd_rate,1.2,37.03703703703704,1.8349612301310736,0.6149858913016808,429,380
upd_rate,1.4,29.41176470588235,1.6893627221569054,0.5828303275671696,429,380
upd_rate,1.6,25.32051282051282,1.6503267973856208,0.5571630595179538,428,380
upd_rate,1.8,17.392619479733817,1.7378411513537344,0.5328209542547959,428,380
upd_rate,2.0,17.095265926358856,1.6920522217132388,0.5188821938022627,428,380
upd_rate,2.2,17.54385964912281,1.8050776769888437,0.4866084604033447,428,380
upd_rate,2.4,15.038444142921755,1.6978124450516983,0.4981308411214953,428,380
upd_rate,2.6,12.987012987012987,1.6380027367121892,0.4882070831283818,428,380
upd_rate,2.8,10.15254586683158,1.4970194074671688,0.46804599114608947,428,380
upd_rate,3.0,11.90644932671864,1.4430044477020205,0.4914412198721101,428,380
upd_rate,3.2,9.093915343915345,1.2973800154710253,0.46324397442203646,428,380
upd_rate,3.4,9.803921568627452,1.5748187718397604,0.43546483030004923,428,380
upd_rate,3.6,7.117527862208713,1.4804830473184738,0.42509837678307916,428,380
upd_rate,3.8,7.936507936507937,1.6234835846306708,0.4202348745696016,428,380
upd_rate,4.0,7.6923076923076925,1.6025641025641026,0.39995081160846047,428,380
upd_rate,4.2,8.735123588648154,1.4652022515811303,0.4210464830300049,428,380
upd_rate,4.4,9.900990099009901,1.679357021996616,0.41844564682734875,428,380
upd_rate,4.6,8.510792409097494,1.8867924528301887,0.39016232169208065,428,380
upd_rate,4.8,8.130618720253834,1.6638981173864895,0.38009099852434836,428,380
upd_rate,5.0,9.302526825891313,1.5974481658692186,0.4148487456960157,428,380
