ts,slug,market_type,line,asset_id,price,size,aggressor
1790040865918,mlb-tor-bal-2026-09-21,spread,-1.5,20311461726468500051373294217156241051454189716496723207087671659683124444274,0.19,52.631579,buy
1790040900578,mlb-min-sf-2026-09-21,total,8.5,99675211524389996563605546081084353982957157387898350977475227973158792759432,0.45,5.0,sell
1790040908155,mlb-tor-bal-2026-09-21,moneyline,,100325507423174853914085880722340913259149129234844981069004329404344835735986,0.72,2.083332,buy
1790040908421,mlb-tor-bal-2026-09-21,moneyline,,100325507423174853914085880722340913259149129234844981069004329404344835735986,0.72,1.388889,buy
1790040912428,mlb-tor-bal-2026-09-21,total,6.5,88387690168890892720588807602753557030158026463449618078233270167933715537260,0.57,1.929825,buy
1790040913434,mlb-tor-bal-2026-09-21,moneyline,,100325507423174853914085880722340913259149129234844981069004329404344835735986,0.72,250.0,buy
1790040916375,mlb-tor-bal-2026-09-21,moneyline,,100325507423174853914085880722340913259149129234844981069004329404344835735986,0.75,888.88,buy
1790040918059,mlb-min-sf-2026-09-21,moneyline,,52778541504311759750508311994558317269550813701156447811711347174954389079359,0.54,100.0,buy
1790040941873,mlb-min-sf-2026-09-21,total,6.5,50378321555830083363178561274306220044818398153735208866569509431533788097148,0.33,151.79,sell
1790040957506,mlb-min-sf-2026-09-21,moneyline,,35666944316359472749137362875213336087465905017132521316783037768062839232945,0.47,3.19149,buy
1790040958126,mlb-min-sf-2026-09-21,spread,-1.5,106149601255717667637752979947111830571639957995043901293708194551297304240763,0.6,1.666667,buy
1790040960516,mlb-min-sf-2026-09-21,moneyline,,35666944316359472749137362875213336087465905017132521316783037768062839232945,0.47,127.659575,buy
1790040966926,mlb-tor-bal-2026-09-21,moneyline,,100325507423174853914085880722340913259149129234844981069004329404344835735986,0.77,215.0,buy
1790040980635,mlb-tor-bal-2026-09-21,moneyline,,100325507423174853914085880722340913259149129234844981069004329404344835735986,0.8,5.0,buy
1790040985369,mlb-tor-bal-2026-09-21,moneyline,,57127995217533601132574915606447033184748035678780584329337725901416585796147,0.21,190.476191,buy
1790040995252,mlb-tor-bal-2026-09-21,moneyline,,100325507423174853914085880722340913259149129234844981069004329404344835735986,0.79,1000.0,sell
1790041007555,mlb-tor-bal-2026-09-21,moneyline,,57127995217533601132574915606447033184748035678780584329337725901416585796147,0.21,5.71,buy
1790041012034,mlb-min-sf-2026-09-21,moneyline,,35666944316359472749137362875213336087465905017132521316783037768062839232945,0.47,446.808511,buy
1790041013847,mlb-min-sf-2026-09-21,moneyline,,52778541504311759750508311994558317269550813701156447811711347174954389079359,0.54,103.222223,buy
1790041014848,mlb-min-sf-2026-09-21,moneyline,,35666944316359472749137362875213336087465905017132521316783037768062839232945,0.47,31.914894,buy
1790041018356,mlb-min-sf-2026-09-21,total,8.5,99675211524389996563605546081084353982957157387898350977475227973158792759432,0.46,200.49,buy
1790041036132,mlb-tor-bal-2026-09-21,moneyline,,100325507423174853914085880722340913259149129234844981069004329404344835735986,0.8,12.5,buy
1790041041005,mlb-tor-bal-2026-09-21,total,7.5,37314308436784563731024876357087723353768417454481403097821289291622747541357,0.15,649.51,sell
1790041044900,mlb-min-sf-2026-09-21,total,7.5,44080570153418666929070543715264792370284949309241799377375187669035368073168,0.55,39.818182,buy
1790041045114,mlb-tor-bal-2026-09-21,moneyline,,57127995217533601132574915606447033184748035678780584329337725901416585796147,0.21,14.285715,buy
1790041069209,mlb-min-sf-2026-09-21,moneyline,,52778541504311759750508311994558317269550813701156447811711347174954389079359,0.54,489.0,buy
1790041070111,mlb-tor-bal-2026-09-21,moneyline,,100325507423174853914085880722340913259149129234844981069004329404344835735986,0.79,10.0,sell
1790041078262,mlb-tor-bal-2026-09-21,moneyline,,57127995217533601132574915606447033184748035678780584329337725901416585796147,0.21,975.142858,buy
1790041132761,mlb-min-sf-2026-09-21,spread,-1.5,54548218689167304844353630557304840839662807881734583240291676814169185189605,0.41,8194.46,buy
1790041139833,mlb-min-sf-2026-09-21,spread,-1.5,54548218689167304844353630557304840839662807881734583240291676814169185189605,0.41,126.92,buy
1790041164320,mlb-tor-bal-2026-09-21,moneyline,,57127995217533601132574915606447033184748035678780584329337725901416585796147,0.21,5.0,buy
1790041170312,mlb-min-sf-2026-09-21,first_inning_run,,79681130079629483167996104808609350157714644737315862075949349341508559302594,0.5,10.0,buy
1790041173086,mlb-tor-bal-2026-09-21,moneyline,,57127995217533601132574915606447033184748035678780584329337725901416585796147,0.26,50.0,
1790041173099,mlb-tor-bal-2026-09-21,moneyline,,57127995217533601132574915606447033184748035678780584329337725901416585796147,0.3,70.0,
1790041173113,mlb-tor-bal-2026-09-21,moneyline,,57127995217533601132574915606447033184748035678780584329337725901416585796147,0.33,738.88,
1790041173206,mlb-tor-bal-2026-09-21,moneyline,,57127995217533601132574915606447033184748035678780584329337725901416585796147,0.31,9.67742,
1790041173594,mlb-tor-bal-2026-09-21,moneyline,,57127995217533601132574915606447033184748035678780584329337725901416585796147,0.38,100.0,
1790041173648,mlb-tor-bal-2026-09-21,total,6.5,33962746514105438631266745997729713317775761973836509157160122388997008071363,0.89,3.370781,
1790041173655,mlb-tor-bal-2026-09-21,total,6.5,33962746514105438631266745997729713317775761973836509157160122388997008071363,0.34,17.18,
1790041174960,mlb-tor-bal-2026-09-21,moneyline,,57127995217533601132574915606447033184748035678780584329337725901416585796147,0.52,100.0,
1790041174965,mlb-tor-bal-2026-09-21,moneyline,,57127995217533601132574915606447033184748035678780584329337725901416585796147,0.53,10.0,
1790041174971,mlb-tor-bal-2026-09-21,moneyline,,57127995217533601132574915606447033184748035678780584329337725901416585796147,0.55,5.454546,buy
1790041174973,mlb-tor-bal-2026-09-21,moneyline,,57127995217533601132574915606447033184748035678780584329337725901416585796147,0.56,31.04,
1790041174978,mlb-tor-bal-2026-09-21,moneyline,,100325507423174853914085880722340913259149129234844981069004329404344835735986,0.48,12.0,
1790041174995,mlb-tor-bal-2026-09-21,moneyline,,57127995217533601132574915606447033184748035678780584329337725901416585796147,0.52,77.0,
1790041175004,mlb-tor-bal-2026-09-21,moneyline,,57127995217533601132574915606447033184748035678780584329337725901416585796147,0.55,5.454546,
1790041175032,mlb-tor-bal-2026-09-21,moneyline,,57127995217533601132574915606447033184748035678780584329337725901416585796147,0.55,20.0,
1790041175035,mlb-tor-bal-2026-09-21,moneyline,,57127995217533601132574915606447033184748035678780584329337725901416585796147,0.55,80.0,
1790041175130,mlb-tor-bal-2026-09-21,moneyline,,57127995217533601132574915606447033184748035678780584329337725901416585796147,0.65,196.5,
1790041175164,mlb-tor-bal-2026-09-21,total,6.5,88387690168890892720588807602753557030158026463449618078233270167933715537260,0.05,80.0,
1790041175165,mlb-tor-bal-2026-09-21,spread,-1.5,108178415256471017382768195019313919457635509902380224970304778759720838011784,0.11,80.0,
1790041175186,mlb-tor-bal-2026-09-21,moneyline,,100325507423174853914085880722340913259149129234844981069004329404344835735986,0.48,5.0,
1790041175206,mlb-tor-bal-2026-09-21,moneyline,,57127995217533601132574915606447033184748035678780584329337725901416585796147,0.62,5.0,
1790041175212,mlb-tor-bal-2026-09-21,total,5.5,96600620820117353875540040721056423447427939010143033168028331034930519404198,0.97,123.0,buy
1790041175217,mlb-tor-bal-2026-09-21,moneyline,,57127995217533601132574915606447033184748035678780584329337725901416585796147,0.62,4.83871,
1790041175252,mlb-tor-bal-2026-09-21,moneyline,,57127995217533601132574915606447033184748035678780584329337725901416585796147,0.74,4.054053,
1790041175272,mlb-tor-bal-2026-09-21,spread,-1.5,108178415256471017382768195019313919457635509902380224970304778759720838011784,0.22,25.0,
1790041175289,mlb-tor-bal-2026-09-21,moneyline,,57127995217533601132574915606447033184748035678780584329337725901416585796147,0.71,4.225351,
1790041175303,mlb-tor-bal-2026-09-21,moneyline,,57127995217533601132574915606447033184748035678780584329337725901416585796147,0.71,5.0,
1790041175320,mlb-tor-bal-2026-09-21,moneyline,,57127995217533601132574915606447033184748035678780584329337725901416585796147,0.75,4.0,buy
1790041175397,mlb-tor-bal-2026-09-21,moneyline,,57127995217533601132574915606447033184748035678780584329337725901416585796147,0.75,70.0,buy
1790041175421,mlb-tor-bal-2026-09-21,moneyline,,57127995217533601132574915606447033184748035678780584329337725901416585796147,0.75,4.0,buy
1790041175432,mlb-tor-bal-2026-09-21,moneyline,,57127995217533601132574915606447033184748035678780584329337725901416585796147,0.75,140.0,buy
1790041175463,mlb-tor-bal-2026-09-21,moneyline,,57127995217533601132574915606447033184748035678780584329337725901416585796147,0.75,100.0,buy
1790041175500,mlb-tor-bal-2026-09-21,moneyline,,57127995217533601132574915606447033184748035678780584329337725901416585796147,0.75,110.0,buy
1790041175635,mlb-tor-bal-2026-09-21,moneyline,,57127995217533601132574915606447033184748035678780584329337725901416585796147,0.75,85.0,
1790041176207,mlb-tor-bal-2026-09-21,moneyline,,57127995217533601132574915606447033184748035678780584329337725901416585796147,0.82,65.0,buy
1790041176588,mlb-min-sf-2026-09-21,moneyline,,35666944316359472749137362875213336087465905017132521316783037768062839232945,0.47,106.382979,buy
1790041177547,mlb-tor-bal-2026-09-21,moneyline,,100325507423174853914085880722340913259149129234844981069004329404344835735986,0.39,70.0,
1790041177548,mlb-tor-bal-2026-09-21,moneyline,,57127995217533601132574915606447033184748035678780584329337725901416585796147,0.85,195.0,
1790041177580,mlb-tor-bal-2026-09-21,moneyline,,100325507423174853914085880722340913259149129234844981069004329404344835735986,0.5,82.0,
1790041178050,mlb-tor-bal-2026-09-21,moneyline,,57127995217533601132574915606447033184748035678780584329337725901416585796147,0.77,10.0,
1790041178064,mlb-tor-bal-2026-09-21,total,5.5,96600620820117353875540040721056423447427939010143033168028331034930519404198,0.99,8.0,sell
1790041179123,mlb-tor-bal-2026-09-21,moneyline,,57127995217533601132574915606447033184748035678780584329337725901416585796147,0.84,2.38095,
1790041179144,mlb-tor-bal-2026-09-21,moneyline,,57127995217533601132574915606447033184748035678780584329337725901416585796147,0.84,35.11,
1790041179574,mlb-tor-bal-2026-09-21,total,7.5,37314308436784563731024876357087723353768417454481403097821289291622747541357,0.27,1079.0,
1790041179647,mlb-tor-bal-2026-09-21,total,8.5,17649303506832162780112530825314502536641849409164461746506075068364944065484,0.32,116.78125,
1790041179681,mlb-tor-bal-2026-09-21,total,7.5,37314308436784563731024876357087723353768417454481403097821289291622747541357,0.27,25.0,
1790041180532,mlb-tor-bal-2026-09-21,moneyline,,57127995217533601132574915606447033184748035678780584329337725901416585796147,0.85,19.61,sell
1790041182208,mlb-tor-bal-2026-09-21,spread,-1.5,108178415256471017382768195019313919457635509902380224970304778759720838011784,0.16,6.25,buy
1790041183280,mlb-tor-bal-2026-09-21,moneyline,,100325507423174853914085880722340913259149129234844981069004329404344835735986,0.14,2.89,sell
1790041183640,mlb-tor-bal-2026-09-21,moneyline,,57127995217533601132574915606447033184748035678780584329337725901416585796147,0.86,10.0,buy
1790041183876,mlb-tor-bal-2026-09-21,moneyline,,100325507423174853914085880722340913259149129234844981069004329404344835735986,0.14,100.0,sell
1790041184204,mlb-tor-bal-2026-09-21,moneyline,,100325507423174853914085880722340913259149129234844981069004329404344835735986,0.14,12.48,sell
1790041190603,mlb-tor-bal-2026-09-21,total,9.5,105061288751334920775175949673955309859350625231141051871821741428500986118999,0.91,300.0,
1790041190678,mlb-tor-bal-2026-09-21,moneyline,,57127995217533601132574915606447033184748035678780584329337725901416585796147,0.88,70.0,
1790041190708,mlb-tor-bal-2026-09-21,moneyline,,100325507423174853914085880722340913259149129234844981069004329404344835735986,0.12,43.0,
1790041190804,mlb-tor-bal-2026-09-21,moneyline,,100325507423174853914085880722340913259149129234844981069004329404344835735986,0.12,56.25,buy
1790041190899,mlb-tor-bal-2026-09-21,moneyline,,100325507423174853914085880722340913259149129234844981069004329404344835735986,0.12,16.25,buy
1790041191358,mlb-tor-bal-2026-09-21,moneyline,,100325507423174853914085880722340913259149129234844981069004329404344835735986,0.12,150.0,buy
1790041194906,mlb-tor-bal-2026-09-21,moneyline,,100325507423174853914085880722340913259149129234844981069004329404344835735986,0.13,8.0,buy
1790041196487,mlb-tor-bal-2026-09-21,moneyline,,57127995217533601132574915606447033184748035678780584329337725901416585796147,0.88,100.25,buy
1790041199591,mlb-tor-bal-2026-09-21,moneyline,,57127995217533601132574915606447033184748035678780584329337725901416585796147,0.88,1380.0,sell
1790041203251,mlb-tor-bal-2026-09-21,moneyline,,57127995217533601132574915606447033184748035678780584329337725901416585796147,0.88,15544.91,buy
1790041205201,mlb-min-sf-2026-09-21,moneyline,,52778541504311759750508311994558317269550813701156447811711347174954389079359,0.54,625.66,buy
1790041208289,mlb-tor-bal-2026-09-21,total,6.5,88387690168890892720588807602753557030158026463449618078233270167933715537260,0.01,1000.0,buy
1790041209258,mlb-tor-bal-2026-09-21,moneyline,,57127995217533601132574915606447033184748035678780584329337725901416585796147,0.88,3.647725,buy
1790041211890,mlb-min-sf-2026-09-21,spread,-1.5,54548218689167304844353630557304840839662807881734583240291676814169185189605,0.41,6.04,buy
1790041212107,mlb-tor-bal-2026-09-21,moneyline,,57127995217533601132574915606447033184748035678780584329337725901416585796147,0.87,13.79,sell
1790041212204,mlb-min-sf-2026-09-21,spread,-1.5,54548218689167304844353630557304840839662807881734583240291676814169185189605,0.41,356.58,buy
1790041213657,mlb-min-sf-2026-09-21,moneyline,,52778541504311759750508311994558317269550813701156447811711347174954389079359,0.54,8.06,buy
1790041215457,mlb-min-sf-2026-09-21,moneyline,,52778541504311759750508311994558317269550813701156447811711347174954389079359,0.54,10.07,buy
1790041215959,mlb-min-sf-2026-09-21,moneyline,,52778541504311759750508311994558317269550813701156447811711347174954389079359,0.54,12.09,buy
1790041217072,mlb-min-sf-2026-09-21,moneyline,,52778541504311759750508311994558317269550813701156447811711347174954389079359,0.54,112.84,buy
1790041217263,mlb-min-sf-2026-09-21,spread,-1.5,54548218689167304844353630557304840839662807881734583240291676814169185189605,0.41,288.09,buy
1790041218473,mlb-min-sf-2026-09-21,moneyline,,52778541504311759750508311994558317269550813701156447811711347174954389079359,0.54,81.6,buy
1790041220276,mlb-min-sf-2026-09-21,moneyline,,52778541504311759750508311994558317269550813701156447811711347174954389079359,0.54,4.03,buy
1790041222085,mlb-tor-bal-2026-09-21,moneyline,,100325507423174853914085880722340913259149129234844981069004329404344835735986,0.12,8.333334,buy
1790041223831,mlb-tor-bal-2026-09-21,moneyline,,100325507423174853914085880722340913259149129234844981069004329404344835735986,0.12,10.0,
1790041225609,mlb-tor-bal-2026-09-21,moneyline,,100325507423174853914085880722340913259149129234844981069004329404344835735986,0.14,8.0,buy
1790041226169,mlb-tor-bal-2026-09-21,moneyline,,57127995217533601132574915606447033184748035678780584329337725901416585796147,0.87,4.0,buy
1790041228335,mlb-tor-bal-2026-09-21,moneyline,,57127995217533601132574915606447033184748035678780584329337725901416585796147,0.87,113.0,buy
1790041228430,mlb-tor-bal-2026-09-21,moneyline,,57127995217533601132574915606447033184748035678780584329337725901416585796147,0.87,1.149423,buy
1790041228746,mlb-tor-bal-2026-09-21,moneyline,,57127995217533601132574915606447033184748035678780584329337725901416585796147,0.87,1.264361,buy
1790041228764,mlb-tor-bal-2026-09-21,moneyline,,57127995217533601132574915606447033184748035678780584329337725901416585796147,0.87,1.356315,buy
1790041229323,mlb-min-sf-2026-09-21,moneyline,,35666944316359472749137362875213336087465905017132521316783037768062839232945,0.47,10.531915,buy
1790041229675,mlb-tor-bal-2026-09-21,moneyline,,57127995217533601132574915606447033184748035678780584329337725901416585796147,0.87,118.0,buy
1790041230612,mlb-tor-bal-2026-09-21,moneyline,,57127995217533601132574915606447033184748035678780584329337725901416585796147,0.87,1.149426,buy
1790041232384,mlb-min-sf-2026-09-21,moneyline,,52778541504311759750508311994558317269550813701156447811711347174954389079359,0.55,36.388546,buy
1790041233726,mlb-tor-bal-2026-09-21,spread,-1.5,20311461726468500051373294217156241051454189716496723207087671659683124444274,0.05,20.0,buy
1790041233792,mlb-min-sf-2026-09-21,moneyline,,52778541504311759750508311994558317269550813701156447811711347174954389079359,0.55,1.818182,buy
1790041242725,mlb-tor-bal-2026-09-21,spread,-1.5,20311461726468500051373294217156241051454189716496723207087671659683124444274,0.05,20.0,buy
1790041243813,mlb-tor-bal-2026-09-21,spread,-2.5,41377845835084742524644113262267174905050452387445671758860558217812327619700,0.03,33.333334,buy
1790041245487,mlb-min-sf-2026-09-21,spread,-1.5,54548218689167304844353630557304840839662807881734583240291676814169185189605,0.41,45.32,buy
1790041247400,mlb-min-sf-2026-09-21,spread,-1.5,54548218689167304844353630557304840839662807881734583240291676814169185189605,0.41,39.28,buy
1790041247728,mlb-tor-bal-2026-09-21,moneyline,,100325507423174853914085880722340913259149129234844981069004329404344835735986,0.14,7.714286,buy
1790041248802,mlb-min-sf-2026-09-21,total,8.5,99675211524389996563605546081084353982957157387898350977475227973158792759432,0.46,60.804348,buy
1790041249635,mlb-tor-bal-2026-09-21,moneyline,,57127995217533601132574915606447033184748035678780584329337725901416585796147,0.87,5.0,buy
1790041250343,mlb-min-sf-2026-09-21,spread,-1.5,54548218689167304844353630557304840839662807881734583240291676814169185189605,0.41,317.3,buy
1790041256267,mlb-tor-bal-2026-09-21,moneyline,,100325507423174853914085880722340913259149129234844981069004329404344835735986,0.14,8.0,buy
1790041259280,mlb-min-sf-2026-09-21,moneyline,,52778541504311759750508311994558317269550813701156447811711347174954389079359,0.55,166.418182,buy
1790041259857,mlb-tor-bal-2026-09-21,moneyline,,100325507423174853914085880722340913259149129234844981069004329404344835735986,0.13,392.32,sell
1790041261260,mlb-min-sf-2026-09-21,spread,-1.5,54548218689167304844353630557304840839662807881734583240291676814169185189605,0.41,725.06,
1790041261268,mlb-min-sf-2026-09-21,spread,-1.5,54548218689167304844353630557304840839662807881734583240291676814169185189605,0.41,876.0,
1790041262888,mlb-tor-bal-2026-09-21,spread,-2.5,41377845835084742524644113262267174905050452387445671758860558217812327619700,0.03,33.333334,buy
1790041272323,mlb-tor-bal-2026-09-21,moneyline,,57127995217533601132574915606447033184748035678780584329337725901416585796147,0.86,10.71,sell
1790041278253,mlb-tor-bal-2026-09-21,moneyline,,100325507423174853914085880722340913259149129234844981069004329404344835735986,0.14,7.142858,buy
1790041282487,mlb-min-sf-2026-09-21,moneyline,,52778541504311759750508311994558317269550813701156447811711347174954389079359,0.55,50.909091,buy
1790041286923,mlb-tor-bal-2026-09-21,moneyline,,100325507423174853914085880722340913259149129234844981069004329404344835735986,0.14,8.0,buy
1790041290013,mlb-tor-bal-2026-09-21,moneyline,,57127995217533601132574915606447033184748035678780584329337725901416585796147,0.87,114.942529,buy
1790041292772,mlb-tor-bal-2026-09-21,moneyline,,57127995217533601132574915606447033184748035678780584329337725901416585796147,0.87,56.32184,buy
1790041311496,mlb-tor-bal-2026-09-21,moneyline,,57127995217533601132574915606447033184748035678780584329337725901416585796147,0.87,11.494253,buy
1790041311661,mlb-tor-bal-2026-09-21,total,6.5,33962746514105438631266745997729713317775761973836509157160122388997008071363,0.99,17.22,sell
1790041314227,mlb-tor-bal-2026-09-21,moneyline,,57127995217533601132574915606447033184748035678780584329337725901416585796147,0.87,1192.218384,buy
1790041317590,mlb-tor-bal-2026-09-21,moneyline,,100325507423174853914085880722340913259149129234844981069004329404344835735986,0.14,8.0,buy
1790041319768,mlb-tor-bal-2026-09-21,moneyline,,57127995217533601132574915606447033184748035678780584329337725901416585796147,0.86,150.0,sell
1790041320821,mlb-tor-bal-2026-09-21,moneyline,,57127995217533601132574915606447033184748035678780584329337725901416585796147,0.86,500.0,
1790041327204,mlb-tor-bal-2026-09-21,moneyline,,100325507423174853914085880722340913259149129234844981069004329404344835735986,0.13,12.5,sell
1790041327208,mlb-tor-bal-2026-09-21,moneyline,,100325507423174853914085880722340913259149129234844981069004329404344835735986,0.13,781.17,sell
1790041331529,mlb-min-sf-2026-09-21,total,8.5,84014533134141585823758053317587064742822060388913811086984206985002701956162,0.55,16.363637,buy
1790041331922,mlb-tor-bal-2026-09-21,moneyline,,100325507423174853914085880722340913259149129234844981069004329404344835735986,0.14,11.428572,buy
1790041332044,mlb-tor-bal-2026-09-21,moneyline,,100325507423174853914085880722340913259149129234844981069004329404344835735986,0.14,58.428572,buy
1790041332934,mlb-min-sf-2026-09-21,total,6.5,50378321555830083363178561274306220044818398153735208866569509431533788097148,0.34,27.0,buy
1790041336386,mlb-min-sf-2026-09-21,moneyline,,52778541504311759750508311994558317269550813701156447811711347174954389079359,0.55,39.0,buy
1790041336423,mlb-min-sf-2026-09-21,moneyline,,52778541504311759750508311994558317269550813701156447811711347174954389079359,0.55,200.0,buy
1790041337756,mlb-min-sf-2026-09-21,first_five_total,4.5,63567247947439589464128112141640017984765541926731690528919340011953911777139,0.51,40.0,buy
1790041338184,mlb-min-sf-2026-09-21,total,8.5,84014533134141585823758053317587064742822060388913811086984206985002701956162,0.55,100.0,buy
1790041338957,mlb-min-sf-2026-09-21,first_five_total,4.5,97813041949254791380767778498808885365463561863500941954908108081274950428324,0.5,9.0,buy
1790041339138,mlb-tor-bal-2026-09-21,moneyline,,100325507423174853914085880722340913259149129234844981069004329404344835735986,0.13,7.692308,buy
1790041348219,mlb-tor-bal-2026-09-21,moneyline,,100325507423174853914085880722340913259149129234844981069004329404344835735986,0.14,8.0,buy
1790041348477,mlb-tor-bal-2026-09-21,moneyline,,100325507423174853914085880722340913259149129234844981069004329404344835735986,0.13,226.09,sell
1790041352588,mlb-min-sf-2026-09-21,total,8.5,99675211524389996563605546081084353982957157387898350977475227973158792759432,0.46,931.94,buy
1790041352698,mlb-tor-bal-2026-09-21,moneyline,,100325507423174853914085880722340913259149129234844981069004329404344835735986,0.14,35.714286,buy
1790041371901,mlb-min-sf-2026-09-21,moneyline,,35666944316359472749137362875213336087465905017132521316783037768062839232945,0.46,1250.195653,buy
1790041372375,mlb-tor-bal-2026-09-21,moneyline,,57127995217533601132574915606447033184748035678780584329337725901416585796147,0.86,452.0,sell
1790041373293,mlb-tor-bal-2026-09-21,moneyline,,57127995217533601132574915606447033184748035678780584329337725901416585796147,0.9,61.44444,buy
1790041378846,mlb-tor-bal-2026-09-21,moneyline,,100325507423174853914085880722340913259149129234844981069004329404344835735986,0.14,8.0,buy
1790041378905,mlb-tor-bal-2026-09-21,moneyline,,100325507423174853914085880722340913259149129234844981069004329404344835735986,0.14,51.928572,buy
1790041384376,mlb-tor-bal-2026-09-21,moneyline,,100325507423174853914085880722340913259149129234844981069004329404344835735986,0.13,2.26,sell
1790041385013,mlb-tor-bal-2026-09-21,spread,-1.5,81209949756410831571744380053641530952870267053001339442426067176759680109177,0.96,31.25,buy
1790041387085,mlb-tor-bal-2026-09-21,moneyline,,100325507423174853914085880722340913259149129234844981069004329404344835735986,0.13,5.3,sell
1790041399632,mlb-tor-bal-2026-09-21,moneyline,,57127995217533601132574915606447033184748035678780584329337725901416585796147,0.86,5.17,sell
1790041407826,mlb-tor-bal-2026-09-21,moneyline,,100325507423174853914085880722340913259149129234844981069004329404344835735986,0.14,7.142858,buy
1790041411014,mlb-min-sf-2026-09-21,total,8.5,99675211524389996563605546081084353982957157387898350977475227973158792759432,0.46,210.56,buy
1790041412658,mlb-tor-bal-2026-09-21,spread,-1.5,32640729507611909011738289536991693285161476415256751791139459402017728145203,0.98,149.5,buy
1790041412857,mlb-min-sf-2026-09-21,total,6.5,108120987773979693544115270073139647232034517252134105907672341663928725097188,0.67,13.358209,buy
1790041414625,mlb-tor-bal-2026-09-21,moneyline,,100325507423174853914085880722340913259149129234844981069004329404344835735986,0.14,999.5,buy
1790041414671,mlb-tor-bal-2026-09-21,moneyline,,100325507423174853914085880722340913259149129234844981069004329404344835735986,0.14,118.5,sell
1790041419326,mlb-tor-bal-2026-09-21,moneyline,,57127995217533601132574915606447033184748035678780584329337725901416585796147,0.85,3.22,sell
1790041419386,mlb-tor-bal-2026-09-21,moneyline,,100325507423174853914085880722340913259149129234844981069004329404344835735986,0.14,63.73,sell
1790041422709,mlb-tor-bal-2026-09-21,moneyline,,57127995217533601132574915606447033184748035678780584329337725901416585796147,0.86,442.965114,buy
1790041426258,mlb-tor-bal-2026-09-21,moneyline,,100325507423174853914085880722340913259149129234844981069004329404344835735986,0.15,33.333334,buy
1790041430476,mlb-min-sf-2026-09-21,moneyline,,35666944316359472749137362875213336087465905017132521316783037768062839232945,0.46,6.52174,buy
1790041434039,mlb-min-sf-2026-09-21,total,8.5,99675211524389996563605546081084353982957157387898350977475227973158792759432,0.46,41.3,buy
1790041435298,mlb-tor-bal-2026-09-21,moneyline,,57127995217533601132574915606447033184748035678780584329337725901416585796147,0.86,18.81395,buy
1790041441643,mlb-tor-bal-2026-09-21,moneyline,,100325507423174853914085880722340913259149129234844981069004329404344835735986,0.15,33.333334,buy
1790041442391,mlb-tor-bal-2026-09-21,total,7.5,37314308436784563731024876357087723353768417454481403097821289291622747541357,0.22,22.727273,buy
1790041442494,mlb-tor-bal-2026-09-21,moneyline,,100325507423174853914085880722340913259149129234844981069004329404344835735986,0.14,3.7,sell
1790041443915,mlb-tor-bal-2026-09-21,moneyline,,100325507423174853914085880722340913259149129234844981069004329404344835735986,0.15,10.0,buy
1790041441352,mlb-min-sf-2026-09-21,moneyline,,35666944316359472749137362875213336087465905017132521316783037768062839232945,0.46,40765.964256,buy
1790041446501,mlb-min-sf-2026-09-21,moneyline,,52778541504311759750508311994558317269550813701156447811711347174954389079359,0.55,5.0,buy
1790041452942,mlb-min-sf-2026-09-21,moneyline,,52778541504311759750508311994558317269550813701156447811711347174954389079359,0.55,47.0,buy
1790041452980,mlb-min-sf-2026-09-21,moneyline,,52778541504311759750508311994558317269550813701156447811711347174954389079359,0.55,200.0,buy
1790041455372,mlb-min-sf-2026-09-21,moneyline,,52778541504311759750508311994558317269550813701156447811711347174954389079359,0.55,27.0,buy
1790041460781,mlb-min-sf-2026-09-21,moneyline,,52778541504311759750508311994558317269550813701156447811711347174954389079359,0.55,4.127273,buy
1790041461346,mlb-min-sf-2026-09-21,moneyline,,52778541504311759750508311994558317269550813701156447811711347174954389079359,0.55,98.0,buy
1790041464805,mlb-min-sf-2026-09-21,moneyline,,52778541504311759750508311994558317269550813701156447811711347174954389079359,0.55,62.46,buy
1790041466335,mlb-min-sf-2026-09-21,moneyline,,52778541504311759750508311994558317269550813701156447811711347174954389079359,0.55,21.15,buy
1790041470736,mlb-min-sf-2026-09-21,moneyline,,52778541504311759750508311994558317269550813701156447811711347174954389079359,0.55,26.19,buy
1790041472795,mlb-min-sf-2026-09-21,moneyline,,52778541504311759750508311994558317269550813701156447811711347174954389079359,0.55,21.15,buy
1790041474299,mlb-tor-bal-2026-09-21,moneyline,,100325507423174853914085880722340913259149129234844981069004329404344835735986,0.15,522.19,buy
1790041477202,mlb-min-sf-2026-09-21,moneyline,,52778541504311759750508311994558317269550813701156447811711347174954389079359,0.55,44.32,buy
1790041477991,mlb-min-sf-2026-09-21,moneyline,,35666944316359472749137362875213336087465905017132521316783037768062839232945,0.46,81.0,buy
1790041478520,mlb-min-sf-2026-09-21,moneyline,,52778541504311759750508311994558317269550813701156447811711347174954389079359,0.55,26.19,buy
1790041478887,mlb-tor-bal-2026-09-21,moneyline,,100325507423174853914085880722340913259149129234844981069004329404344835735986,0.15,558.0,buy
1790041479674,mlb-tor-bal-2026-09-21,moneyline,,57127995217533601132574915606447033184748035678780584329337725901416585796147,0.86,10.232557,buy
1790041484484,mlb-tor-bal-2026-09-21,spread,-1.5,32640729507611909011738289536991693285161476415256751791139459402017728145203,0.98,1.020409,buy
1790041485713,mlb-tor-bal-2026-09-21,moneyline,,57127995217533601132574915606447033184748035678780584329337725901416585796147,0.85,2410.26,sell
1790041486060,mlb-tor-bal-2026-09-21,moneyline,,57127995217533601132574915606447033184748035678780584329337725901416585796147,0.85,1.0,sell
1790041487495,mlb-min-sf-2026-09-21,moneyline,,35666944316359472749137362875213336087465905017132521316783037768062839232945,0.46,17.0,buy
1790041488658,mlb-tor-bal-2026-09-21,moneyline,,57127995217533601132574915606447033184748035678780584329337725901416585796147,0.85,9.7,sell
1790041497158,mlb-min-sf-2026-09-21,moneyline,,35666944316359472749137362875213336087465905017132521316783037768062839232945,0.46,10.0,buy
1790041504858,mlb-tor-bal-2026-09-21,moneyline,,57127995217533601132574915606447033184748035678780584329337725901416585796147,0.85,50.0,sell
1790041513580,mlb-min-sf-2026-09-21,moneyline,,52778541504311759750508311994558317269550813701156447811711347174954389079359,0.55,103.636364,buy
1790041525283,mlb-min-sf-2026-09-21,moneyline,,35666944316359472749137362875213336087465905017132521316783037768062839232945,0.46,65.217392,buy
1790041538185,mlb-tor-bal-2026-09-21,moneyline,,100325507423174853914085880722340913259149129234844981069004329404344835735986,0.14,1.36,sell
1790041540580,mlb-tor-bal-2026-09-21,moneyline,,100325507423174853914085880722340913259149129234844981069004329404344835735986,0.14,6.75,sell
1790041544890,mlb-tor-bal-2026-09-21,moneyline,,100325507423174853914085880722340913259149129234844981069004329404344835735986,0.15,66.666667,buy
1790041549198,mlb-tor-bal-2026-09-21,moneyline,,100325507423174853914085880722340913259149129234844981069004329404344835735986,0.15,8.6,buy
1790041549934,mlb-tor-bal-2026-09-21,moneyline,,100325507423174853914085880722340913259149129234844981069004329404344835735986,0.15,33.333334,buy
1790041567782,mlb-min-sf-2026-09-21,total,7.5,44080570153418666929070543715264792370284949309241799377375187669035368073168,0.55,5.127273,
1790041568382,mlb-min-sf-2026-09-21,total,6.5,108120987773979693544115270073139647232034517252134105907672341663928725097188,0.67,8.880596,buy
1790041569831,mlb-min-sf-2026-09-21,moneyline,,35666944316359472749137362875213336087465905017132521316783037768062839232945,0.46,43.478261,buy
1790041578209,mlb-tor-bal-2026-09-21,total,7.5,37314308436784563731024876357087723353768417454481403097821289291622747541357,0.22,199.5,sell
1790041578276,mlb-tor-bal-2026-09-21,total,7.5,37314308436784563731024876357087723353768417454481403097821289291622747541357,0.22,199.5,
1790041582338,mlb-min-sf-2026-09-21,total,7.5,44080570153418666929070543715264792370284949309241799377375187669035368073168,0.55,9.509091,buy
1790041587654,mlb-tor-bal-2026-09-21,moneyline,,57127995217533601132574915606447033184748035678780584329337725901416585796147,0.86,17.465114,buy
1790041593007,mlb-min-sf-2026-09-21,moneyline,,52778541504311759750508311994558317269550813701156447811711347174954389079359,0.55,90.909091,buy
1790041593843,mlb-tor-bal-2026-09-21,moneyline,,57127995217533601132574915606447033184748035678780584329337725901416585796147,0.85,1.176466,buy
1790041595737,mlb-tor-bal-2026-09-21,moneyline,,100325507423174853914085880722340913259149129234844981069004329404344835735986,0.15,2.0,sell
1790041597159,mlb-tor-bal-2026-09-21,moneyline,,100325507423174853914085880722340913259149129234844981069004329404344835735986,0.16,6.25,buy
1790041608015,mlb-min-sf-2026-09-21,total,6.5,50378321555830083363178561274306220044818398153735208866569509431533788097148,0.34,10.0,sell
1790041608077,mlb-min-sf-2026-09-21,total,7.5,92529648985190120773015491909718982598228379329215394720529921319187142016067,0.46,10.0,sell
1790041610442,mlb-tor-bal-2026-09-21,spread,-3.5,21401734340138293600994412460047419332840166567014787734918176825402274652882,0.99,8.0,sell
1790041612734,mlb-tor-bal-2026-09-21,total,7.5,89316033896999463460968099282477612038008804518418683996722051086645364400694,0.79,199.5,buy
1790041612739,mlb-tor-bal-2026-09-21,total,7.5,37314308436784563731024876357087723353768417454481403097821289291622747541357,0.21,199.5,sell
1790041625592,mlb-tor-bal-2026-09-21,total,6.5,33962746514105438631266745997729713317775761973836509157160122388997008071363,0.999,4.76,sell
1790041628429,mlb-min-sf-2026-09-21,moneyline,,35666944316359472749137362875213336087465905017132521316783037768062839232945,0.46,100.0,sell
1790041628637,mlb-tor-bal-2026-09-21,moneyline,,57127995217533601132574915606447033184748035678780584329337725901416585796147,0.89,29.314607,buy
1790041630365,mlb-min-sf-2026-09-21,spread,-1.5,54548218689167304844353630557304840839662807881734583240291676814169185189605,0.4,8.625,buy
1790041631264,mlb-min-sf-2026-09-21,total,7.5,44080570153418666929070543715264792370284949309241799377375187669035368073168,0.52,30.0,
1790041633310,mlb-min-sf-2026-09-21,total,8.5,84014533134141585823758053317587064742822060388913811086984206985002701956162,0.54,9.5,
1790041633350,mlb-min-sf-2026-09-21,total,8.5,84014533134141585823758053317587064742822060388913811086984206985002701956162,0.55,9.745637,buy
1790041641151,mlb-min-sf-2026-09-21,total,8.5,84014533134141585823758053317587064742822060388913811086984206985002701956162,0.55,200.254546,sell
1790041641192,mlb-tor-bal-2026-09-21,moneyline,,57127995217533601132574915606447033184748035678780584329337725901416585796147,0.87,2.94,sell
1790041642943,mlb-tor-bal-2026-09-21,moneyline,,100325507423174853914085880722340913259149129234844981069004329404344835735986,0.13,100.0,buy
1790041645419,mlb-tor-bal-2026-09-21,moneyline,,100325507423174853914085880722340913259149129234844981069004329404344835735986,0.13,115.384616,buy
1790041653399,mlb-tor-bal-2026-09-21,moneyline,,100325507423174853914085880722340913259149129234844981069004329404344835735986,0.13,20.0,buy
1790041657082,mlb-tor-bal-2026-09-21,total,7.5,89316033896999463460968099282477612038008804518418683996722051086645364400694,0.83,141.0,
1790041657173,mlb-tor-bal-2026-09-21,moneyline,,57127995217533601132574915606447033184748035678780584329337725901416585796147,0.89,321.35,
1790041658746,mlb-tor-bal-2026-09-21,moneyline,,100325507423174853914085880722340913259149129234844981069004329404344835735986,0.07,1078.0,sell
1790041661446,mlb-min-sf-2026-09-21,moneyline,,52778541504311759750508311994558317269550813701156447811711347174954389079359,0.53,240.0,buy
1790041661429,mlb-tor-bal-2026-09-21,moneyline,,57127995217533601132574915606447033184748035678780584329337725901416585796147,0.92,1.630435,buy
1790041663760,mlb-min-sf-2026-09-21,moneyline,,52778541504311759750508311994558317269550813701156447811711347174954389079359,0.53,1.886793,buy
1790041669147,mlb-tor-bal-2026-09-21,moneyline,,100325507423174853914085880722340913259149129234844981069004329404344835735986,0.08,511.14,
1790041677433,mlb-min-sf-2026-09-21,moneyline,,35666944316359472749137362875213336087465905017132521316783037768062839232945,0.48,370.0,sell
1790041678602,mlb-tor-bal-2026-09-21,moneyline,,100325507423174853914085880722340913259149129234844981069004329404344835735986,0.08,12.5,buy
1790041681163,mlb-tor-bal-2026-09-21,moneyline,,57127995217533601132574915606447033184748035678780584329337725901416585796147,0.93,30.85,buy
1790041681987,mlb-tor-bal-2026-09-21,moneyline,,57127995217533601132574915606447033184748035678780584329337725901416585796147,0.93,100.0,buy
1790041682592,mlb-tor-bal-2026-09-21,moneyline,,57127995217533601132574915606447033184748035678780584329337725901416585796147,0.93,1.075257,buy
1790041683669,mlb-tor-bal-2026-09-21,moneyline,,100325507423174853914085880722340913259149129234844981069004329404344835735986,0.08,12.5,buy
1790041683700,mlb-tor-bal-2026-09-21,moneyline,,100325507423174853914085880722340913259149129234844981069004329404344835735986,0.08,1987.5,
1790041683848,mlb-tor-bal-2026-09-21,moneyline,,100325507423174853914085880722340913259149129234844981069004329404344835735986,0.08,12.5,buy
1790041684148,mlb-min-sf-2026-09-21,moneyline,,35666944316359472749137362875213336087465905017132521316783037768062839232945,0.49,20.408164,buy
1790041685097,mlb-tor-bal-2026-09-21,moneyline,,100325507423174853914085880722340913259149129234844981069004329404344835735986,0.1,10.0,buy
1790041688255,mlb-min-sf-2026-09-21,moneyline,,35666944316359472749137362875213336087465905017132521316783037768062839232945,0.49,2.040817,buy
1790041694567,mlb-tor-bal-2026-09-21,moneyline,,57127995217533601132574915606447033184748035678780584329337725901416585796147,0.94,47.010633,buy
1790041701118,mlb-tor-bal-2026-09-21,moneyline,,100325507423174853914085880722340913259149129234844981069004329404344835735986,0.07,14.285715,buy
1790041702610,mlb-tor-bal-2026-09-21,moneyline,,57127995217533601132574915606447033184748035678780584329337725901416585796147,0.94,10.12765,buy
1790041705396,mlb-tor-bal-2026-09-21,moneyline,,100325507423174853914085880722340913259149129234844981069004329404344835735986,0.1,13.08,buy
1790041708286,mlb-min-sf-2026-09-21,moneyline,,52778541504311759750508311994558317269550813701156447811711347174954389079359,0.51,103.63,sell
1790041718404,mlb-tor-bal-2026-09-21,moneyline,,100325507423174853914085880722340913259149129234844981069004329404344835735986,0.05,263.38,sell
1790041720154,mlb-tor-bal-2026-09-21,moneyline,,100325507423174853914085880722340913259149129234844981069004329404344835735986,0.05,7.63,sell
1790041720793,mlb-min-sf-2026-09-21,moneyline,,52778541504311759750508311994558317269550813701156447811711347174954389079359,0.52,29.99,buy
1790041725063,mlb-tor-bal-2026-09-21,moneyline,,100325507423174853914085880722340913259149129234844981069004329404344835735986,0.09,11.111112,buy
1790041728917,mlb-tor-bal-2026-09-21,moneyline,,57127995217533601132574915606447033184748035678780584329337725901416585796147,0.94,5.319149,buy
1790041728944,mlb-tor-bal-2026-09-21,moneyline,,57127995217533601132574915606447033184748035678780584329337725901416585796147,0.94,77.0,buy
1790041729333,mlb-tor-bal-2026-09-21,moneyline,,57127995217533601132574915606447033184748035678780584329337725901416585796147,0.94,64.0,buy
1790041730016,mlb-tor-bal-2026-09-21,moneyline,,57127995217533601132574915606447033184748035678780584329337725901416585796147,0.94,89.01,buy
1790041730093,mlb-tor-bal-2026-09-21,moneyline,,57127995217533601132574915606447033184748035678780584329337725901416585796147,0.94,1.06383,buy
1790041731170,mlb-tor-bal-2026-09-21,moneyline,,57127995217533601132574915606447033184748035678780584329337725901416585796147,0.94,77.04,buy
1790041731258,mlb-tor-bal-2026-09-21,moneyline,,57127995217533601132574915606447033184748035678780584329337725901416585796147,0.94,1.06383,buy
1790041731482,mlb-tor-bal-2026-09-21,moneyline,,57127995217533601132574915606447033184748035678780584329337725901416585796147,0.94,32.71,buy
1790041731619,mlb-tor-bal-2026-09-21,moneyline,,57127995217533601132574915606447033184748035678780584329337725901416585796147,0.94,1.06383,buy
1790041731846,mlb-min-sf-2026-09-21,total,7.5,44080570153418666929070543715264792370284949309241799377375187669035368073168,0.5,9.62,buy
1790041731852,mlb-tor-bal-2026-09-21,moneyline,,57127995217533601132574915606447033184748035678780584329337725901416585796147,0.94,1.06383,buy
1790041733197,mlb-tor-bal-2026-09-21,moneyline,,57127995217533601132574915606447033184748035678780584329337725901416585796147,0.94,1.06383,buy
1790041733233,mlb-tor-bal-2026-09-21,moneyline,,57127995217533601132574915606447033184748035678780584329337725901416585796147,0.94,1.06383,buy
1790041733865,mlb-tor-bal-2026-09-21,moneyline,,57127995217533601132574915606447033184748035678780584329337725901416585796147,0.94,40.46,buy
1790041733952,mlb-tor-bal-2026-09-21,moneyline,,57127995217533601132574915606447033184748035678780584329337725901416585796147,0.94,1.06383,buy
1790041734197,mlb-tor-bal-2026-09-21,moneyline,,57127995217533601132574915606447033184748035678780584329337725901416585796147,0.94,20.86,buy
1790041734278,mlb-tor-bal-2026-09-21,moneyline,,57127995217533601132574915606447033184748035678780584329337725901416585796147,0.94,1.06383,buy
1790041734558,mlb-tor-bal-2026-09-21,moneyline,,57127995217533601132574915606447033184748035678780584329337725901416585796147,0.94,1.06383,buy
1790041735961,mlb-tor-bal-2026-09-21,moneyline,,57127995217533601132574915606447033184748035678780584329337725901416585796147,0.94,1.06383,buy
1790041736173,mlb-min-sf-2026-09-21,total,8.5,84014533134141585823758053317587064742822060388913811086984206985002701956162,0.59,509.322034,buy
1790041738014,mlb-tor-bal-2026-09-21,moneyline,,57127995217533601132574915606447033184748035678780584329337725901416585796147,0.94,5.0,buy
1790041738119,mlb-tor-bal-2026-09-21,moneyline,,57127995217533601132574915606447033184748035678780584329337725901416585796147,0.94,5.0,buy
1790041738225,mlb-tor-bal-2026-09-21,moneyline,,57127995217533601132574915606447033184748035678780584329337725901416585796147,0.94,5.0,buy
1790041738332,mlb-tor-bal-2026-09-21,moneyline,,57127995217533601132574915606447033184748035678780584329337725901416585796147,0.94,5.0,buy
1790041738452,mlb-tor-bal-2026-09-21,moneyline,,57127995217533601132574915606447033184748035678780584329337725901416585796147,0.94,5.0,buy
1790041741958,mlb-tor-bal-2026-09-21,moneyline,,100325507423174853914085880722340913259149129234844981069004329404344835735986,0.07,14.285715,buy
1790041743117,mlb-tor-bal-2026-09-21,moneyline,,57127995217533601132574915606447033184748035678780584329337725901416585796147,0.94,17.84,buy
1790041743239,mlb-tor-bal-2026-09-21,moneyline,,57127995217533601132574915606447033184748035678780584329337725901416585796147,0.94,1.06383,buy
1790041745074,mlb-tor-bal-2026-09-21,moneyline,,57127995217533601132574915606447033184748035678780584329337725901416585796147,0.94,1.06383,buy
1790041745117,mlb-tor-bal-2026-09-21,moneyline,,57127995217533601132574915606447033184748035678780584329337725901416585796147,0.94,16.0,buy
1790041745989,mlb-tor-bal-2026-09-21,moneyline,,57127995217533601132574915606447033184748035678780584329337725901416585796147,0.94,49.55,buy
1790041746068,mlb-tor-bal-2026-09-21,moneyline,,57127995217533601132574915606447033184748035678780584329337725901416585796147,0.94,1.06383,buy
1790041748017,mlb-tor-bal-2026-09-21,moneyline,,57127995217533601132574915606447033184748035678780584329337725901416585796147,0.94,1.06383,buy
1790041753228,mlb-tor-bal-2026-09-21,moneyline,,100325507423174853914085880722340913259149129234844981069004329404344835735986,0.04,823.03,sell
1790041755967,mlb-tor-bal-2026-09-21,moneyline,,100325507423174853914085880722340913259149129234844981069004329404344835735986,0.04,1050.0,sell
1790041756128,mlb-min-sf-2026-09-21,moneyline,,52778541504311759750508311994558317269550813701156447811711347174954389079359,0.52,5.48077,buy
1790041756527,mlb-tor-bal-2026-09-21,spread,-1.5,32640729507611909011738289536991693285161476415256751791139459402017728145203,0.981,56.0,sell
1790041758399,mlb-min-sf-2026-09-21,total,8.5,84014533134141585823758053317587064742822060388913811086984206985002701956162,0.58,50.0,
1790041762957,mlb-tor-bal-2026-09-21,moneyline,,57127995217533601132574915606447033184748035678780584329337725901416585796147,0.97,206.185566,buy
1790041765356,mlb-tor-bal-2026-09-21,moneyline,,57127995217533601132574915606447033184748035678780584329337725901416585796147,0.96,3.17,sell
1790041771211,mlb-tor-bal-2026-09-21,moneyline,,57127995217533601132574915606447033184748035678780584329337725901416585796147,0.97,5.0,buy
1790041771327,mlb-tor-bal-2026-09-21,moneyline,,57127995217533601132574915606447033184748035678780584329337725901416585796147,0.97,5.0,buy
1790041771333,mlb-tor-bal-2026-09-21,moneyline,,100325507423174853914085880722340913259149129234844981069004329404344835735986,0.03,3121.31,sell
1790041774632,mlb-tor-bal-2026-09-21,moneyline,,100325507423174853914085880722340913259149129234844981069004329404344835735986,0.04,25.0,buy
1790041775791,mlb-tor-bal-2026-09-21,moneyline,,100325507423174853914085880722340913259149129234844981069004329404344835735986,0.04,33.75,buy
1790041780435,mlb-tor-bal-2026-09-21,moneyline,,100325507423174853914085880722340913259149129234844981069004329404344835735986,0.04,6.0,
1790041787222,mlb-tor-bal-2026-09-21,moneyline,,57127995217533601132574915606447033184748035678780584329337725901416585796147,0.95,30.0,buy
1790041787223,mlb-tor-bal-2026-09-21,moneyline,,57127995217533601132574915606447033184748035678780584329337725901416585796147,0.95,1.05262,buy
1790041787227,mlb-tor-bal-2026-09-21,moneyline,,57127995217533601132574915606447033184748035678780584329337725901416585796147,0.95,30.0,buy
1790041787234,mlb-tor-bal-2026-09-21,moneyline,,57127995217533601132574915606447033184748035678780584329337725901416585796147,0.95,120.0,buy
1790041787237,mlb-tor-bal-2026-09-21,moneyline,,57127995217533601132574915606447033184748035678780584329337725901416585796147,0.95,37.0,buy
1790041787297,mlb-tor-bal-2026-09-21,moneyline,,57127995217533601132574915606447033184748035678780584329337725901416585796147,0.95,120.0,buy
1790041787308,mlb-tor-bal-2026-09-21,moneyline,,57127995217533601132574915606447033184748035678780584329337725901416585796147,0.95,679.6,buy
1790041787312,mlb-tor-bal-2026-09-21,moneyline,,100325507423174853914085880722340913259149129234844981069004329404344835735986,0.05,69.0,sell
1790041787327,mlb-tor-bal-2026-09-21,moneyline,,57127995217533601132574915606447033184748035678780584329337725901416585796147,0.95,4.49472,buy
1790041787332,mlb-tor-bal-2026-09-21,moneyline,,57127995217533601132574915606447033184748035678780584329337725901416585796147,0.95,301.61052,buy
1790041787375,mlb-tor-bal-2026-09-21,moneyline,,57127995217533601132574915606447033184748035678780584329337725901416585796147,0.95,375.0,buy
1790041787466,mlb-tor-bal-2026-09-21,moneyline,,57127995217533601132574915606447033184748035678780584329337725901416585796147,0.95,56.2421,
1790041787498,mlb-tor-bal-2026-09-21,moneyline,,57127995217533601132574915606447033184748035678780584329337725901416585796147,0.95,175.97,
1790041789488,mlb-tor-bal-2026-09-21,moneyline,,57127995217533601132574915606447033184748035678780584329337725901416585796147,0.97,1.319566,buy
1790041789543,mlb-tor-bal-2026-09-21,moneyline,,57127995217533601132574915606447033184748035678780584329337725901416585796147,0.97,16.525766,buy
1790041789858,mlb-min-sf-2026-09-21,spread,-1.5,31625366241666323214493361036915032105253721181148768767396173026753267112685,0.32,1394.11,sell
1790041795957,mlb-tor-bal-2026-09-21,moneyline,,57127995217533601132574915606447033184748035678780584329337725901416585796147,0.97,500.0,buy
1790041797624,mlb-tor-bal-2026-09-21,moneyline,,100325507423174853914085880722340913259149129234844981069004329404344835735986,0.04,25.0,buy
1790041803995,mlb-tor-bal-2026-09-21,moneyline,,57127995217533601132574915606447033184748035678780584329337725901416585796147,0.96,5.0,buy
1790041804119,mlb-tor-bal-2026-09-21,moneyline,,57127995217533601132574915606447033184748035678780584329337725901416585796147,0.96,56.38,
1790041809505,mlb-tor-bal-2026-09-21,moneyline,,57127995217533601132574915606447033184748035678780584329337725901416585796147,0.95,222.3263,sell
1790041809506,mlb-tor-bal-2026-09-21,moneyline,,57127995217533601132574915606447033184748035678780584329337725901416585796147,0.95,1777.67,sell
1790041810906,mlb-tor-bal-2026-09-21,moneyline,,100325507423174853914085880722340913259149129234844981069004329404344835735986,0.04,9.52,sell
1790041816810,mlb-min-sf-2026-09-21,spread,-1.5,97719756170684651691414050415011119363200036572743945245409981739586293591188,0.68,5605.89,
1790041817937,mlb-min-sf-2026-09-21,moneyline,,35666944316359472749137362875213336087465905017132521316783037768062839232945,0.49,499.5,buy
1790041817986,mlb-min-sf-2026-09-21,moneyline,,35666944316359472749137362875213336087465905017132521316783037768062839232945,0.49,499.5,buy
1790041826732,mlb-min-sf-2026-09-21,moneyline,,52778541504311759750508311994558317269550813701156447811711347174954389079359,0.52,5.5,buy
1790041827198,mlb-tor-bal-2026-09-21,moneyline,,57127995217533601132574915606447033184748035678780584329337725901416585796147,0.95,96.0,buy
1790041827291,mlb-tor-bal-2026-09-21,moneyline,,57127995217533601132574915606447033184748035678780584329337725901416585796147,0.95,14.389474,buy
1790041827433,mlb-min-sf-2026-09-21,spread,-1.5,97719756170684651691414050415011119363200036572743945245409981739586293591188,0.7,56.0,buy
1790041828354,mlb-tor-bal-2026-09-21,moneyline,,57127995217533601132574915606447033184748035678780584329337725901416585796147,0.95,4.305264,buy
1790041834077,mlb-min-sf-2026-09-21,spread,-1.5,54548218689167304844353630557304840839662807881734583240291676814169185189605,0.39,9.62,buy
1790041834113,mlb-min-sf-2026-09-21,total,7.5,92529648985190120773015491909718982598228379329215394720529921319187142016067,0.52,9.62,buy
1790041836872,mlb-tor-bal-2026-09-21,moneyline,,57127995217533601132574915606447033184748035678780584329337725901416585796147,0.95,14.43,buy
1790041839099,mlb-min-sf-2026-09-21,total,7.5,92529648985190120773015491909718982598228379329215394720529921319187142016067,0.53,1.886793,buy
1790041848420,mlb-tor-bal-2026-09-21,moneyline,,57127995217533601132574915606447033184748035678780584329337725901416585796147,0.93,3.18,sell
1790041850295,mlb-min-sf-2026-09-21,moneyline,,52778541504311759750508311994558317269550813701156447811711347174954389079359,0.52,15.384616,buy
1790041867436,mlb-min-sf-2026-09-21,moneyline,,52778541504311759750508311994558317269550813701156447811711347174954389079359,0.51,12.627451,buy
1790041867641,mlb-min-sf-2026-09-21,moneyline,,35666944316359472749137362875213336087465905017132521316783037768062839232945,0.5,20.0,buy
1790041868484,mlb-tor-bal-2026-09-21,moneyline,,57127995217533601132574915606447033184748035678780584329337725901416585796147,0.98,408.16325,buy
1790041868601,mlb-min-sf-2026-09-21,moneyline,,52778541504311759750508311994558317269550813701156447811711347174954389079359,0.51,1.960785,buy
1790041870530,mlb-tor-bal-2026-09-21,moneyline,,57127995217533601132574915606447033184748035678780584329337725901416585796147,0.93,15.2,sell
1790041871009,mlb-tor-bal-2026-09-21,moneyline,,100325507423174853914085880722340913259149129234844981069004329404344835735986,0.02,31.98,sell
1790041872388,mlb-tor-bal-2026-09-21,moneyline,,57127995217533601132574915606447033184748035678780584329337725901416585796147,0.96,1.041667,buy
1790041872420,mlb-tor-bal-2026-09-21,moneyline,,57127995217533601132574915606447033184748035678780584329337725901416585796147,0.96,1.041667,buy
1790041881321,mlb-tor-bal-2026-09-21,moneyline,,100325507423174853914085880722340913259149129234844981069004329404344835735986,0.04,33.52,sell
1790041884287,mlb-tor-bal-2026-09-21,moneyline,,100325507423174853914085880722340913259149129234844981069004329404344835735986,0.04,25.0,sell
1790041885174,mlb-tor-bal-2026-09-21,moneyline,,57127995217533601132574915606447033184748035678780584329337725901416585796147,0.96,1.04165,buy
1790041886097,mlb-min-sf-2026-09-21,total,8.5,84014533134141585823758053317587064742822060388913811086984206985002701956162,0.56,178.571429,buy
1790041887673,mlb-tor-bal-2026-09-21,moneyline,,100325507423174853914085880722340913259149129234844981069004329404344835735986,0.04,0.64,sell
1790041888957,mlb-tor-bal-2026-09-21,moneyline,,57127995217533601132574915606447033184748035678780584329337725901416585796147,0.96,1.04165,buy
1790041889284,mlb-min-sf-2026-09-21,total,8.5,84014533134141585823758053317587064742822060388913811086984206985002701956162,0.56,34.946429,buy
1790041889557,mlb-min-sf-2026-09-21,total,6.5,50378321555830083363178561274306220044818398153735208866569509431533788097148,0.35,2.857143,buy
1790041892248,mlb-tor-bal-2026-09-21,moneyline,,57127995217533601132574915606447033184748035678780584329337725901416585796147,0.96,1.04165,buy
1790041894464,mlb-min-sf-2026-09-21,total,8.5,84014533134141585823758053317587064742822060388913811086984206985002701956162,0.56,7.0,buy
1790041894881,mlb-min-sf-2026-09-21,moneyline,,52778541504311759750508311994558317269550813701156447811711347174954389079359,0.47,4.25532,buy
1790041900526,mlb-tor-bal-2026-09-21,moneyline,,57127995217533601132574915606447033184748035678780584329337725901416585796147,0.97,1.0309,buy
1790041903744,mlb-tor-bal-2026-09-21,moneyline,,57127995217533601132574915606447033184748035678780584329337725901416585796147,0.97,249.0,buy
1790041903790,mlb-min-sf-2026-09-21,moneyline,,35666944316359472749137362875213336087465905017132521316783037768062839232945,0.54,3437.722223,buy
1790041909372,mlb-tor-bal-2026-09-21,moneyline,,100325507423174853914085880722340913259149129234844981069004329404344835735986,0.05,30.96,buy
1790041909679,mlb-tor-bal-2026-09-21,moneyline,,57127995217533601132574915606447033184748035678780584329337725901416585796147,0.96,10.3125,buy
1790041912996,mlb-tor-bal-2026-09-21,moneyline,,100325507423174853914085880722340913259149129234844981069004329404344835735986,0.04,888.88,sell
1790041913583,mlb-tor-bal-2026-09-21,moneyline,,57127995217533601132574915606447033184748035678780584329337725901416585796147,0.96,1.04165,buy
1790041914997,mlb-tor-bal-2026-09-21,moneyline,,57127995217533601132574915606447033184748035678780584329337725901416585796147,0.96,521.7,buy
1790041915086,mlb-tor-bal-2026-09-21,moneyline,,57127995217533601132574915606447033184748035678780584329337725901416585796147,0.96,1.04165,buy
1790041916918,mlb-tor-bal-2026-09-21,moneyline,,57127995217533601132574915606447033184748035678780584329337725901416585796147,0.96,1.04165,buy
1790041923191,mlb-tor-bal-2026-09-21,moneyline,,57127995217533601132574915606447033184748035678780584329337725901416585796147,0.96,10.3125,buy
1790041923558,mlb-min-sf-2026-09-21,spread,-1.5,97719756170684651691414050415011119363200036572743945245409981739586293591188,0.66,15.151514,buy
1790041924782,mlb-min-sf-2026-09-21,moneyline,,35666944316359472749137362875213336087465905017132521316783037768062839232945,0.53,15.09434,buy
1790041927088,mlb-tor-bal-2026-09-21,moneyline,,100325507423174853914085880722340913259149129234844981069004329404344835735986,0.02,349.49,
1790041927489,mlb-tor-bal-2026-09-21,total,7.5,89316033896999463460968099282477612038008804518418683996722051086645364400694,0.99,12.0,
1790041927507,mlb-tor-bal-2026-09-21,total,7.5,37314308436784563731024876357087723353768417454481403097821289291622747541357,0.01,88.0,buy
1790041927508,mlb-tor-bal-2026-09-21,total,8.5,50392369187463863977845847383308841266397181541094235026850886334076855305910,0.98,88.0,
1790041927527,mlb-tor-bal-2026-09-21,moneyline,,57127995217533601132574915606447033184748035678780584329337725901416585796147,0.98,2.0408,
1790041927556,mlb-tor-bal-2026-09-21,moneyline,,57127995217533601132574915606447033184748035678780584329337725901416585796147,0.99,208.46,sell
1790041927567,mlb-tor-bal-2026-09-21,total,7.5,37314308436784563731024876357087723353768417454481403097821289291622747541357,0.01,100.0,buy
1790041927589,mlb-tor-bal-2026-09-21,moneyline,,100325507423174853914085880722340913259149129234844981069004329404344835735986,0.01,267.0,buy
1790041927679,mlb-tor-bal-2026-09-21,moneyline,,100325507423174853914085880722340913259149129234844981069004329404344835735986,0.01,302.0,buy
1790041929254,mlb-tor-bal-2026-09-21,spread,-1.5,81209949756410831571744380053641530952870267053001339442426067176759680109177,0.99,100.0,buy
1790041930020,mlb-tor-bal-2026-09-21,spread,-1.5,81209949756410831571744380053641530952870267053001339442426067176759680109177,0.99,6.0,sell
1790041934336,mlb-min-sf-2026-09-21,total,8.5,84014533134141585823758053317587064742822060388913811086984206985002701956162,0.55,122.13,sell
1790041943770,mlb-tor-bal-2026-09-21,total,10.5,73241376609363311009180610716783127880473954179680357687527160200452109786658,0.99,8.0,
1790041948566,mlb-min-sf-2026-09-21,moneyline,,52778541504311759750508311994558317269550813701156447811711347174954389079359,0.48,20.833334,buy
1790041949090,mlb-tor-bal-2026-09-21,moneyline,,57127995217533601132574915606447033184748035678780584329337725901416585796147,0.99,40.64,sell
1790041951758,mlb-tor-bal-2026-09-21,total,9.5,105061288751334920775175949673955309859350625231141051871821741428500986118999,0.99,8.0,sell
1790041952532,mlb-tor-bal-2026-09-21,spread,-1.5,32640729507611909011738289536991693285161476415256751791139459402017728145203,0.999,100.1,buy
1790041953245,mlb-tor-bal-2026-09-21,spread,-1.5,32640729507611909011738289536991693285161476415256751791139459402017728145203,0.999,899.9,sell
1790041958136,mlb-min-sf-2026-09-21,moneyline,,52778541504311759750508311994558317269550813701156447811711347174954389079359,0.49,2.040817,buy
1790041958211,mlb-min-sf-2026-09-21,moneyline,,52778541504311759750508311994558317269550813701156447811711347174954389079359,0.49,2.040817,buy
1790041959780,mlb-min-sf-2026-09-21,total,8.5,84014533134141585823758053317587064742822060388913811086984206985002701956162,0.57,30.0,
1790041962316,mlb-min-sf-2026-09-21,moneyline,,35666944316359472749137362875213336087465905017132521316783037768062839232945,0.5,5.0,buy
1790041966951,mlb-tor-bal-2026-09-21,spread,-1.5,81209949756410831571744380053641530952870267053001339442426067176759680109177,0.999,210.48,sell
1790041967619,mlb-tor-bal-2026-09-21,moneyline,,57127995217533601132574915606447033184748035678780584329337725901416585796147,0.99,56.32,sell
1790041977845,mlb-min-sf-2026-09-21,moneyline,,35666944316359472749137362875213336087465905017132521316783037768062839232945,0.5,3095.0,buy
1790041983482,mlb-min-sf-2026-09-21,moneyline,,52778541504311759750508311994558317269550813701156447811711347174954389079359,0.51,196.078432,buy
1790041985981,mlb-min-sf-2026-09-21,moneyline,,35666944316359472749137362875213336087465905017132521316783037768062839232945,0.5,145.0,sell
1790041992116,mlb-min-sf-2026-09-21,moneyline,,52778541504311759750508311994558317269550813701156447811711347174954389079359,0.5,2.0,buy
1790041994464,mlb-tor-bal-2026-09-21,moneyline,,100325507423174853914085880722340913259149129234844981069004329404344835735986,0.01,100.0,buy
1790041998101,mlb-min-sf-2026-09-21,moneyline,,35666944316359472749137362875213336087465905017132521316783037768062839232945,0.5,6560.04,sell
1790041999212,mlb-min-sf-2026-09-21,moneyline,,52778541504311759750508311994558317269550813701156447811711347174954389079359,0.5,200.0,sell
1790042000912,mlb-min-sf-2026-09-21,moneyline,,52778541504311759750508311994558317269550813701156447811711347174954389079359,0.51,19.607844,buy
1790042001811,mlb-min-sf-2026-09-21,spread,-2.5,111637670889603278163389293132637718144150963230974508576663654748682006742810,0.24,50.0,sell
1790042007877,mlb-min-sf-2026-09-21,moneyline,,52778541504311759750508311994558317269550813701156447811711347174954389079359,0.51,10.392157,buy
1790042008006,mlb-min-sf-2026-09-21,spread,-2.5,111475741526834633013043087205525300170702479834707136626587985397458256152294,0.76,2515.0,sell
1790042012226,mlb-min-sf-2026-09-21,spread,-2.5,111637670889603278163389293132637718144150963230974508576663654748682006742810,0.22,1050.0,sell
1790042022984,mlb-tor-bal-2026-09-21,moneyline,,57127995217533601132574915606447033184748035678780584329337725901416585796147,0.99,114.94,sell
1790042023818,mlb-min-sf-2026-09-21,spread,-2.5,111475741526834633013043087205525300170702479834707136626587985397458256152294,0.78,8.0,buy
1790042023925,mlb-min-sf-2026-09-21,moneyline,,52778541504311759750508311994558317269550813701156447811711347174954389079359,0.51,1.960785,buy
1790042045175,mlb-tor-bal-2026-09-21,moneyline,,57127995217533601132574915606447033184748035678780584329337725901416585796147,0.999,30.85,sell
1790042045889,mlb-min-sf-2026-09-21,moneyline,,35666944316359472749137362875213336087465905017132521316783037768062839232945,0.49,10300.0,buy
1790042047132,mlb-tor-bal-2026-09-21,moneyline,,57127995217533601132574915606447033184748035678780584329337725901416585796147,0.999,29.09,sell
1790042053442,mlb-tor-bal-2026-09-21,total,6.5,33962746514105438631266745997729713317775761973836509157160122388997008071363,0.999,7.81,sell
1790042053599,mlb-min-sf-2026-09-21,moneyline,,35666944316359472749137362875213336087465905017132521316783037768062839232945,0.48,20.8125,buy
1790042053702,mlb-min-sf-2026-09-21,moneyline,,52778541504311759750508311994558317269550813701156447811711347174954389079359,0.53,10.18868,buy
1790042056259,mlb-tor-bal-2026-09-21,moneyline,,57127995217533601132574915606447033184748035678780584329337725901416585796147,0.999,13.0,sell
1790042056317,mlb-min-sf-2026-09-21,total,8.5,84014533134141585823758053317587064742822060388913811086984206985002701956162,0.59,540.67,sell
1790042059450,mlb-min-sf-2026-09-21,first_five_total,3.5,47332356854603869500650397778766521306958953202108269463519906869582946920873,0.47,30.0,
1790042062028,mlb-tor-bal-2026-09-21,moneyline,,57127995217533601132574915606447033184748035678780584329337725901416585796147,0.999,5.31,sell
1790042079234,mlb-min-sf-2026-09-21,moneyline,,52778541504311759750508311994558317269550813701156447811711347174954389079359,0.51,30.0,sell
1790042079682,mlb-tor-bal-2026-09-21,moneyline,,57127995217533601132574915606447033184748035678780584329337725901416585796147,0.999,1148.05,sell
1790042081172,mlb-min-sf-2026-09-21,spread,-1.5,31625366241666323214493361036915032105253721181148768767396173026753267112685,0.32,30.0,
1790042086061,mlb-min-sf-2026-09-21,spread,-2.5,111637670889603278163389293132637718144150963230974508576663654748682006742810,0.24,474.0,sell
1790042088197,mlb-min-sf-2026-09-21,moneyline,,52778541504311759750508311994558317269550813701156447811711347174954389079359,0.52,237.0,buy
1790042089050,mlb-min-sf-2026-09-21,moneyline,,52778541504311759750508311994558317269550813701156447811711347174954389079359,0.52,8.0,buy
1790042089936,mlb-min-sf-2026-09-21,moneyline,,52778541504311759750508311994558317269550813701156447811711347174954389079359,0.52,8.0,buy
1790042090927,mlb-min-sf-2026-09-21,moneyline,,52778541504311759750508311994558317269550813701156447811711347174954389079359,0.52,8.0,buy
1790042091933,mlb-min-sf-2026-09-21,moneyline,,52778541504311759750508311994558317269550813701156447811711347174954389079359,0.52,1487.0,buy
1790042102844,mlb-tor-bal-2026-09-21,moneyline,,57127995217533601132574915606447033184748035678780584329337725901416585796147,0.999,10.0,sell
1790042106105,mlb-min-sf-2026-09-21,moneyline,,52778541504311759750508311994558317269550813701156447811711347174954389079359,0.51,39.215687,buy
1790042106716,mlb-min-sf-2026-09-21,spread,-2.5,111475741526834633013043087205525300170702479834707136626587985397458256152294,0.76,68.5,buy
1790042112413,mlb-min-sf-2026-09-21,first_five_total,4.5,63567247947439589464128112141640017984765541926731690528919340011953911777139,0.6,57.52381,
1790042121419,mlb-min-sf-2026-09-21,total,8.5,99675211524389996563605546081084353982957157387898350977475227973158792759432,0.41,326.731708,buy
1790042121906,mlb-min-sf-2026-09-21,moneyline,,52778541504311759750508311994558317269550813701156447811711347174954389079359,0.51,39.215687,buy
1790042127644,mlb-tor-bal-2026-09-21,total,9.5,105061288751334920775175949673955309859350625231141051871821741428500986118999,0.999,300.0,sell
1790042135980,mlb-min-sf-2026-09-21,total,8.5,84014533134141585823758053317587064742822060388913811086984206985002701956162,0.6,1.833332,buy
1790042140634,mlb-min-sf-2026-09-21,total,8.5,99675211524389996563605546081084353982957157387898350977475227973158792759432,0.41,132.585366,
1790042141523,mlb-tor-bal-2026-09-21,moneyline,,57127995217533601132574915606447033184748035678780584329337725901416585796147,0.999,348.26,sell
1790042162196,mlb-min-sf-2026-09-21,spread,-2.5,111637670889603278163389293132637718144150963230974508576663654748682006742810,0.23,1000.0,buy
1790042165935,mlb-min-sf-2026-09-21,total,8.5,84014533134141585823758053317587064742822060388913811086984206985002701956162,0.58,50.84,buy
1790042170728,mlb-min-sf-2026-09-21,moneyline,,35666944316359472749137362875213336087465905017132521316783037768062839232945,0.5,2.0,buy
1790042171781,mlb-min-sf-2026-09-21,moneyline,,35666944316359472749137362875213336087465905017132521316783037768062839232945,0.5,104.0,buy
1790042171937,mlb-min-sf-2026-09-21,spread,-2.5,111637670889603278163389293132637718144150963230974508576663654748682006742810,0.23,499.0,buy
1790042171973,mlb-min-sf-2026-09-21,moneyline,,35666944316359472749137362875213336087465905017132521316783037768062839232945,0.5,2198.0,
1790042172019,mlb-min-sf-2026-09-21,spread,-2.5,111637670889603278163389293132637718144150963230974508576663654748682006742810,0.23,1.0,
1790042172482,mlb-min-sf-2026-09-21,moneyline,,35666944316359472749137362875213336087465905017132521316783037768062839232945,0.51,1.67,
1790042178895,mlb-min-sf-2026-09-21,moneyline,,35666944316359472749137362875213336087465905017132521316783037768062839232945,0.57,5.59649,buy
1790042184290,mlb-min-sf-2026-09-21,moneyline,,35666944316359472749137362875213336087465905017132521316783037768062839232945,0.53,1.886793,
1790042184309,mlb-min-sf-2026-09-21,moneyline,,35666944316359472749137362875213336087465905017132521316783037768062839232945,0.53,91.44,
1790042186490,mlb-min-sf-2026-09-21,moneyline,,52778541504311759750508311994558317269550813701156447811711347174954389079359,0.42,10.95,buy
1790042187162,mlb-tor-bal-2026-09-21,moneyline,,57127995217533601132574915606447033184748035678780584329337725901416585796147,0.999,675.8,sell
1790042187860,mlb-min-sf-2026-09-21,total,8.5,99675211524389996563605546081084353982957157387898350977475227973158792759432,0.47,11.085107,buy
1790042188169,mlb-min-sf-2026-09-21,total,8.5,84014533134141585823758053317587064742822060388913811086984206985002701956162,0.54,500.0,buy
1790042188507,mlb-min-sf-2026-09-21,total,8.5,84014533134141585823758053317587064742822060388913811086984206985002701956162,0.54,9.61111,buy
1790042190305,mlb-min-sf-2026-09-21,moneyline,,52778541504311759750508311994558317269550813701156447811711347174954389079359,0.42,5.642858,buy
1790042190659,mlb-min-sf-2026-09-21,moneyline,,35666944316359472749137362875213336087465905017132521316783037768062839232945,0.59,1.694916,buy
1790042195026,mlb-min-sf-2026-09-21,moneyline,,52778541504311759750508311994558317269550813701156447811711347174954389079359,0.42,544.666667,buy
1790042196692,mlb-min-sf-2026-09-21,moneyline,,52778541504311759750508311994558317269550813701156447811711347174954389079359,0.42,16.476191,buy
1790042201164,mlb-tor-bal-2026-09-21,moneyline,,57127995217533601132574915606447033184748035678780584329337725901416585796147,0.999,80.0,sell
1790042201818,mlb-min-sf-2026-09-21,moneyline,,52778541504311759750508311994558317269550813701156447811711347174954389079359,0.42,15.857143,buy
1790042207024,mlb-min-sf-2026-09-21,moneyline,,35666944316359472749137362875213336087465905017132521316783037768062839232945,0.59,5.0,buy
1790042208026,mlb-min-sf-2026-09-21,spread,-2.5,111637670889603278163389293132637718144150963230974508576663654748682006742810,0.28,100.0,sell
1790042211028,mlb-min-sf-2026-09-21,total,8.5,99675211524389996563605546081084353982957157387898350977475227973158792759432,0.47,4.0,buy
1790042212312,mlb-tor-bal-2026-09-21,moneyline,,57127995217533601132574915606447033184748035678780584329337725901416585796147,0.999,196.74,sell
1790042213618,mlb-min-sf-2026-09-21,spread,-1.5,54548218689167304844353630557304840839662807881734583240291676814169185189605,0.32,31.25,buy
1790042216997,mlb-tor-bal-2026-09-21,moneyline,,57127995217533601132574915606447033184748035678780584329337725901416585796147,0.999,580.24,sell
1790042219672,mlb-min-sf-2026-09-21,moneyline,,35666944316359472749137362875213336087465905017132521316783037768062839232945,0.58,5.0,buy
1790042224320,mlb-min-sf-2026-09-21,moneyline,,35666944316359472749137362875213336087465905017132521316783037768062839232945,0.58,3.327585,buy
1790042227221,mlb-min-sf-2026-09-21,total,8.5,84014533134141585823758053317587064742822060388913811086984206985002701956162,0.54,10.9,buy
1790042229436,mlb-tor-bal-2026-09-21,moneyline,,57127995217533601132574915606447033184748035678780584329337725901416585796147,0.999,2.54,sell
1790042233608,mlb-tor-bal-2026-09-21,moneyline,,57127995217533601132574915606447033184748035678780584329337725901416585796147,0.999,112.0,sell
1790042235004,mlb-min-sf-2026-09-21,moneyline,,35666944316359472749137362875213336087465905017132521316783037768062839232945,0.58,3.793104,buy
1790042235763,mlb-min-sf-2026-09-21,moneyline,,35666944316359472749137362875213336087465905017132521316783037768062839232945,0.58,184.0,sell
1790042238000,mlb-min-sf-2026-09-21,moneyline,,52778541504311759750508311994558317269550813701156447811711347174954389079359,0.42,5.0,buy
1790042239346,mlb-min-sf-2026-09-21,moneyline,,52778541504311759750508311994558317269550813701156447811711347174954389079359,0.42,20.0,buy
1790042240823,mlb-min-sf-2026-09-21,moneyline,,52778541504311759750508311994558317269550813701156447811711347174954389079359,0.42,10328.95,sell
1790042243510,mlb-min-sf-2026-09-21,moneyline,,52778541504311759750508311994558317269550813701156447811711347174954389079359,0.43,4.883721,buy
1790042245442,mlb-min-sf-2026-09-21,total,8.5,84014533134141585823758053317587064742822060388913811086984206985002701956162,0.54,1479.0,sell
1790042248047,mlb-min-sf-2026-09-21,moneyline,,52778541504311759750508311994558317269550813701156447811711347174954389079359,0.44,108.204546,buy
1790042251043,mlb-min-sf-2026-09-21,total,8.5,99675211524389996563605546081084353982957157387898350977475227973158792759432,0.46,2.173914,buy
1790042255984,mlb-tor-bal-2026-09-21,moneyline,,57127995217533601132574915606447033184748035678780584329337725901416585796147,0.999,156.66,sell
1790042261212,mlb-min-sf-2026-09-21,total,8.5,99675211524389996563605546081084353982957157387898350977475227973158792759432,0.46,18.82,sell
1790042265464,mlb-tor-bal-2026-09-21,moneyline,,57127995217533601132574915606447033184748035678780584329337725901416585796147,0.999,4000.0,sell
1790042265794,mlb-min-sf-2026-09-21,moneyline,,52778541504311759750508311994558317269550813701156447811711347174954389079359,0.44,11.363637,buy
1790042271720,mlb-min-sf-2026-09-21,moneyline,,52778541504311759750508311994558317269550813701156447811711347174954389079359,0.44,55.295455,buy
1790042278295,mlb-min-sf-2026-09-21,first_inning_run,,97502380348163245999150645295260388001405856191179415524877571361943868749228,0.43,34.44,
1790042299264,mlb-tor-bal-2026-09-21,moneyline,,57127995217533601132574915606447033184748035678780584329337725901416585796147,0.999,5.17,sell
1790042302959,mlb-min-sf-2026-09-21,spread,-1.5,97719756170684651691414050415011119363200036572743945245409981739586293591188,0.63,1.587302,buy
1790042302994,mlb-min-sf-2026-09-21,moneyline,,52778541504311759750508311994558317269550813701156447811711347174954389079359,0.45,3.333334,buy
1790042303521,mlb-min-sf-2026-09-21,moneyline,,52778541504311759750508311994558317269550813701156447811711347174954389079359,0.45,10.0,buy
1790042305584,mlb-min-sf-2026-09-21,spread,-1.5,31625366241666323214493361036915032105253721181148768767396173026753267112685,0.39,30.0,
1790042308978,mlb-tor-bal-2026-09-21,moneyline,,57127995217533601132574915606447033184748035678780584329337725901416585796147,0.999,1233.88,sell
1790042313217,mlb-min-sf-2026-09-21,moneyline,,52778541504311759750508311994558317269550813701156447811711347174954389079359,0.45,1000.0,buy
1790042317496,mlb-min-sf-2026-09-21,moneyline,,52778541504311759750508311994558317269550813701156447811711347174954389079359,0.45,4.222223,buy
1790042317747,mlb-min-sf-2026-09-21,total,8.5,84014533134141585823758053317587064742822060388913811086984206985002701956162,0.54,1.851852,buy
1790042317848,mlb-min-sf-2026-09-21,moneyline,,35666944316359472749137362875213336087465905017132521316783037768062839232945,0.56,267.857143,buy
1790042317913,mlb-min-sf-2026-09-21,moneyline,,35666944316359472749137362875213336087465905017132521316783037768062839232945,0.56,35.714286,buy
1790042333876,mlb-min-sf-2026-09-21,moneyline,,52778541504311759750508311994558317269550813701156447811711347174954389079359,0.45,3.333334,
1790042333897,mlb-min-sf-2026-09-21,moneyline,,52778541504311759750508311994558317269550813701156447811711347174954389079359,0.45,26.66,
1790042335391,mlb-min-sf-2026-09-21,total,8.5,99675211524389996563605546081084353982957157387898350977475227973158792759432,0.47,2.12766,buy
1790042335474,mlb-min-sf-2026-09-21,spread,-1.5,54548218689167304844353630557304840839662807881734583240291676814169185189605,0.31,29.0,buy
1790042335506,mlb-min-sf-2026-09-21,spread,-1.5,97719756170684651691414050415011119363200036572743945245409981739586293591188,0.62,29.0,buy
1790042335555,mlb-min-sf-2026-09-21,total,7.5,92529648985190120773015491909718982598228379329215394720529921319187142016067,0.45,29.0,buy
1790042335559,mlb-min-sf-2026-09-21,spread,-1.5,54548218689167304844353630557304840839662807881734583240291676814169185189605,0.31,1.0,
1790042335586,mlb-min-sf-2026-09-21,spread,-2.5,111475741526834633013043087205525300170702479834707136626587985397458256152294,0.73,29.0,buy
1790042335600,mlb-min-sf-2026-09-21,spread,-1.5,97719756170684651691414050415011119363200036572743945245409981739586293591188,0.62,1.0,
1790042335616,mlb-min-sf-2026-09-21,total,8.5,84014533134141585823758053317587064742822060388913811086984206985002701956162,0.54,27.0,buy
1790042335640,mlb-min-sf-2026-09-21,total,7.5,92529648985190120773015491909718982598228379329215394720529921319187142016067,0.45,1.0,
1790042335671,mlb-min-sf-2026-09-21,spread,-2.5,111475741526834633013043087205525300170702479834707136626587985397458256152294,0.73,1.0,
1790042335703,mlb-min-sf-2026-09-21,total,8.5,84014533134141585823758053317587064742822060388913811086984206985002701956162,0.54,1.14,
1790042336493,mlb-min-sf-2026-09-21,moneyline,,35666944316359472749137362875213336087465905017132521316783037768062839232945,0.52,1.923077,
1790042337803,mlb-min-sf-2026-09-21,first_five_spread,-1.5,39440527444350522497372751720012476795443275501681772854147314373174244998697,0.6,30.0,
1790042337923,mlb-min-sf-2026-09-21,first_five_total,5.5,95683567797724401098549531429849305793714805068923917765727631755056158129943,0.63,30.0,
1790042337956,mlb-min-sf-2026-09-21,first_five_total,3.5,47332356854603869500650397778766521306958953202108269463519906869582946920873,0.37,30.0,
1790042338663,mlb-min-sf-2026-09-21,moneyline,,52778541504311759750508311994558317269550813701156447811711347174954389079359,0.54,101.851852,buy
1790042344778,mlb-min-sf-2026-09-21,moneyline,,52778541504311759750508311994558317269550813701156447811711347174954389079359,0.52,119.15,buy
1790042348512,mlb-tor-bal-2026-09-21,moneyline,,57127995217533601132574915606447033184748035678780584329337725901416585796147,0.999,31.25,sell
1790042348430,mlb-min-sf-2026-09-21,moneyline,,35666944316359472749137362875213336087465905017132521316783037768062839232945,0.53,56.603774,buy
1790042348808,mlb-min-sf-2026-09-21,moneyline,,52778541504311759750508311994558317269550813701156447811711347174954389079359,0.48,5.66,buy
1790042355020,mlb-min-sf-2026-09-21,moneyline,,52778541504311759750508311994558317269550813701156447811711347174954389079359,0.49,2.040817,buy
1790042355372,mlb-min-sf-2026-09-21,moneyline,,35666944316359472749137362875213336087465905017132521316783037768062839232945,0.52,1.923077,buy
1790042355405,mlb-min-sf-2026-09-21,moneyline,,35666944316359472749137362875213336087465905017132521316783037768062839232945,0.52,1.923077,buy
1790042358144,mlb-min-sf-2026-09-21,spread,-2.5,111475741526834633013043087205525300170702479834707136626587985397458256152294,0.78,5.0,buy
1790042358310,mlb-min-sf-2026-09-21,total,8.5,84014533134141585823758053317587064742822060388913811086984206985002701956162,0.59,5.0,buy
1790042367503,mlb-min-sf-2026-09-21,spread,-1.5,31625366241666323214493361036915032105253721181148768767396173026753267112685,0.33,8.970589,
1790042367878,mlb-min-sf-2026-09-21,moneyline,,52778541504311759750508311994558317269550813701156447811711347174954389079359,0.51,58.0,
1790042370662,mlb-tor-bal-2026-09-21,moneyline,,57127995217533601132574915606447033184748035678780584329337725901416585796147,0.999,26.0,sell
1790042373944,mlb-min-sf-2026-09-21,moneyline,,52778541504311759750508311994558317269550813701156447811711347174954389079359,0.51,18748.184902,buy
1790042377958,mlb-min-sf-2026-09-21,moneyline,,35666944316359472749137362875213336087465905017132521316783037768062839232945,0.5,1142.48,buy
1790042379493,mlb-min-sf-2026-09-21,spread,-1.5,106149601255717667637752979947111830571639957995043901293708194551297304240763,0.63,3291.714286,buy
1790042379604,mlb-min-sf-2026-09-21,spread,-1.5,106149601255717667637752979947111830571639957995043901293708194551297304240763,0.63,7.35,buy
1790042381949,mlb-min-sf-2026-09-21,moneyline,,35666944316359472749137362875213336087465905017132521316783037768062839232945,0.5,10.4,buy
1790042383416,mlb-min-sf-2026-09-21,total,8.5,84014533134141585823758053317587064742822060388913811086984206985002701956162,0.59,1.85,sell
1790042391477,mlb-tor-bal-2026-09-21,moneyline,,57127995217533601132574915606447033184748035678780584329337725901416585796147,0.999,6.06,sell
1790042401095,mlb-min-sf-2026-09-21,spread,-1.5,54548218689167304844353630557304840839662807881734583240291676814169185189605,0.38,21.052632,buy
1790042401678,mlb-min-sf-2026-09-21,moneyline,,35666944316359472749137362875213336087465905017132521316783037768062839232945,0.5,59.02,buy
1790042402243,mlb-min-sf-2026-09-21,moneyline,,52778541504311759750508311994558317269550813701156447811711347174954389079359,0.51,9.0,buy
1790042409042,mlb-min-sf-2026-09-21,moneyline,,35666944316359472749137362875213336087465905017132521316783037768062839232945,0.5,30.0,buy
1790042431164,mlb-min-sf-2026-09-21,moneyline,,35666944316359472749137362875213336087465905017132521316783037768062839232945,0.51,19.607844,buy
1790042440088,mlb-min-sf-2026-09-21,moneyline,,35666944316359472749137362875213336087465905017132521316783037768062839232945,0.5,5.12,buy
1790042443357,mlb-min-sf-2026-09-21,moneyline,,52778541504311759750508311994558317269550813701156447811711347174954389079359,0.5,24.0,buy
1790042453538,mlb-min-sf-2026-09-21,moneyline,,52778541504311759750508311994558317269550813701156447811711347174954389079359,0.5,382.52,buy
1790042463010,mlb-min-sf-2026-09-21,spread,-1.5,54548218689167304844353630557304840839662807881734583240291676814169185189605,0.37,32.432433,buy
1790042468116,mlb-min-sf-2026-09-21,total,7.5,44080570153418666929070543715264792370284949309241799377375187669035368073168,0.51,1120.176471,buy
1790042478027,mlb-min-sf-2026-09-21,spread,-1.5,106149601255717667637752979947111830571639957995043901293708194551297304240763,0.64,3.125,buy
1790042478071,mlb-min-sf-2026-09-21,moneyline,,35666944316359472749137362875213336087465905017132521316783037768062839232945,0.52,3084.0,
1790042477660,mlb-min-sf-2026-09-21,spread,-1.5,31625366241666323214493361036915032105253721181148768767396173026753267112685,0.33,6.060607,buy
1790042478216,mlb-min-sf-2026-09-21,moneyline,,35666944316359472749137362875213336087465905017132521316783037768062839232945,0.58,5.172414,
1790042478270,mlb-min-sf-2026-09-21,moneyline,,35666944316359472749137362875213336087465905017132521316783037768062839232945,0.54,1650.0,
1790042478274,mlb-min-sf-2026-09-21,moneyline,,35666944316359472749137362875213336087465905017132521316783037768062839232945,0.58,18.62,
1790042478307,mlb-min-sf-2026-09-21,moneyline,,35666944316359472749137362875213336087465905017132521316783037768062839232945,0.59,20.0,
1790042478396,mlb-min-sf-2026-09-21,moneyline,,35666944316359472749137362875213336087465905017132521316783037768062839232945,0.64,20.0,
1790042478426,mlb-min-sf-2026-09-21,spread,-1.5,106149601255717667637752979947111830571639957995043901293708194551297304240763,0.65,4.615385,buy
1790042478436,mlb-min-sf-2026-09-21,moneyline,,35666944316359472749137362875213336087465905017132521316783037768062839232945,0.66,7.742423,buy
1790042478463,mlb-min-sf-2026-09-21,spread,-1.5,31625366241666323214493361036915032105253721181148768767396173026753267112685,0.33,9.09091,buy
1790042478500,mlb-min-sf-2026-09-21,total,8.5,99675211524389996563605546081084353982957157387898350977475227973158792759432,0.43,6.976745,buy
1790042478985,mlb-min-sf-2026-09-21,total,7.5,44080570153418666929070543715264792370284949309241799377375187669035368073168,0.51,30.0,
1790042479018,mlb-min-sf-2026-09-21,total,8.5,99675211524389996563605546081084353982957157387898350977475227973158792759432,0.43,23.0,
1790042479052,mlb-min-sf-2026-09-21,spread,-1.5,106149601255717667637752979947111830571639957995043901293708194551297304240763,0.65,24.0,buy
1790042479084,mlb-min-sf-2026-09-21,total,6.5,108120987773979693544115270073139647232034517252134105907672341663928725097188,0.63,29.0,buy
1790042479122,mlb-min-sf-2026-09-21,spread,-2.5,78326524226559838579903707821313112968825427196736838173513492046699609778472,0.76,29.0,
1790042479138,mlb-min-sf-2026-09-21,spread,-1.5,106149601255717667637752979947111830571639957995043901293708194551297304240763,0.65,1.38,
1790042479619,mlb-min-sf-2026-09-21,first_inning_run,,97502380348163245999150645295260388001405856191179415524877571361943868749228,0.87,39.977007,
1790042480339,mlb-min-sf-2026-09-21,first_inning_run,,97502380348163245999150645295260388001405856191179415524877571361943868749228,0.99,100.0,
1790042480483,mlb-min-sf-2026-09-21,moneyline,,52778541504311759750508311994558317269550813701156447811711347174954389079359,0.46,29.46,
1790042480567,mlb-min-sf-2026-09-21,moneyline,,52778541504311759750508311994558317269550813701156447811711347174954389079359,0.49,47.0,buy
1790042480999,mlb-min-sf-2026-09-21,moneyline,,35666944316359472749137362875213336087465905017132521316783037768062839232945,0.53,205.0,
1790042481165,mlb-min-sf-2026-09-21,moneyline,,52778541504311759750508311994558317269550813701156447811711347174954389079359,0.5,15.54,sell
1790042481193,mlb-min-sf-2026-09-21,moneyline,,35666944316359472749137362875213336087465905017132521316783037768062839232945,0.5,12.02,buy
1790042481233,mlb-min-sf-2026-09-21,moneyline,,35666944316359472749137362875213336087465905017132521316783037768062839232945,0.5,472.44,
1790042482567,mlb-min-sf-2026-09-21,moneyline,,52778541504311759750508311994558317269550813701156447811711347174954389079359,0.43,55.0,
1790042482604,mlb-min-sf-2026-09-21,moneyline,,35666944316359472749137362875213336087465905017132521316783037768062839232945,0.53,0.8,
1790042482605,mlb-min-sf-2026-09-21,moneyline,,35666944316359472749137362875213336087465905017132521316783037768062839232945,0.53,87.698114,
1790042482667,mlb-min-sf-2026-09-21,total,8.5,99675211524389996563605546081084353982957157387898350977475227973158792759432,0.47,1.21,
1790042482742,mlb-min-sf-2026-09-21,moneyline,,52778541504311759750508311994558317269550813701156447811711347174954389079359,0.43,205.0,
1790042482745,mlb-min-sf-2026-09-21,moneyline,,35666944316359472749137362875213336087465905017132521316783037768062839232945,0.52,385.0,
1790042482803,mlb-min-sf-2026-09-21,moneyline,,52778541504311759750508311994558317269550813701156447811711347174954389079359,0.5,500.0,
1790042483055,mlb-min-sf-2026-09-21,moneyline,,52778541504311759750508311994558317269550813701156447811711347174954389079359,0.47,5.0,
1790042483085,mlb-min-sf-2026-09-21,moneyline,,35666944316359472749137362875213336087465905017132521316783037768062839232945,0.53,138.5,
1790042483088,mlb-min-sf-2026-09-21,moneyline,,52778541504311759750508311994558317269550813701156447811711347174954389079359,0.48,5.0,buy
1790042485039,mlb-min-sf-2026-09-21,moneyline,,35666944316359472749137362875213336087465905017132521316783037768062839232945,0.65,26.0,buy
1790042485077,mlb-min-sf-2026-09-21,spread,-1.5,106149601255717667637752979947111830571639957995043901293708194551297304240763,0.77,64.0,buy
1790042485128,mlb-min-sf-2026-09-21,moneyline,,35666944316359472749137362875213336087465905017132521316783037768062839232945,0.65,1.14,
1790042487021,mlb-min-sf-2026-09-21,moneyline,,52778541504311759750508311994558317269550813701156447811711347174954389079359,0.37,92.567568,buy
1790042487038,mlb-min-sf-2026-09-21,moneyline,,35666944316359472749137362875213336087465905017132521316783037768062839232945,0.67,1.492538,buy
1790042487040,mlb-min-sf-2026-09-21,moneyline,,52778541504311759750508311994558317269550813701156447811711347174954389079359,0.33,3.77,sell
1790042488275,mlb-min-sf-2026-09-21,spread,-1.5,31625366241666323214493361036915032105253721181148768767396173026753267112685,0.57,3.508772,buy
1790042489259,mlb-min-sf-2026-09-21,moneyline,,35666944316359472749137362875213336087465905017132521316783037768062839232945,0.63,87.68,sell
1790042489351,mlb-min-sf-2026-09-21,moneyline,,35666944316359472749137362875213336087465905017132521316783037768062839232945,0.67,5.0,buy
1790042498258,mlb-min-sf-2026-09-21,moneyline,,52778541504311759750508311994558317269550813701156447811711347174954389079359,0.32,3.125,buy
1790042498388,mlb-min-sf-2026-09-21,total,8.5,99675211524389996563605546081084353982957157387898350977475227973158792759432,0.54,18.0,sell
1790042498666,mlb-min-sf-2026-09-21,spread,-2.5,49997916471817125998237180693199806997166828999182071377203764349901736789384,0.19,679.0,
1790042498699,mlb-min-sf-2026-09-21,total,7.5,44080570153418666929070543715264792370284949309241799377375187669035368073168,0.68,399.0,
1790042498745,mlb-min-sf-2026-09-21,spread,-2.5,78326524226559838579903707821313112968825427196736838173513492046699609778472,0.76,513.157895,buy
1790042498803,mlb-min-sf-2026-09-21,spread,-2.5,78326524226559838579903707821313112968825427196736838173513492046699609778472,0.76,515.0,buy
1790042498816,mlb-min-sf-2026-09-21,spread,-1.5,54548218689167304844353630557304840839662807881734583240291676814169185189605,0.22,30.0,
1790042498820,mlb-min-sf-2026-09-21,spread,-2.5,78326524226559838579903707821313112968825427196736838173513492046699609778472,0.76,30.0,buy
1790042498904,mlb-min-sf-2026-09-21,spread,-2.5,78326524226559838579903707821313112968825427196736838173513492046699609778472,0.76,30.0,buy
1790042498906,mlb-min-sf-2026-09-21,spread,-1.5,54548218689167304844353630557304840839662807881734583240291676814169185189605,0.22,30.0,
1790042498938,mlb-min-sf-2026-09-21,spread,-2.5,78326524226559838579903707821313112968825427196736838173513492046699609778472,0.76,6.578945,buy
1790042498993,mlb-min-sf-2026-09-21,spread,-2.5,78326524226559838579903707821313112968825427196736838173513492046699609778472,0.76,30.0,buy
1790042498995,mlb-min-sf-2026-09-21,spread,-1.5,54548218689167304844353630557304840839662807881734583240291676814169185189605,0.22,30.0,
1790042499016,mlb-min-sf-2026-09-21,spread,-2.5,78326524226559838579903707821313112968825427196736838173513492046699609778472,0.76,200.0,buy
1790042499055,mlb-min-sf-2026-09-21,spread,-2.5,78326524226559838579903707821313112968825427196736838173513492046699609778472,0.76,13.157895,buy
1790042499065,mlb-min-sf-2026-09-21,spread,-2.5,78326524226559838579903707821313112968825427196736838173513492046699609778472,0.76,1.552629,buy
1790042499087,mlb-min-sf-2026-09-21,spread,-2.5,78326524226559838579903707821313112968825427196736838173513492046699609778472,0.76,30.0,buy
1790042499088,mlb-min-sf-2026-09-21,spread,-2.5,78326524226559838579903707821313112968825427196736838173513492046699609778472,0.76,200.0,buy
1790042499090,mlb-min-sf-2026-09-21,spread,-1.5,54548218689167304844353630557304840839662807881734583240291676814169185189605,0.22,30.0,
1790042499092,mlb-min-sf-2026-09-21,spread,-2.5,78326524226559838579903707821313112968825427196736838173513492046699609778472,0.76,6.473683,buy
1790042499164,mlb-min-sf-2026-09-21,spread,-2.5,78326524226559838579903707821313112968825427196736838173513492046699609778472,0.76,6.486841,sell
1790042499183,mlb-min-sf-2026-09-21,spread,-2.5,78326524226559838579903707821313112968825427196736838173513492046699609778472,0.76,303.57,sell
1790042499186,mlb-min-sf-2026-09-21,spread,-1.5,54548218689167304844353630557304840839662807881734583240291676814169185189605,0.22,30.0,
1790042504057,mlb-tor-bal-2026-09-21,moneyline,,57127995217533601132574915606447033184748035678780584329337725901416585796147,0.999,57.69,sell
1790042512637,mlb-min-sf-2026-09-21,moneyline,,35666944316359472749137362875213336087465905017132521316783037768062839232945,0.68,27.941175,buy
1790042513135,mlb-min-sf-2026-09-21,moneyline,,35666944316359472749137362875213336087465905017132521316783037768062839232945,0.68,5.0,buy
1790042517723,mlb-min-sf-2026-09-21,moneyline,,52778541504311759750508311994558317269550813701156447811711347174954389079359,0.33,30.272728,buy
1790042524089,mlb-min-sf-2026-09-21,moneyline,,52778541504311759750508311994558317269550813701156447811711347174954389079359,0.33,190.47,buy
1790042525398,mlb-min-sf-2026-09-21,moneyline,,52778541504311759750508311994558317269550813701156447811711347174954389079359,0.33,192.030304,buy
1790042526199,mlb-min-sf-2026-09-21,moneyline,,35666944316359472749137362875213336087465905017132521316783037768062839232945,0.68,14.705881,buy
1790042527782,mlb-min-sf-2026-09-21,moneyline,,52778541504311759750508311994558317269550813701156447811711347174954389079359,0.33,3.030304,buy
1790042527962,mlb-min-sf-2026-09-21,moneyline,,52778541504311759750508311994558317269550813701156447811711347174954389079359,0.32,15.85,sell
1790042531336,mlb-min-sf-2026-09-21,moneyline,,35666944316359472749137362875213336087465905017132521316783037768062839232945,0.68,73.529412,buy
1790042531535,mlb-min-sf-2026-09-21,moneyline,,52778541504311759750508311994558317269550813701156447811711347174954389079359,0.32,471.69,sell
1790042534671,mlb-tor-bal-2026-09-21,moneyline,,57127995217533601132574915606447033184748035678780584329337725901416585796147,0.999,53.57,sell
1790042536877,mlb-tor-bal-2026-09-21,moneyline,,57127995217533601132574915606447033184748035678780584329337725901416585796147,0.999,32.25,sell
1790042539193,mlb-min-sf-2026-09-21,moneyline,,35666944316359472749137362875213336087465905017132521316783037768062839232945,0.68,7.352942,buy
1790042541155,mlb-min-sf-2026-09-21,spread,-2.5,111637670889603278163389293132637718144150963230974508576663654748682006742810,0.38,2565.0,sell
1790042544200,mlb-min-sf-2026-09-21,moneyline,,52778541504311759750508311994558317269550813701156447811711347174954389079359,0.33,5.0,buy
1790042546219,mlb-min-sf-2026-09-21,moneyline,,52778541504311759750508311994558317269550813701156447811711347174954389079359,0.33,17.303031,buy
1790042553110,mlb-min-sf-2026-09-21,moneyline,,52778541504311759750508311994558317269550813701156447811711347174954389079359,0.33,160.0,buy
1790042561713,mlb-min-sf-2026-09-21,spread,-1.5,54548218689167304844353630557304840839662807881734583240291676814169185189605,0.19,26.052632,buy
1790042562318,mlb-min-sf-2026-09-21,spread,-1.5,54548218689167304844353630557304840839662807881734583240291676814169185189605,0.18,26.055556,buy
1790042562418,mlb-min-sf-2026-09-21,spread,-1.5,54548218689167304844353630557304840839662807881734583240291676814169185189605,0.1,0.02,sell
1790042562884,mlb-min-sf-2026-09-21,spread,-1.5,54548218689167304844353630557304840839662807881734583240291676814169185189605,0.12,0.02,sell
1790042562969,mlb-min-sf-2026-09-21,spread,-1.5,54548218689167304844353630557304840839662807881734583240291676814169185189605,0.17,11.82353,buy
1790042565434,mlb-min-sf-2026-09-21,spread,-1.5,54548218689167304844353630557304840839662807881734583240291676814169185189605,0.21,0.01,sell
1790042577594,mlb-min-sf-2026-09-21,spread,-1.5,97719756170684651691414050415011119363200036572743945245409981739586293591188,0.51,2.941177,buy
1790042578582,mlb-min-sf-2026-09-21,total,7.5,92529648985190120773015491909718982598228379329215394720529921319187142016067,0.35,29.0,buy
1790042578680,mlb-min-sf-2026-09-21,total,7.5,92529648985190120773015491909718982598228379329215394720529921319187142016067,0.35,2.857143,buy
1790042579050,mlb-min-sf-2026-09-21,moneyline,,52778541504311759750508311994558317269550813701156447811711347174954389079359,0.33,3.030304,buy
1790042580080,mlb-min-sf-2026-09-21,total,7.5,92529648985190120773015491909718982598228379329215394720529921319187142016067,0.37,2.702703,buy
1790042580486,mlb-min-sf-2026-09-21,moneyline,,52778541504311759750508311994558317269550813701156447811711347174954389079359,0.33,128.97,
1790042587042,mlb-min-sf-2026-09-21,total,7.5,92529648985190120773015491909718982598228379329215394720529921319187142016067,0.36,5.0,buy
1790042598702,mlb-min-sf-2026-09-21,moneyline,,52778541504311759750508311994558317269550813701156447811711347174954389079359,0.34,227.82353,buy
1790042601627,mlb-min-sf-2026-09-21,moneyline,,35666944316359472749137362875213336087465905017132521316783037768062839232945,0.67,132.97015,buy
1790042601683,mlb-min-sf-2026-09-21,moneyline,,35666944316359472749137362875213336087465905017132521316783037768062839232945,0.67,27.671642,buy
1790042602152,mlb-min-sf-2026-09-21,moneyline,,35666944316359472749137362875213336087465905017132521316783037768062839232945,0.67,292.507463,buy
1790042602224,mlb-min-sf-2026-09-21,moneyline,,35666944316359472749137362875213336087465905017132521316783037768062839232945,0.67,322.328359,buy
1790042611005,mlb-min-sf-2026-09-21,spread,-1.5,31625366241666323214493361036915032105253721181148768767396173026753267112685,0.48,208.333334,buy
1790042624141,mlb-min-sf-2026-09-21,moneyline,,35666944316359472749137362875213336087465905017132521316783037768062839232945,0.66,5.5,sell
1790042624410,mlb-tor-bal-2026-09-21,moneyline,,57127995217533601132574915606447033184748035678780584329337725901416585796147,0.999,3.7,sell
1790042624485,mlb-min-sf-2026-09-21,moneyline,,52778541504311759750508311994558317269550813701156447811711347174954389079359,0.34,2.941177,buy
1790042629420,mlb-min-sf-2026-09-21,spread,-1.5,97719756170684651691414050415011119363200036572743945245409981739586293591188,0.53,53.962265,buy
1790042642095,mlb-min-sf-2026-09-21,total,8.5,84014533134141585823758053317587064742822060388913811086984206985002701956162,0.45,1443.63,sell
1790042642681,mlb-min-sf-2026-09-21,moneyline,,35666944316359472749137362875213336087465905017132521316783037768062839232945,0.67,142.134329,buy
1790042645389,mlb-min-sf-2026-09-21,total,7.5,92529648985190120773015491909718982598228379329215394720529921319187142016067,0.36,27.777778,buy
1790042648235,mlb-min-sf-2026-09-21,moneyline,,35666944316359472749137362875213336087465905017132521316783037768062839232945,0.67,142.134329,buy
1790042651880,mlb-min-sf-2026-09-21,moneyline,,35666944316359472749137362875213336087465905017132521316783037768062839232945,0.67,12000.0,buy
1790042659252,mlb-min-sf-2026-09-21,total,8.5,84014533134141585823758053317587064742822060388913811086984206985002701956162,0.46,100.0,buy
1790042659252,mlb-min-sf-2026-09-21,moneyline,,35666944316359472749137362875213336087465905017132521316783037768062839232945,0.67,142.134329,buy
1790042660021,mlb-min-sf-2026-09-21,moneyline,,52778541504311759750508311994558317269550813701156447811711347174954389079359,0.33,166.41,sell
1790042662694,mlb-min-sf-2026-09-21,moneyline,,52778541504311759750508311994558317269550813701156447811711347174954389079359,0.34,2.941177,buy
1790042666482,mlb-min-sf-2026-09-21,moneyline,,35666944316359472749137362875213336087465905017132521316783037768062839232945,0.67,142.134329,buy
1790042667420,mlb-min-sf-2026-09-21,moneyline,,35666944316359472749137362875213336087465905017132521316783037768062839232945,0.67,1.492538,buy
1790042675449,mlb-min-sf-2026-09-21,spread,-1.5,31625366241666323214493361036915032105253721181148768767396173026753267112685,0.48,9.0,buy
1790042680526,mlb-min-sf-2026-09-21,moneyline,,35666944316359472749137362875213336087465905017132521316783037768062839232945,0.67,142.134327,buy
1790042687833,mlb-min-sf-2026-09-21,moneyline,,35666944316359472749137362875213336087465905017132521316783037768062839232945,0.67,142.134327,buy
1790042689502,mlb-min-sf-2026-09-21,total,6.5,108120987773979693544115270073139647232034517252134105907672341663928725097188,0.78,399.0,sell
1790042693203,mlb-min-sf-2026-09-21,moneyline,,35666944316359472749137362875213336087465905017132521316783037768062839232945,0.67,142.134327,buy
1790042698930,mlb-min-sf-2026-09-21,moneyline,,52778541504311759750508311994558317269550813701156447811711347174954389079359,0.33,5.66,sell
1790042699758,mlb-min-sf-2026-09-21,moneyline,,52778541504311759750508311994558317269550813701156447811711347174954389079359,0.33,5.66,sell
1790042700339,mlb-min-sf-2026-09-21,moneyline,,52778541504311759750508311994558317269550813701156447811711347174954389079359,0.34,29.411765,buy
1790042704636,mlb-min-sf-2026-09-21,moneyline,,35666944316359472749137362875213336087465905017132521316783037768062839232945,0.67,142.134327,buy
1790042707708,mlb-min-sf-2026-09-21,spread,-1.5,97719756170684651691414050415011119363200036572743945245409981739586293591188,0.53,1.886793,buy
1790042711242,mlb-min-sf-2026-09-21,moneyline,,35666944316359472749137362875213336087465905017132521316783037768062839232945,0.67,142.134327,buy
1790042716615,mlb-min-sf-2026-09-21,moneyline,,35666944316359472749137362875213336087465905017132521316783037768062839232945,0.67,142.134327,buy
1790042720081,mlb-min-sf-2026-09-21,total,8.5,99675211524389996563605546081084353982957157387898350977475227973158792759432,0.54,199.5,buy
1790042720125,mlb-min-sf-2026-09-21,total,8.5,99675211524389996563605546081084353982957157387898350977475227973158792759432,0.54,150.5,sell
1790042722767,mlb-min-sf-2026-09-21,moneyline,,52778541504311759750508311994558317269550813701156447811711347174954389079359,0.34,767.0,buy
1790042724825,mlb-min-sf-2026-09-21,moneyline,,52778541504311759750508311994558317269550813701156447811711347174954389079359,0.34,2941.176471,buy
1790042753176,mlb-min-sf-2026-09-21,total,6.5,50378321555830083363178561274306220044818398153735208866569509431533788097148,0.22,4723.0,buy
1790042753263,mlb-min-sf-2026-09-21,total,6.5,50378321555830083363178561274306220044818398153735208866569509431533788097148,0.22,342.0,
1790042753764,mlb-min-sf-2026-09-21,moneyline,,35666944316359472749137362875213336087465905017132521316783037768062839232945,0.67,1.492536,buy
1790042754343,mlb-min-sf-2026-09-21,moneyline,,52778541504311759750508311994558317269550813701156447811711347174954389079359,0.34,5.882353,buy
1790042759287,mlb-min-sf-2026-09-21,moneyline,,35666944316359472749137362875213336087465905017132521316783037768062839232945,0.67,1.492536,buy
1790042763289,mlb-min-sf-2026-09-21,moneyline,,35666944316359472749137362875213336087465905017132521316783037768062839232945,0.67,98.5,sell
1790042764784,mlb-min-sf-2026-09-21,moneyline,,35666944316359472749137362875213336087465905017132521316783037768062839232945,0.67,85.62,sell
1790042766677,mlb-min-sf-2026-09-21,total,6.5,108120987773979693544115270073139647232034517252134105907672341663928725097188,0.76,7.0,buy
1790042774463,mlb-min-sf-2026-09-21,total,8.5,99675211524389996563605546081084353982957157387898350977475227973158792759432,0.53,199.5,buy
1790042774505,mlb-min-sf-2026-09-21,total,7.5,44080570153418666929070543715264792370284949309241799377375187669035368073168,0.61,199.5,buy
1790042774538,mlb-min-sf-2026-09-21,total,8.5,99675211524389996563605546081084353982957157387898350977475227973158792759432,0.53,199.5,buy
1790042774567,mlb-min-sf-2026-09-21,total,7.5,44080570153418666929070543715264792370284949309241799377375187669035368073168,0.61,199.5,buy
1790042778636,mlb-min-sf-2026-09-21,first_five_total,6.5,49327173230416519868623951658297131819682271573436400403958716636301094911151,0.74,66.973683,
1790042780042,mlb-tor-bal-2026-09-21,moneyline,,57127995217533601132574915606447033184748035678780584329337725901416585796147,0.999,3.44,sell
1790042784844,mlb-min-sf-2026-09-21,moneyline,,52778541504311759750508311994558317269550813701156447811711347174954389079359,0.31,352.58,buy
1790042784949,mlb-min-sf-2026-09-21,moneyline,,52778541504311759750508311994558317269550813701156447811711347174954389079359,0.31,3.225807,buy
1790042787024,mlb-min-sf-2026-09-21,moneyline,,52778541504311759750508311994558317269550813701156447811711347174954389079359,0.31,3.225807,buy
1790042788826,mlb-min-sf-2026-09-21,total,7.5,92529648985190120773015491909718982598228379329215394720529921319187142016067,0.4,11.71,buy
1790042795026,mlb-min-sf-2026-09-21,spread,-1.5,97719756170684651691414050415011119363200036572743945245409981739586293591188,0.49,3.5,sell
1790042797309,mlb-min-sf-2026-09-21,total,6.5,108120987773979693544115270073139647232034517252134105907672341663928725097188,0.73,355.328766,
1790042798047,mlb-min-sf-2026-09-21,moneyline,,52778541504311759750508311994558317269550813701156447811711347174954389079359,0.3,2897.14,
1790042799136,mlb-min-sf-2026-09-21,moneyline,,52778541504311759750508311994558317269550813701156447811711347174954389079359,0.32,10.625,buy
1790042802493,mlb-min-sf-2026-09-21,moneyline,,52778541504311759750508311994558317269550813701156447811711347174954389079359,0.32,5.5,buy
1790042815642,mlb-min-sf-2026-09-21,moneyline,,52778541504311759750508311994558317269550813701156447811711347174954389079359,0.32,5.0,buy
1790042817544,mlb-min-sf-2026-09-21,moneyline,,35666944316359472749137362875213336087465905017132521316783037768062839232945,0.69,1.449274,buy
1790042820411,mlb-min-sf-2026-09-21,moneyline,,52778541504311759750508311994558317269550813701156447811711347174954389079359,0.32,38.6875,buy
1790042821367,mlb-min-sf-2026-09-21,moneyline,,52778541504311759750508311994558317269550813701156447811711347174954389079359,0.32,93.75,buy
1790042850281,mlb-min-sf-2026-09-21,total,8.5,84014533134141585823758053317587064742822060388913811086984206985002701956162,0.5,39.21,buy
1790042866560,mlb-min-sf-2026-09-21,moneyline,,35666944316359472749137362875213336087465905017132521316783037768062839232945,0.7,6.8,buy
1790042866573,mlb-min-sf-2026-09-21,moneyline,,52778541504311759750508311994558317269550813701156447811711347174954389079359,0.31,9.612904,buy
1790042877356,mlb-min-sf-2026-09-21,spread,-1.5,54548218689167304844353630557304840839662807881734583240291676814169185189605,0.18,0.02,sell
1790042905110,mlb-min-sf-2026-09-21,moneyline,,52778541504311759750508311994558317269550813701156447811711347174954389079359,0.3,333.0,buy
1790042909684,mlb-min-sf-2026-09-21,moneyline,,35666944316359472749137362875213336087465905017132521316783037768062839232945,0.7,1.42857,buy
1790042910279,mlb-min-sf-2026-09-21,moneyline,,35666944316359472749137362875213336087465905017132521316783037768062839232945,0.7,7.142856,buy
1790042910730,mlb-min-sf-2026-09-21,moneyline,,52778541504311759750508311994558317269550813701156447811711347174954389079359,0.31,7.67742,buy
1790042921532,mlb-min-sf-2026-09-21,moneyline,,52778541504311759750508311994558317269550813701156447811711347174954389079359,0.3,11.0,buy
1790042926780,mlb-min-sf-2026-09-21,spread,-1.5,97719756170684651691414050415011119363200036572743945245409981739586293591188,0.48,515.918368,
1790042933518,mlb-min-sf-2026-09-21,moneyline,,52778541504311759750508311994558317269550813701156447811711347174954389079359,0.3,3.333334,buy
1790042934822,mlb-min-sf-2026-09-21,moneyline,,52778541504311759750508311994558317269550813701156447811711347174954389079359,0.3,65.66,
1790042937369,mlb-min-sf-2026-09-21,moneyline,,35666944316359472749137362875213336087465905017132521316783037768062839232945,0.71,645.31,sell
1790042941312,mlb-min-sf-2026-09-21,moneyline,,52778541504311759750508311994558317269550813701156447811711347174954389079359,0.29,333.0,buy
1790042943315,mlb-min-sf-2026-09-21,moneyline,,35666944316359472749137362875213336087465905017132521316783037768062839232945,0.72,6.944442,buy
1790042944412,mlb-min-sf-2026-09-21,moneyline,,52778541504311759750508311994558317269550813701156447811711347174954389079359,0.29,34.482759,buy
1790042945620,mlb-min-sf-2026-09-21,moneyline,,52778541504311759750508311994558317269550813701156447811711347174954389079359,0.28,4.12,sell
1790042958014,mlb-min-sf-2026-09-21,total,8.5,84014533134141585823758053317587064742822060388913811086984206985002701956162,0.51,50.0,
1790042976260,mlb-min-sf-2026-09-21,moneyline,,52778541504311759750508311994558317269550813701156447811711347174954389079359,0.31,6.363637,
1790042976512,mlb-min-sf-2026-09-21,moneyline,,52778541504311759750508311994558317269550813701156447811711347174954389079359,0.44,714.63,
1790042976613,mlb-min-sf-2026-09-21,spread,-1.5,106149601255717667637752979947111830571639957995043901293708194551297304240763,0.72,26.722221,buy
1790042976674,mlb-min-sf-2026-09-21,spread,-1.5,106149601255717667637752979947111830571639957995043901293708194551297304240763,0.72,189.458332,buy
1790042977740,mlb-min-sf-2026-09-21,moneyline,,52778541504311759750508311994558317269550813701156447811711347174954389079359,0.39,8.0,
1790042978013,mlb-min-sf-2026-09-21,moneyline,,35666944316359472749137362875213336087465905017132521316783037768062839232945,0.54,4.018519,buy
1790042978054,mlb-min-sf-2026-09-21,moneyline,,35666944316359472749137362875213336087465905017132521316783037768062839232945,0.54,136.98,
1790042978177,mlb-min-sf-2026-09-21,spread,-1.5,106149601255717667637752979947111830571639957995043901293708194551297304240763,0.72,257.347221,
1790042978269,mlb-min-sf-2026-09-21,moneyline,,35666944316359472749137362875213336087465905017132521316783037768062839232945,0.54,1.851852,buy
1790042978491,mlb-min-sf-2026-09-21,moneyline,,35666944316359472749137362875213336087465905017132521316783037768062839232945,0.54,9.333334,buy
1790042978721,mlb-min-sf-2026-09-21,moneyline,,52778541504311759750508311994558317269550813701156447811711347174954389079359,0.48,2.958334,buy
1790042978806,mlb-min-sf-2026-09-21,moneyline,,35666944316359472749137362875213336087465905017132521316783037768062839232945,0.61,172.403935,buy
1790042979548,mlb-min-sf-2026-09-21,spread,-1.5,106149601255717667637752979947111830571639957995043901293708194551297304240763,0.72,17.85,
1790042979893,mlb-min-sf-2026-09-21,moneyline,,35666944316359472749137362875213336087465905017132521316783037768062839232945,0.64,101.93,
1790042979898,mlb-min-sf-2026-09-21,moneyline,,35666944316359472749137362875213336087465905017132521316783037768062839232945,0.66,5.0,
1790042979922,mlb-min-sf-2026-09-21,moneyline,,52778541504311759750508311994558317269550813701156447811711347174954389079359,0.33,48.363637,
1790042979930,mlb-min-sf-2026-09-21,moneyline,,52778541504311759750508311994558317269550813701156447811711347174954389079359,0.33,48.121213,
1790042979932,mlb-min-sf-2026-09-21,moneyline,,52778541504311759750508311994558317269550813701156447811711347174954389079359,0.34,14.257143,
1790042979943,mlb-min-sf-2026-09-21,moneyline,,52778541504311759750508311994558317269550813701156447811711347174954389079359,0.35,35.61,sell
1790042980241,mlb-min-sf-2026-09-21,moneyline,,52778541504311759750508311994558317269550813701156447811711347174954389079359,0.38,3.605264,buy
1790042980406,mlb-min-sf-2026-09-21,moneyline,,52778541504311759750508311994558317269550813701156447811711347174954389079359,0.38,34.0,buy
1790042980415,mlb-min-sf-2026-09-21,moneyline,,52778541504311759750508311994558317269550813701156447811711347174954389079359,0.38,12.82,buy
1790042980424,mlb-min-sf-2026-09-21,moneyline,,35666944316359472749137362875213336087465905017132521316783037768062839232945,0.63,3.174602,buy
1790042980594,mlb-min-sf-2026-09-21,spread,-1.5,106149601255717667637752979947111830571639957995043901293708194551297304240763,0.78,1.28205,buy
1790042980718,mlb-min-sf-2026-09-21,total,8.5,99675211524389996563605546081084353982957157387898350977475227973158792759432,0.54,274.37,
1790042980778,mlb-min-sf-2026-09-21,moneyline,,35666944316359472749137362875213336087465905017132521316783037768062839232945,0.65,190.0,
1790042980805,mlb-min-sf-2026-09-21,moneyline,,52778541504311759750508311994558317269550813701156447811711347174954389079359,0.34,259.0,
1790042980809,mlb-min-sf-2026-09-21,moneyline,,52778541504311759750508311994558317269550813701156447811711347174954389079359,0.33,24.0,sell
1790042982130,mlb-min-sf-2026-09-21,moneyline,,35666944316359472749137362875213336087465905017132521316783037768062839232945,0.67,500.0,
1790042982192,mlb-min-sf-2026-09-21,moneyline,,52778541504311759750508311994558317269550813701156447811711347174954389079359,0.35,57.0,buy
1790042983498,mlb-min-sf-2026-09-21,moneyline,,52778541504311759750508311994558317269550813701156447811711347174954389079359,0.35,6.0,buy
1790042983511,mlb-min-sf-2026-09-21,moneyline,,52778541504311759750508311994558317269550813701156447811711347174954389079359,0.35,22.857143,buy
1790042983577,mlb-min-sf-2026-09-21,moneyline,,52778541504311759750508311994558317269550813701156447811711347174954389079359,0.35,2.857143,buy
1790042985452,mlb-min-sf-2026-09-21,moneyline,,35666944316359472749137362875213336087465905017132521316783037768062839232945,0.69,50.0,sell
1790042986710,mlb-min-sf-2026-09-21,moneyline,,35666944316359472749137362875213336087465905017132521316783037768062839232945,0.71,49.859155,buy
1790042989189,mlb-min-sf-2026-09-21,moneyline,,52778541504311759750508311994558317269550813701156447811711347174954389079359,0.3,3.333334,buy
1790042989989,mlb-min-sf-2026-09-21,moneyline,,35666944316359472749137362875213336087465905017132521316783037768062839232945,0.71,70.0,buy
1790042991055,mlb-min-sf-2026-09-21,spread,-1.5,106149601255717667637752979947111830571639957995043901293708194551297304240763,0.81,35.012342,buy
1790042993279,mlb-min-sf-2026-09-21,moneyline,,35666944316359472749137362875213336087465905017132521316783037768062839232945,0.71,10.042251,buy
1790042999276,mlb-tor-bal-2026-09-21,moneyline,,57127995217533601132574915606447033184748035678780584329337725901416585796147,0.999,14.29,sell
1790043007151,mlb-min-sf-2026-09-21,moneyline,,52778541504311759750508311994558317269550813701156447811711347174954389079359,0.3,5.0,buy
1790043011983,mlb-min-sf-2026-09-21,total,8.5,84014533134141585823758053317587064742822060388913811086984206985002701956162,0.51,39.21,buy
1790043013830,mlb-min-sf-2026-09-21,moneyline,,35666944316359472749137362875213336087465905017132521316783037768062839232945,0.71,44.29,buy
1790043014123,mlb-min-sf-2026-09-21,moneyline,,35666944316359472749137362875213336087465905017132521316783037768062839232945,0.71,133.0,buy
1790043038573,mlb-min-sf-2026-09-21,moneyline,,52778541504311759750508311994558317269550813701156447811711347174954389079359,0.33,10.0,buy
1790043044611,mlb-min-sf-2026-09-21,moneyline,,35666944316359472749137362875213336087465905017132521316783037768062839232945,0.7,14.285713,buy
1790043066743,mlb-min-sf-2026-09-21,total,8.5,99675211524389996563605546081084353982957157387898350977475227973158792759432,0.5,6.4,buy
1790043068770,mlb-min-sf-2026-09-21,moneyline,,52778541504311759750508311994558317269550813701156447811711347174954389079359,0.28,4.25,sell
1790043070567,mlb-min-sf-2026-09-21,moneyline,,52778541504311759750508311994558317269550813701156447811711347174954389079359,0.3,6.666667,
1790043075109,mlb-min-sf-2026-09-21,moneyline,,52778541504311759750508311994558317269550813701156447811711347174954389079359,0.3,66.666667,buy
1790043081895,mlb-min-sf-2026-09-21,total,7.5,92529648985190120773015491909718982598228379329215394720529921319187142016067,0.42,714.285715,buy
1790043083613,mlb-min-sf-2026-09-21,spread,-1.5,97719756170684651691414050415011119363200036572743945245409981739586293591188,0.48,2.083334,buy
1790043099010,mlb-min-sf-2026-09-21,first_five_total,6.5,106921274892178656734942296270163115627673418592398869379441422795556921845464,0.26,5.0,
1790043111654,mlb-min-sf-2026-09-21,spread,-1.5,106149601255717667637752979947111830571639957995043901293708194551297304240763,0.81,7.72,buy
1790043114969,mlb-min-sf-2026-09-21,moneyline,,52778541504311759750508311994558317269550813701156447811711347174954389079359,0.32,3.125,buy
1790043137132,mlb-min-sf-2026-09-21,total,7.5,92529648985190120773015491909718982598228379329215394720529921319187142016067,0.42,119.15,
1790043167606,mlb-min-sf-2026-09-21,moneyline,,35666944316359472749137362875213336087465905017132521316783037768062839232945,0.71,134.126758,buy
1790043178318,mlb-min-sf-2026-09-21,moneyline,,52778541504311759750508311994558317269550813701156447811711347174954389079359,0.3,62.0,buy
1790043180906,mlb-min-sf-2026-09-21,total,8.5,99675211524389996563605546081084353982957157387898350977475227973158792759432,0.5,2.0,buy
1790043195581,mlb-min-sf-2026-09-21,total,8.5,99675211524389996563605546081084353982957157387898350977475227973158792759432,0.5,6.0,buy
1790043196873,mlb-min-sf-2026-09-21,spread,-2.5,78326524226559838579903707821313112968825427196736838173513492046699609778472,0.88,9.0,
1790043197586,mlb-min-sf-2026-09-21,moneyline,,35666944316359472749137362875213336087465905017132521316783037768062839232945,0.71,6195.77,buy
1790043197608,mlb-min-sf-2026-09-21,moneyline,,35666944316359472749137362875213336087465905017132521316783037768062839232945,0.71,138.0,buy
1790043197730,mlb-min-sf-2026-09-21,moneyline,,35666944316359472749137362875213336087465905017132521316783037768062839232945,0.71,1.408451,buy
1790043197977,mlb-min-sf-2026-09-21,moneyline,,35666944316359472749137362875213336087465905017132521316783037768062839232945,0.71,10.0,buy
1790043198264,mlb-min-sf-2026-09-21,moneyline,,35666944316359472749137362875213336087465905017132521316783037768062839232945,0.71,2.112675,buy
1790043199094,mlb-min-sf-2026-09-21,moneyline,,35666944316359472749137362875213336087465905017132521316783037768062839232945,0.71,106.507041,buy
1790043199373,mlb-min-sf-2026-09-21,moneyline,,35666944316359472749137362875213336087465905017132521316783037768062839232945,0.71,1.408451,buy
1790043202617,mlb-min-sf-2026-09-21,moneyline,,35666944316359472749137362875213336087465905017132521316783037768062839232945,0.71,5.0,buy
1790043203293,mlb-min-sf-2026-09-21,total,7.5,44080570153418666929070543715264792370284949309241799377375187669035368073168,0.58,344.827585,buy
1790043203556,mlb-min-sf-2026-09-21,moneyline,,52778541504311759750508311994558317269550813701156447811711347174954389079359,0.3,5.5,buy
1790043204087,mlb-min-sf-2026-09-21,first_five_total,4.5,97813041949254791380767778498808885365463561863500941954908108081274950428324,0.55,1.818182,buy
1790043204794,mlb-min-sf-2026-09-21,moneyline,,35666944316359472749137362875213336087465905017132521316783037768062839232945,0.71,140.0,buy
1790043204891,mlb-min-sf-2026-09-21,moneyline,,35666944316359472749137362875213336087465905017132521316783037768062839232945,0.71,1.408451,buy
1790043205421,mlb-min-sf-2026-09-21,first_five_total,4.5,63567247947439589464128112141640017984765541926731690528919340011953911777139,0.62,118.548386,buy
1790043205587,mlb-min-sf-2026-09-21,moneyline,,35666944316359472749137362875213336087465905017132521316783037768062839232945,0.71,5.0,buy
1790043206040,mlb-min-sf-2026-09-21,moneyline,,35666944316359472749137362875213336087465905017132521316783037768062839232945,0.71,2278.37,buy
1790043206409,mlb-min-sf-2026-09-21,moneyline,,35666944316359472749137362875213336087465905017132521316783037768062839232945,0.71,493.24,buy
1790043206916,mlb-min-sf-2026-09-21,moneyline,,35666944316359472749137362875213336087465905017132521316783037768062839232945,0.71,1.408451,buy
1790043208125,mlb-min-sf-2026-09-21,moneyline,,35666944316359472749137362875213336087465905017132521316783037768062839232945,0.71,12.0,buy
1790043216158,mlb-min-sf-2026-09-21,moneyline,,35666944316359472749137362875213336087465905017132521316783037768062839232945,0.71,12.0,buy
1790043224367,mlb-min-sf-2026-09-21,moneyline,,35666944316359472749137362875213336087465905017132521316783037768062839232945,0.71,12.0,buy
1790043227208,mlb-min-sf-2026-09-21,moneyline,,35666944316359472749137362875213336087465905017132521316783037768062839232945,0.71,3873.23,buy
1790043227596,mlb-min-sf-2026-09-21,moneyline,,35666944316359472749137362875213336087465905017132521316783037768062839232945,0.71,1907.04,buy
1790043228060,mlb-min-sf-2026-09-21,moneyline,,35666944316359472749137362875213336087465905017132521316783037768062839232945,0.71,939.43,buy
1790043228306,mlb-min-sf-2026-09-21,moneyline,,35666944316359472749137362875213336087465905017132521316783037768062839232945,0.71,461.97,buy
1790043228753,mlb-min-sf-2026-09-21,moneyline,,35666944316359472749137362875213336087465905017132521316783037768062839232945,0.71,228.16,buy
1790043229176,mlb-min-sf-2026-09-21,moneyline,,35666944316359472749137362875213336087465905017132521316783037768062839232945,0.71,111.26,buy
1790043229617,mlb-min-sf-2026-09-21,moneyline,,35666944316359472749137362875213336087465905017132521316783037768062839232945,0.71,54.92,buy
1790043230040,mlb-min-sf-2026-09-21,moneyline,,35666944316359472749137362875213336087465905017132521316783037768062839232945,0.71,26.76,buy
1790043232464,mlb-min-sf-2026-09-21,moneyline,,35666944316359472749137362875213336087465905017132521316783037768062839232945,0.71,12.0,buy
1790043235233,mlb-min-sf-2026-09-21,moneyline,,35666944316359472749137362875213336087465905017132521316783037768062839232945,0.71,5.0,buy
1790043238007,mlb-min-sf-2026-09-21,moneyline,,35666944316359472749137362875213336087465905017132521316783037768062839232945,0.71,3521.12,buy
1790043238420,mlb-min-sf-2026-09-21,moneyline,,35666944316359472749137362875213336087465905017132521316783037768062839232945,0.71,1733.8,buy
1790043238630,mlb-min-sf-2026-09-21,moneyline,,35666944316359472749137362875213336087465905017132521316783037768062839232945,0.71,853.52,buy
1790043239047,mlb-min-sf-2026-09-21,moneyline,,35666944316359472749137362875213336087465905017132521316783037768062839232945,0.71,421.12,buy
1790043239468,mlb-min-sf-2026-09-21,moneyline,,35666944316359472749137362875213336087465905017132521316783037768062839232945,0.71,207.04,buy
1790043239685,mlb-min-sf-2026-09-21,moneyline,,35666944316359472749137362875213336087465905017132521316783037768062839232945,0.71,101.4,buy
1790043239904,mlb-min-sf-2026-09-21,moneyline,,35666944316359472749137362875213336087465905017132521316783037768062839232945,0.71,49.29,buy
1790043239912,mlb-min-sf-2026-09-21,moneyline,,52778541504311759750508311994558317269550813701156447811711347174954389079359,0.3,333.333334,buy
1790043240114,mlb-min-sf-2026-09-21,moneyline,,35666944316359472749137362875213336087465905017132521316783037768062839232945,0.71,23.94,buy
1790043240578,mlb-min-sf-2026-09-21,moneyline,,35666944316359472749137362875213336087465905017132521316783037768062839232945,0.71,12.0,buy
1790043268277,mlb-min-sf-2026-09-21,moneyline,,35666944316359472749137362875213336087465905017132521316783037768062839232945,0.71,3.394365,buy
1790043284866,mlb-min-sf-2026-09-21,moneyline,,35666944316359472749137362875213336087465905017132521316783037768062839232945,0.71,1000.0,buy
1790043298953,mlb-min-sf-2026-09-21,moneyline,,35666944316359472749137362875213336087465905017132521316783037768062839232945,0.71,7.0,buy
1790043338326,mlb-min-sf-2026-09-21,moneyline,,35666944316359472749137362875213336087465905017132521316783037768062839232945,0.72,1000.0,buy
1790043347469,mlb-min-sf-2026-09-21,moneyline,,52778541504311759750508311994558317269550813701156447811711347174954389079359,0.29,10.689656,buy
1790043350450,mlb-min-sf-2026-09-21,total,8.5,99675211524389996563605546081084353982957157387898350977475227973158792759432,0.5,2.0,buy
1790043367277,mlb-min-sf-2026-09-21,total,8.5,99675211524389996563605546081084353982957157387898350977475227973158792759432,0.5,24.0,buy
1790043367371,mlb-min-sf-2026-09-21,total,8.5,99675211524389996563605546081084353982957157387898350977475227973158792759432,0.5,0.6,
1790043374612,mlb-min-sf-2026-09-21,moneyline,,52778541504311759750508311994558317269550813701156447811711347174954389079359,0.28,39.107143,buy
1790043379405,mlb-min-sf-2026-09-21,total,8.5,99675211524389996563605546081084353982957157387898350977475227973158792759432,0.49,18.0,buy
1790043379484,mlb-min-sf-2026-09-21,total,8.5,99675211524389996563605546081084353982957157387898350977475227973158792759432,0.49,1.6,
1790043382819,mlb-min-sf-2026-09-21,moneyline,,52778541504311759750508311994558317269550813701156447811711347174954389079359,0.26,39.1,sell
1790043396129,mlb-min-sf-2026-09-21,total,8.5,99675211524389996563605546081084353982957157387898350977475227973158792759432,0.53,5.0,buy
1790043396240,mlb-min-sf-2026-09-21,total,8.5,99675211524389996563605546081084353982957157387898350977475227973158792759432,0.53,5.0,buy
1790043400465,mlb-min-sf-2026-09-21,total,8.5,99675211524389996563605546081084353982957157387898350977475227973158792759432,0.53,1.886793,buy
1790043400522,mlb-min-sf-2026-09-21,total,8.5,84014533134141585823758053317587064742822060388913811086984206985002701956162,0.49,129.18,buy
1790043402238,mlb-min-sf-2026-09-21,moneyline,,35666944316359472749137362875213336087465905017132521316783037768062839232945,0.74,5.0,buy
1790043403512,mlb-min-sf-2026-09-21,moneyline,,35666944316359472749137362875213336087465905017132521316783037768062839232945,0.74,6.0,buy
1790043407948,mlb-min-sf-2026-09-21,moneyline,,52778541504311759750508311994558317269550813701156447811711347174954389079359,0.26,19.64,buy
1790043407982,mlb-min-sf-2026-09-21,moneyline,,52778541504311759750508311994558317269550813701156447811711347174954389079359,0.26,73.65,buy
1790043409987,mlb-min-sf-2026-09-21,moneyline,,52778541504311759750508311994558317269550813701156447811711347174954389079359,0.26,2977.81,buy
1790043410042,mlb-min-sf-2026-09-21,moneyline,,52778541504311759750508311994558317269550813701156447811711347174954389079359,0.26,823.3,buy
1790043414248,mlb-min-sf-2026-09-21,moneyline,,52778541504311759750508311994558317269550813701156447811711347174954389079359,0.25,3.77,sell
1790043433338,mlb-min-sf-2026-09-21,moneyline,,52778541504311759750508311994558317269550813701156447811711347174954389079359,0.27,5.0,buy
1790043456038,mlb-min-sf-2026-09-21,total,7.5,44080570153418666929070543715264792370284949309241799377375187669035368073168,0.64,39.890625,
1790043456323,mlb-min-sf-2026-09-21,total,6.5,108120987773979693544115270073139647232034517252134105907672341663928725097188,0.73,5.0,
1790043468606,mlb-min-sf-2026-09-21,moneyline,,35666944316359472749137362875213336087465905017132521316783037768062839232945,0.73,1.369862,buy
1790043494064,mlb-min-sf-2026-09-21,moneyline,,52778541504311759750508311994558317269550813701156447811711347174954389079359,0.29,3.448276,buy
1790043494766,mlb-min-sf-2026-09-21,total,7.5,44080570153418666929070543715264792370284949309241799377375187669035368073168,0.59,11.57627,buy
1790043494935,mlb-min-sf-2026-09-21,total,7.5,44080570153418666929070543715264792370284949309241799377375187669035368073168,0.59,7.81,buy
1790043523708,mlb-min-sf-2026-09-21,moneyline,,35666944316359472749137362875213336087465905017132521316783037768062839232945,0.72,2.083332,buy
1790043544046,mlb-min-sf-2026-09-21,moneyline,,35666944316359472749137362875213336087465905017132521316783037768062839232945,0.73,1426.48,
1790043544268,mlb-min-sf-2026-09-21,moneyline,,35666944316359472749137362875213336087465905017132521316783037768062839232945,0.76,13.565787,buy
1790043544486,mlb-min-sf-2026-09-21,total,8.5,99675211524389996563605546081084353982957157387898350977475227973158792759432,0.5,12.0,buy
1790043544576,mlb-min-sf-2026-09-21,total,8.5,99675211524389996563605546081084353982957157387898350977475227973158792759432,0.5,1.72,
1790043564503,mlb-min-sf-2026-09-21,moneyline,,52778541504311759750508311994558317269550813701156447811711347174954389079359,0.25,4.0,buy
1790043568029,mlb-min-sf-2026-09-21,spread,-2.5,78326524226559838579903707821313112968825427196736838173513492046699609778472,0.89,10.0,
1790043569598,mlb-min-sf-2026-09-21,total,6.5,50378321555830083363178561274306220044818398153735208866569509431533788097148,0.27,5.0,buy
1790043572900,mlb-min-sf-2026-09-21,moneyline,,35666944316359472749137362875213336087465905017132521316783037768062839232945,0.76,1.49,sell
1790043572987,mlb-min-sf-2026-09-21,total,8.5,84014533134141585823758053317587064742822060388913811086984206985002701956162,0.43,6.976745,buy
1790043575103,mlb-min-sf-2026-09-21,moneyline,,35666944316359472749137362875213336087465905017132521316783037768062839232945,0.77,64.935065,buy
1790043577560,mlb-min-sf-2026-09-21,total,7.5,92529648985190120773015491909718982598228379329215394720529921319187142016067,0.35,55.342858,buy
1790043581288,mlb-min-sf-2026-09-21,moneyline,,35666944316359472749137362875213336087465905017132521316783037768062839232945,0.77,9.09091,buy
1790043586062,mlb-min-sf-2026-09-21,moneyline,,35666944316359472749137362875213336087465905017132521316783037768062839232945,0.77,5.0,buy
1790043587979,mlb-min-sf-2026-09-21,moneyline,,35666944316359472749137362875213336087465905017132521316783037768062839232945,0.77,12.0,buy
1790043592920,mlb-min-sf-2026-09-21,moneyline,,35666944316359472749137362875213336087465905017132521316783037768062839232945,0.76,1000.0,buy
1790043592923,mlb-min-sf-2026-09-21,moneyline,,35666944316359472749137362875213336087465905017132521316783037768062839232945,0.76,10.263158,buy
1790043593232,mlb-min-sf-2026-09-21,moneyline,,35666944316359472749137362875213336087465905017132521316783037768062839232945,0.75,9.85,sell
1790043594095,mlb-min-sf-2026-09-21,moneyline,,52778541504311759750508311994558317269550813701156447811711347174954389079359,0.24,5.0,sell
1790043595422,mlb-min-sf-2026-09-21,moneyline,,35666944316359472749137362875213336087465905017132521316783037768062839232945,0.76,142.05,buy
1790043595543,mlb-min-sf-2026-09-21,moneyline,,35666944316359472749137362875213336087465905017132521316783037768062839232945,0.76,1.31579,buy
1790043595942,mlb-min-sf-2026-09-21,moneyline,,35666944316359472749137362875213336087465905017132521316783037768062839232945,0.76,81.81,buy
1790043596020,mlb-min-sf-2026-09-21,moneyline,,35666944316359472749137362875213336087465905017132521316783037768062839232945,0.76,1.31579,buy
1790043597054,mlb-min-sf-2026-09-21,moneyline,,35666944316359472749137362875213336087465905017132521316783037768062839232945,0.76,1.31579,buy
1790043597088,mlb-min-sf-2026-09-21,moneyline,,35666944316359472749137362875213336087465905017132521316783037768062839232945,0.76,1.31579,buy
1790043597914,mlb-min-sf-2026-09-21,moneyline,,35666944316359472749137362875213336087465905017132521316783037768062839232945,0.76,26.31579,buy
1790043614842,mlb-min-sf-2026-09-21,moneyline,,35666944316359472749137362875213336087465905017132521316783037768062839232945,0.76,5.0,buy
1790043615127,mlb-min-sf-2026-09-21,moneyline,,35666944316359472749137362875213336087465905017132521316783037768062839232945,0.76,174.27,sell
1790043616145,mlb-min-sf-2026-09-21,moneyline,,35666944316359472749137362875213336087465905017132521316783037768062839232945,0.77,1.2987,buy
1790043616660,mlb-min-sf-2026-09-21,moneyline,,52778541504311759750508311994558317269550813701156447811711347174954389079359,0.24,5.0,buy
1790043622680,mlb-min-sf-2026-09-21,moneyline,,52778541504311759750508311994558317269550813701156447811711347174954389079359,0.23,4.347827,buy
1790043624244,mlb-min-sf-2026-09-21,moneyline,,35666944316359472749137362875213336087465905017132521316783037768062839232945,0.78,5.0,buy
1790043624337,mlb-min-sf-2026-09-21,moneyline,,35666944316359472749137362875213336087465905017132521316783037768062839232945,0.78,1.28205,buy
1790043624339,mlb-min-sf-2026-09-21,moneyline,,35666944316359472749137362875213336087465905017132521316783037768062839232945,0.78,5.0,buy
1790043632193,mlb-min-sf-2026-09-21,moneyline,,35666944316359472749137362875213336087465905017132521316783037768062839232945,0.78,5.128206,buy
1790043642424,mlb-min-sf-2026-09-21,total,6.5,50378321555830083363178561274306220044818398153735208866569509431533788097148,0.24,80.291667,buy
1790043655354,mlb-min-sf-2026-09-21,moneyline,,52778541504311759750508311994558317269550813701156447811711347174954389079359,0.22,90.909091,buy
1790043671588,mlb-min-sf-2026-09-21,total,8.5,99675211524389996563605546081084353982957157387898350977475227973158792759432,0.57,1.754386,buy
1790043675681,mlb-min-sf-2026-09-21,total,8.5,99675211524389996563605546081084353982957157387898350977475227973158792759432,0.57,1.754386,buy
1790043680443,mlb-min-sf-2026-09-21,moneyline,,52778541504311759750508311994558317269550813701156447811711347174954389079359,0.21,115.88,sell
1790043693185,mlb-min-sf-2026-09-21,total,8.5,99675211524389996563605546081084353982957157387898350977475227973158792759432,0.57,33.333334,buy
1790043694868,mlb-min-sf-2026-09-21,moneyline,,35666944316359472749137362875213336087465905017132521316783037768062839232945,0.77,1.298702,buy
1790043703187,mlb-min-sf-2026-09-21,moneyline,,52778541504311759750508311994558317269550813701156447811711347174954389079359,0.22,767.0,sell
1790043725178,mlb-min-sf-2026-09-21,total,7.5,44080570153418666929070543715264792370284949309241799377375187669035368073168,0.66,50.0,buy
1790043744516,mlb-min-sf-2026-09-21,total,7.5,92529648985190120773015491909718982598228379329215394720529921319187142016067,0.36,6.0,
1790043745242,mlb-min-sf-2026-09-21,moneyline,,35666944316359472749137362875213336087465905017132521316783037768062839232945,0.8,915.0,
1790043745568,mlb-min-sf-2026-09-21,total,7.5,44080570153418666929070543715264792370284949309241799377375187669035368073168,0.71,24.0,
1790043745601,mlb-min-sf-2026-09-21,moneyline,,35666944316359472749137362875213336087465905017132521316783037768062839232945,0.85,8.55294,buy
1790043745603,mlb-min-sf-2026-09-21,spread,-1.5,106149601255717667637752979947111830571639957995043901293708194551297304240763,0.87,7.0,buy
1790043745747,mlb-min-sf-2026-09-21,spread,-1.5,106149601255717667637752979947111830571639957995043901293708194551297304240763,0.87,1.0,
1790043745763,mlb-min-sf-2026-09-21,total,7.5,44080570153418666929070543715264792370284949309241799377375187669035368073168,0.74,1.461536,
1790043748111,mlb-min-sf-2026-09-21,total,8.5,99675211524389996563605546081084353982957157387898350977475227973158792759432,0.6,5.0,
1790043748147,mlb-min-sf-2026-09-21,total,6.5,108120987773979693544115270073139647232034517252134105907672341663928725097188,0.8,5.0,
1790043749226,mlb-min-sf-2026-09-21,moneyline,,52778541504311759750508311994558317269550813701156447811711347174954389079359,0.19,200.0,
1790043769786,mlb-min-sf-2026-09-21,moneyline,,35666944316359472749137362875213336087465905017132521316783037768062839232945,0.88,5.0,buy
1790043773013,mlb-min-sf-2026-09-21,moneyline,,52778541504311759750508311994558317269550813701156447811711347174954389079359,0.13,40.0,buy
1790043783783,mlb-min-sf-2026-09-21,moneyline,,35666944316359472749137362875213336087465905017132521316783037768062839232945,0.88,1.75,buy
1790043786942,mlb-min-sf-2026-09-21,moneyline,,35666944316359472749137362875213336087465905017132521316783037768062839232945,0.86,59.02,sell
1790043789170,mlb-min-sf-2026-09-21,moneyline,,35666944316359472749137362875213336087465905017132521316783037768062839232945,0.86,30.0,sell
1790043792752,mlb-min-sf-2026-09-21,total,8.5,84014533134141585823758053317587064742822060388913811086984206985002701956162,0.29,4.88,sell
1790043799530,mlb-min-sf-2026-09-21,spread,-1.5,106149601255717667637752979947111830571639957995043901293708194551297304240763,0.91,33.33,sell
1790043799933,mlb-min-sf-2026-09-21,moneyline,,52778541504311759750508311994558317269550813701156447811711347174954389079359,0.14,1821.428572,buy
1790043800168,mlb-min-sf-2026-09-21,spread,-1.5,106149601255717667637752979947111830571639957995043901293708194551297304240763,0.91,16.66,sell
1790043802192,mlb-min-sf-2026-09-21,moneyline,,52778541504311759750508311994558317269550813701156447811711347174954389079359,0.13,3.47,sell
1790043808230,mlb-min-sf-2026-09-21,moneyline,,52778541504311759750508311994558317269550813701156447811711347174954389079359,0.14,1500.0,
1790043808564,mlb-min-sf-2026-09-21,moneyline,,35666944316359472749137362875213336087465905017132521316783037768062839232945,0.86,12.26,sell
1790043812132,mlb-min-sf-2026-09-21,total,7.5,44080570153418666929070543715264792370284949309241799377375187669035368073168,0.78,474.0,
1790043812157,mlb-min-sf-2026-09-21,total,7.5,92529648985190120773015491909718982598228379329215394720529921319187142016067,0.19,1114.0,
1790043816200,mlb-min-sf-2026-09-21,moneyline,,52778541504311759750508311994558317269550813701156447811711347174954389079359,0.14,95.23,buy
1790043816791,mlb-min-sf-2026-09-21,moneyline,,52778541504311759750508311994558317269550813701156447811711347174954389079359,0.14,7.142858,buy
1790043820510,mlb-min-sf-2026-09-21,moneyline,,52778541504311759750508311994558317269550813701156447811711347174954389079359,0.13,19.6,sell
1790043829634,mlb-min-sf-2026-09-21,moneyline,,52778541504311759750508311994558317269550813701156447811711347174954389079359,0.15,6.666667,buy
1790043831880,mlb-min-sf-2026-09-21,moneyline,,35666944316359472749137362875213336087465905017132521316783037768062839232945,0.85,1.28,sell
1790043867741,mlb-min-sf-2026-09-21,moneyline,,35666944316359472749137362875213336087465905017132521316783037768062839232945,0.86,116.860466,buy
1790043871904,mlb-min-sf-2026-09-21,moneyline,,52778541504311759750508311994558317269550813701156447811711347174954389079359,0.15,18273.84,buy
1790043873509,mlb-min-sf-2026-09-21,moneyline,,35666944316359472749137362875213336087465905017132521316783037768062839232945,0.86,1.162791,buy
1790043876185,mlb-min-sf-2026-09-21,total,8.5,99675211524389996563605546081084353982957157387898350977475227973158792759432,0.67,9.25,sell
1790043879012,mlb-min-sf-2026-09-21,moneyline,,52778541504311759750508311994558317269550813701156447811711347174954389079359,0.14,761.0,sell
1790043896474,mlb-min-sf-2026-09-21,moneyline,,52778541504311759750508311994558317269550813701156447811711347174954389079359,0.14,89.83,sell
1790043896902,mlb-min-sf-2026-09-21,moneyline,,52778541504311759750508311994558317269550813701156447811711347174954389079359,0.15,95.23,buy
1790043908120,mlb-min-sf-2026-09-21,total,7.5,44080570153418666929070543715264792370284949309241799377375187669035368073168,0.73,180.0,
1790043941625,mlb-min-sf-2026-09-21,moneyline,,52778541504311759750508311994558317269550813701156447811711347174954389079359,0.15,20.0,buy
1790043952435,mlb-min-sf-2026-09-21,moneyline,,35666944316359472749137362875213336087465905017132521316783037768062839232945,0.86,11.627907,buy
1790043959664,mlb-min-sf-2026-09-21,moneyline,,52778541504311759750508311994558317269550813701156447811711347174954389079359,0.15,6.666667,buy
1790043963520,mlb-min-sf-2026-09-21,moneyline,,52778541504311759750508311994558317269550813701156447811711347174954389079359,0.15,8.0,buy
1790043990262,mlb-min-sf-2026-09-21,moneyline,,52778541504311759750508311994558317269550813701156447811711347174954389079359,0.15,66.666667,buy
1790043997405,mlb-min-sf-2026-09-21,total,6.5,108120987773979693544115270073139647232034517252134105907672341663928725097188,0.87,108.0,sell
1790043998552,mlb-min-sf-2026-09-21,moneyline,,52778541504311759750508311994558317269550813701156447811711347174954389079359,0.15,3346.6,sell
1790044014760,mlb-min-sf-2026-09-21,moneyline,,52778541504311759750508311994558317269550813701156447811711347174954389079359,0.16,6203.6875,buy
1790044033194,mlb-min-sf-2026-09-21,moneyline,,35666944316359472749137362875213336087465905017132521316783037768062839232945,0.84,10.53,sell
1790044092220,mlb-min-sf-2026-09-21,moneyline,,35666944316359472749137362875213336087465905017132521316783037768062839232945,0.85,16.470586,buy
1790044103071,mlb-min-sf-2026-09-21,moneyline,,52778541504311759750508311994558317269550813701156447811711347174954389079359,0.16,6.25,buy
1790044122078,mlb-min-sf-2026-09-21,moneyline,,52778541504311759750508311994558317269550813701156447811711347174954389079359,0.16,6.25,buy
1790044136620,mlb-min-sf-2026-09-21,moneyline,,35666944316359472749137362875213336087465905017132521316783037768062839232945,0.85,5.0,buy
1790044136695,mlb-min-sf-2026-09-21,moneyline,,52778541504311759750508311994558317269550813701156447811711347174954389079359,0.16,7.0,buy
1790044140579,mlb-min-sf-2026-09-21,spread,-2.5,111475741526834633013043087205525300170702479834707136626587985397458256152294,0.36,312.5,
1790044162348,mlb-min-sf-2026-09-21,moneyline,,52778541504311759750508311994558317269550813701156447811711347174954389079359,0.15,3.12,sell
1790044167212,mlb-min-sf-2026-09-21,moneyline,,35666944316359472749137362875213336087465905017132521316783037768062839232945,0.85,5.0,buy
1790044170798,mlb-min-sf-2026-09-21,moneyline,,35666944316359472749137362875213336087465905017132521316783037768062839232945,0.85,8.95294,buy
1790044177262,mlb-min-sf-2026-09-21,moneyline,,35666944316359472749137362875213336087465905017132521316783037768062839232945,0.85,1.176466,buy
1790044183010,mlb-min-sf-2026-09-21,spread,-2.5,111475741526834633013043087205525300170702479834707136626587985397458256152294,0.54,7.222223,buy
1790044190923,mlb-min-sf-2026-09-21,moneyline,,35666944316359472749137362875213336087465905017132521316783037768062839232945,0.86,1.686047,buy
1790044197762,mlb-min-sf-2026-09-21,moneyline,,35666944316359472749137362875213336087465905017132521316783037768062839232945,0.86,5.0,buy
1790044197830,mlb-min-sf-2026-09-21,moneyline,,52778541504311759750508311994558317269550813701156447811711347174954389079359,0.15,7.0,buy
1790044201753,mlb-min-sf-2026-09-21,moneyline,,35666944316359472749137362875213336087465905017132521316783037768062839232945,0.86,1.162791,buy
1790044211334,mlb-min-sf-2026-09-21,moneyline,,52778541504311759750508311994558317269550813701156447811711347174954389079359,0.14,20.83,sell
1790044218060,mlb-min-sf-2026-09-21,moneyline,,35666944316359472749137362875213336087465905017132521316783037768062839232945,0.86,23.255814,buy
1790044228505,mlb-min-sf-2026-09-21,moneyline,,35666944316359472749137362875213336087465905017132521316783037768062839232945,0.86,5.0,buy
1790044247112,mlb-min-sf-2026-09-21,moneyline,,35666944316359472749137362875213336087465905017132521316783037768062839232945,0.86,1.162791,buy
1790044259055,mlb-min-sf-2026-09-21,moneyline,,35666944316359472749137362875213336087465905017132521316783037768062839232945,0.86,5.0,buy
1790044259154,mlb-min-sf-2026-09-21,moneyline,,52778541504311759750508311994558317269550813701156447811711347174954389079359,0.15,7.0,buy
1790044267097,mlb-min-sf-2026-09-21,spread,-1.5,31625366241666323214493361036915032105253721181148768767396173026753267112685,0.75,799.0,buy
1790044267182,mlb-min-sf-2026-09-21,spread,-1.5,31625366241666323214493361036915032105253721181148768767396173026753267112685,0.75,1.0,
1790044273827,mlb-min-sf-2026-09-21,spread,-1.5,31625366241666323214493361036915032105253721181148768767396173026753267112685,0.79,5.0,buy
1790044284751,mlb-min-sf-2026-09-21,moneyline,,35666944316359472749137362875213336087465905017132521316783037768062839232945,0.88,5.681816,buy
1790044290054,mlb-min-sf-2026-09-21,moneyline,,35666944316359472749137362875213336087465905017132521316783037768062839232945,0.88,5.0,buy
1790044290126,mlb-min-sf-2026-09-21,moneyline,,52778541504311759750508311994558317269550813701156447811711347174954389079359,0.13,8.0,buy
1790044300944,mlb-min-sf-2026-09-21,moneyline,,52778541504311759750508311994558317269550813701156447811711347174954389079359,0.13,83.846154,buy
1790044301285,mlb-min-sf-2026-09-21,total,7.5,92529648985190120773015491909718982598228379329215394720529921319187142016067,0.29,3.448276,buy
1790044307540,mlb-min-sf-2026-09-21,total,7.5,92529648985190120773015491909718982598228379329215394720529921319187142016067,0.29,3.448276,buy
1790044316217,mlb-min-sf-2026-09-21,total,7.5,92529648985190120773015491909718982598228379329215394720529921319187142016067,0.29,3.448276,buy
1790044321195,mlb-min-sf-2026-09-21,moneyline,,52778541504311759750508311994558317269550813701156447811711347174954389079359,0.15,7.0,buy
1790044322767,mlb-min-sf-2026-09-21,total,7.5,92529648985190120773015491909718982598228379329215394720529921319187142016067,0.29,3.448276,buy
1790044329094,mlb-min-sf-2026-09-21,moneyline,,35666944316359472749137362875213336087465905017132521316783037768062839232945,0.86,59.790698,buy
1790044341664,mlb-min-sf-2026-09-21,total,7.5,92529648985190120773015491909718982598228379329215394720529921319187142016067,0.29,3.448276,buy
1790044352583,mlb-min-sf-2026-09-21,total,7.5,92529648985190120773015491909718982598228379329215394720529921319187142016067,0.29,2.75,
1790044379236,mlb-min-sf-2026-09-21,moneyline,,52778541504311759750508311994558317269550813701156447811711347174954389079359,0.15,13.333334,buy
1790044404871,mlb-min-sf-2026-09-21,moneyline,,35666944316359472749137362875213336087465905017132521316783037768062839232945,0.86,5.0,buy
1790044412365,mlb-min-sf-2026-09-21,moneyline,,35666944316359472749137362875213336087465905017132521316783037768062839232945,0.86,1.162785,buy
1790044418240,mlb-min-sf-2026-09-21,moneyline,,52778541504311759750508311994558317269550813701156447811711347174954389079359,0.15,63.466667,buy
1790044424163,mlb-min-sf-2026-09-21,moneyline,,52778541504311759750508311994558317269550813701156447811711347174954389079359,0.15,7.0,buy
1790044459633,mlb-min-sf-2026-09-21,moneyline,,35666944316359472749137362875213336087465905017132521316783037768062839232945,0.86,1.162785,buy
1790044475841,mlb-min-sf-2026-09-21,moneyline,,52778541504311759750508311994558317269550813701156447811711347174954389079359,0.15,666.666667,buy
1790044479092,mlb-min-sf-2026-09-21,moneyline,,52778541504311759750508311994558317269550813701156447811711347174954389079359,0.14,6.83,
1790044508436,mlb-min-sf-2026-09-21,moneyline,,35666944316359472749137362875213336087465905017132521316783037768062839232945,0.87,1.149423,buy
1790044508499,mlb-min-sf-2026-09-21,moneyline,,35666944316359472749137362875213336087465905017132521316783037768062839232945,0.87,13.85,
1790044510241,mlb-min-sf-2026-09-21,moneyline,,52778541504311759750508311994558317269550813701156447811711347174954389079359,0.13,608.0,buy
1790044510706,mlb-min-sf-2026-09-21,moneyline,,35666944316359472749137362875213336087465905017132521316783037768062839232945,0.88,2.272725,buy
1790044511632,mlb-min-sf-2026-09-21,moneyline,,35666944316359472749137362875213336087465905017132521316783037768062839232945,0.88,1.477273,buy
1790044513866,mlb-min-sf-2026-09-21,moneyline,,52778541504311759750508311994558317269550813701156447811711347174954389079359,0.13,9.23077,buy
1790044515437,mlb-min-sf-2026-09-21,moneyline,,52778541504311759750508311994558317269550813701156447811711347174954389079359,0.13,33940.17,buy
1790044521636,mlb-min-sf-2026-09-21,moneyline,,35666944316359472749137362875213336087465905017132521316783037768062839232945,0.88,1.136358,buy
1790044542147,mlb-min-sf-2026-09-21,moneyline,,52778541504311759750508311994558317269550813701156447811711347174954389079359,0.13,12.0,buy
1790044568061,mlb-min-sf-2026-09-21,moneyline,,52778541504311759750508311994558317269550813701156447811711347174954389079359,0.13,345.307693,buy
1790044568516,mlb-min-sf-2026-09-21,total,6.5,108120987773979693544115270073139647232034517252134105907672341663928725097188,0.82,2.39,buy
1790044569993,mlb-min-sf-2026-09-21,moneyline,,35666944316359472749137362875213336087465905017132521316783037768062839232945,0.88,9.795455,buy
1790044570200,mlb-min-sf-2026-09-21,moneyline,,52778541504311759750508311994558317269550813701156447811711347174954389079359,0.12,1.88,sell
1790044578531,mlb-min-sf-2026-09-21,moneyline,,52778541504311759750508311994558317269550813701156447811711347174954389079359,0.12,657.0,sell
1790044582578,mlb-min-sf-2026-09-21,moneyline,,35666944316359472749137362875213336087465905017132521316783037768062839232945,0.88,32.46591,buy
1790044585984,mlb-min-sf-2026-09-21,total,8.5,99675211524389996563605546081084353982957157387898350977475227973158792759432,0.59,3546.242832,
1790044590836,mlb-min-sf-2026-09-21,moneyline,,52778541504311759750508311994558317269550813701156447811711347174954389079359,0.12,1914.27,buy
1790044596814,mlb-min-sf-2026-09-21,moneyline,,52778541504311759750508311994558317269550813701156447811711347174954389079359,0.12,64940.62,buy
1790044597019,mlb-min-sf-2026-09-21,moneyline,,52778541504311759750508311994558317269550813701156447811711347174954389079359,0.12,150.0,buy
1790044600609,mlb-min-sf-2026-09-21,moneyline,,52778541504311759750508311994558317269550813701156447811711347174954389079359,0.12,66.0,buy
1790044602246,mlb-min-sf-2026-09-21,moneyline,,52778541504311759750508311994558317269550813701156447811711347174954389079359,0.11,9552.49,sell
1790044618293,mlb-min-sf-2026-09-21,moneyline,,52778541504311759750508311994558317269550813701156447811711347174954389079359,0.12,8.333334,buy
1790044628627,mlb-min-sf-2026-09-21,moneyline,,52778541504311759750508311994558317269550813701156447811711347174954389079359,0.11,3.33,sell
1790044671962,mlb-min-sf-2026-09-21,moneyline,,52778541504311759750508311994558317269550813701156447811711347174954389079359,0.13,3850.0,buy
1790044677247,mlb-min-sf-2026-09-21,spread,-1.5,106149601255717667637752979947111830571639957995043901293708194551297304240763,0.93,33.33,sell
1790044688198,mlb-min-sf-2026-09-21,moneyline,,52778541504311759750508311994558317269550813701156447811711347174954389079359,0.12,150.0,buy
1790044698449,mlb-min-sf-2026-09-21,moneyline,,35666944316359472749137362875213336087465905017132521316783037768062839232945,0.89,1.68539,buy
1790044698485,mlb-min-sf-2026-09-21,moneyline,,35666944316359472749137362875213336087465905017132521316783037768062839232945,0.89,1.68539,
1790044698491,mlb-min-sf-2026-09-21,moneyline,,35666944316359472749137362875213336087465905017132521316783037768062839232945,0.89,11.62,
1790044732099,mlb-min-sf-2026-09-21,moneyline,,52778541504311759750508311994558317269550813701156447811711347174954389079359,0.12,8.333334,buy
1790044732191,mlb-min-sf-2026-09-21,moneyline,,52778541504311759750508311994558317269550813701156447811711347174954389079359,0.12,8.333334,buy
1790044739612,mlb-min-sf-2026-09-21,moneyline,,52778541504311759750508311994558317269550813701156447811711347174954389079359,0.12,70.99,buy
1790044739717,mlb-min-sf-2026-09-21,moneyline,,52778541504311759750508311994558317269550813701156447811711347174954389079359,0.12,8.333334,buy
1790044740112,mlb-min-sf-2026-09-21,moneyline,,52778541504311759750508311994558317269550813701156447811711347174954389079359,0.12,48.99,
1790044741441,mlb-min-sf-2026-09-21,moneyline,,52778541504311759750508311994558317269550813701156447811711347174954389079359,0.13,7.692308,buy
1790044742402,mlb-min-sf-2026-09-21,total,8.5,99675211524389996563605546081084353982957157387898350977475227973158792759432,0.58,7.24138,buy
1790044745156,mlb-min-sf-2026-09-21,moneyline,,52778541504311759750508311994558317269550813701156447811711347174954389079359,0.12,272.0,sell
1790044749366,mlb-min-sf-2026-09-21,moneyline,,52778541504311759750508311994558317269550813701156447811711347174954389079359,0.13,8.78,buy
1790044761672,mlb-min-sf-2026-09-21,moneyline,,52778541504311759750508311994558317269550813701156447811711347174954389079359,0.13,7.692308,sell
1790044761693,mlb-min-sf-2026-09-21,moneyline,,52778541504311759750508311994558317269550813701156447811711347174954389079359,0.13,72.3,sell
1790044767398,mlb-min-sf-2026-09-21,total,6.5,50378321555830083363178561274306220044818398153735208866569509431533788097148,0.19,15.0,
1790044767400,mlb-min-sf-2026-09-21,total,6.5,108120987773979693544115270073139647232034517252134105907672341663928725097188,0.81,5.0,
1790044770473,mlb-min-sf-2026-09-21,total,8.5,84014533134141585823758053317587064742822060388913811086984206985002701956162,0.43,7.0,
1790044823708,mlb-min-sf-2026-09-21,total,6.5,50378321555830083363178561274306220044818398153735208866569509431533788097148,0.2,5.0,
1790044824560,mlb-min-sf-2026-09-21,spread,-2.5,111475741526834633013043087205525300170702479834707136626587985397458256152294,0.33,298.0,buy
1790044825740,mlb-min-sf-2026-09-21,moneyline,,35666944316359472749137362875213336087465905017132521316783037768062839232945,0.87,22.9885,buy
1790044887889,mlb-min-sf-2026-09-21,moneyline,,35666944316359472749137362875213336087465905017132521316783037768062839232945,0.87,11.494253,buy
1790044889338,mlb-min-sf-2026-09-21,total,6.5,108120987773979693544115270073139647232034517252134105907672341663928725097188,0.78,7.692304,buy
1790044901404,mlb-min-sf-2026-09-21,moneyline,,52778541504311759750508311994558317269550813701156447811711347174954389079359,0.14,1787.0,buy
1790044909213,mlb-min-sf-2026-09-21,moneyline,,35666944316359472749137362875213336087465905017132521316783037768062839232945,0.87,50.0,buy
1790044909744,mlb-min-sf-2026-09-21,moneyline,,35666944316359472749137362875213336087465905017132521316783037768062839232945,0.86,37.4,sell
1790044931300,mlb-min-sf-2026-09-21,moneyline,,35666944316359472749137362875213336087465905017132521316783037768062839232945,0.87,235.298846,buy
1790044933094,mlb-min-sf-2026-09-21,moneyline,,52778541504311759750508311994558317269550813701156447811711347174954389079359,0.13,120.89,sell
1790044954709,mlb-min-sf-2026-09-21,moneyline,,52778541504311759750508311994558317269550813701156447811711347174954389079359,0.14,35.714286,buy
1790044983310,mlb-min-sf-2026-09-21,moneyline,,52778541504311759750508311994558317269550813701156447811711347174954389079359,0.14,1771.0,sell
1790045012336,mlb-min-sf-2026-09-21,moneyline,,52778541504311759750508311994558317269550813701156447811711347174954389079359,0.15,7.0,buy
1790045012420,mlb-min-sf-2026-09-21,moneyline,,52778541504311759750508311994558317269550813701156447811711347174954389079359,0.15,8.0,
1790045012431,mlb-min-sf-2026-09-21,moneyline,,52778541504311759750508311994558317269550813701156447811711347174954389079359,0.16,18.0,
1790045013861,mlb-min-sf-2026-09-21,moneyline,,35666944316359472749137362875213336087465905017132521316783037768062839232945,0.86,1.430228,buy
1790045049242,mlb-min-sf-2026-09-21,moneyline,,35666944316359472749137362875213336087465905017132521316783037768062839232945,0.87,3.448276,buy
1790045054841,mlb-min-sf-2026-09-21,spread,-1.5,31625366241666323214493361036915032105253721181148768767396173026753267112685,0.76,10.0,buy
1790045060640,mlb-min-sf-2026-09-21,moneyline,,52778541504311759750508311994558317269550813701156447811711347174954389079359,0.14,59.92,buy
1790045060725,mlb-min-sf-2026-09-21,moneyline,,52778541504311759750508311994558317269550813701156447811711347174954389079359,0.14,7.142858,buy
1790045061637,mlb-min-sf-2026-09-21,moneyline,,52778541504311759750508311994558317269550813701156447811711347174954389079359,0.14,11.51,buy
1790045062069,mlb-min-sf-2026-09-21,moneyline,,52778541504311759750508311994558317269550813701156447811711347174954389079359,0.14,70.11,buy
1790045062153,mlb-min-sf-2026-09-21,moneyline,,52778541504311759750508311994558317269550813701156447811711347174954389079359,0.14,7.142858,buy
1790045062672,mlb-min-sf-2026-09-21,moneyline,,52778541504311759750508311994558317269550813701156447811711347174954389079359,0.14,7.142858,buy
1790045064086,mlb-min-sf-2026-09-21,moneyline,,52778541504311759750508311994558317269550813701156447811711347174954389079359,0.14,7.142858,buy
1790045065158,mlb-min-sf-2026-09-21,moneyline,,52778541504311759750508311994558317269550813701156447811711347174954389079359,0.15,15.0,
1790045065172,mlb-min-sf-2026-09-21,moneyline,,52778541504311759750508311994558317269550813701156447811711347174954389079359,0.16,12.5,
1790045065205,mlb-min-sf-2026-09-21,moneyline,,52778541504311759750508311994558317269550813701156447811711347174954389079359,0.16,2.5,
1790045065210,mlb-min-sf-2026-09-21,moneyline,,52778541504311759750508311994558317269550813701156447811711347174954389079359,0.21,15.0,
1790045065273,mlb-min-sf-2026-09-21,moneyline,,52778541504311759750508311994558317269550813701156447811711347174954389079359,0.24,16.25,
1790045065412,mlb-min-sf-2026-09-21,moneyline,,35666944316359472749137362875213336087465905017132521316783037768062839232945,0.86,3.31395,buy
1790045069370,mlb-min-sf-2026-09-21,total,6.5,108120987773979693544115270073139647232034517252134105907672341663928725097188,0.82,19.0,buy
1790045069473,mlb-min-sf-2026-09-21,total,6.5,108120987773979693544115270073139647232034517252134105907672341663928725097188,0.82,1.0,
1790045069621,mlb-min-sf-2026-09-21,total,6.5,108120987773979693544115270073139647232034517252134105907672341663928725097188,0.92,1.184775,buy
1790045074748,mlb-min-sf-2026-09-21,moneyline,,35666944316359472749137362875213336087465905017132521316783037768062839232945,0.8,100.0,buy
1790045082738,mlb-min-sf-2026-09-21,moneyline,,52778541504311759750508311994558317269550813701156447811711347174954389079359,0.2,40.0,
1790045104218,mlb-min-sf-2026-09-21,moneyline,,52778541504311759750508311994558317269550813701156447811711347174954389079359,0.21,15.0,sell
1790045105050,mlb-min-sf-2026-09-21,spread,-2.5,111475741526834633013043087205525300170702479834707136626587985397458256152294,0.51,1.960785,buy
1790045132171,mlb-min-sf-2026-09-21,moneyline,,52778541504311759750508311994558317269550813701156447811711347174954389079359,0.22,20.0,buy
1790045142007,mlb-min-sf-2026-09-21,moneyline,,35666944316359472749137362875213336087465905017132521316783037768062839232945,0.79,1359.02,sell
1790045144377,mlb-min-sf-2026-09-21,moneyline,,35666944316359472749137362875213336087465905017132521316783037768062839232945,0.8,1.3375,buy
1790045144400,mlb-min-sf-2026-09-21,moneyline,,35666944316359472749137362875213336087465905017132521316783037768062839232945,0.8,1.4125,buy
1790045146077,mlb-min-sf-2026-09-21,moneyline,,35666944316359472749137362875213336087465905017132521316783037768062839232945,0.79,3.797466,buy
1790045148947,mlb-min-sf-2026-09-21,moneyline,,35666944316359472749137362875213336087465905017132521316783037768062839232945,0.79,12.658228,buy
1790045160743,mlb-min-sf-2026-09-21,moneyline,,35666944316359472749137362875213336087465905017132521316783037768062839232945,0.79,62.0,buy
1790045161525,mlb-min-sf-2026-09-21,moneyline,,35666944316359472749137362875213336087465905017132521316783037768062839232945,0.79,19.265823,buy
1790045169385,mlb-min-sf-2026-09-21,moneyline,,35666944316359472749137362875213336087465905017132521316783037768062839232945,0.79,20.0,buy
1790045171959,mlb-min-sf-2026-09-21,moneyline,,52778541504311759750508311994558317269550813701156447811711347174954389079359,0.22,63.636364,buy
1790045186790,mlb-min-sf-2026-09-21,moneyline,,35666944316359472749137362875213336087465905017132521316783037768062839232945,0.79,1.265823,
1790045186818,mlb-min-sf-2026-09-21,moneyline,,35666944316359472749137362875213336087465905017132521316783037768062839232945,0.79,209.46,
1790045189119,mlb-min-sf-2026-09-21,moneyline,,35666944316359472749137362875213336087465905017132521316783037768062839232945,0.8,1.875,buy
1790045197453,mlb-min-sf-2026-09-21,moneyline,,35666944316359472749137362875213336087465905017132521316783037768062839232945,0.8,62.0,buy
1790045197535,mlb-min-sf-2026-09-21,moneyline,,35666944316359472749137362875213336087465905017132521316783037768062839232945,0.8,1.25,buy
1790045198833,mlb-min-sf-2026-09-21,moneyline,,35666944316359472749137362875213336087465905017132521316783037768062839232945,0.8,1.25,buy
1790045199945,mlb-min-sf-2026-09-21,moneyline,,35666944316359472749137362875213336087465905017132521316783037768062839232945,0.8,63.75,
1790045205506,mlb-min-sf-2026-09-21,moneyline,,35666944316359472749137362875213336087465905017132521316783037768062839232945,0.81,5.0,buy
1790045219564,mlb-min-sf-2026-09-21,moneyline,,35666944316359472749137362875213336087465905017132521316783037768062839232945,0.81,61.0,buy
1790045219677,mlb-min-sf-2026-09-21,moneyline,,35666944316359472749137362875213336087465905017132521316783037768062839232945,0.81,1.234568,buy
1790045220474,mlb-min-sf-2026-09-21,moneyline,,35666944316359472749137362875213336087465905017132521316783037768062839232945,0.81,33.0,buy
1790045221332,mlb-min-sf-2026-09-21,moneyline,,35666944316359472749137362875213336087465905017132521316783037768062839232945,0.81,1.234568,buy
1790045233215,mlb-min-sf-2026-09-21,moneyline,,35666944316359472749137362875213336087465905017132521316783037768062839232945,0.82,1.219513,buy
1790045238126,mlb-min-sf-2026-09-21,moneyline,,35666944316359472749137362875213336087465905017132521316783037768062839232945,0.81,5.0,buy
1790045267894,mlb-min-sf-2026-09-21,moneyline,,35666944316359472749137362875213336087465905017132521316783037768062839232945,0.81,1.234568,buy
1790045306921,mlb-min-sf-2026-09-21,moneyline,,35666944316359472749137362875213336087465905017132521316783037768062839232945,0.81,46.57,buy
1790045315556,mlb-min-sf-2026-09-21,moneyline,,35666944316359472749137362875213336087465905017132521316783037768062839232945,0.81,493.827157,buy
1790045323789,mlb-min-sf-2026-09-21,total,8.5,84014533134141585823758053317587064742822060388913811086984206985002701956162,0.35,20.0,sell
1790045335292,mlb-min-sf-2026-09-21,spread,-2.5,111475741526834633013043087205525300170702479834707136626587985397458256152294,0.48,1.26,sell
1790045350852,mlb-min-sf-2026-09-21,moneyline,,35666944316359472749137362875213336087465905017132521316783037768062839232945,0.81,174.24691,buy
1790045375508,mlb-min-sf-2026-09-21,moneyline,,35666944316359472749137362875213336087465905017132521316783037768062839232945,0.81,30.0,buy
1790045375587,mlb-min-sf-2026-09-21,moneyline,,35666944316359472749137362875213336087465905017132521316783037768062839232945,0.81,1.234568,buy
1790045376392,mlb-min-sf-2026-09-21,moneyline,,35666944316359472749137362875213336087465905017132521316783037768062839232945,0.81,36.0,buy
1790045377432,mlb-min-sf-2026-09-21,moneyline,,35666944316359472749137362875213336087465905017132521316783037768062839232945,0.81,1.234568,buy
1790045382143,mlb-min-sf-2026-09-21,spread,-1.5,31625366241666323214493361036915032105253721181148768767396173026753267112685,0.66,13.030302,buy
1790045398298,mlb-min-sf-2026-09-21,moneyline,,52778541504311759750508311994558317269550813701156447811711347174954389079359,0.2,150.0,buy
1790045401053,mlb-min-sf-2026-09-21,moneyline,,35666944316359472749137362875213336087465905017132521316783037768062839232945,0.81,5.0,buy
1790045413926,mlb-min-sf-2026-09-21,spread,-2.5,111637670889603278163389293132637718144150963230974508576663654748682006742810,0.53,1.886793,buy
1790045435775,mlb-min-sf-2026-09-21,moneyline,,35666944316359472749137362875213336087465905017132521316783037768062839232945,0.81,15.0,buy
1790045436847,mlb-min-sf-2026-09-21,spread,-2.5,111637670889603278163389293132637718144150963230974508576663654748682006742810,0.53,1.886793,buy
1790045448941,mlb-min-sf-2026-09-21,spread,-2.5,111637670889603278163389293132637718144150963230974508576663654748682006742810,0.53,1.886793,buy
1790045467499,mlb-min-sf-2026-09-21,moneyline,,52778541504311759750508311994558317269550813701156447811711347174954389079359,0.2,25.0,buy
1790045469445,mlb-min-sf-2026-09-21,moneyline,,35666944316359472749137362875213336087465905017132521316783037768062839232945,0.81,1999.99,buy
1790045486417,mlb-min-sf-2026-09-21,moneyline,,52778541504311759750508311994558317269550813701156447811711347174954389079359,0.2,180.0,buy
1790045487836,mlb-min-sf-2026-09-21,moneyline,,52778541504311759750508311994558317269550813701156447811711347174954389079359,0.19,1.85,sell
1790045492253,mlb-min-sf-2026-09-21,moneyline,,52778541504311759750508311994558317269550813701156447811711347174954389079359,0.2,180.0,buy
1790045503477,mlb-min-sf-2026-09-21,moneyline,,52778541504311759750508311994558317269550813701156447811711347174954389079359,0.19,37.73,sell
1790045507373,mlb-min-sf-2026-09-21,moneyline,,52778541504311759750508311994558317269550813701156447811711347174954389079359,0.2,90.0,buy
1790045520587,mlb-min-sf-2026-09-21,moneyline,,35666944316359472749137362875213336087465905017132521316783037768062839232945,0.81,1.604936,buy
1790045556740,mlb-min-sf-2026-09-21,moneyline,,52778541504311759750508311994558317269550813701156447811711347174954389079359,0.2,5.0,buy
1790045576477,mlb-min-sf-2026-09-21,moneyline,,52778541504311759750508311994558317269550813701156447811711347174954389079359,0.19,14.24,sell
1790045578002,mlb-min-sf-2026-09-21,moneyline,,52778541504311759750508311994558317269550813701156447811711347174954389079359,0.19,11.32,sell
1790045598079,mlb-min-sf-2026-09-21,spread,-1.5,54548218689167304844353630557304840839662807881734583240291676814169185189605,0.11,71.909091,buy
1790045600221,mlb-min-sf-2026-09-21,moneyline,,35666944316359472749137362875213336087465905017132521316783037768062839232945,0.81,20.0,buy
1790045610581,mlb-min-sf-2026-09-21,moneyline,,35666944316359472749137362875213336087465905017132521316783037768062839232945,0.81,687.654321,buy
1790045634981,mlb-min-sf-2026-09-21,moneyline,,35666944316359472749137362875213336087465905017132521316783037768062839232945,0.81,1.234568,
1790045642574,mlb-min-sf-2026-09-21,moneyline,,35666944316359472749137362875213336087465905017132521316783037768062839232945,0.83,429.21,sell
1790045642745,mlb-min-sf-2026-09-21,total,7.5,92529648985190120773015491909718982598228379329215394720529921319187142016067,0.28,50.0,sell
1790045655268,mlb-min-sf-2026-09-21,total,7.5,44080570153418666929070543715264792370284949309241799377375187669035368073168,0.74,7204.77,
1790045660127,mlb-min-sf-2026-09-21,moneyline,,35666944316359472749137362875213336087465905017132521316783037768062839232945,0.83,6.024094,buy
1790045710731,mlb-min-sf-2026-09-21,moneyline,,35666944316359472749137362875213336087465905017132521316783037768062839232945,0.84,628.0,sell
1790045714427,mlb-min-sf-2026-09-21,moneyline,,35666944316359472749137362875213336087465905017132521316783037768062839232945,0.84,23.0,buy
1790045714519,mlb-min-sf-2026-09-21,moneyline,,35666944316359472749137362875213336087465905017132521316783037768062839232945,0.84,1.190475,buy
1790045714600,mlb-min-sf-2026-09-21,moneyline,,35666944316359472749137362875213336087465905017132521316783037768062839232945,0.84,91.5,buy
1790045716042,mlb-min-sf-2026-09-21,moneyline,,35666944316359472749137362875213336087465905017132521316783037768062839232945,0.84,17.0,buy
1790045716632,mlb-min-sf-2026-09-21,moneyline,,35666944316359472749137362875213336087465905017132521316783037768062839232945,0.84,1.190475,buy
1790045716674,mlb-min-sf-2026-09-21,moneyline,,35666944316359472749137362875213336087465905017132521316783037768062839232945,0.84,1.190475,buy
1790045717355,mlb-min-sf-2026-09-21,moneyline,,35666944316359472749137362875213336087465905017132521316783037768062839232945,0.84,10.0,buy
1790045717414,mlb-min-sf-2026-09-21,moneyline,,35666944316359472749137362875213336087465905017132521316783037768062839232945,0.84,70.75,buy
1790045717918,mlb-min-sf-2026-09-21,moneyline,,35666944316359472749137362875213336087465905017132521316783037768062839232945,0.84,1.190475,buy
1790045724513,mlb-min-sf-2026-09-21,moneyline,,35666944316359472749137362875213336087465905017132521316783037768062839232945,0.84,5.0,buy
1790045724617,mlb-min-sf-2026-09-21,moneyline,,35666944316359472749137362875213336087465905017132521316783037768062839232945,0.84,5.0,buy
1790045731940,mlb-min-sf-2026-09-21,moneyline,,35666944316359472749137362875213336087465905017132521316783037768062839232945,0.84,13.0,buy
1790045732020,mlb-min-sf-2026-09-21,moneyline,,35666944316359472749137362875213336087465905017132521316783037768062839232945,0.84,1.190475,buy
1790045732584,mlb-min-sf-2026-09-21,moneyline,,35666944316359472749137362875213336087465905017132521316783037768062839232945,0.84,10.0,buy
1790045732663,mlb-min-sf-2026-09-21,moneyline,,35666944316359472749137362875213336087465905017132521316783037768062839232945,0.84,1.190475,buy
1790045733097,mlb-min-sf-2026-09-21,moneyline,,35666944316359472749137362875213336087465905017132521316783037768062839232945,0.84,1.190475,buy
1790045734352,mlb-min-sf-2026-09-21,moneyline,,35666944316359472749137362875213336087465905017132521316783037768062839232945,0.84,1.190475,buy
1790045735642,mlb-min-sf-2026-09-21,moneyline,,52778541504311759750508311994558317269550813701156447811711347174954389079359,0.16,1787.0,sell
1790045755762,mlb-min-sf-2026-09-21,spread,-2.5,111637670889603278163389293132637718144150963230974508576663654748682006742810,0.58,1.724138,buy
1790045757320,mlb-min-sf-2026-09-21,moneyline,,35666944316359472749137362875213336087465905017132521316783037768062839232945,0.84,5.0,buy
1790045757426,mlb-min-sf-2026-09-21,moneyline,,35666944316359472749137362875213336087465905017132521316783037768062839232945,0.84,5.0,buy
1790045785249,mlb-min-sf-2026-09-21,spread,-2.5,111637670889603278163389293132637718144150963230974508576663654748682006742810,0.59,1.694914,buy
1790045799253,mlb-min-sf-2026-09-21,moneyline,,35666944316359472749137362875213336087465905017132521316783037768062839232945,0.84,7.0,buy
1790045799353,mlb-min-sf-2026-09-21,moneyline,,35666944316359472749137362875213336087465905017132521316783037768062839232945,0.84,1.190475,buy
1790045800286,mlb-min-sf-2026-09-21,moneyline,,35666944316359472749137362875213336087465905017132521316783037768062839232945,0.84,1.190475,buy
1790045813490,mlb-min-sf-2026-09-21,moneyline,,52778541504311759750508311994558317269550813701156447811711347174954389079359,0.16,101.85,sell
1790045822634,mlb-min-sf-2026-09-21,moneyline,,35666944316359472749137362875213336087465905017132521316783037768062839232945,0.84,5.0,buy
1790045840389,mlb-min-sf-2026-09-21,moneyline,,35666944316359472749137362875213336087465905017132521316783037768062839232945,0.84,1.190475,buy
1790045841306,mlb-min-sf-2026-09-21,moneyline,,35666944316359472749137362875213336087465905017132521316783037768062839232945,0.83,6.0,buy
1790045841383,mlb-min-sf-2026-09-21,moneyline,,35666944316359472749137362875213336087465905017132521316783037768062839232945,0.83,1.204817,buy
1790045842366,mlb-min-sf-2026-09-21,spread,-2.5,111475741526834633013043087205525300170702479834707136626587985397458256152294,0.43,199.5,sell
1790045842543,mlb-min-sf-2026-09-21,spread,-2.5,111637670889603278163389293132637718144150963230974508576663654748682006742810,0.57,0.5,sell
1790045843824,mlb-min-sf-2026-09-21,moneyline,,35666944316359472749137362875213336087465905017132521316783037768062839232945,0.83,1.204817,buy
1790045855520,mlb-min-sf-2026-09-21,moneyline,,35666944316359472749137362875213336087465905017132521316783037768062839232945,0.83,5.0,buy
1790045862694,mlb-min-sf-2026-09-21,spread,-2.5,111637670889603278163389293132637718144150963230974508576663654748682006742810,0.56,354.928572,buy
1790045868527,mlb-min-sf-2026-09-21,spread,-2.5,111475741526834633013043087205525300170702479834707136626587985397458256152294,0.45,7.0,buy
1790045897205,mlb-min-sf-2026-09-21,spread,-1.5,31625366241666323214493361036915032105253721181148768767396173026753267112685,0.7,14.285713,buy
1790045908343,mlb-min-sf-2026-09-21,moneyline,,35666944316359472749137362875213336087465905017132521316783037768062839232945,0.82,5.0,buy
1790045908432,mlb-min-sf-2026-09-21,moneyline,,35666944316359472749137362875213336087465905017132521316783037768062839232945,0.82,1.219511,buy
1790045909006,mlb-min-sf-2026-09-21,moneyline,,35666944316359472749137362875213336087465905017132521316783037768062839232945,0.82,211.41,sell
1790045909405,mlb-min-sf-2026-09-21,moneyline,,35666944316359472749137362875213336087465905017132521316783037768062839232945,0.83,10.433735,buy
1790045910097,mlb-min-sf-2026-09-21,moneyline,,35666944316359472749137362875213336087465905017132521316783037768062839232945,0.83,1.204817,buy
1790045920890,mlb-min-sf-2026-09-21,moneyline,,35666944316359472749137362875213336087465905017132521316783037768062839232945,0.86,5.0,buy
1790045932274,mlb-min-sf-2026-09-21,moneyline,,35666944316359472749137362875213336087465905017132521316783037768062839232945,0.84,8.333331,buy
1790045932645,mlb-min-sf-2026-09-21,moneyline,,52778541504311759750508311994558317269550813701156447811711347174954389079359,0.17,5.882353,buy
1790045946505,mlb-min-sf-2026-09-21,total,7.5,44080570153418666929070543715264792370284949309241799377375187669035368073168,0.69,3249.0,buy
1790045970766,mlb-min-sf-2026-09-21,moneyline,,52778541504311759750508311994558317269550813701156447811711347174954389079359,0.17,58.82353,buy
1790045970826,mlb-min-sf-2026-09-21,moneyline,,35666944316359472749137362875213336087465905017132521316783037768062839232945,0.84,2.38095,buy
1790045974538,mlb-min-sf-2026-09-21,spread,-1.5,31625366241666323214493361036915032105253721181148768767396173026753267112685,0.68,14.28,sell
1790045992764,mlb-min-sf-2026-09-21,moneyline,,52778541504311759750508311994558317269550813701156447811711347174954389079359,0.18,33.0,buy
1790045998763,mlb-min-sf-2026-09-21,moneyline,,35666944316359472749137362875213336087465905017132521316783037768062839232945,0.83,1000.0,buy
1790046007827,mlb-min-sf-2026-09-21,total,8.5,84014533134141585823758053317587064742822060388913811086984206985002701956162,0.44,129.18,sell
1790046030329,mlb-min-sf-2026-09-21,moneyline,,52778541504311759750508311994558317269550813701156447811711347174954389079359,0.18,11.111112,buy
1790046050285,mlb-min-sf-2026-09-21,moneyline,,52778541504311759750508311994558317269550813701156447811711347174954389079359,0.18,222.222223,buy
1790046091172,mlb-min-sf-2026-09-21,moneyline,,35666944316359472749137362875213336087465905017132521316783037768062839232945,0.83,1.204817,buy
1790046094173,mlb-min-sf-2026-09-21,moneyline,,52778541504311759750508311994558317269550813701156447811711347174954389079359,0.18,5.555556,buy
1790046114273,mlb-min-sf-2026-09-21,moneyline,,52778541504311759750508311994558317269550813701156447811711347174954389079359,0.18,133.333334,buy
1790046166428,mlb-min-sf-2026-09-21,moneyline,,52778541504311759750508311994558317269550813701156447811711347174954389079359,0.18,22.222223,buy
1790046189336,mlb-min-sf-2026-09-21,moneyline,,52778541504311759750508311994558317269550813701156447811711347174954389079359,0.17,62.0,sell
1790046195644,mlb-min-sf-2026-09-21,moneyline,,35666944316359472749137362875213336087465905017132521316783037768062839232945,0.83,6.024094,buy
1790046213795,mlb-min-sf-2026-09-21,moneyline,,35666944316359472749137362875213336087465905017132521316783037768062839232945,0.84,72.0,buy
1790046213893,mlb-min-sf-2026-09-21,moneyline,,35666944316359472749137362875213336087465905017132521316783037768062839232945,0.84,1.904762,
1790046216155,mlb-min-sf-2026-09-21,moneyline,,35666944316359472749137362875213336087465905017132521316783037768062839232945,0.85,1.176466,buy
1790046221029,mlb-min-sf-2026-09-21,moneyline,,35666944316359472749137362875213336087465905017132521316783037768062839232945,0.85,7.494113,buy
1790046224617,mlb-min-sf-2026-09-21,moneyline,,52778541504311759750508311994558317269550813701156447811711347174954389079359,0.17,11111.0,buy
1790046226768,mlb-min-sf-2026-09-21,moneyline,,52778541504311759750508311994558317269550813701156447811711347174954389079359,0.17,8.470589,buy
1790046244766,mlb-min-sf-2026-09-21,moneyline,,35666944316359472749137362875213336087465905017132521316783037768062839232945,0.85,5.0,buy
1790046251653,mlb-min-sf-2026-09-21,moneyline,,35666944316359472749137362875213336087465905017132521316783037768062839232945,0.84,227.81,sell
1790046261556,mlb-min-sf-2026-09-21,moneyline,,52778541504311759750508311994558317269550813701156447811711347174954389079359,0.16,23.75,buy
1790046262059,mlb-min-sf-2026-09-21,moneyline,,35666944316359472749137362875213336087465905017132521316783037768062839232945,0.85,3.517646,buy
1790046262116,mlb-min-sf-2026-09-21,moneyline,,35666944316359472749137362875213336087465905017132521316783037768062839232945,0.85,1.176466,buy
1790046273917,mlb-min-sf-2026-09-21,moneyline,,52778541504311759750508311994558317269550813701156447811711347174954389079359,0.17,38.0,buy
1790046306650,mlb-min-sf-2026-09-21,total,8.5,99675211524389996563605546081084353982957157387898350977475227973158792759432,0.51,7.82353,buy
1790046330531,mlb-min-sf-2026-09-21,moneyline,,35666944316359472749137362875213336087465905017132521316783037768062839232945,0.85,1.176466,
1790046330536,mlb-min-sf-2026-09-21,moneyline,,35666944316359472749137362875213336087465905017132521316783037768062839232945,0.85,94.48,
1790046334709,mlb-min-sf-2026-09-21,spread,-1.5,97719756170684651691414050415011119363200036572743945245409981739586293591188,0.31,18.0,buy
1790046334709,mlb-min-sf-2026-09-21,spread,-1.5,97719756170684651691414050415011119363200036572743945245409981739586293591188,0.31,18.0,buy
1790046334820,mlb-min-sf-2026-09-21,spread,-1.5,97719756170684651691414050415011119363200036572743945245409981739586293591188,0.31,3.225807,buy
1790046336217,mlb-min-sf-2026-09-21,spread,-1.5,97719756170684651691414050415011119363200036572743945245409981739586293591188,0.29,3.448276,buy
1790046340998,mlb-min-sf-2026-09-21,spread,-1.5,97719756170684651691414050415011119363200036572743945245409981739586293591188,0.29,5.0,buy
1790046341386,mlb-min-sf-2026-09-21,spread,-2.5,111637670889603278163389293132637718144150963230974508576663654748682006742810,0.58,172.131187,
1790046348607,mlb-min-sf-2026-09-21,moneyline,,52778541504311759750508311994558317269550813701156447811711347174954389079359,0.14,7.142858,buy
1790046382062,mlb-min-sf-2026-09-21,total,7.5,44080570153418666929070543715264792370284949309241799377375187669035368073168,0.61,13.459017,buy
1790046511410,mlb-min-sf-2026-09-21,moneyline,,52778541504311759750508311994558317269550813701156447811711347174954389079359,0.13,63.63,sell
1790046514967,mlb-min-sf-2026-09-21,moneyline,,35666944316359472749137362875213336087465905017132521316783037768062839232945,0.87,5.0,buy
1790046519176,mlb-min-sf-2026-09-21,total,8.5,99675211524389996563605546081084353982957157387898350977475227973158792759432,0.48,119.1875,buy
1790046535594,mlb-min-sf-2026-09-21,moneyline,,35666944316359472749137362875213336087465905017132521316783037768062839232945,0.87,3.448276,buy
1790046561238,mlb-min-sf-2026-09-21,moneyline,,35666944316359472749137362875213336087465905017132521316783037768062839232945,0.87,11.494253,buy
1790046571565,mlb-min-sf-2026-09-21,spread,-2.5,111637670889603278163389293132637718144150963230974508576663654748682006742810,0.59,10.57,buy
1790046578184,mlb-min-sf-2026-09-21,moneyline,,35666944316359472749137362875213336087465905017132521316783037768062839232945,0.9,2339.3589,
1790046578208,mlb-min-sf-2026-09-21,spread,-2.5,111637670889603278163389293132637718144150963230974508576663654748682006742810,0.62,4.83871,
1790046578376,mlb-min-sf-2026-09-21,moneyline,,35666944316359472749137362875213336087465905017132521316783037768062839232945,0.9,5.0,
1790046578575,mlb-min-sf-2026-09-21,total,8.5,84014533134141585823758053317587064742822060388913811086984206985002701956162,0.52,440.0,
1790046585570,mlb-min-sf-2026-09-21,moneyline,,52778541504311759750508311994558317269550813701156447811711347174954389079359,0.1,16.47,buy
1790046591626,mlb-min-sf-2026-09-21,spread,-2.5,111475741526834633013043087205525300170702479834707136626587985397458256152294,0.27,30.0,
1790046593518,mlb-min-sf-2026-09-21,moneyline,,52778541504311759750508311994558317269550813701156447811711347174954389079359,0.09,22.222223,buy
1790046595487,mlb-min-sf-2026-09-21,moneyline,,52778541504311759750508311994558317269550813701156447811711347174954389079359,0.09,11.111112,buy
1790046596658,mlb-min-sf-2026-09-21,moneyline,,52778541504311759750508311994558317269550813701156447811711347174954389079359,0.09,12.0,buy
1790046606212,mlb-min-sf-2026-09-21,moneyline,,35666944316359472749137362875213336087465905017132521316783037768062839232945,0.92,107.934775,buy
1790046619133,mlb-min-sf-2026-09-21,moneyline,,52778541504311759750508311994558317269550813701156447811711347174954389079359,0.08,55.29,sell
1790046627353,mlb-min-sf-2026-09-21,moneyline,,52778541504311759750508311994558317269550813701156447811711347174954389079359,0.09,12.0,buy
1790046634895,mlb-min-sf-2026-09-21,moneyline,,35666944316359472749137362875213336087465905017132521316783037768062839232945,0.92,1.08695,buy
1790046634932,mlb-min-sf-2026-09-21,moneyline,,35666944316359472749137362875213336087465905017132521316783037768062839232945,0.92,1.08695,buy
1790046635032,mlb-min-sf-2026-09-21,total,8.5,99675211524389996563605546081084353982957157387898350977475227973158792759432,0.62,29.0,buy
1790046635111,mlb-min-sf-2026-09-21,total,8.5,99675211524389996563605546081084353982957157387898350977475227973158792759432,0.62,1.0,
1790046637928,mlb-min-sf-2026-09-21,moneyline,,35666944316359472749137362875213336087465905017132521316783037768062839232945,0.92,2412.59,sell
1790046639668,mlb-min-sf-2026-09-21,moneyline,,35666944316359472749137362875213336087465905017132521316783037768062839232945,0.95,47.23156,buy
1790046642530,mlb-min-sf-2026-09-21,moneyline,,52778541504311759750508311994558317269550813701156447811711347174954389079359,0.05,185.0,sell
1790046643849,mlb-min-sf-2026-09-21,moneyline,,35666944316359472749137362875213336087465905017132521316783037768062839232945,0.92,31.25,sell
1790046644514,mlb-min-sf-2026-09-21,moneyline,,35666944316359472749137362875213336087465905017132521316783037768062839232945,0.92,62.5,sell
1790046645142,mlb-min-sf-2026-09-21,moneyline,,35666944316359472749137362875213336087465905017132521316783037768062839232945,0.92,127.65,sell
1790046645182,mlb-min-sf-2026-09-21,moneyline,,52778541504311759750508311994558317269550813701156447811711347174954389079359,0.06,5.5,sell
1790046645528,mlb-min-sf-2026-09-21,moneyline,,35666944316359472749137362875213336087465905017132521316783037768062839232945,0.94,53.191483,buy
1790046646158,mlb-min-sf-2026-09-21,moneyline,,35666944316359472749137362875213336087465905017132521316783037768062839232945,0.92,62.5,sell
1790046646378,mlb-min-sf-2026-09-21,spread,-1.5,106149601255717667637752979947111830571639957995043901293708194551297304240763,0.95,166.66,sell
1790046647368,mlb-min-sf-2026-09-21,moneyline,,35666944316359472749137362875213336087465905017132521316783037768062839232945,0.92,62.5,sell
1790046657955,mlb-min-sf-2026-09-21,moneyline,,52778541504311759750508311994558317269550813701156447811711347174954389079359,0.08,13.0,buy
1790046659289,mlb-min-sf-2026-09-21,moneyline,,35666944316359472749137362875213336087465905017132521316783037768062839232945,0.93,10.752685,buy
1790046669227,mlb-min-sf-2026-09-21,total,8.5,84014533134141585823758053317587064742822060388913811086984206985002701956162,0.31,289.85,sell
1790046669537,mlb-min-sf-2026-09-21,moneyline,,35666944316359472749137362875213336087465905017132521316783037768062839232945,0.93,5.0,buy
1790046669613,mlb-min-sf-2026-09-21,moneyline,,35666944316359472749137362875213336087465905017132521316783037768062839232945,0.93,1.075257,buy
1790046670490,mlb-min-sf-2026-09-21,moneyline,,35666944316359472749137362875213336087465905017132521316783037768062839232945,0.93,1.075257,buy
1790046682686,mlb-min-sf-2026-09-21,total,8.5,84014533134141585823758053317587064742822060388913811086984206985002701956162,0.33,5.0,
1790046686715,mlb-min-sf-2026-09-21,moneyline,,35666944316359472749137362875213336087465905017132521316783037768062839232945,0.92,176.89,sell
1790046688669,mlb-min-sf-2026-09-21,moneyline,,52778541504311759750508311994558317269550813701156447811711347174954389079359,0.07,15.0,buy
1790046691463,mlb-min-sf-2026-09-21,moneyline,,35666944316359472749137362875213336087465905017132521316783037768062839232945,0.94,58.4,buy
1790046701585,mlb-min-sf-2026-09-21,moneyline,,35666944316359472749137362875213336087465905017132521316783037768062839232945,0.94,5.0,buy
1790046704307,mlb-min-sf-2026-09-21,moneyline,,35666944316359472749137362875213336087465905017132521316783037768062839232945,0.93,1.16,sell
1790046704802,mlb-min-sf-2026-09-21,total,8.5,84014533134141585823758053317587064742822060388913811086984206985002701956162,0.33,10.0,buy
1790046707433,mlb-min-sf-2026-09-21,total,7.5,44080570153418666929070543715264792370284949309241799377375187669035368073168,0.83,39.89,sell
1790046715596,mlb-min-sf-2026-09-21,moneyline,,35666944316359472749137362875213336087465905017132521316783037768062839232945,0.93,1.075257,sell
1790046716934,mlb-min-sf-2026-09-21,moneyline,,52778541504311759750508311994558317269550813701156447811711347174954389079359,0.06,240.0,sell
1790046719837,mlb-min-sf-2026-09-21,spread,-1.5,106149601255717667637752979947111830571639957995043901293708194551297304240763,0.96,16.66,sell
1790046720069,mlb-min-sf-2026-09-21,moneyline,,35666944316359472749137362875213336087465905017132521316783037768062839232945,0.93,62.5,sell
1790046720668,mlb-min-sf-2026-09-21,spread,-1.5,106149601255717667637752979947111830571639957995043901293708194551297304240763,0.96,1.66,sell
1790046721290,mlb-min-sf-2026-09-21,moneyline,,35666944316359472749137362875213336087465905017132521316783037768062839232945,0.93,6.25,sell
1790046721911,mlb-min-sf-2026-09-21,moneyline,,35666944316359472749137362875213336087465905017132521316783037768062839232945,0.93,31.25,sell
1790046722514,mlb-min-sf-2026-09-21,moneyline,,35666944316359472749137362875213336087465905017132521316783037768062839232945,0.93,63.16,sell
1790046723360,mlb-min-sf-2026-09-21,moneyline,,35666944316359472749137362875213336087465905017132521316783037768062839232945,0.93,125.0,sell
1790046746588,mlb-min-sf-2026-09-21,moneyline,,52778541504311759750508311994558317269550813701156447811711347174954389079359,0.07,14.285715,buy
1790046747414,mlb-min-sf-2026-09-21,moneyline,,52778541504311759750508311994558317269550813701156447811711347174954389079359,0.07,14.285715,buy
1790046748221,mlb-min-sf-2026-09-21,total,8.5,99675211524389996563605546081084353982957157387898350977475227973158792759432,0.68,10.0,
1790046748222,mlb-min-sf-2026-09-21,total,8.5,99675211524389996563605546081084353982957157387898350977475227973158792759432,0.68,10.0,
1790046753013,mlb-min-sf-2026-09-21,total,6.5,108120987773979693544115270073139647232034517252134105907672341663928725097188,0.97,200.0,buy
1790046753018,mlb-min-sf-2026-09-21,total,6.5,108120987773979693544115270073139647232034517252134105907672341663928725097188,0.97,200.0,buy
1790046753020,mlb-min-sf-2026-09-21,total,6.5,108120987773979693544115270073139647232034517252134105907672341663928725097188,0.97,100.0,
1790046753053,mlb-min-sf-2026-09-21,total,6.5,50378321555830083363178561274306220044818398153735208866569509431533788097148,0.03,133.0,
1790046753054,mlb-min-sf-2026-09-21,total,6.5,108120987773979693544115270073139647232034517252134105907672341663928725097188,0.97,766.0,
1790046768541,mlb-min-sf-2026-09-21,total,6.5,108120987773979693544115270073139647232034517252134105907672341663928725097188,0.96,399.0,
1790046768572,mlb-min-sf-2026-09-21,total,6.5,108120987773979693544115270073139647232034517252134105907672341663928725097188,0.97,49.989666,
1790046770065,mlb-min-sf-2026-09-21,total,6.5,108120987773979693544115270073139647232034517252134105907672341663928725097188,0.96,50.0,
1790046793982,mlb-min-sf-2026-09-21,moneyline,,52778541504311759750508311994558317269550813701156447811711347174954389079359,0.07,858.2,sell
1790046797103,mlb-min-sf-2026-09-21,moneyline,,35666944316359472749137362875213336087465905017132521316783037768062839232945,0.93,6768.82,buy
1790046797199,mlb-min-sf-2026-09-21,moneyline,,35666944316359472749137362875213336087465905017132521316783037768062839232945,0.93,1015.322571,buy
1790046797914,mlb-min-sf-2026-09-21,moneyline,,35666944316359472749137362875213336087465905017132521316783037768062839232945,0.93,304.591385,buy
1790046803796,mlb-min-sf-2026-09-21,moneyline,,35666944316359472749137362875213336087465905017132521316783037768062839232945,0.93,5.376342,buy
1790046806850,mlb-min-sf-2026-09-21,moneyline,,35666944316359472749137362875213336087465905017132521316783037768062839232945,0.92,1.23,sell
1790046825706,mlb-min-sf-2026-09-21,moneyline,,35666944316359472749137362875213336087465905017132521316783037768062839232945,0.94,67.0,buy
1790046832006,mlb-min-sf-2026-09-21,moneyline,,35666944316359472749137362875213336087465905017132521316783037768062839232945,0.94,1018.88,buy
1790046857377,mlb-min-sf-2026-09-21,spread,-2.5,111637670889603278163389293132637718144150963230974508576663654748682006742810,0.79,10.57,sell
1790046867273,mlb-min-sf-2026-09-21,moneyline,,52778541504311759750508311994558317269550813701156447811711347174954389079359,0.08,12.5,buy
1790046868998,mlb-min-sf-2026-09-21,moneyline,,52778541504311759750508311994558317269550813701156447811711347174954389079359,0.08,12.5,buy
1790046869012,mlb-min-sf-2026-09-21,total,6.5,50378321555830083363178561274306220044818398153735208866569509431533788097148,0.04,5.0,
1790046869734,mlb-min-sf-2026-09-21,moneyline,,52778541504311759750508311994558317269550813701156447811711347174954389079359,0.08,12.5,buy
1790046880643,mlb-min-sf-2026-09-21,moneyline,,35666944316359472749137362875213336087465905017132521316783037768062839232945,0.93,12000.0,buy
1790046881855,mlb-min-sf-2026-09-21,total,8.5,99675211524389996563605546081084353982957157387898350977475227973158792759432,0.59,106.77966,buy
1790046882431,mlb-min-sf-2026-09-21,moneyline,,35666944316359472749137362875213336087465905017132521316783037768062839232945,0.93,11.827957,buy
1790046888247,mlb-min-sf-2026-09-21,moneyline,,35666944316359472749137362875213336087465905017132521316783037768062839232945,0.92,2.87,sell
1790046895455,mlb-min-sf-2026-09-21,moneyline,,52778541504311759750508311994558317269550813701156447811711347174954389079359,0.08,1236.0,buy
1790046896739,mlb-min-sf-2026-09-21,moneyline,,52778541504311759750508311994558317269550813701156447811711347174954389079359,0.08,12.5,buy
1790046900318,mlb-min-sf-2026-09-21,moneyline,,35666944316359472749137362875213336087465905017132521316783037768062839232945,0.93,5.698914,buy
1790046940359,mlb-min-sf-2026-09-21,total,6.5,50378321555830083363178561274306220044818398153735208866569509431533788097148,0.071,20.0,buy
1790046940587,mlb-min-sf-2026-09-21,moneyline,,35666944316359472749137362875213336087465905017132521316783037768062839232945,0.93,10.752685,buy
1790046941548,mlb-min-sf-2026-09-21,total,6.5,50378321555830083363178561274306220044818398153735208866569509431533788097148,0.071,47.183099,buy
1790046943040,mlb-min-sf-2026-09-21,total,6.5,50378321555830083363178561274306220044818398153735208866569509431533788097148,0.071,284.225353,
1790046954965,mlb-min-sf-2026-09-21,moneyline,,52778541504311759750508311994558317269550813701156447811711347174954389079359,0.08,2192.625,sell
1790046983552,mlb-min-sf-2026-09-21,moneyline,,35666944316359472749137362875213336087465905017132521316783037768062839232945,0.92,16.304337,buy
1790046984919,mlb-min-sf-2026-09-21,moneyline,,35666944316359472749137362875213336087465905017132521316783037768062839232945,0.92,1.08695,buy
1790046985224,mlb-min-sf-2026-09-21,moneyline,,35666944316359472749137362875213336087465905017132521316783037768062839232945,0.92,16.304337,buy
1790047012528,mlb-min-sf-2026-09-21,moneyline,,52778541504311759750508311994558317269550813701156447811711347174954389079359,0.09,547.0,buy
1790047012608,mlb-min-sf-2026-09-21,moneyline,,52778541504311759750508311994558317269550813701156447811711347174954389079359,0.09,1.67,
1790047014009,mlb-min-sf-2026-09-21,moneyline,,52778541504311759750508311994558317269550813701156447811711347174954389079359,0.09,11.111112,buy
1790047014282,mlb-min-sf-2026-09-21,total,8.5,99675211524389996563605546081084353982957157387898350977475227973158792759432,0.53,90.0,buy
1790047017502,mlb-min-sf-2026-09-21,moneyline,,52778541504311759750508311994558317269550813701156447811711347174954389079359,0.09,66.666667,buy
1790047025097,mlb-min-sf-2026-09-21,moneyline,,52778541504311759750508311994558317269550813701156447811711347174954389079359,0.1,11.33,buy
1790047037531,mlb-min-sf-2026-09-21,moneyline,,52778541504311759750508311994558317269550813701156447811711347174954389079359,0.09,30.27,sell
1790047038398,mlb-min-sf-2026-09-21,moneyline,,35666944316359472749137362875213336087465905017132521316783037768062839232945,0.91,6481.32,buy
1790047038494,mlb-min-sf-2026-09-21,moneyline,,35666944316359472749137362875213336087465905017132521316783037768062839232945,0.91,972.1978,buy
1790047040957,mlb-min-sf-2026-09-21,moneyline,,35666944316359472749137362875213336087465905017132521316783037768062839232945,0.91,291.659333,buy
1790047041013,mlb-min-sf-2026-09-21,total,8.5,84014533134141585823758053317587064742822060388913811086984206985002701956162,0.47,1000.0,sell
1790047041341,mlb-min-sf-2026-09-21,moneyline,,52778541504311759750508311994558317269550813701156447811711347174954389079359,0.1,13.1,buy
1790047041518,mlb-min-sf-2026-09-21,moneyline,,35666944316359472749137362875213336087465905017132521316783037768062839232945,0.91,5.4945,buy
1790047043067,mlb-min-sf-2026-09-21,total,8.5,84014533134141585823758053317587064742822060388913811086984206985002701956162,0.47,50.0,sell
1790047046512,mlb-min-sf-2026-09-21,moneyline,,35666944316359472749137362875213336087465905017132521316783037768062839232945,0.91,5.0,buy
1790047047222,mlb-min-sf-2026-09-21,total,8.5,84014533134141585823758053317587064742822060388913811086984206985002701956162,0.48,2.083334,buy
1790047050668,mlb-min-sf-2026-09-21,moneyline,,52778541504311759750508311994558317269550813701156447811711347174954389079359,0.1,10.0,buy
1790047051103,mlb-min-sf-2026-09-21,total,8.5,84014533134141585823758053317587064742822060388913811086984206985002701956162,0.48,697.91,sell
1790047052230,mlb-min-sf-2026-09-21,total,8.5,84014533134141585823758053317587064742822060388913811086984206985002701956162,0.48,50.0,sell
1790047054378,mlb-min-sf-2026-09-21,total,8.5,84014533134141585823758053317587064742822060388913811086984206985002701956162,0.48,10.0,sell
1790047055873,mlb-min-sf-2026-09-21,moneyline,,35666944316359472749137362875213336087465905017132521316783037768062839232945,0.91,5.18,buy
1790047057688,mlb-min-sf-2026-09-21,moneyline,,35666944316359472749137362875213336087465905017132521316783037768062839232945,0.91,976.57,buy
1790047058842,mlb-min-sf-2026-09-21,moneyline,,52778541504311759750508311994558317269550813701156447811711347174954389079359,0.1,238.0,buy
1790047069302,mlb-min-sf-2026-09-21,moneyline,,52778541504311759750508311994558317269550813701156447811711347174954389079359,0.1,50.0,buy
1790047087324,mlb-min-sf-2026-09-21,total,8.5,84014533134141585823758053317587064742822060388913811086984206985002701956162,0.49,7.0,buy
1790047093837,mlb-min-sf-2026-09-21,total,8.5,84014533134141585823758053317587064742822060388913811086984206985002701956162,0.48,10.9,sell
1790047095150,mlb-min-sf-2026-09-21,total,8.5,99675211524389996563605546081084353982957157387898350977475227973158792759432,0.52,153.846154,buy
1790047096516,mlb-min-sf-2026-09-21,moneyline,,52778541504311759750508311994558317269550813701156447811711347174954389079359,0.1,34444.91,sell
1790047098029,mlb-min-sf-2026-09-21,moneyline,,35666944316359472749137362875213336087465905017132521316783037768062839232945,0.9,1.36666,buy
1790047098757,mlb-min-sf-2026-09-21,moneyline,,35666944316359472749137362875213336087465905017132521316783037768062839232945,0.9,161.11111,buy
1790047117803,mlb-min-sf-2026-09-21,moneyline,,52778541504311759750508311994558317269550813701156447811711347174954389079359,0.11,1143.0,buy
1790047124825,mlb-min-sf-2026-09-21,moneyline,,35666944316359472749137362875213336087465905017132521316783037768062839232945,0.9,11000.0,buy
1790047135566,mlb-min-sf-2026-09-21,total,8.5,84014533134141585823758053317587064742822060388913811086984206985002701956162,0.49,8.0,buy
1790047145137,mlb-min-sf-2026-09-21,moneyline,,35666944316359472749137362875213336087465905017132521316783037768062839232945,0.9,22.22222,buy
1790047149372,mlb-min-sf-2026-09-21,moneyline,,35666944316359472749137362875213336087465905017132521316783037768062839232945,0.9,5.55555,buy
1790047174320,mlb-min-sf-2026-09-21,moneyline,,52778541504311759750508311994558317269550813701156447811711347174954389079359,0.11,650.0,buy
1790047179702,mlb-min-sf-2026-09-21,total,7.5,92529648985190120773015491909718982598228379329215394720529921319187142016067,0.31,9.39,buy
1790047187247,mlb-min-sf-2026-09-21,spread,-2.5,111637670889603278163389293132637718144150963230974508576663654748682006742810,0.73,224.0,
1790047194395,mlb-min-sf-2026-09-21,spread,-2.5,111637670889603278163389293132637718144150963230974508576663654748682006742810,0.74,200.0,sell
1790047196529,mlb-min-sf-2026-09-21,moneyline,,35666944316359472749137362875213336087465905017132521316783037768062839232945,0.92,5.315212,buy
1790047214082,mlb-min-sf-2026-09-21,moneyline,,35666944316359472749137362875213336087465905017132521316783037768062839232945,0.92,100.0,buy
1790047221269,mlb-min-sf-2026-09-21,moneyline,,35666944316359472749137362875213336087465905017132521316783037768062839232945,0.92,239.130425,buy
1790047246431,mlb-min-sf-2026-09-21,moneyline,,52778541504311759750508311994558317269550813701156447811711347174954389079359,0.08,21.52,sell
1790047248202,mlb-min-sf-2026-09-21,spread,-1.5,106149601255717667637752979947111830571639957995043901293708194551297304240763,0.99,5.0,buy
1790047266304,mlb-min-sf-2026-09-21,moneyline,,52778541504311759750508311994558317269550813701156447811711347174954389079359,0.09,11.111112,
1790047287492,mlb-min-sf-2026-09-21,moneyline,,35666944316359472749137362875213336087465905017132521316783037768062839232945,0.91,12.087911,buy
1790047292044,mlb-min-sf-2026-09-21,moneyline,,35666944316359472749137362875213336087465905017132521316783037768062839232945,0.91,20.0,buy
1790047293926,mlb-min-sf-2026-09-21,total,8.5,84014533134141585823758053317587064742822060388913811086984206985002701956162,0.52,1.923077,buy
1790047299152,mlb-min-sf-2026-09-21,moneyline,,52778541504311759750508311994558317269550813701156447811711347174954389079359,0.1,50.0,buy
1790047309788,mlb-min-sf-2026-09-21,moneyline,,35666944316359472749137362875213336087465905017132521316783037768062839232945,0.92,1.08695,buy
1790047309875,mlb-min-sf-2026-09-21,moneyline,,35666944316359472749137362875213336087465905017132521316783037768062839232945,0.92,1.086957,buy
1790047309962,mlb-min-sf-2026-09-21,moneyline,,35666944316359472749137362875213336087465905017132521316783037768062839232945,0.92,45.48,
1790047339174,mlb-min-sf-2026-09-21,moneyline,,35666944316359472749137362875213336087465905017132521316783037768062839232945,0.93,9600.0,buy
1790047347339,mlb-min-sf-2026-09-21,moneyline,,52778541504311759750508311994558317269550813701156447811711347174954389079359,0.08,12.5,buy
1790047363651,mlb-min-sf-2026-09-21,total,7.5,44080570153418666929070543715264792370284949309241799377375187669035368073168,0.65,505.6,buy
1790047388705,mlb-min-sf-2026-09-21,moneyline,,35666944316359472749137362875213336087465905017132521316783037768062839232945,0.93,54.8387,buy
1790047409333,mlb-min-sf-2026-09-21,moneyline,,52778541504311759750508311994558317269550813701156447811711347174954389079359,0.07,1821.42,sell
1790047420442,mlb-min-sf-2026-09-21,moneyline,,35666944316359472749137362875213336087465905017132521316783037768062839232945,0.93,182.0,buy
1790047423463,mlb-min-sf-2026-09-21,total,8.5,99675211524389996563605546081084353982957157387898350977475227973158792759432,0.46,3.26087,buy
1790047455228,mlb-min-sf-2026-09-21,total,8.5,84014533134141585823758053317587064742822060388913811086984206985002701956162,0.57,1.754386,buy
1790047463548,mlb-min-sf-2026-09-21,moneyline,,35666944316359472749137362875213336087465905017132521316783037768062839232945,0.94,5.319133,buy
1790047465825,mlb-min-sf-2026-09-21,moneyline,,35666944316359472749137362875213336087465905017132521316783037768062839232945,0.94,2.12765,buy
1790047467057,mlb-min-sf-2026-09-21,moneyline,,35666944316359472749137362875213336087465905017132521316783037768062839232945,0.94,9.893616,buy
1790047470250,mlb-min-sf-2026-09-21,moneyline,,35666944316359472749137362875213336087465905017132521316783037768062839232945,0.93,16.3,sell
1790047470298,mlb-min-sf-2026-09-21,moneyline,,35666944316359472749137362875213336087465905017132521316783037768062839232945,0.93,16.3,sell
1790047474520,mlb-min-sf-2026-09-21,total,7.5,92529648985190120773015491909718982598228379329215394720529921319187142016067,0.38,2.631579,buy
1790047491510,mlb-min-sf-2026-09-21,moneyline,,52778541504311759750508311994558317269550813701156447811711347174954389079359,0.07,184.857143,buy
1790047509397,mlb-min-sf-2026-09-21,moneyline,,52778541504311759750508311994558317269550813701156447811711347174954389079359,0.06,1793.0,sell
1790047541229,mlb-min-sf-2026-09-21,moneyline,,35666944316359472749137362875213336087465905017132521316783037768062839232945,0.94,2.095733,buy
1790047551777,mlb-min-sf-2026-09-21,moneyline,,35666944316359472749137362875213336087465905017132521316783037768062839232945,0.94,2120.0,buy
1790047562359,mlb-min-sf-2026-09-21,total,8.5,84014533134141585823758053317587064742822060388913811086984206985002701956162,0.58,1.724138,buy
1790047605087,mlb-min-sf-2026-09-21,moneyline,,35666944316359472749137362875213336087465905017132521316783037768062839232945,0.94,1420.5319,buy
1790047618813,mlb-min-sf-2026-09-21,total,8.5,99675211524389996563605546081084353982957157387898350977475227973158792759432,0.43,78.704546,
1790047622383,mlb-min-sf-2026-09-21,moneyline,,52778541504311759750508311994558317269550813701156447811711347174954389079359,0.07,63.95,buy
1790047630076,mlb-min-sf-2026-09-21,total,8.5,84014533134141585823758053317587064742822060388913811086984206985002701956162,0.58,5.172414,buy
1790047636959,mlb-min-sf-2026-09-21,moneyline,,35666944316359472749137362875213336087465905017132521316783037768062839232945,0.95,7.85262,buy
1790047644339,mlb-min-sf-2026-09-21,total,6.5,108120987773979693544115270073139647232034517252134105907672341663928725097188,0.879,381.1149,buy
1790047659229,mlb-min-sf-2026-09-21,moneyline,,35666944316359472749137362875213336087465905017132521316783037768062839232945,0.94,62.5,sell
1790047686032,mlb-min-sf-2026-09-21,moneyline,,35666944316359472749137362875213336087465905017132521316783037768062839232945,0.95,317.89472,buy
1790047746807,mlb-min-sf-2026-09-21,moneyline,,35666944316359472749137362875213336087465905017132521316783037768062839232945,0.95,351.36,buy
1790047775884,mlb-min-sf-2026-09-21,moneyline,,35666944316359472749137362875213336087465905017132521316783037768062839232945,0.95,11.1263,buy
1790047802985,mlb-min-sf-2026-09-21,moneyline,,52778541504311759750508311994558317269550813701156447811711347174954389079359,0.06,16.666667,buy
1790047803017,mlb-min-sf-2026-09-21,moneyline,,52778541504311759750508311994558317269550813701156447811711347174954389079359,0.06,16.666667,buy
1790047803115,mlb-min-sf-2026-09-21,moneyline,,52778541504311759750508311994558317269550813701156447811711347174954389079359,0.06,150.0,buy
1790047811967,mlb-min-sf-2026-09-21,moneyline,,52778541504311759750508311994558317269550813701156447811711347174954389079359,0.06,1833.33,sell
1790047835460,mlb-min-sf-2026-09-21,moneyline,,35666944316359472749137362875213336087465905017132521316783037768062839232945,0.94,20.0,
1790047837888,mlb-min-sf-2026-09-21,moneyline,,52778541504311759750508311994558317269550813701156447811711347174954389079359,0.06,1112.22,sell
1790047838412,mlb-min-sf-2026-09-21,moneyline,,52778541504311759750508311994558317269550813701156447811711347174954389079359,0.06,50.0,sell
1790047852080,mlb-min-sf-2026-09-21,total,8.5,99675211524389996563605546081084353982957157387898350977475227973158792759432,0.51,5.0,
1790047864241,mlb-min-sf-2026-09-21,total,8.5,84014533134141585823758053317587064742822060388913811086984206985002701956162,0.57,5.631579,buy
1790047887151,mlb-min-sf-2026-09-21,moneyline,,52778541504311759750508311994558317269550813701156447811711347174954389079359,0.07,66.857143,buy
1790047914002,mlb-min-sf-2026-09-21,total,8.5,84014533134141585823758053317587064742822060388913811086984206985002701956162,0.6,25.0,buy
1790047914062,mlb-min-sf-2026-09-21,total,8.5,84014533134141585823758053317587064742822060388913811086984206985002701956162,0.6,1879.033334,buy
1790047914249,mlb-min-sf-2026-09-21,total,8.5,99675211524389996563605546081084353982957157387898350977475227973158792759432,0.4,199.5,sell
1790047914282,mlb-min-sf-2026-09-21,total,8.5,99675211524389996563605546081084353982957157387898350977475227973158792759432,0.4,199.5,sell
1790047935697,mlb-min-sf-2026-09-21,moneyline,,35666944316359472749137362875213336087465905017132521316783037768062839232945,0.94,5.0,buy
1790047943913,mlb-min-sf-2026-09-21,moneyline,,52778541504311759750508311994558317269550813701156447811711347174954389079359,0.07,164.571429,buy
1790047957049,mlb-min-sf-2026-09-21,total,8.5,84014533134141585823758053317587064742822060388913811086984206985002701956162,0.61,1070.869031,
1790047957451,mlb-min-sf-2026-09-21,moneyline,,35666944316359472749137362875213336087465905017132521316783037768062839232945,0.94,15.319133,buy
1790047964122,mlb-min-sf-2026-09-21,total,8.5,99675211524389996563605546081084353982957157387898350977475227973158792759432,0.38,50.0,buy
1790047975017,mlb-min-sf-2026-09-21,total,6.5,108120987773979693544115270073139647232034517252134105907672341663928725097188,0.792,108.0,sell
1790047985695,mlb-min-sf-2026-09-21,moneyline,,35666944316359472749137362875213336087465905017132521316783037768062839232945,0.94,3.191483,buy
1790047985703,mlb-min-sf-2026-09-21,total,8.5,84014533134141585823758053317587064742822060388913811086984206985002701956162,0.62,1.612902,buy
1790048026047,mlb-min-sf-2026-09-21,total,8.5,84014533134141585823758053317587064742822060388913811086984206985002701956162,0.56,5.63,
1790048029292,mlb-min-sf-2026-09-21,moneyline,,35666944316359472749137362875213336087465905017132521316783037768062839232945,0.94,50.648933,buy
1790048052539,mlb-min-sf-2026-09-21,total,6.5,108120987773979693544115270073139647232034517252134105907672341663928725097188,0.8,1.375,buy
1790048060253,mlb-min-sf-2026-09-21,moneyline,,35666944316359472749137362875213336087465905017132521316783037768062839232945,0.93,14.31,sell
1790048060614,mlb-min-sf-2026-09-21,total,7.5,92529648985190120773015491909718982598228379329215394720529921319187142016067,0.44,125.0,
1790048060807,mlb-min-sf-2026-09-21,total,7.5,92529648985190120773015491909718982598228379329215394720529921319187142016067,0.48,3.333334,buy
1790048072938,mlb-min-sf-2026-09-21,moneyline,,35666944316359472749137362875213336087465905017132521316783037768062839232945,0.94,5.319133,buy
1790048121084,mlb-min-sf-2026-09-21,moneyline,,35666944316359472749137362875213336087465905017132521316783037768062839232945,0.94,212.76595,buy
1790048133249,mlb-min-sf-2026-09-21,moneyline,,35666944316359472749137362875213336087465905017132521316783037768062839232945,0.94,5.319133,buy
1790048139075,mlb-min-sf-2026-09-21,moneyline,,35666944316359472749137362875213336087465905017132521316783037768062839232945,0.94,46.5,buy
1790048148149,mlb-min-sf-2026-09-21,spread,-2.5,111475741526834633013043087205525300170702479834707136626587985397458256152294,0.25,11.84,buy
1790048154114,mlb-min-sf-2026-09-21,total,8.5,99675211524389996563605546081084353982957157387898350977475227973158792759432,0.36,162.277778,buy
1790048160669,mlb-min-sf-2026-09-21,total,8.5,99675211524389996563605546081084353982957157387898350977475227973158792759432,0.36,2.777778,buy
1790048161260,mlb-min-sf-2026-09-21,total,7.5,44080570153418666929070543715264792370284949309241799377375187669035368073168,0.55,7504.55,
1790048176925,mlb-min-sf-2026-09-21,moneyline,,35666944316359472749137362875213336087465905017132521316783037768062839232945,0.94,531.914883,buy
1790048207302,mlb-min-sf-2026-09-21,moneyline,,35666944316359472749137362875213336087465905017132521316783037768062839232945,0.94,4.893616,buy
1790048222626,mlb-min-sf-2026-09-21,moneyline,,52778541504311759750508311994558317269550813701156447811711347174954389079359,0.06,50.9,sell
1790048251298,mlb-min-sf-2026-09-21,moneyline,,35666944316359472749137362875213336087465905017132521316783037768062839232945,0.93,4.77,sell
1790048260938,mlb-min-sf-2026-09-21,total,7.5,44080570153418666929070543715264792370284949309241799377375187669035368073168,0.55,5.28,
1790048294706,mlb-min-sf-2026-09-21,total,6.5,50378321555830083363178561274306220044818398153735208866569509431533788097148,0.22,4.545455,buy
1790048297325,mlb-min-sf-2026-09-21,total,8.5,84014533134141585823758053317587064742822060388913811086984206985002701956162,0.66,35.0,
1790048298428,mlb-min-sf-2026-09-21,moneyline,,52778541504311759750508311994558317269550813701156447811711347174954389079359,0.07,14.285715,buy
1790048299354,mlb-min-sf-2026-09-21,total,7.5,92529648985190120773015491909718982598228379329215394720529921319187142016067,0.51,72.0,buy
1790048302927,mlb-min-sf-2026-09-21,moneyline,,52778541504311759750508311994558317269550813701156447811711347174954389079359,0.07,5.94,
1790048307594,mlb-min-sf-2026-09-21,spread,-2.5,111475741526834633013043087205525300170702479834707136626587985397458256152294,0.22,102.59,
1790048307612,mlb-min-sf-2026-09-21,total,7.5,44080570153418666929070543715264792370284949309241799377375187669035368073168,0.51,50.0,
1790048307628,mlb-min-sf-2026-09-21,total,7.5,44080570153418666929070543715264792370284949309241799377375187669035368073168,0.53,25.0,sell
1790048308522,mlb-min-sf-2026-09-21,total,7.5,44080570153418666929070543715264792370284949309241799377375187669035368073168,0.56,1015.0,buy
1790048308555,mlb-min-sf-2026-09-21,spread,-2.5,111475741526834633013043087205525300170702479834707136626587985397458256152294,0.27,1125.185186,buy
1790048308557,mlb-min-sf-2026-09-21,total,7.5,44080570153418666929070543715264792370284949309241799377375187669035368073168,0.56,150.0,buy
1790048308637,mlb-min-sf-2026-09-21,total,8.5,99675211524389996563605546081084353982957157387898350977475227973158792759432,0.38,1057.868422,buy
1790048308797,mlb-min-sf-2026-09-21,moneyline,,35666944316359472749137362875213336087465905017132521316783037768062839232945,0.92,749.5,sell
1790048308837,mlb-min-sf-2026-09-21,total,8.5,99675211524389996563605546081084353982957157387898350977475227973158792759432,0.39,75.0,
1790048308839,mlb-min-sf-2026-09-21,moneyline,,35666944316359472749137362875213336087465905017132521316783037768062839232945,0.92,749.5,
1790048308878,mlb-min-sf-2026-09-21,moneyline,,52778541504311759750508311994558317269550813701156447811711347174954389079359,0.09,6200.0,
1790048308911,mlb-min-sf-2026-09-21,total,8.5,84014533134141585823758053317587064742822060388913811086984206985002701956162,0.6,989.016667,buy
1790048308916,mlb-min-sf-2026-09-21,spread,-2.5,111475741526834633013043087205525300170702479834707136626587985397458256152294,0.27,75.0,
1790048308944,mlb-min-sf-2026-09-21,spread,-2.5,111637670889603278163389293132637718144150963230974508576663654748682006742810,0.7,909.0,buy
1790048308984,mlb-min-sf-2026-09-21,spread,-2.5,111637670889603278163389293132637718144150963230974508576663654748682006742810,0.7,359.1,buy
1790048308990,mlb-min-sf-2026-09-21,total,7.5,44080570153418666929070543715264792370284949309241799377375187669035368073168,0.58,3749.82,
1790048309024,mlb-min-sf-2026-09-21,spread,-1.5,97719756170684651691414050415011119363200036572743945245409981739586293591188,0.17,50.0,sell
1790048309025,mlb-min-sf-2026-09-21,spread,-2.5,111637670889603278163389293132637718144150963230974508576663654748682006742810,0.7,136.342856,buy
1790048309055,mlb-min-sf-2026-09-21,total,7.5,92529648985190120773015491909718982598228379329215394720529921319187142016067,0.41,729.463415,buy
1790048309057,mlb-min-sf-2026-09-21,total,6.5,108120987773979693544115270073139647232034517252134105907672341663928725097188,0.8,50.0,
1790048309261,mlb-min-sf-2026-09-21,moneyline,,52778541504311759750508311994558317269550813701156447811711347174954389079359,0.08,12.5,buy
1790048311451,mlb-min-sf-2026-09-21,spread,-2.5,111637670889603278163389293132637718144150963230974508576663654748682006742810,0.7,40.9,buy
1790048312167,mlb-min-sf-2026-09-21,spread,-2.5,111637670889603278163389293132637718144150963230974508576663654748682006742810,0.7,28.642856,buy
1790048312170,mlb-min-sf-2026-09-21,spread,-2.5,111637670889603278163389293132637718144150963230974508576663654748682006742810,0.7,5.72857,buy
1790048313244,mlb-min-sf-2026-09-21,moneyline,,52778541504311759750508311994558317269550813701156447811711347174954389079359,0.08,12.5,buy
1790048315619,mlb-min-sf-2026-09-21,moneyline,,35666944316359472749137362875213336087465905017132521316783037768062839232945,0.93,10.215042,buy
1790048321386,mlb-min-sf-2026-09-21,spread,-2.5,111637670889603278163389293132637718144150963230974508576663654748682006742810,0.7,138.39,buy
1790048321525,mlb-min-sf-2026-09-21,total,8.5,84014533134141585823758053317587064742822060388913811086984206985002701956162,0.6,10.0,buy
1790048322463,mlb-min-sf-2026-09-21,moneyline,,52778541504311759750508311994558317269550813701156447811711347174954389079359,0.08,66.625,buy
1790048325043,mlb-min-sf-2026-09-21,moneyline,,35666944316359472749137362875213336087465905017132521316783037768062839232945,0.93,1.075257,buy
1790048353886,mlb-min-sf-2026-09-21,total,7.5,44080570153418666929070543715264792370284949309241799377375187669035368073168,0.59,6.77966,buy
1790048364463,mlb-min-sf-2026-09-21,moneyline,,35666944316359472749137362875213336087465905017132521316783037768062839232945,0.93,1075.268814,buy
1790048371087,mlb-min-sf-2026-09-21,total,7.5,44080570153418666929070543715264792370284949309241799377375187669035368073168,0.6,7.0,buy
1790048371759,mlb-min-sf-2026-09-21,moneyline,,52778541504311759750508311994558317269550813701156447811711347174954389079359,0.08,12.5,buy
1790048371794,mlb-min-sf-2026-09-21,moneyline,,52778541504311759750508311994558317269550813701156447811711347174954389079359,0.08,15.92,buy
1790048371887,mlb-min-sf-2026-09-21,moneyline,,52778541504311759750508311994558317269550813701156447811711347174954389079359,0.08,12.5,buy
1790048371913,mlb-min-sf-2026-09-21,moneyline,,52778541504311759750508311994558317269550813701156447811711347174954389079359,0.08,25.0,buy
1790048373011,mlb-min-sf-2026-09-21,moneyline,,52778541504311759750508311994558317269550813701156447811711347174954389079359,0.08,12.5,buy
1790048378971,mlb-min-sf-2026-09-21,spread,-2.5,111475741526834633013043087205525300170702479834707136626587985397458256152294,0.3,9.0,buy
1790048382427,mlb-min-sf-2026-09-21,moneyline,,35666944316359472749137362875213336087465905017132521316783037768062839232945,0.92,9.09,sell
1790048386556,mlb-min-sf-2026-09-21,moneyline,,52778541504311759750508311994558317269550813701156447811711347174954389079359,0.08,13.2,buy
1790048387422,mlb-min-sf-2026-09-21,moneyline,,35666944316359472749137362875213336087465905017132521316783037768062839232945,0.92,1.08695,buy
1790048387575,mlb-min-sf-2026-09-21,moneyline,,35666944316359472749137362875213336087465905017132521316783037768062839232945,0.92,1.08695,buy
1790048419001,mlb-min-sf-2026-09-21,moneyline,,35666944316359472749137362875213336087465905017132521316783037768062839232945,0.92,68.206512,buy
1790048420980,mlb-min-sf-2026-09-21,total,7.5,92529648985190120773015491909718982598228379329215394720529921319187142016067,0.41,22.195122,buy
1790048427191,mlb-min-sf-2026-09-21,spread,-2.5,111637670889603278163389293132637718144150963230974508576663654748682006742810,0.75,76.0,sell
1790048427240,mlb-min-sf-2026-09-21,moneyline,,35666944316359472749137362875213336087465905017132521316783037768062839232945,0.93,6650.54,buy
1790048427331,mlb-min-sf-2026-09-21,moneyline,,35666944316359472749137362875213336087465905017132521316783037768062839232945,0.93,997.580642,buy
1790048427393,mlb-min-sf-2026-09-21,moneyline,,52778541504311759750508311994558317269550813701156447811711347174954389079359,0.08,573.86,sell
1790048428440,mlb-min-sf-2026-09-21,moneyline,,35666944316359472749137362875213336087465905017132521316783037768062839232945,0.94,296.0851,buy
1790048451791,mlb-min-sf-2026-09-21,moneyline,,35666944316359472749137362875213336087465905017132521316783037768062839232945,0.94,1001.07,buy
1790048453401,mlb-min-sf-2026-09-21,spread,-2.5,111637670889603278163389293132637718144150963230974508576663654748682006742810,0.77,144.207791,buy
1790048465132,mlb-min-sf-2026-09-21,moneyline,,52778541504311759750508311994558317269550813701156447811711347174954389079359,0.07,537.71,buy
1790048465219,mlb-min-sf-2026-09-21,moneyline,,52778541504311759750508311994558317269550813701156447811711347174954389079359,0.07,14.285715,buy
1790048466165,mlb-min-sf-2026-09-21,moneyline,,52778541504311759750508311994558317269550813701156447811711347174954389079359,0.07,14.285715,buy
1790048482058,mlb-min-sf-2026-09-21,total,7.5,44080570153418666929070543715264792370284949309241799377375187669035368073168,0.54,1.851852,buy
1790048484391,mlb-min-sf-2026-09-21,moneyline,,52778541504311759750508311994558317269550813701156447811711347174954389079359,0.07,15.09,buy
1790048484486,mlb-min-sf-2026-09-21,moneyline,,35666944316359472749137362875213336087465905017132521316783037768062839232945,0.93,2.08,sell
1790048500988,mlb-min-sf-2026-09-21,moneyline,,35666944316359472749137362875213336087465905017132521316783037768062839232945,0.93,11.12,sell
1790048519406,mlb-min-sf-2026-09-21,total,7.5,92529648985190120773015491909718982598228379329215394720529921319187142016067,0.47,2.12766,buy
1790048526454,mlb-min-sf-2026-09-21,spread,-1.5,31625366241666323214493361036915032105253721181148768767396173026753267112685,0.88,99.4382,
1790048533437,mlb-min-sf-2026-09-21,moneyline,,52778541504311759750508311994558317269550813701156447811711347174954389079359,0.07,1016.0,buy
1790048535442,mlb-min-sf-2026-09-21,total,7.5,92529648985190120773015491909718982598228379329215394720529921319187142016067,0.48,2.083334,buy
1790048540775,mlb-min-sf-2026-09-21,moneyline,,35666944316359472749137362875213336087465905017132521316783037768062839232945,0.93,20.83,sell
1790048542136,mlb-min-sf-2026-09-21,total,7.5,92529648985190120773015491909718982598228379329215394720529921319187142016067,0.49,2.040817,buy
1790048548161,mlb-min-sf-2026-09-21,moneyline,,52778541504311759750508311994558317269550813701156447811711347174954389079359,0.07,178.41,buy
1790048553133,mlb-min-sf-2026-09-21,moneyline,,35666944316359472749137362875213336087465905017132521316783037768062839232945,0.94,531.914883,buy
1790048556879,mlb-min-sf-2026-09-21,moneyline,,52778541504311759750508311994558317269550813701156447811711347174954389079359,0.07,14.285715,buy
1790048564979,mlb-min-sf-2026-09-21,moneyline,,52778541504311759750508311994558317269550813701156447811711347174954389079359,0.08,18.75,buy
1790048564988,mlb-min-sf-2026-09-21,moneyline,,52778541504311759750508311994558317269550813701156447811711347174954389079359,0.07,197.13,sell
1790048565011,mlb-min-sf-2026-09-21,moneyline,,52778541504311759750508311994558317269550813701156447811711347174954389079359,0.08,150.0,buy
1790048566200,mlb-min-sf-2026-09-21,total,7.5,44080570153418666929070543715264792370284949309241799377375187669035368073168,0.54,29.0,buy
1790048566237,mlb-min-sf-2026-09-21,spread,-2.5,111475741526834633013043087205525300170702479834707136626587985397458256152294,0.27,43.0,
1790048566245,mlb-min-sf-2026-09-21,moneyline,,52778541504311759750508311994558317269550813701156447811711347174954389079359,0.09,16.666667,buy
1790048566277,mlb-min-sf-2026-09-21,moneyline,,52778541504311759750508311994558317269550813701156447811711347174954389079359,0.09,1287.0,buy
1790048566311,mlb-min-sf-2026-09-21,moneyline,,52778541504311759750508311994558317269550813701156447811711347174954389079359,0.09,150.0,buy
1790048566313,mlb-min-sf-2026-09-21,total,7.5,44080570153418666929070543715264792370284949309241799377375187669035368073168,0.54,1.0,
1790048566320,mlb-min-sf-2026-09-21,total,8.5,99675211524389996563605546081084353982957157387898350977475227973158792759432,0.36,30.0,
1790048566386,mlb-min-sf-2026-09-21,moneyline,,52778541504311759750508311994558317269550813701156447811711347174954389079359,0.09,193.0,buy
1790048566426,mlb-min-sf-2026-09-21,total,6.5,108120987773979693544115270073139647232034517252134105907672341663928725097188,0.77,29.0,buy
1790048566541,mlb-min-sf-2026-09-21,total,6.5,108120987773979693544115270073139647232034517252134105907672341663928725097188,0.77,1.0,
1790048566818,mlb-min-sf-2026-09-21,moneyline,,52778541504311759750508311994558317269550813701156447811711347174954389079359,0.09,1287.0,buy
1790048566916,mlb-min-sf-2026-09-21,moneyline,,52778541504311759750508311994558317269550813701156447811711347174954389079359,0.09,193.0,buy
1790048568250,mlb-min-sf-2026-09-21,moneyline,,52778541504311759750508311994558317269550813701156447811711347174954389079359,0.09,57.888889,buy
1790048568287,mlb-min-sf-2026-09-21,moneyline,,52778541504311759750508311994558317269550813701156447811711347174954389079359,0.09,57.888889,buy
1790048570288,mlb-min-sf-2026-09-21,moneyline,,52778541504311759750508311994558317269550813701156447811711347174954389079359,0.09,316.0,buy
1790048570377,mlb-min-sf-2026-09-21,moneyline,,52778541504311759750508311994558317269550813701156447811711347174954389079359,0.09,11.111112,buy
1790048570601,mlb-min-sf-2026-09-21,moneyline,,52778541504311759750508311994558317269550813701156447811711347174954389079359,0.09,25.15,buy
1790048570700,mlb-min-sf-2026-09-21,moneyline,,52778541504311759750508311994558317269550813701156447811711347174954389079359,0.09,11.111112,buy
1790048570770,mlb-min-sf-2026-09-21,moneyline,,52778541504311759750508311994558317269550813701156447811711347174954389079359,0.09,28.86,buy
1790048570853,mlb-min-sf-2026-09-21,moneyline,,52778541504311759750508311994558317269550813701156447811711347174954389079359,0.09,11.111112,buy
1790048572391,mlb-min-sf-2026-09-21,moneyline,,52778541504311759750508311994558317269550813701156447811711347174954389079359,0.09,11.111112,buy
1790048572476,mlb-min-sf-2026-09-21,moneyline,,52778541504311759750508311994558317269550813701156447811711347174954389079359,0.09,11.111112,buy
1790048572507,mlb-min-sf-2026-09-21,moneyline,,52778541504311759750508311994558317269550813701156447811711347174954389079359,0.09,11.111112,buy
1790048576416,mlb-min-sf-2026-09-21,total,6.5,50378321555830083363178561274306220044818398153735208866569509431533788097148,0.209,478.4689,buy
1790048578228,mlb-min-sf-2026-09-21,moneyline,,52778541504311759750508311994558317269550813701156447811711347174954389079359,0.09,13.333334,buy
1790048582733,mlb-min-sf-2026-09-21,total,7.5,44080570153418666929070543715264792370284949309241799377375187669035368073168,0.59,5.0,buy
1790048583050,mlb-min-sf-2026-09-21,total,6.5,108120987773979693544115270073139647232034517252134105907672341663928725097188,0.795,5.0,buy
1790048583172,mlb-min-sf-2026-09-21,moneyline,,52778541504311759750508311994558317269550813701156447811711347174954389079359,0.09,201.78,buy
1790048583291,mlb-min-sf-2026-09-21,moneyline,,52778541504311759750508311994558317269550813701156447811711347174954389079359,0.09,201.78,buy
1790048583402,mlb-min-sf-2026-09-21,moneyline,,52778541504311759750508311994558317269550813701156447811711347174954389079359,0.09,11.73,buy
1790048583508,mlb-min-sf-2026-09-21,moneyline,,52778541504311759750508311994558317269550813701156447811711347174954389079359,0.09,11.73,buy
1790048583617,mlb-min-sf-2026-09-21,moneyline,,52778541504311759750508311994558317269550813701156447811711347174954389079359,0.09,11.73,buy
1790048585028,mlb-min-sf-2026-09-21,total,6.5,50378321555830083363178561274306220044818398153735208866569509431533788097148,0.209,20.0,buy
1790048586520,mlb-min-sf-2026-09-21,total,7.5,92529648985190120773015491909718982598228379329215394720529921319187142016067,0.42,2.380953,buy
1790048604074,mlb-min-sf-2026-09-21,moneyline,,35666944316359472749137362875213336087465905017132521316783037768062839232945,0.92,10.347825,buy
1790048612804,mlb-min-sf-2026-09-21,total,7.5,44080570153418666929070543715264792370284949309241799377375187669035368073168,0.59,5.084746,buy
1790048613935,mlb-min-sf-2026-09-21,moneyline,,52778541504311759750508311994558317269550813701156447811711347174954389079359,0.09,1.88,sell
1790048615211,mlb-min-sf-2026-09-21,moneyline,,35666944316359472749137362875213336087465905017132521316783037768062839232945,0.91,2855.15,sell
1790048639649,mlb-min-sf-2026-09-21,total,8.5,99675211524389996563605546081084353982957157387898350977475227973158792759432,0.38,3.947369,buy
1790048641665,mlb-min-sf-2026-09-21,moneyline,,35666944316359472749137362875213336087465905017132521316783037768062839232945,0.92,1.630425,buy
1790048641667,mlb-min-sf-2026-09-21,moneyline,,35666944316359472749137362875213336087465905017132521316783037768062839232945,0.92,151.630425,
1790048641694,mlb-min-sf-2026-09-21,moneyline,,35666944316359472749137362875213336087465905017132521316783037768062839232945,0.92,1.630425,
1790048641706,mlb-min-sf-2026-09-21,moneyline,,35666944316359472749137362875213336087465905017132521316783037768062839232945,0.92,9.92,
1790048648390,mlb-min-sf-2026-09-21,moneyline,,52778541504311759750508311994558317269550813701156447811711347174954389079359,0.05,150.6,buy
1790048648480,mlb-min-sf-2026-09-21,moneyline,,52778541504311759750508311994558317269550813701156447811711347174954389079359,0.05,62.0,buy
1790048648546,mlb-min-sf-2026-09-21,moneyline,,52778541504311759750508311994558317269550813701156447811711347174954389079359,0.05,136.6,buy
1790048658797,mlb-min-sf-2026-09-21,moneyline,,35666944316359472749137362875213336087465905017132521316783037768062839232945,0.95,3.19,sell
1790048673189,mlb-min-sf-2026-09-21,moneyline,,52778541504311759750508311994558317269550813701156447811711347174954389079359,0.04,13.33,sell
1790048684048,mlb-min-sf-2026-09-21,total,8.5,84014533134141585823758053317587064742822060388913811086984206985002701956162,0.74,1.35135,buy
1790048697822,mlb-min-sf-2026-09-21,moneyline,,35666944316359472749137362875213336087465905017132521316783037768062839232945,0.96,520.833325,buy
1790048717996,mlb-min-sf-2026-09-21,spread,-1.5,106149601255717667637752979947111830571639957995043901293708194551297304240763,0.981,71.9,sell
1790048725279,mlb-min-sf-2026-09-21,total,7.5,92529648985190120773015491909718982598228379329215394720529921319187142016067,0.55,1274.21,sell
1790048761574,mlb-min-sf-2026-09-21,moneyline,,52778541504311759750508311994558317269550813701156447811711347174954389079359,0.05,144.6,buy
1790048775470,mlb-min-sf-2026-09-21,total,8.5,99675211524389996563605546081084353982957157387898350977475227973158792759432,0.26,33.33,sell
1790048782667,mlb-min-sf-2026-09-21,moneyline,,35666944316359472749137362875213336087465905017132521316783037768062839232945,0.96,68.2,sell
1790048803758,mlb-min-sf-2026-09-21,moneyline,,35666944316359472749137362875213336087465905017132521316783037768062839232945,0.96,31.25,sell
1790048804756,mlb-min-sf-2026-09-21,moneyline,,35666944316359472749137362875213336087465905017132521316783037768062839232945,0.96,315.15,sell
1790048823267,mlb-min-sf-2026-09-21,total,7.5,92529648985190120773015491909718982598228379329215394720529921319187142016067,0.55,1.818182,buy
1790048845240,mlb-min-sf-2026-09-21,total,6.5,50378321555830083363178561274306220044818398153735208866569509431533788097148,0.32,251.36,
1790048863606,mlb-min-sf-2026-09-21,moneyline,,35666944316359472749137362875213336087465905017132521316783037768062839232945,0.97,1.0309,buy
1790048867240,mlb-min-sf-2026-09-21,moneyline,,35666944316359472749137362875213336087465905017132521316783037768062839232945,0.97,5.154633,buy
1790048910070,mlb-min-sf-2026-09-21,moneyline,,35666944316359472749137362875213336087465905017132521316783037768062839232945,0.97,5.0,buy
1790048999952,mlb-min-sf-2026-09-21,moneyline,,52778541504311759750508311994558317269550813701156447811711347174954389079359,0.042,1311.0,
1790049025609,mlb-min-sf-2026-09-21,moneyline,,35666944316359472749137362875213336087465905017132521316783037768062839232945,0.969,19.164064,buy
1790049028554,mlb-min-sf-2026-09-21,total,8.5,84014533134141585823758053317587064742822060388913811086984206985002701956162,0.76,1070.86,sell
1790049041986,mlb-min-sf-2026-09-21,moneyline,,35666944316359472749137362875213336087465905017132521316783037768062839232945,0.954,5.55,sell
1790049083934,mlb-min-sf-2026-09-21,moneyline,,35666944316359472749137362875213336087465905017132521316783037768062839232945,0.97,128.865966,buy
1790049104913,mlb-min-sf-2026-09-21,total,7.5,44080570153418666929070543715264792370284949309241799377375187669035368073168,0.36,39.81,sell
1790049110123,mlb-min-sf-2026-09-21,moneyline,,52778541504311759750508311994558317269550813701156447811711347174954389079359,0.04,330.0,
1790049161683,mlb-min-sf-2026-09-21,total,8.5,99675211524389996563605546081084353982957157387898350977475227973158792759432,0.19,122.13,sell
1790049174180,mlb-min-sf-2026-09-21,total,8.5,84014533134141585823758053317587064742822060388913811086984206985002701956162,0.81,1.234568,buy
1790049207453,mlb-min-sf-2026-09-21,moneyline,,35666944316359472749137362875213336087465905017132521316783037768062839232945,0.961,116.86,sell
1790049238824,mlb-min-sf-2026-09-21,moneyline,,52778541504311759750508311994558317269550813701156447811711347174954389079359,0.039,25.5285,
1790049238974,mlb-min-sf-2026-09-21,moneyline,,52778541504311759750508311994558317269550813701156447811711347174954389079359,0.04,24.36,
1790049241537,mlb-min-sf-2026-09-21,moneyline,,35666944316359472749137362875213336087465905017132521316783037768062839232945,0.968,10.31,buy
1790049241716,mlb-min-sf-2026-09-21,total,6.5,108120987773979693544115270073139647232034517252134105907672341663928725097188,0.58,34.482759,buy
1790049252348,mlb-min-sf-2026-09-21,spread,-1.5,97719756170684651691414050415011119363200036572743945245409981739586293591188,0.09,11.111112,buy
1790049252422,mlb-min-sf-2026-09-21,total,7.5,44080570153418666929070543715264792370284949309241799377375187669035368073168,0.35,28.571429,buy
1790049255951,mlb-min-sf-2026-09-21,moneyline,,35666944316359472749137362875213336087465905017132521316783037768062839232945,0.968,100.0,buy
1790049262524,mlb-min-sf-2026-09-21,moneyline,,52778541504311759750508311994558317269550813701156447811711347174954389079359,0.046,21.739131,buy
1790049268290,mlb-min-sf-2026-09-21,total,6.5,108120987773979693544115270073139647232034517252134105907672341663928725097188,0.58,1.724138,buy
1790049272578,mlb-min-sf-2026-09-21,moneyline,,35666944316359472749137362875213336087465905017132521316783037768062839232945,0.969,104.487032,buy
1790049285454,mlb-min-sf-2026-09-21,total,6.5,108120987773979693544115270073139647232034517252134105907672341663928725097188,0.58,1.724138,buy
1790049295517,mlb-min-sf-2026-09-21,moneyline,,35666944316359472749137362875213336087465905017132521316783037768062839232945,0.968,100.984,
1790049297401,mlb-min-sf-2026-09-21,moneyline,,52778541504311759750508311994558317269550813701156447811711347174954389079359,0.032,300.0,
1790049324916,mlb-min-sf-2026-09-21,total,6.5,108120987773979693544115270073139647232034517252134105907672341663928725097188,0.58,1.724138,buy
1790049331098,mlb-min-sf-2026-09-21,moneyline,,52778541504311759750508311994558317269550813701156447811711347174954389079359,0.053,10785.956715,
1790049331596,mlb-min-sf-2026-09-21,total,6.5,50378321555830083363178561274306220044818398153735208866569509431533788097148,0.388,37.0,
1790049331632,mlb-min-sf-2026-09-21,total,6.5,108120987773979693544115270073139647232034517252134105907672341663928725097188,0.93,5375.677414,
1790049331818,mlb-min-sf-2026-09-21,total,6.5,108120987773979693544115270073139647232034517252134105907672341663928725097188,0.929,3.229267,buy
1790049334968,mlb-min-sf-2026-09-21,moneyline,,52778541504311759750508311994558317269550813701156447811711347174954389079359,0.059,36.0,
1790049338197,mlb-min-sf-2026-09-21,moneyline,,52778541504311759750508311994558317269550813701156447811711347174954389079359,0.06,25.0,buy
1790049338272,mlb-min-sf-2026-09-21,moneyline,,52778541504311759750508311994558317269550813701156447811711347174954389079359,0.06,150.0,buy
1790049339860,mlb-min-sf-2026-09-21,moneyline,,35666944316359472749137362875213336087465905017132521316783037768062839232945,0.939,268.881786,buy
1790049346529,mlb-min-sf-2026-09-21,moneyline,,52778541504311759750508311994558317269550813701156447811711347174954389079359,0.07,10.0,
1790049351366,mlb-min-sf-2026-09-21,moneyline,,35666944316359472749137362875213336087465905017132521316783037768062839232945,0.936,16.0,buy
1790049353773,mlb-min-sf-2026-09-21,moneyline,,35666944316359472749137362875213336087465905017132521316783037768062839232945,0.936,10.0,buy
1790049367159,mlb-min-sf-2026-09-21,moneyline,,52778541504311759750508311994558317269550813701156447811711347174954389079359,0.071,1.88,sell
1790049391140,mlb-min-sf-2026-09-21,moneyline,,52778541504311759750508311994558317269550813701156447811711347174954389079359,0.059,60.0,buy
1790049398130,mlb-min-sf-2026-09-21,moneyline,,35666944316359472749137362875213336087465905017132521316783037768062839232945,0.948,2.637131,buy
1790049399567,mlb-min-sf-2026-09-21,moneyline,,52778541504311759750508311994558317269550813701156447811711347174954389079359,0.06,2651.51,buy
1790049400116,mlb-min-sf-2026-09-21,moneyline,,52778541504311759750508311994558317269550813701156447811711347174954389079359,0.06,1378.78,buy
1790049400379,mlb-min-sf-2026-09-21,moneyline,,52778541504311759750508311994558317269550813701156447811711347174954389079359,0.06,6661.54,buy
1790049400457,mlb-min-sf-2026-09-21,moneyline,,52778541504311759750508311994558317269550813701156447811711347174954389079359,0.06,209.833334,
1790049400692,mlb-min-sf-2026-09-21,moneyline,,52778541504311759750508311994558317269550813701156447811711347174954389079359,0.064,36.0,
1790049404394,mlb-min-sf-2026-09-21,moneyline,,52778541504311759750508311994558317269550813701156447811711347174954389079359,0.07,54.0,buy
1790049405418,mlb-min-sf-2026-09-21,moneyline,,35666944316359472749137362875213336087465905017132521316783037768062839232945,0.93,366.09,buy
1790049438890,mlb-min-sf-2026-09-21,total,7.5,92529648985190120773015491909718982598228379329215394720529921319187142016067,0.46,2.173914,buy
1790049443559,mlb-min-sf-2026-09-21,spread,-2.5,111637670889603278163389293132637718144150963230974508576663654748682006742810,0.67,44.776118,buy
1790049454290,mlb-min-sf-2026-09-21,moneyline,,52778541504311759750508311994558317269550813701156447811711347174954389079359,0.08,219.7,buy
1790049455880,mlb-min-sf-2026-09-21,total,7.5,92529648985190120773015491909718982598228379329215394720529921319187142016067,0.44,16.0,buy
1790049455959,mlb-min-sf-2026-09-21,total,7.5,92529648985190120773015491909718982598228379329215394720529921319187142016067,0.44,1.09,
1790049467500,mlb-min-sf-2026-09-21,total,8.5,84014533134141585823758053317587064742822060388913811086984206985002701956162,0.73,1.369864,buy
1790049476846,mlb-min-sf-2026-09-21,total,7.5,92529648985190120773015491909718982598228379329215394720529921319187142016067,0.49,2.040817,buy
1790049486377,mlb-min-sf-2026-09-21,total,6.5,108120987773979693544115270073139647232034517252134105907672341663928725097188,0.999,351.4,sell
1790049486884,mlb-min-sf-2026-09-21,total,7.5,92529648985190120773015491909718982598228379329215394720529921319187142016067,0.49,5.0,buy
1790049487734,mlb-min-sf-2026-09-21,spread,-2.5,111637670889603278163389293132637718144150963230974508576663654748682006742810,0.7,30.0,
1790049488652,mlb-min-sf-2026-09-21,moneyline,,52778541504311759750508311994558317269550813701156447811711347174954389079359,0.069,5.0,
1790049496831,mlb-min-sf-2026-09-21,moneyline,,35666944316359472749137362875213336087465905017132521316783037768062839232945,0.96,2.083325,sell
1790049496844,mlb-min-sf-2026-09-21,moneyline,,35666944316359472749137362875213336087465905017132521316783037768062839232945,0.96,190.32,sell
1790049496919,mlb-min-sf-2026-09-21,moneyline,,35666944316359472749137362875213336087465905017132521316783037768062839232945,0.962,5.0,
1790049498026,mlb-min-sf-2026-09-21,moneyline,,52778541504311759750508311994558317269550813701156447811711347174954389079359,0.05,100.0,buy
1790049503210,mlb-min-sf-2026-09-21,moneyline,,35666944316359472749137362875213336087465905017132521316783037768062839232945,0.962,120.0,buy
1790049503229,mlb-min-sf-2026-09-21,moneyline,,35666944316359472749137362875213336087465905017132521316783037768062839232945,0.962,500.0,buy
1790049503269,mlb-min-sf-2026-09-21,moneyline,,35666944316359472749137362875213336087465905017132521316783037768062839232945,0.962,120.0,
1790049503300,mlb-min-sf-2026-09-21,moneyline,,35666944316359472749137362875213336087465905017132521316783037768062839232945,0.963,1000.0,sell
1790049503719,mlb-min-sf-2026-09-21,moneyline,,52778541504311759750508311994558317269550813701156447811711347174954389079359,0.037,918.36,buy
1790049510224,mlb-min-sf-2026-09-21,total,6.5,108120987773979693544115270073139647232034517252134105907672341663928725097188,0.999,72.89,sell
1790049516280,mlb-min-sf-2026-09-21,moneyline,,35666944316359472749137362875213336087465905017132521316783037768062839232945,0.969,1.031967,buy
1790049567448,mlb-min-sf-2026-09-21,moneyline,,52778541504311759750508311994558317269550813701156447811711347174954389079359,0.049,50.26,
1790049588555,mlb-min-sf-2026-09-21,moneyline,,52778541504311759750508311994558317269550813701156447811711347174954389079359,0.03,187.05,sell
1790049598979,mlb-min-sf-2026-09-21,moneyline,,35666944316359472749137362875213336087465905017132521316783037768062839232945,0.959,36.0,
1790049598993,mlb-min-sf-2026-09-21,moneyline,,35666944316359472749137362875213336087465905017132521316783037768062839232945,0.96,1.04165,sell
1790049598996,mlb-min-sf-2026-09-21,moneyline,,35666944316359472749137362875213336087465905017132521316783037768062839232945,0.96,151.5625,sell
1790049599013,mlb-min-sf-2026-09-21,moneyline,,35666944316359472749137362875213336087465905017132521316783037768062839232945,0.96,271.97,sell
1790049599028,mlb-min-sf-2026-09-21,moneyline,,35666944316359472749137362875213336087465905017132521316783037768062839232945,0.969,1.031992,buy
1790049610571,mlb-min-sf-2026-09-21,moneyline,,35666944316359472749137362875213336087465905017132521316783037768062839232945,0.969,1259.57,
1790049626900,mlb-min-sf-2026-09-21,moneyline,,52778541504311759750508311994558317269550813701156447811711347174954389079359,0.03,1016.0,sell
1790049660061,mlb-min-sf-2026-09-21,spread,-1.5,106149601255717667637752979947111830571639957995043901293708194551297304240763,0.99,1.0,
1790049668918,mlb-min-sf-2026-09-21,total,7.5,92529648985190120773015491909718982598228379329215394720529921319187142016067,0.56,9.39,sell
1790049702602,mlb-min-sf-2026-09-21,total,6.5,108120987773979693544115270073139647232034517252134105907672341663928725097188,0.999,5464.0,sell
1790049717624,mlb-min-sf-2026-09-21,moneyline,,35666944316359472749137362875213336087465905017132521316783037768062839232945,0.97,212.38,buy
1790049723952,mlb-min-sf-2026-09-21,spread,-2.5,111637670889603278163389293132637718144150963230974508576663654748682006742810,0.79,354.92,sell
1790049772952,mlb-min-sf-2026-09-21,total,6.5,108120987773979693544115270073139647232034517252134105907672341663928725097188,0.999,381.11,sell
1790049802386,mlb-min-sf-2026-09-21,moneyline,,35666944316359472749137362875213336087465905017132521316783037768062839232945,0.964,1.08,sell
1790049805230,mlb-min-sf-2026-09-21,moneyline,,35666944316359472749137362875213336087465905017132521316783037768062839232945,0.973,102.774888,buy
1790049815789,mlb-min-sf-2026-09-21,spread,-2.5,111475741526834633013043087205525300170702479834707136626587985397458256152294,0.21,29.0,buy
1790049815915,mlb-min-sf-2026-09-21,total,7.5,92529648985190120773015491909718982598228379329215394720529921319187142016067,0.58,428.0,
1790049816268,mlb-min-sf-2026-09-21,total,8.5,84014533134141585823758053317587064742822060388913811086984206985002701956162,0.8,399.0,
1790049817102,mlb-min-sf-2026-09-21,total,7.5,92529648985190120773015491909718982598228379329215394720529921319187142016067,0.59,1.0,
1790049829193,mlb-min-sf-2026-09-21,total,7.5,44080570153418666929070543715264792370284949309241799377375187669035368073168,0.35,137.714286,buy
1790049834901,mlb-min-sf-2026-09-21,spread,-1.5,97719756170684651691414050415011119363200036572743945245409981739586293591188,0.09,15.0,buy
1790049844551,mlb-min-sf-2026-09-21,moneyline,,35666944316359472749137362875213336087465905017132521316783037768062839232945,0.961,102.77,sell
1790049884327,mlb-min-sf-2026-09-21,spread,-1.5,97719756170684651691414050415011119363200036572743945245409981739586293591188,0.09,11.111112,buy
1790049887764,mlb-min-sf-2026-09-21,moneyline,,35666944316359472749137362875213336087465905017132521316783037768062839232945,0.97,63.82,sell
1790049893756,mlb-min-sf-2026-09-21,total,8.5,99675211524389996563605546081084353982957157387898350977475227973158792759432,0.21,125.0,
1790049909549,mlb-min-sf-2026-09-21,total,7.5,44080570153418666929070543715264792370284949309241799377375187669035368073168,0.42,137.71,sell
1790049947180,mlb-min-sf-2026-09-21,moneyline,,35666944316359472749137362875213336087465905017132521316783037768062839232945,0.97,1.0309,buy
1790049956428,mlb-min-sf-2026-09-21,moneyline,,35666944316359472749137362875213336087465905017132521316783037768062839232945,0.97,17.072133,buy
1790049960326,mlb-min-sf-2026-09-21,total,7.5,44080570153418666929070543715264792370284949309241799377375187669035368073168,0.43,2.325582,buy
1790049964255,mlb-min-sf-2026-09-21,moneyline,,35666944316359472749137362875213336087465905017132521316783037768062839232945,0.976,51.24875,
1790049975154,mlb-min-sf-2026-09-21,total,7.5,92529648985190120773015491909718982598228379329215394720529921319187142016067,0.7,692.0,
1790049983430,mlb-min-sf-2026-09-21,total,6.5,108120987773979693544115270073139647232034517252134105907672341663928725097188,0.999,13.35,sell
1790049996184,mlb-min-sf-2026-09-21,spread,-2.5,111475741526834633013043087205525300170702479834707136626587985397458256152294,0.26,3.846154,buy
1790050017043,mlb-min-sf-2026-09-21,total,7.5,92529648985190120773015491909718982598228379329215394720529921319187142016067,0.75,65.706667,buy
1790050031984,mlb-min-sf-2026-09-21,total,7.5,92529648985190120773015491909718982598228379329215394720529921319187142016067,0.75,199.5,sell
1790050032017,mlb-min-sf-2026-09-21,total,7.5,92529648985190120773015491909718982598228379329215394720529921319187142016067,0.75,89.92,sell
1790050043938,mlb-min-sf-2026-09-21,spread,-1.5,106149601255717667637752979947111830571639957995043901293708194551297304240763,0.99,20.0,buy
1790050044600,mlb-min-sf-2026-09-21,moneyline,,35666944316359472749137362875213336087465905017132521316783037768062839232945,0.969,20.0,buy
1790050044744,mlb-min-sf-2026-09-21,total,6.5,108120987773979693544115270073139647232034517252134105907672341663928725097188,0.999,1454.36,sell
1790050044777,mlb-min-sf-2026-09-21,moneyline,,35666944316359472749137362875213336087465905017132521316783037768062839232945,0.97,361.072133,buy
1790050046981,mlb-min-sf-2026-09-21,moneyline,,52778541504311759750508311994558317269550813701156447811711347174954389079359,0.032,184.848485,
1790050060189,mlb-min-sf-2026-09-21,moneyline,,52778541504311759750508311994558317269550813701156447811711347174954389079359,0.033,415.15,sell
1790050068456,mlb-min-sf-2026-09-21,moneyline,,35666944316359472749137362875213336087465905017132521316783037768062839232945,0.969,491.413806,buy
1790050082993,mlb-min-sf-2026-09-21,total,7.5,44080570153418666929070543715264792370284949309241799377375187669035368073168,0.24,1120.17,sell
1790050106978,mlb-min-sf-2026-09-21,total,7.5,44080570153418666929070543715264792370284949309241799377375187669035368073168,0.25,4.0,buy
1790050159171,mlb-min-sf-2026-09-21,total,8.5,99675211524389996563605546081084353982957157387898350977475227973158792759432,0.11,9.09091,buy
1790050186992,mlb-min-sf-2026-09-21,total,7.5,44080570153418666929070543715264792370284949309241799377375187669035368073168,0.22,5.71,buy
1790050230805,mlb-min-sf-2026-09-21,total,7.5,44080570153418666929070543715264792370284949309241799377375187669035368073168,0.27,3.703704,buy
1790050232176,mlb-min-sf-2026-09-21,moneyline,,52778541504311759750508311994558317269550813701156447811711347174954389079359,0.022,214.0,sell
1790050232190,mlb-min-sf-2026-09-21,moneyline,,52778541504311759750508311994558317269550813701156447811711347174954389079359,0.022,120.0,sell
1790050232198,mlb-min-sf-2026-09-21,moneyline,,52778541504311759750508311994558317269550813701156447811711347174954389079359,0.022,766.0,sell
1790050232861,mlb-min-sf-2026-09-21,moneyline,,35666944316359472749137362875213336087465905017132521316783037768062839232945,0.979,8.0,buy
1790050273329,mlb-min-sf-2026-09-21,moneyline,,52778541504311759750508311994558317269550813701156447811711347174954389079359,0.02,95.5,buy
1790050278764,mlb-min-sf-2026-09-21,total,7.5,92529648985190120773015491909718982598228379329215394720529921319187142016067,0.86,1.162785,buy
1790050280306,mlb-min-sf-2026-09-21,moneyline,,35666944316359472749137362875213336087465905017132521316783037768062839232945,0.989,10.111224,buy
1790050297426,mlb-min-sf-2026-09-21,total,7.5,44080570153418666929070543715264792370284949309241799377375187669035368073168,0.14,7.142858,buy
1790050342880,mlb-min-sf-2026-09-21,total,7.5,44080570153418666929070543715264792370284949309241799377375187669035368073168,0.13,769.23077,buy
1790050365572,mlb-min-sf-2026-09-21,total,7.5,44080570153418666929070543715264792370284949309241799377375187669035368073168,0.13,7.692308,buy
1790050374401,mlb-min-sf-2026-09-21,moneyline,,35666944316359472749137362875213336087465905017132521316783037768062839232945,0.99,207.0,sell
1790050374627,mlb-min-sf-2026-09-21,moneyline,,35666944316359472749137362875213336087465905017132521316783037768062839232945,0.99,4.88,sell
1790050377688,mlb-min-sf-2026-09-21,total,7.5,44080570153418666929070543715264792370284949309241799377375187669035368073168,0.14,2941.17,buy
1790050378355,mlb-min-sf-2026-09-21,moneyline,,35666944316359472749137362875213336087465905017132521316783037768062839232945,0.995,5.94,buy
1790050382522,mlb-min-sf-2026-09-21,moneyline,,35666944316359472749137362875213336087465905017132521316783037768062839232945,0.995,5.12,buy
1790050385669,mlb-min-sf-2026-09-21,moneyline,,35666944316359472749137362875213336087465905017132521316783037768062839232945,0.995,5.17,buy
1790050385760,mlb-min-sf-2026-09-21,moneyline,,35666944316359472749137362875213336087465905017132521316783037768062839232945,0.99,2.04,sell
1790050388156,mlb-min-sf-2026-09-21,moneyline,,52778541504311759750508311994558317269550813701156447811711347174954389079359,0.005,1.85,sell
1790050389193,mlb-min-sf-2026-09-21,moneyline,,35666944316359472749137362875213336087465905017132521316783037768062839232945,0.997,5.35,buy
1790050394806,mlb-min-sf-2026-09-21,total,7.5,92529648985190120773015491909718982598228379329215394720529921319187142016067,0.88,2.27,
1790050397255,mlb-min-sf-2026-09-21,moneyline,,35666944316359472749137362875213336087465905017132521316783037768062839232945,0.997,5.86,buy
1790050401062,mlb-min-sf-2026-09-21,moneyline,,35666944316359472749137362875213336087465905017132521316783037768062839232945,0.997,5.56,buy
1790050404528,mlb-min-sf-2026-09-21,moneyline,,35666944316359472749137362875213336087465905017132521316783037768062839232945,0.997,5.63,buy
1790050410593,mlb-min-sf-2026-09-21,total,7.5,44080570153418666929070543715264792370284949309241799377375187669035368073168,0.07,17.09,sell
1790050421356,mlb-min-sf-2026-09-21,total,7.5,92529648985190120773015491909718982598228379329215394720529921319187142016067,0.94,1164.0,
1790050421364,mlb-min-sf-2026-09-21,total,7.5,92529648985190120773015491909718982598228379329215394720529921319187142016067,0.98,2.0408,
1790050435260,mlb-min-sf-2026-09-21,moneyline,,35666944316359472749137362875213336087465905017132521316783037768062839232945,0.997,1061.27,sell
1790050453070,mlb-min-sf-2026-09-21,total,7.5,44080570153418666929070543715264792370284949309241799377375187669035368073168,0.09,11.111112,buy
1790050453653,mlb-min-sf-2026-09-21,moneyline,,35666944316359472749137362875213336087465905017132521316783037768062839232945,0.999,100.1,buy
1790050460230,mlb-min-sf-2026-09-21,total,8.5,99675211524389996563605546081084353982957157387898350977475227973158792759432,0.01,419.0,buy
1790050482111,mlb-min-sf-2026-09-21,spread,-1.5,31625366241666323214493361036915032105253721181148768767396173026753267112685,0.99,50.0,sell
1790050485242,mlb-min-sf-2026-09-21,moneyline,,35666944316359472749137362875213336087465905017132521316783037768062839232945,0.999,1775.46,sell
1790050487451,mlb-min-sf-2026-09-21,moneyline,,35666944316359472749137362875213336087465905017132521316783037768062839232945,0.999,100.0,sell
1790050509068,mlb-min-sf-2026-09-21,moneyline,,35666944316359472749137362875213336087465905017132521316783037768062839232945,0.999,687.65,sell
1790050592740,mlb-min-sf-2026-09-21,moneyline,,35666944316359472749137362875213336087465905017132521316783037768062839232945,0.999,235.29,sell
1790050655254,mlb-min-sf-2026-09-21,moneyline,,35666944316359472749137362875213336087465905017132521316783037768062839232945,0.999,6.0,sell
1790050658040,mlb-min-sf-2026-09-21,moneyline,,35666944316359472749137362875213336087465905017132521316783037768062839232945,0.999,58.4,sell
1790050663051,mlb-min-sf-2026-09-21,moneyline,,35666944316359472749137362875213336087465905017132521316783037768062839232945,0.999,7.0,sell
1790050663520,mlb-min-sf-2026-09-21,total,8.5,84014533134141585823758053317587064742822060388913811086984206985002701956162,0.999,509.32,sell
1790050676910,mlb-min-sf-2026-09-21,moneyline,,35666944316359472749137362875213336087465905017132521316783037768062839232945,0.999,104.08,sell
1790050687863,mlb-min-sf-2026-09-21,moneyline,,35666944316359472749137362875213336087465905017132521316783037768062839232945,0.999,11.82,sell
1790050698392,mlb-min-sf-2026-09-21,total,8.5,84014533134141585823758053317587064742822060388913811086984206985002701956162,0.999,200.0,sell
1790050704976,mlb-min-sf-2026-09-21,total,8.5,84014533134141585823758053317587064742822060388913811086984206985002701956162,0.999,5.0,sell
1790050714297,mlb-min-sf-2026-09-21,total,8.5,84014533134141585823758053317587064742822060388913811086984206985002701956162,0.999,9.0,sell
1790050734667,mlb-min-sf-2026-09-21,moneyline,,35666944316359472749137362875213336087465905017132521316783037768062839232945,0.999,5.15,sell
1790050758773,mlb-min-sf-2026-09-21,moneyline,,35666944316359472749137362875213336087465905017132521316783037768062839232945,0.999,50.64,sell
1790050763445,mlb-min-sf-2026-09-21,total,8.5,84014533134141585823758053317587064742822060388913811086984206985002701956162,0.999,7.69,sell
1790050767547,mlb-min-sf-2026-09-21,moneyline,,35666944316359472749137362875213336087465905017132521316783037768062839232945,0.999,5.31,sell
1790050790035,mlb-min-sf-2026-09-21,moneyline,,35666944316359472749137362875213336087465905017132521316783037768062839232945,0.999,140.92,sell
1790050791134,mlb-min-sf-2026-09-21,moneyline,,35666944316359472749137362875213336087465905017132521316783037768062839232945,0.999,1142.4,sell
1790050801557,mlb-min-sf-2026-09-21,moneyline,,35666944316359472749137362875213336087465905017132521316783037768062839232945,0.999,1420.53,sell
1790050803697,mlb-min-sf-2026-09-21,total,7.5,92529648985190120773015491909718982598228379329215394720529921319187142016067,0.999,65.7,sell
1790050851509,mlb-min-sf-2026-09-21,moneyline,,35666944316359472749137362875213336087465905017132521316783037768062839232945,0.999,239.13,sell
1790050872002,mlb-min-sf-2026-09-21,total,8.5,84014533134141585823758053317587064742822060388913811086984206985002701956162,0.999,6.97,sell
1790050917806,mlb-min-sf-2026-09-21,moneyline,,35666944316359472749137362875213336087465905017132521316783037768062839232945,0.999,10.41,sell
1790050929507,mlb-min-sf-2026-09-21,moneyline,,35666944316359472749137362875213336087465905017132521316783037768062839232945,0.999,852.96,sell
1790050935100,mlb-min-sf-2026-09-21,moneyline,,35666944316359472749137362875213336087465905017132521316783037768062839232945,0.999,3.79,sell
1790050942044,mlb-min-sf-2026-09-21,spread,-1.5,106149601255717667637752979947111830571639957995043901293708194551297304240763,0.999,7.35,sell
1790050956050,mlb-min-sf-2026-09-21,moneyline,,35666944316359472749137362875213336087465905017132521316783037768062839232945,0.999,15.31,sell
1790051008896,mlb-min-sf-2026-09-21,moneyline,,35666944316359472749137362875213336087465905017132521316783037768062839232945,0.999,15.53,sell
1790051103415,mlb-min-sf-2026-09-21,total,8.5,84014533134141585823758053317587064742822060388913811086984206985002701956162,0.999,767.3,sell
1790051258268,mlb-min-sf-2026-09-21,moneyline,,35666944316359472749137362875213336087465905017132521316783037768062839232945,0.999,1894.44,sell
1790051277814,mlb-min-sf-2026-09-21,moneyline,,35666944316359472749137362875213336087465905017132521316783037768062839232945,0.999,1.08,sell
1790051327553,mlb-min-sf-2026-09-21,total,8.5,84014533134141585823758053317587064742822060388913811086984206985002701956162,0.999,5.17,sell
1790051384926,mlb-min-sf-2026-09-21,moneyline,,35666944316359472749137362875213336087465905017132521316783037768062839232945,0.999,40765.96,sell
1790051396213,mlb-min-sf-2026-09-21,moneyline,,35666944316359472749137362875213336087465905017132521316783037768062839232945,0.999,80.0,sell
