slug,series,market_type,hit
mlb-bal-tor-2026-09-12,mlb-bal-tor-2026-09-12|spread|-1.5|59433591889901294016138991327200070516440701471437274453551397574740835286906,spread,False
mlb-bal-tor-2026-09-12,mlb-bal-tor-2026-09-12|spread|-1.5|59433591889901294016138991327200070516440701471437274453551397574740835286906,spread,True
mlb-bal-tor-2026-09-12,mlb-bal-tor-2026-09-12|spread|-1.5|59433591889901294016138991327200070516440701471437274453551397574740835286906,spread,False
mlb-bal-tor-2026-09-12,mlb-bal-tor-2026-09-12|spread|-1.5|59433591889901294016138991327200070516440701471437274453551397574740835286906,spread,False
mlb-bal-tor-2026-09-12,mlb-bal-tor-2026-09-12|spread|-1.5|59433591889901294016138991327200070516440701471437274453551397574740835286906,spread,False
mlb-bal-tor-2026-09-12,mlb-bal-tor-2026-09-12|spread|-1.5|59433591889901294016138991327200070516440701471437274453551397574740835286906,spread,False
mlb-bal-tor-2026-09-12,mlb-bal-tor-2026-09-12|spread|-1.5|59433591889901294016138991327200070516440701471437274453551397574740835286906,spread,False
mlb-bal-tor-2026-09-12,mlb-bal-tor-2026-09-12|spread|-1.5|59433591889901294016138991327200070516440701471437274453551397574740835286906,spread,False
mlb-bal-tor-2026-09-12,mlb-bal-tor-2026-09-12|spread|-1.5|59433591889901294016138991327200070516440701471437274453551397574740835286906,spread,True
mlb-bal-tor-2026-09-12,mlb-bal-tor-2026-09-12|spread|-1.5|59433591889901294016138991327200070516440701471437274453551397574740835286906,spread,False
mlb-bal-tor-2026-09-12,mlb-bal-tor-2026-09-12|spread|-1.5|59433591889901294016138991327200070516440701471437274453551397574740835286906,spread,False
mlb-bal-tor-2026-09-12,mlb-bal-tor-2026-09-12|spread|-1.5|59433591889901294016138991327200070516440701471437274453551397574740835286906,spread,True
mlb-bal-tor-2026-09-12,mlb-bal-tor-2026-09-12|spread|-1.5|59433591889901294016138991327200070516440701471437274453551397574740835286906,spread,True
mlb-bal-tor-2026-09-12,mlb-bal-tor-2026-09-12|spread|-1.5|59433591889901294016138991327200070516440701471437274453551397574740835286906,spread,True
mlb-bal-tor-2026-09-12,mlb-bal-tor-2026-09-12|spread|-1.5|59433591889901294016138991327200070516440701471437274453551397574740835286906,spread,True
mlb-bal-tor-2026-09-12,mlb-bal-tor-2026-09-12|spread|-1.5|59433591889901294016138991327200070516440701471437274453551397574740835286906,spread,True
mlb-bal-tor-2026-09-12,mlb-bal-tor-2026-09-12|spread|-1.5|59433591889901294016138991327200070516440701471437274453551397574740835286906,spread,True
mlb-bal-tor-2026-09-12,mlb-bal-tor-2026-09-12|spread|-1.5|59433591889901294016138991327200070516440701471437274453551397574740835286906,spread,True
mlb-bal-tor-2026-09-12,mlb-bal-tor-2026-09-12|spread|-1.5|59433591889901294016138991327200070516440701471437274453551397574740835286906,spread,True
mlb-bal-tor-2026-09-12,mlb-bal-tor-2026-09-12|spread|-1.5|59433591889901294016138991327200070516440701471437274453551397574740835286906,spread,True
mlb-bal-tor-2026-09-12,mlb-bal-tor-2026-09-12|spread|-1.5|59433591889901294016138991327200070516440701471437274453551397574740835286906,spread,True
mlb-bal-tor-2026-09-12,mlb-bal-tor-2026-09-12|spread|-1.5|59433591889901294016138991327200070516440701471437274453551397574740835286906,spread,True
mlb-bal-tor-2026-09-12,mlb-bal-tor-2026-09-12|spread|-1.5|59433591889901294016138991327200070516440701471437274453551397574740835286906,spread,False
mlb-bal-tor-2026-09-12,mlb-bal-tor-2026-09-12|spread|-1.5|59433591889901294016138991327200070516440701471437274453551397574740835286906,spread,True
mlb-bal-tor-2026-09-12,mlb-bal-tor-2026-09-12|spread|-1.5|59433591889901294016138991327200070516440701471437274453551397574740835286906,spread,True
mlb-bal-tor-2026-09-12,mlb-bal-tor-2026-09-12|spread|-1.5|59433591889901294016138991327200070516440701471437274453551397574740835286906,spread,False
mlb-bal-tor-2026-09-12,mlb-bal-tor-2026-09-12|spread|-1.5|59433591889901294016138991327200070516440701471437274453551397574740835286906,spread,True
mlb-bal-tor-2026-09-12,mlb-bal-tor-2026-09-12|spread|-1.5|59433591889901294016138991327200070516440701471437274453551397574740835286906,spread,True
mlb-bal-tor-2026-09-12,mlb-bal-tor-2026-09-12|spread|-1.5|59433591889901294016138991327200070516440701471437274453551397574740835286906,spread,False
mlb-bal-tor-2026-09-12,mlb-bal-tor-2026-09-12|spread|-1.5|59433591889901294016138991327200070516440701471437274453551397574740835286906,spread,True
mlb-bal-tor-2026-09-12,mlb-bal-tor-2026-09-12|spread|-1.5|59433591889901294016138991327200070516440701471437274453551397574740835286906,spread,False
mlb-bal-tor-2026-09-12,mlb-bal-tor-2026-09-12|spread|-1.5|59433591889901294016138991327200070516440701471437274453551397574740835286906,spread,False
mlb-bal-tor-2026-09-12,mlb-bal-tor-2026-09-12|spread|-1.5|59433591889901294016138991327200070516440701471437274453551397574740835286906,spread,False
mlb-bal-tor-2026-09-12,mlb-bal-tor-2026-09-12|spread|-1.5|59433591889901294016138991327200070516440701471437274453551397574740835286906,spread,False
mlb-bal-tor-2026-09-12,mlb-bal-tor-2026-09-12|spread|-1.5|59433591889901294016138991327200070516440701471437274453551397574740835286906,spread,True
mlb-bal-tor-2026-09-12,mlb-bal-tor-2026-09-12|spread|-1.5|59433591889901294016138991327200070516440701471437274453551397574740835286906,spread,True
mlb-bal-tor-2026-09-12,mlb-bal-tor-2026-09-12|spread|-1.5|59433591889901294016138991327200070516440701471437274453551397574740835286906,spread,False
mlb-bal-tor-2026-09-12,mlb-bal-tor-2026-09-12|spread|-1.5|59433591889901294016138991327200070516440701471437274453551397574740835286906,spread,True
mlb-bal-tor-2026-09-12,mlb-bal-tor-2026-09-12|spread|-1.5|59433591889901294016138991327200070516440701471437274453551397574740835286906,spread,True
mlb-bal-tor-2026-09-12,mlb-bal-tor-2026-09-12|spread|-1.5|59433591889901294016138991327200070516440701471437274453551397574740835286906,spread,False
mlb-bal-tor-2026-09-12,mlb-bal-tor-2026-09-12|spread|-1.5|59433591889901294016138991327200070516440701471437274453551397574740835286906,spread,True
mlb-bal-tor-2026-09-12,mlb-bal-tor-2026-09-12|spread|-1.5|59433591889901294016138991327200070516440701471437274453551397574740835286906,spread,True
mlb-bal-tor-2026-09-12,mlb-bal-tor-2026-09-12|spread|-1.5|59433591889901294016138991327200070516440701471437274453551397574740835286906,spread,True
mlb-bal-tor-2026-09-12,mlb-bal-tor-2026-09-12|spread|-1.5|59433591889901294016138991327200070516440701471437274453551397574740835286906,spread,False
mlb-bal-tor-2026-09-12,mlb-bal-tor-2026-09-12|spread|-1.5|59433591889901294016138991327200070516440701471437274453551397574740835286906,spread,False
mlb-bal-tor-2026-09-12,mlb-bal-tor-2026-09-12|spread|-1.5|59433591889901294016138991327200070516440701471437274453551397574740835286906,spread,False
mlb-bal-tor-2026-09-12,mlb-bal-tor-2026-09-12|spread|-1.5|59433591889901294016138991327200070516440701471437274453551397574740835286906,spread,False
mlb-bal-tor-2026-09-12,mlb-bal-tor-2026-09-12|spread|-1.5|59433591889901294016138991327200070516440701471437274453551397574740835286906,spread,True
mlb-bal-tor-2026-09-12,mlb-bal-tor-2026-09-12|spread|-1.5|59433591889901294016138991327200070516440701471437274453551397574740835286906,spread,True
mlb-bal-tor-2026-09-12,mlb-bal-tor-2026-09-12|spread|-1.5|59433591889901294016138991327200070516440701471437274453551397574740835286906,spread,False
mlb-bal-tor-2026-09-12,mlb-bal-tor-2026-09-12|spread|-1.5|59433591889901294016138991327200070516440701471437274453551397574740835286906,spread,False
mlb-bal-tor-2026-09-12,mlb-bal-tor-2026-09-12|spread|-1.5|59433591889901294016138991327200070516440701471437274453551397574740835286906,spread,False
mlb-bal-tor-2026-09-12,mlb-bal-tor-2026-09-12|spread|-1.5|59433591889901294016138991327200070516440701471437274453551397574740835286906,spread,False
mlb-bal-tor-2026-09-12,mlb-bal-tor-2026-09-12|spread|-1.5|59433591889901294016138991327200070516440701471437274453551397574740835286906,spread,True
mlb-bal-tor-2026-09-12,mlb-bal-tor-2026-09-12|spread|-1.5|59433591889901294016138991327200070516440701471437274453551397574740835286906,spread,False
mlb-bal-tor-2026-09-12,mlb-bal-tor-2026-09-12|spread|-1.5|81765318186229028351294544139435638757259352767487284692747252682850469936233,spread,True
mlb-bal-tor-2026-09-12,mlb-bal-tor-2026-09-12|spread|-1.5|81765318186229028351294544139435638757259352767487284692747252682850469936233,spread,True
mlb-bal-tor-2026-09-12,mlb-bal-tor-2026-09-12|spread|-1.5|81765318186229028351294544139435638757259352767487284692747252682850469936233,spread,True
mlb-bal-tor-2026-09-12,mlb-bal-tor-2026-09-12|spread|-1.5|81765318186229028351294544139435638757259352767487284692747252682850469936233,spread,False
mlb-bal-tor-2026-09-12,mlb-bal-tor-2026-09-12|spread|-1.5|81765318186229028351294544139435638757259352767487284692747252682850469936233,spread,False
mlb-bal-tor-2026-09-12,mlb-bal-tor-2026-09-12|spread|-1.5|81765318186229028351294544139435638757259352767487284692747252682850469936233,spread,False
mlb-bal-tor-2026-09-12,mlb-bal-tor-2026-09-12|spread|-1.5|81765318186229028351294544139435638757259352767487284692747252682850469936233,spread,False
mlb-bal-tor-2026-09-12,mlb-bal-tor-2026-09-12|spread|-1.5|81765318186229028351294544139435638757259352767487284692747252682850469936233,spread,False
mlb-bal-tor-2026-09-12,mlb-bal-tor-2026-09-12|spread|-1.5|81765318186229028351294544139435638757259352767487284692747252682850469936233,spread,False
mlb-bal-tor-2026-09-12,mlb-bal-tor-2026-09-12|spread|-1.5|81765318186229028351294544139435638757259352767487284692747252682850469936233,spread,False
mlb-bal-tor-2026-09-12,mlb-bal-tor-2026-09-12|spread|-1.5|81765318186229028351294544139435638757259352767487284692747252682850469936233,spread,True
mlb-bal-tor-2026-09-12,mlb-bal-tor-2026-09-12|spread|-1.5|81765318186229028351294544139435638757259352767487284692747252682850469936233,spread,False
mlb-bal-tor-2026-09-12,mlb-bal-tor-2026-09-12|spread|-1.5|81765318186229028351294544139435638757259352767487284692747252682850469936233,spread,True
mlb-bal-tor-2026-09-12,mlb-bal-tor-2026-09-12|spread|-1.5|81765318186229028351294544139435638757259352767487284692747252682850469936233,spread,True
mlb-bal-tor-2026-09-12,mlb-bal-tor-2026-09-12|spread|-2.5|115404643608623580301642444931390760357845560743075116078322949686761347158497,spread,False
mlb-bal-tor-2026-09-12,mlb-bal-tor-2026-09-12|spread|-2.5|115404643608623580301642444931390760357845560743075116078322949686761347158497,spread,True
mlb-bal-tor-2026-09-12,mlb-bal-tor-2026-09-12|spread|-2.5|115404643608623580301642444931390760357845560743075116078322949686761347158497,spread,False
mlb-bal-tor-2026-09-12,mlb-bal-tor-2026-09-12|spread|-2.5|115404643608623580301642444931390760357845560743075116078322949686761347158497,spread,True
mlb-bal-tor-2026-09-12,mlb-bal-tor-2026-09-12|spread|-2.5|115404643608623580301642444931390760357845560743075116078322949686761347158497,spread,False
mlb-bal-tor-2026-09-12,mlb-bal-tor-2026-09-12|spread|-2.5|115404643608623580301642444931390760357845560743075116078322949686761347158497,spread,True
mlb-bal-tor-2026-09-12,mlb-bal-tor-2026-09-12|spread|-2.5|115404643608623580301642444931390760357845560743075116078322949686761347158497,spread,True
mlb-bal-tor-2026-09-12,mlb-bal-tor-2026-09-12|spread|-2.5|115404643608623580301642444931390760357845560743075116078322949686761347158497,spread,False
mlb-bal-tor-2026-09-12,mlb-bal-tor-2026-09-12|spread|-2.5|115404643608623580301642444931390760357845560743075116078322949686761347158497,spread,False
mlb-bal-tor-2026-09-12,mlb-bal-tor-2026-09-12|spread|-2.5|115404643608623580301642444931390760357845560743075116078322949686761347158497,spread,True
mlb-bal-tor-2026-09-12,mlb-bal-tor-2026-09-12|spread|-2.5|115404643608623580301642444931390760357845560743075116078322949686761347158497,spread,True
mlb-bal-tor-2026-09-12,mlb-bal-tor-2026-09-12|spread|-2.5|115404643608623580301642444931390760357845560743075116078322949686761347158497,spread,False
mlb-bal-tor-2026-09-12,mlb-bal-tor-2026-09-12|spread|-2.5|115404643608623580301642444931390760357845560743075116078322949686761347158497,spread,True
mlb-bal-tor-2026-09-12,mlb-bal-tor-2026-09-12|spread|-2.5|115404643608623580301642444931390760357845560743075116078322949686761347158497,spread,False
mlb-bal-tor-2026-09-12,mlb-bal-tor-2026-09-12|spread|-2.5|115404643608623580301642444931390760357845560743075116078322949686761347158497,spread,False
mlb-bal-tor-2026-09-12,mlb-bal-tor-2026-09-12|spread|-2.5|115404643608623580301642444931390760357845560743075116078322949686761347158497,spread,False
mlb-bal-tor-2026-09-12,mlb-bal-tor-2026-09-12|spread|-2.5|115404643608623580301642444931390760357845560743075116078322949686761347158497,spread,False
mlb-bal-tor-2026-09-12,mlb-bal-tor-2026-09-12|spread|-2.5|115404643608623580301642444931390760357845560743075116078322949686761347158497,spread,True
mlb-bal-tor-2026-09-12,mlb-bal-tor-2026-09-12|spread|-2.5|115404643608623580301642444931390760357845560743075116078322949686761347158497,spread,False
mlb-bal-tor-2026-09-12,mlb-bal-tor-2026-09-12|spread|-2.5|115404643608623580301642444931390760357845560743075116078322949686761347158497,spread,True
mlb-bal-tor-2026-09-12,mlb-bal-tor-2026-09-12|spread|-2.5|115404643608623580301642444931390760357845560743075116078322949686761347158497,spread,False
mlb-bal-tor-2026-09-12,mlb-bal-tor-2026-09-12|spread|-2.5|115404643608623580301642444931390760357845560743075116078322949686761347158497,spread,True
mlb-bal-tor-2026-09-12,mlb-bal-tor-2026-09-12|spread|-2.5|115404643608623580301642444931390760357845560743075116078322949686761347158497,spread,True
mlb-bal-tor-2026-09-12,mlb-bal-tor-2026-09-12|spread|-2.5|115404643608623580301642444931390760357845560743075116078322949686761347158497,spread,True
mlb-bal-tor-2026-09-12,mlb-bal-tor-2026-09-12|spread|-2.5|115404643608623580301642444931390760357845560743075116078322949686761347158497,spread,False
mlb-bal-tor-2026-09-12,mlb-bal-tor-2026-09-12|spread|-2.5|115404643608623580301642444931390760357845560743075116078322949686761347158497,spread,False
mlb-bal-tor-2026-09-12,mlb-bal-tor-2026-09-12|spread|-2.5|115404643608623580301642444931390760357845560743075116078322949686761347158497,spread,True
mlb-bal-tor-2026-09-12,mlb-bal-tor-2026-09-12|spread|-2.5|115404643608623580301642444931390760357845560743075116078322949686761347158497,spread,False
mlb-bal-tor-2026-09-12,mlb-bal-tor-2026-09-12|spread|-2.5|115404643608623580301642444931390760357845560743075116078322949686761347158497,spread,False
mlb-bal-tor-2026-09-12,mlb-bal-tor-2026-09-12|spread|-2.5|115404643608623580301642444931390760357845560743075116078322949686761347158497,spread,False
mlb-bal-tor-2026-09-12,mlb-bal-tor-2026-09-12|spread|-2.5|115404643608623580301642444931390760357845560743075116078322949686761347158497,spread,True
mlb-bal-tor-2026-09-12,mlb-bal-tor-2026-09-12|spread|-2.5|115404643608623580301642444931390760357845560743075116078322949686761347158497,spread,True
mlb-bal-tor-2026-09-12,mlb-bal-tor-2026-09-12|spread|-2.5|115404643608623580301642444931390760357845560743075116078322949686761347158497,spread,False
mlb-bal-tor-2026-09-12,mlb-bal-tor-2026-09-12|spread|-2.5|115404643608623580301642444931390760357845560743075116078322949686761347158497,spread,True
mlb-bal-tor-2026-09-12,mlb-bal-tor-2026-09-12|spread|-2.5|115404643608623580301642444931390760357845560743075116078322949686761347158497,spread,False
mlb-bal-tor-2026-09-12,mlb-bal-tor-2026-09-12|spread|-2.5|115404643608623580301642444931390760357845560743075116078322949686761347158497,spread,True
mlb-bal-tor-2026-09-12,mlb-bal-tor-2026-09-12|spread|-2.5|115404643608623580301642444931390760357845560743075116078322949686761347158497,spread,False
mlb-bal-tor-2026-09-12,mlb-bal-tor-2026-09-12|spread|-2.5|115404643608623580301642444931390760357845560743075116078322949686761347158497,spread,True
mlb-bal-tor-2026-09-12,mlb-bal-tor-2026-09-12|spread|-2.5|115404643608623580301642444931390760357845560743075116078322949686761347158497,spread,False
mlb-bal-tor-2026-09-12,mlb-bal-tor-2026-09-12|spread|-2.5|115404643608623580301642444931390760357845560743075116078322949686761347158497,spread,True
mlb-bal-tor-2026-09-12,mlb-bal-tor-2026-09-12|spread|-2.5|115404643608623580301642444931390760357845560743075116078322949686761347158497,spread,True
mlb-bal-tor-2026-09-12,mlb-bal-tor-2026-09-12|spread|-2.5|115404643608623580301642444931390760357845560743075116078322949686761347158497,spread,True
mlb-bal-tor-2026-09-12,mlb-bal-tor-2026-09-12|spread|-2.5|115404643608623580301642444931390760357845560743075116078322949686761347158497,spread,True
mlb-bal-tor-2026-09-12,mlb-bal-tor-2026-09-12|spread|-2.5|115404643608623580301642444931390760357845560743075116078322949686761347158497,spread,False
mlb-bal-tor-2026-09-12,mlb-bal-tor-2026-09-12|spread|-2.5|115404643608623580301642444931390760357845560743075116078322949686761347158497,spread,False
mlb-bal-tor-2026-09-12,mlb-bal-tor-2026-09-12|spread|-2.5|115404643608623580301642444931390760357845560743075116078322949686761347158497,spread,True
mlb-bal-tor-2026-09-12,mlb-bal-tor-2026-09-12|spread|-2.5|115404643608623580301642444931390760357845560743075116078322949686761347158497,spread,False
mlb-bal-tor-2026-09-12,mlb-bal-tor-2026-09-12|spread|-2.5|115404643608623580301642444931390760357845560743075116078322949686761347158497,spread,False
mlb-bal-tor-2026-09-12,mlb-bal-tor-2026-09-12|spread|-2.5|115404643608623580301642444931390760357845560743075116078322949686761347158497,spread,True
mlb-bal-tor-2026-09-12,mlb-bal-tor-2026-09-12|spread|-2.5|115404643608623580301642444931390760357845560743075116078322949686761347158497,spread,True
mlb-bal-tor-2026-09-12,mlb-bal-tor-2026-09-12|spread|-2.5|115404643608623580301642444931390760357845560743075116078322949686761347158497,spread,False
mlb-bal-tor-2026-09-12,mlb-bal-tor-2026-09-12|spread|-2.5|115404643608623580301642444931390760357845560743075116078322949686761347158497,spread,True
mlb-bal-tor-2026-09-12,mlb-bal-tor-2026-09-12|spread|-2.5|115404643608623580301642444931390760357845560743075116078322949686761347158497,spread,False
mlb-bal-tor-2026-09-12,mlb-bal-tor-2026-09-12|spread|-2.5|115404643608623580301642444931390760357845560743075116078322949686761347158497,spread,False
mlb-bal-tor-2026-09-12,mlb-bal-tor-2026-09-12|spread|-2.5|115404643608623580301642444931390760357845560743075116078322949686761347158497,spread,True
mlb-bal-tor-2026-09-12,mlb-bal-tor-2026-09-12|spread|-2.5|115404643608623580301642444931390760357845560743075116078322949686761347158497,spread,True
mlb-bal-tor-2026-09-12,mlb-bal-tor-2026-09-12|spread|-2.5|115404643608623580301642444931390760357845560743075116078322949686761347158497,spread,False
mlb-bal-tor-2026-09-12,mlb-bal-tor-2026-09-12|spread|-2.5|115404643608623580301642444931390760357845560743075116078322949686761347158497,spread,True
mlb-bal-tor-2026-09-12,mlb-bal-tor-2026-09-12|spread|-2.5|115404643608623580301642444931390760357845560743075116078322949686761347158497,spread,False
mlb-bal-tor-2026-09-12,mlb-bal-tor-2026-09-12|spread|-2.5|115404643608623580301642444931390760357845560743075116078322949686761347158497,spread,False
mlb-bal-tor-2026-09-12,mlb-bal-tor-2026-09-12|spread|-2.5|115404643608623580301642444931390760357845560743075116078322949686761347158497,spread,False
mlb-bal-tor-2026-09-12,mlb-bal-tor-2026-09-12|spread|-2.5|115404643608623580301642444931390760357845560743075116078322949686761347158497,spread,True
mlb-bal-tor-2026-09-12,mlb-bal-tor-2026-09-12|spread|-2.5|115404643608623580301642444931390760357845560743075116078322949686761347158497,spread,True
mlb-bal-tor-2026-09-12,mlb-bal-tor-2026-09-12|spread|-2.5|115404643608623580301642444931390760357845560743075116078322949686761347158497,spread,True
mlb-bal-tor-2026-09-12,mlb-bal-tor-2026-09-12|spread|-2.5|115404643608623580301642444931390760357845560743075116078322949686761347158497,spread,True
mlb-bal-tor-2026-09-12,mlb-bal-tor-2026-09-12|spread|-2.5|115404643608623580301642444931390760357845560743075116078322949686761347158497,spread,False
mlb-bal-tor-2026-09-12,mlb-bal-tor-2026-09-12|spread|-2.5|115404643608623580301642444931390760357845560743075116078322949686761347158497,spread,True
mlb-bal-tor-2026-09-12,mlb-bal-tor-2026-09-12|spread|-2.5|115404643608623580301642444931390760357845560743075116078322949686761347158497,spread,True
mlb-bal-tor-2026-09-12,mlb-bal-tor-2026-09-12|spread|-2.5|115404643608623580301642444931390760357845560743075116078322949686761347158497,spread,False
mlb-bal-tor-2026-09-12,mlb-bal-tor-2026-09-12|spread|-2.5|115404643608623580301642444931390760357845560743075116078322949686761347158497,spread,True
mlb-bal-tor-2026-09-12,mlb-bal-tor-2026-09-12|spread|-2.5|115404643608623580301642444931390760357845560743075116078322949686761347158497,spread,False
mlb-bal-tor-2026-09-12,mlb-bal-tor-2026-09-12|spread|-2.5|115404643608623580301642444931390760357845560743075116078322949686761347158497,spread,False
mlb-bal-tor-2026-09-12,mlb-bal-tor-2026-09-12|spread|-2.5|115404643608623580301642444931390760357845560743075116078322949686761347158497,spread,True
mlb-bal-tor-2026-09-12,mlb-bal-tor-2026-09-12|spread|-2.5|115404643608623580301642444931390760357845560743075116078322949686761347158497,spread,False
mlb-bal-tor-2026-09-12,mlb-bal-tor-2026-09-12|spread|-2.5|115404643608623580301642444931390760357845560743075116078322949686761347158497,spread,False
mlb-bal-tor-2026-09-12,mlb-bal-tor-2026-09-12|spread|-2.5|115404643608623580301642444931390760357845560743075116078322949686761347158497,spread,False
mlb-bal-tor-2026-09-12,mlb-bal-tor-2026-09-12|spread|-2.5|115404643608623580301642444931390760357845560743075116078322949686761347158497,spread,True
mlb-bal-tor-2026-09-12,mlb-bal-tor-2026-09-12|spread|-2.5|115404643608623580301642444931390760357845560743075116078322949686761347158497,spread,True
mlb-bal-tor-2026-09-12,mlb-bal-tor-2026-09-12|spread|-2.5|115404643608623580301642444931390760357845560743075116078322949686761347158497,spread,True
mlb-bal-tor-2026-09-12,mlb-bal-tor-2026-09-12|spread|-2.5|115404643608623580301642444931390760357845560743075116078322949686761347158497,spread,True
mlb-bal-tor-2026-09-12,mlb-bal-tor-2026-09-12|spread|-2.5|115404643608623580301642444931390760357845560743075116078322949686761347158497,spread,True
mlb-bal-tor-2026-09-12,mlb-bal-tor-2026-09-12|spread|-2.5|83976463098601445561506667550888128149773518822925480958871277706089937724315,spread,True
mlb-bal-tor-2026-09-12,mlb-bal-tor-2026-09-12|spread|-2.5|83976463098601445561506667550888128149773518822925480958871277706089937724315,spread,True
mlb-bal-tor-2026-09-12,mlb-bal-tor-2026-09-12|spread|-2.5|83976463098601445561506667550888128149773518822925480958871277706089937724315,spread,False
mlb-bal-tor-2026-09-12,mlb-bal-tor-2026-09-12|spread|-2.5|83976463098601445561506667550888128149773518822925480958871277706089937724315,spread,False
mlb-bal-tor-2026-09-12,mlb-bal-tor-2026-09-12|spread|-2.5|83976463098601445561506667550888128149773518822925480958871277706089937724315,spread,False
mlb-bal-tor-2026-09-12,mlb-bal-tor-2026-09-12|spread|-2.5|83976463098601445561506667550888128149773518822925480958871277706089937724315,spread,False
mlb-bal-tor-2026-09-12,mlb-bal-tor-2026-09-12|spread|-2.5|83976463098601445561506667550888128149773518822925480958871277706089937724315,spread,False
mlb-bal-tor-2026-09-12,mlb-bal-tor-2026-09-12|spread|-2.5|83976463098601445561506667550888128149773518822925480958871277706089937724315,spread,True
mlb-bal-tor-2026-09-12,mlb-bal-tor-2026-09-12|spread|-2.5|83976463098601445561506667550888128149773518822925480958871277706089937724315,spread,True
mlb-bal-tor-2026-09-12,mlb-bal-tor-2026-09-12|spread|-2.5|83976463098601445561506667550888128149773518822925480958871277706089937724315,spread,True
mlb-bal-tor-2026-09-12,mlb-bal-tor-2026-09-12|spread|-2.5|83976463098601445561506667550888128149773518822925480958871277706089937724315,spread,False
mlb-bal-tor-2026-09-12,mlb-bal-tor-2026-09-12|spread|-2.5|83976463098601445561506667550888128149773518822925480958871277706089937724315,spread,True
mlb-bal-tor-2026-09-12,mlb-bal-tor-2026-09-12|spread|-2.5|83976463098601445561506667550888128149773518822925480958871277706089937724315,spread,True
mlb-bal-tor-2026-09-12,mlb-bal-tor-2026-09-12|spread|-2.5|83976463098601445561506667550888128149773518822925480958871277706089937724315,spread,False
mlb-cin-mil-2026-09-12,mlb-cin-mil-2026-09-12|moneyline|None|108970816118354896794561700801076511134887213128871974444988158282344844497393,moneyline,False
mlb-cin-mil-2026-09-12,mlb-cin-mil-2026-09-12|moneyline|None|108970816118354896794561700801076511134887213128871974444988158282344844497393,moneyline,False
mlb-cin-mil-2026-09-12,mlb-cin-mil-2026-09-12|moneyline|None|108970816118354896794561700801076511134887213128871974444988158282344844497393,moneyline,True
mlb-cin-mil-2026-09-12,mlb-cin-mil-2026-09-12|moneyline|None|108970816118354896794561700801076511134887213128871974444988158282344844497393,moneyline,True
mlb-cin-mil-2026-09-12,mlb-cin-mil-2026-09-12|moneyline|None|108970816118354896794561700801076511134887213128871974444988158282344844497393,moneyline,True
mlb-cin-mil-2026-09-12,mlb-cin-mil-2026-09-12|moneyline|None|108970816118354896794561700801076511134887213128871974444988158282344844497393,moneyline,False
mlb-cin-mil-2026-09-12,mlb-cin-mil-2026-09-12|moneyline|None|108970816118354896794561700801076511134887213128871974444988158282344844497393,moneyline,False
mlb-cin-mil-2026-09-12,mlb-cin-mil-2026-09-12|moneyline|None|108970816118354896794561700801076511134887213128871974444988158282344844497393,moneyline,True
mlb-cin-mil-2026-09-12,mlb-cin-mil-2026-09-12|moneyline|None|108970816118354896794561700801076511134887213128871974444988158282344844497393,moneyline,False
mlb-cin-mil-2026-09-12,mlb-cin-mil-2026-09-12|moneyline|None|108970816118354896794561700801076511134887213128871974444988158282344844497393,moneyline,False
mlb-cin-mil-2026-09-12,mlb-cin-mil-2026-09-12|moneyline|None|108970816118354896794561700801076511134887213128871974444988158282344844497393,moneyline,False
mlb-cin-mil-2026-09-12,mlb-cin-mil-2026-09-12|spread|-1.5|29081444437131072287130389456331067338865427886463915089354000648279069372336,spread,False
mlb-cin-mil-2026-09-12,mlb-cin-mil-2026-09-12|spread|-1.5|29081444437131072287130389456331067338865427886463915089354000648279069372336,spread,False
mlb-cin-mil-2026-09-12,mlb-cin-mil-2026-09-12|spread|-1.5|29081444437131072287130389456331067338865427886463915089354000648279069372336,spread,False
mlb-cin-mil-2026-09-12,mlb-cin-mil-2026-09-12|spread|-1.5|29081444437131072287130389456331067338865427886463915089354000648279069372336,spread,False
mlb-cin-mil-2026-09-12,mlb-cin-mil-2026-09-12|spread|-1.5|29081444437131072287130389456331067338865427886463915089354000648279069372336,spread,False
mlb-cin-mil-2026-09-12,mlb-cin-mil-2026-09-12|spread|-1.5|29081444437131072287130389456331067338865427886463915089354000648279069372336,spread,True
mlb-cin-mil-2026-09-12,mlb-cin-mil-2026-09-12|spread|-1.5|29081444437131072287130389456331067338865427886463915089354000648279069372336,spread,False
mlb-cin-mil-2026-09-12,mlb-cin-mil-2026-09-12|spread|-1.5|29081444437131072287130389456331067338865427886463915089354000648279069372336,spread,True
mlb-cin-mil-2026-09-12,mlb-cin-mil-2026-09-12|spread|-1.5|29081444437131072287130389456331067338865427886463915089354000648279069372336,spread,True
mlb-cin-mil-2026-09-12,mlb-cin-mil-2026-09-12|spread|-1.5|29081444437131072287130389456331067338865427886463915089354000648279069372336,spread,False
mlb-cin-mil-2026-09-12,mlb-cin-mil-2026-09-12|spread|-1.5|29081444437131072287130389456331067338865427886463915089354000648279069372336,spread,False
mlb-cin-mil-2026-09-12,mlb-cin-mil-2026-09-12|spread|-1.5|29081444437131072287130389456331067338865427886463915089354000648279069372336,spread,False
mlb-cin-mil-2026-09-12,mlb-cin-mil-2026-09-12|spread|-1.5|80166085657012326124092769616182175396461022848837035793208049965229577828586,spread,True
mlb-cin-mil-2026-09-12,mlb-cin-mil-2026-09-12|spread|-1.5|80166085657012326124092769616182175396461022848837035793208049965229577828586,spread,False
mlb-cin-mil-2026-09-12,mlb-cin-mil-2026-09-12|spread|-1.5|80166085657012326124092769616182175396461022848837035793208049965229577828586,spread,True
mlb-cin-mil-2026-09-12,mlb-cin-mil-2026-09-12|spread|-1.5|80166085657012326124092769616182175396461022848837035793208049965229577828586,spread,True
mlb-cin-mil-2026-09-12,mlb-cin-mil-2026-09-12|spread|-1.5|80166085657012326124092769616182175396461022848837035793208049965229577828586,spread,True
mlb-cin-mil-2026-09-12,mlb-cin-mil-2026-09-12|spread|-1.5|80166085657012326124092769616182175396461022848837035793208049965229577828586,spread,False
mlb-cin-mil-2026-09-12,mlb-cin-mil-2026-09-12|spread|-1.5|80166085657012326124092769616182175396461022848837035793208049965229577828586,spread,True
mlb-cin-mil-2026-09-12,mlb-cin-mil-2026-09-12|spread|-1.5|80166085657012326124092769616182175396461022848837035793208049965229577828586,spread,True
mlb-cin-mil-2026-09-12,mlb-cin-mil-2026-09-12|spread|-1.5|80166085657012326124092769616182175396461022848837035793208049965229577828586,spread,False
mlb-cin-mil-2026-09-12,mlb-cin-mil-2026-09-12|spread|-1.5|80166085657012326124092769616182175396461022848837035793208049965229577828586,spread,False
mlb-cin-mil-2026-09-12,mlb-cin-mil-2026-09-12|spread|-1.5|80166085657012326124092769616182175396461022848837035793208049965229577828586,spread,True
mlb-cin-mil-2026-09-12,mlb-cin-mil-2026-09-12|spread|-1.5|80166085657012326124092769616182175396461022848837035793208049965229577828586,spread,False
mlb-cin-mil-2026-09-12,mlb-cin-mil-2026-09-12|spread|-1.5|80166085657012326124092769616182175396461022848837035793208049965229577828586,spread,True
mlb-cin-mil-2026-09-12,mlb-cin-mil-2026-09-12|spread|-1.5|80166085657012326124092769616182175396461022848837035793208049965229577828586,spread,True
mlb-cin-mil-2026-09-12,mlb-cin-mil-2026-09-12|spread|-1.5|80166085657012326124092769616182175396461022848837035793208049965229577828586,spread,True
mlb-cin-mil-2026-09-12,mlb-cin-mil-2026-09-12|spread|-1.5|80166085657012326124092769616182175396461022848837035793208049965229577828586,spread,True
mlb-cin-mil-2026-09-12,mlb-cin-mil-2026-09-12|spread|-1.5|80166085657012326124092769616182175396461022848837035793208049965229577828586,spread,True
mlb-cin-mil-2026-09-12,mlb-cin-mil-2026-09-12|spread|-1.5|80166085657012326124092769616182175396461022848837035793208049965229577828586,spread,False
mlb-cin-mil-2026-09-12,mlb-cin-mil-2026-09-12|spread|-1.5|80166085657012326124092769616182175396461022848837035793208049965229577828586,spread,False
mlb-cin-mil-2026-09-12,mlb-cin-mil-2026-09-12|spread|-1.5|80166085657012326124092769616182175396461022848837035793208049965229577828586,spread,False
mlb-cin-mil-2026-09-12,mlb-cin-mil-2026-09-12|spread|-1.5|80166085657012326124092769616182175396461022848837035793208049965229577828586,spread,False
mlb-cin-mil-2026-09-12,mlb-cin-mil-2026-09-12|spread|-1.5|80166085657012326124092769616182175396461022848837035793208049965229577828586,spread,False
mlb-cin-mil-2026-09-12,mlb-cin-mil-2026-09-12|spread|-1.5|80166085657012326124092769616182175396461022848837035793208049965229577828586,spread,False
mlb-cin-mil-2026-09-12,mlb-cin-mil-2026-09-12|spread|-1.5|80166085657012326124092769616182175396461022848837035793208049965229577828586,spread,False
mlb-cin-mil-2026-09-12,mlb-cin-mil-2026-09-12|spread|-1.5|80166085657012326124092769616182175396461022848837035793208049965229577828586,spread,True
mlb-cin-mil-2026-09-12,mlb-cin-mil-2026-09-12|spread|-1.5|80166085657012326124092769616182175396461022848837035793208049965229577828586,spread,False
mlb-cin-mil-2026-09-12,mlb-cin-mil-2026-09-12|spread|-1.5|80166085657012326124092769616182175396461022848837035793208049965229577828586,spread,True
mlb-cin-mil-2026-09-12,mlb-cin-mil-2026-09-12|spread|-1.5|80166085657012326124092769616182175396461022848837035793208049965229577828586,spread,True
mlb-cin-mil-2026-09-12,mlb-cin-mil-2026-09-12|spread|-1.5|80166085657012326124092769616182175396461022848837035793208049965229577828586,spread,False
mlb-cin-mil-2026-09-12,mlb-cin-mil-2026-09-12|spread|-1.5|80166085657012326124092769616182175396461022848837035793208049965229577828586,spread,False
mlb-cin-mil-2026-09-12,mlb-cin-mil-2026-09-12|spread|-1.5|80166085657012326124092769616182175396461022848837035793208049965229577828586,spread,True
mlb-cin-mil-2026-09-12,mlb-cin-mil-2026-09-12|spread|-1.5|80166085657012326124092769616182175396461022848837035793208049965229577828586,spread,True
mlb-cin-mil-2026-09-12,mlb-cin-mil-2026-09-12|spread|-1.5|80166085657012326124092769616182175396461022848837035793208049965229577828586,spread,False
mlb-cin-mil-2026-09-12,mlb-cin-mil-2026-09-12|spread|-1.5|80166085657012326124092769616182175396461022848837035793208049965229577828586,spread,False
mlb-cin-mil-2026-09-12,mlb-cin-mil-2026-09-12|spread|-1.5|80166085657012326124092769616182175396461022848837035793208049965229577828586,spread,True
mlb-cin-mil-2026-09-12,mlb-cin-mil-2026-09-12|spread|-1.5|80166085657012326124092769616182175396461022848837035793208049965229577828586,spread,False
mlb-cin-mil-2026-09-12,mlb-cin-mil-2026-09-12|spread|-1.5|80166085657012326124092769616182175396461022848837035793208049965229577828586,spread,False
mlb-cin-mil-2026-09-12,mlb-cin-mil-2026-09-12|spread|-1.5|80166085657012326124092769616182175396461022848837035793208049965229577828586,spread,True
mlb-cin-mil-2026-09-12,mlb-cin-mil-2026-09-12|spread|-1.5|80166085657012326124092769616182175396461022848837035793208049965229577828586,spread,False
mlb-cin-mil-2026-09-12,mlb-cin-mil-2026-09-12|spread|-1.5|80166085657012326124092769616182175396461022848837035793208049965229577828586,spread,False
mlb-cin-mil-2026-09-12,mlb-cin-mil-2026-09-12|spread|-1.5|80166085657012326124092769616182175396461022848837035793208049965229577828586,spread,True
mlb-cin-mil-2026-09-12,mlb-cin-mil-2026-09-12|spread|-1.5|80166085657012326124092769616182175396461022848837035793208049965229577828586,spread,False
mlb-cin-mil-2026-09-12,mlb-cin-mil-2026-09-12|spread|-1.5|80166085657012326124092769616182175396461022848837035793208049965229577828586,spread,True
mlb-cin-mil-2026-09-12,mlb-cin-mil-2026-09-12|spread|-1.5|80166085657012326124092769616182175396461022848837035793208049965229577828586,spread,True
mlb-cin-mil-2026-09-12,mlb-cin-mil-2026-09-12|spread|-1.5|80166085657012326124092769616182175396461022848837035793208049965229577828586,spread,False
mlb-cin-mil-2026-09-12,mlb-cin-mil-2026-09-12|spread|-1.5|80166085657012326124092769616182175396461022848837035793208049965229577828586,spread,True
mlb-cin-mil-2026-09-12,mlb-cin-mil-2026-09-12|spread|-1.5|80166085657012326124092769616182175396461022848837035793208049965229577828586,spread,False
mlb-cin-mil-2026-09-12,mlb-cin-mil-2026-09-12|spread|-1.5|80166085657012326124092769616182175396461022848837035793208049965229577828586,spread,False
mlb-cin-mil-2026-09-12,mlb-cin-mil-2026-09-12|spread|-1.5|80166085657012326124092769616182175396461022848837035793208049965229577828586,spread,False
mlb-cin-mil-2026-09-12,mlb-cin-mil-2026-09-12|spread|-1.5|80166085657012326124092769616182175396461022848837035793208049965229577828586,spread,True
mlb-cin-mil-2026-09-12,mlb-cin-mil-2026-09-12|spread|-1.5|80166085657012326124092769616182175396461022848837035793208049965229577828586,spread,False
mlb-cin-mil-2026-09-12,mlb-cin-mil-2026-09-12|spread|-1.5|80166085657012326124092769616182175396461022848837035793208049965229577828586,spread,True
mlb-cin-mil-2026-09-12,mlb-cin-mil-2026-09-12|spread|-1.5|80166085657012326124092769616182175396461022848837035793208049965229577828586,spread,False
mlb-cin-mil-2026-09-12,mlb-cin-mil-2026-09-12|spread|-1.5|80166085657012326124092769616182175396461022848837035793208049965229577828586,spread,True
mlb-cin-mil-2026-09-12,mlb-cin-mil-2026-09-12|spread|-1.5|80166085657012326124092769616182175396461022848837035793208049965229577828586,spread,True
mlb-cin-mil-2026-09-12,mlb-cin-mil-2026-09-12|spread|-1.5|80166085657012326124092769616182175396461022848837035793208049965229577828586,spread,True
mlb-cin-mil-2026-09-12,mlb-cin-mil-2026-09-12|spread|-1.5|80166085657012326124092769616182175396461022848837035793208049965229577828586,spread,True
mlb-cin-mil-2026-09-12,mlb-cin-mil-2026-09-12|spread|-2.5|3140336197820665719384692224281979057046274997094045395768614671658460745041,spread,True
mlb-cin-mil-2026-09-12,mlb-cin-mil-2026-09-12|spread|-2.5|3140336197820665719384692224281979057046274997094045395768614671658460745041,spread,False
mlb-cin-mil-2026-09-12,mlb-cin-mil-2026-09-12|spread|-2.5|3140336197820665719384692224281979057046274997094045395768614671658460745041,spread,False
mlb-cin-mil-2026-09-12,mlb-cin-mil-2026-09-12|spread|-2.5|3140336197820665719384692224281979057046274997094045395768614671658460745041,spread,True
mlb-cin-mil-2026-09-12,mlb-cin-mil-2026-09-12|spread|-2.5|3140336197820665719384692224281979057046274997094045395768614671658460745041,spread,False
mlb-cin-mil-2026-09-12,mlb-cin-mil-2026-09-12|spread|-2.5|3140336197820665719384692224281979057046274997094045395768614671658460745041,spread,True
mlb-cin-mil-2026-09-12,mlb-cin-mil-2026-09-12|spread|-2.5|3140336197820665719384692224281979057046274997094045395768614671658460745041,spread,False
mlb-cin-mil-2026-09-12,mlb-cin-mil-2026-09-12|spread|-2.5|3140336197820665719384692224281979057046274997094045395768614671658460745041,spread,True
mlb-cin-mil-2026-09-12,mlb-cin-mil-2026-09-12|spread|-2.5|3140336197820665719384692224281979057046274997094045395768614671658460745041,spread,True
mlb-cin-mil-2026-09-12,mlb-cin-mil-2026-09-12|spread|-2.5|3140336197820665719384692224281979057046274997094045395768614671658460745041,spread,False
mlb-cin-mil-2026-09-12,mlb-cin-mil-2026-09-12|spread|-2.5|3140336197820665719384692224281979057046274997094045395768614671658460745041,spread,False
mlb-cin-mil-2026-09-12,mlb-cin-mil-2026-09-12|spread|-2.5|3140336197820665719384692224281979057046274997094045395768614671658460745041,spread,True
mlb-cin-mil-2026-09-12,mlb-cin-mil-2026-09-12|spread|-2.5|3140336197820665719384692224281979057046274997094045395768614671658460745041,spread,True
mlb-cin-mil-2026-09-12,mlb-cin-mil-2026-09-12|spread|-2.5|3140336197820665719384692224281979057046274997094045395768614671658460745041,spread,False
mlb-cin-mil-2026-09-12,mlb-cin-mil-2026-09-12|spread|-2.5|3140336197820665719384692224281979057046274997094045395768614671658460745041,spread,False
mlb-cin-mil-2026-09-12,mlb-cin-mil-2026-09-12|spread|-2.5|3140336197820665719384692224281979057046274997094045395768614671658460745041,spread,True
mlb-cin-mil-2026-09-12,mlb-cin-mil-2026-09-12|spread|-2.5|3140336197820665719384692224281979057046274997094045395768614671658460745041,spread,False
mlb-cin-mil-2026-09-12,mlb-cin-mil-2026-09-12|spread|-2.5|3140336197820665719384692224281979057046274997094045395768614671658460745041,spread,False
mlb-cin-mil-2026-09-12,mlb-cin-mil-2026-09-12|spread|-2.5|3140336197820665719384692224281979057046274997094045395768614671658460745041,spread,True
mlb-cin-mil-2026-09-12,mlb-cin-mil-2026-09-12|spread|-2.5|3140336197820665719384692224281979057046274997094045395768614671658460745041,spread,False
mlb-cin-mil-2026-09-12,mlb-cin-mil-2026-09-12|spread|-2.5|3140336197820665719384692224281979057046274997094045395768614671658460745041,spread,True
mlb-cin-mil-2026-09-12,mlb-cin-mil-2026-09-12|spread|-2.5|3140336197820665719384692224281979057046274997094045395768614671658460745041,spread,False
mlb-cin-mil-2026-09-12,mlb-cin-mil-2026-09-12|spread|-2.5|3140336197820665719384692224281979057046274997094045395768614671658460745041,spread,True
mlb-cin-mil-2026-09-12,mlb-cin-mil-2026-09-12|spread|-2.5|3140336197820665719384692224281979057046274997094045395768614671658460745041,spread,False
mlb-cin-mil-2026-09-12,mlb-cin-mil-2026-09-12|spread|-2.5|3140336197820665719384692224281979057046274997094045395768614671658460745041,spread,True
mlb-cin-mil-2026-09-12,mlb-cin-mil-2026-09-12|spread|-2.5|3140336197820665719384692224281979057046274997094045395768614671658460745041,spread,True
mlb-cin-mil-2026-09-12,mlb-cin-mil-2026-09-12|spread|-2.5|3140336197820665719384692224281979057046274997094045395768614671658460745041,spread,False
mlb-cin-mil-2026-09-12,mlb-cin-mil-2026-09-12|spread|-2.5|3140336197820665719384692224281979057046274997094045395768614671658460745041,spread,False
mlb-cin-mil-2026-09-12,mlb-cin-mil-2026-09-12|spread|-2.5|3140336197820665719384692224281979057046274997094045395768614671658460745041,spread,False
mlb-cin-mil-2026-09-12,mlb-cin-mil-2026-09-12|spread|-2.5|3140336197820665719384692224281979057046274997094045395768614671658460745041,spread,False
mlb-cin-mil-2026-09-12,mlb-cin-mil-2026-09-12|spread|-2.5|3140336197820665719384692224281979057046274997094045395768614671658460745041,spread,False
mlb-cin-mil-2026-09-12,mlb-cin-mil-2026-09-12|spread|-2.5|3140336197820665719384692224281979057046274997094045395768614671658460745041,spread,False
mlb-cin-mil-2026-09-12,mlb-cin-mil-2026-09-12|spread|-2.5|3140336197820665719384692224281979057046274997094045395768614671658460745041,spread,False
mlb-cin-mil-2026-09-12,mlb-cin-mil-2026-09-12|spread|-2.5|3140336197820665719384692224281979057046274997094045395768614671658460745041,spread,False
mlb-cin-mil-2026-09-12,mlb-cin-mil-2026-09-12|spread|-2.5|3140336197820665719384692224281979057046274997094045395768614671658460745041,spread,False
mlb-cin-mil-2026-09-12,mlb-cin-mil-2026-09-12|spread|-2.5|3140336197820665719384692224281979057046274997094045395768614671658460745041,spread,False
mlb-cin-mil-2026-09-12,mlb-cin-mil-2026-09-12|spread|-2.5|3140336197820665719384692224281979057046274997094045395768614671658460745041,spread,False
mlb-cin-mil-2026-09-12,mlb-cin-mil-2026-09-12|spread|-2.5|3140336197820665719384692224281979057046274997094045395768614671658460745041,spread,False
mlb-cin-mil-2026-09-12,mlb-cin-mil-2026-09-12|spread|-2.5|3140336197820665719384692224281979057046274997094045395768614671658460745041,spread,False
mlb-cin-mil-2026-09-12,mlb-cin-mil-2026-09-12|spread|-2.5|3140336197820665719384692224281979057046274997094045395768614671658460745041,spread,True
mlb-cin-mil-2026-09-12,mlb-cin-mil-2026-09-12|spread|-2.5|3140336197820665719384692224281979057046274997094045395768614671658460745041,spread,True
mlb-cin-mil-2026-09-12,mlb-cin-mil-2026-09-12|spread|-2.5|3140336197820665719384692224281979057046274997094045395768614671658460745041,spread,True
mlb-cin-mil-2026-09-12,mlb-cin-mil-2026-09-12|spread|-2.5|3140336197820665719384692224281979057046274997094045395768614671658460745041,spread,False
mlb-cin-mil-2026-09-12,mlb-cin-mil-2026-09-12|spread|-2.5|3140336197820665719384692224281979057046274997094045395768614671658460745041,spread,True
mlb-cin-mil-2026-09-12,mlb-cin-mil-2026-09-12|spread|-2.5|3140336197820665719384692224281979057046274997094045395768614671658460745041,spread,True
mlb-cin-mil-2026-09-12,mlb-cin-mil-2026-09-12|spread|-2.5|3140336197820665719384692224281979057046274997094045395768614671658460745041,spread,False
mlb-cin-mil-2026-09-12,mlb-cin-mil-2026-09-12|spread|-2.5|3140336197820665719384692224281979057046274997094045395768614671658460745041,spread,False
mlb-cin-mil-2026-09-12,mlb-cin-mil-2026-09-12|spread|-2.5|3140336197820665719384692224281979057046274997094045395768614671658460745041,spread,False
mlb-cin-mil-2026-09-12,mlb-cin-mil-2026-09-12|spread|-2.5|3140336197820665719384692224281979057046274997094045395768614671658460745041,spread,True
mlb-cin-mil-2026-09-12,mlb-cin-mil-2026-09-12|spread|-2.5|3140336197820665719384692224281979057046274997094045395768614671658460745041,spread,True
mlb-cin-mil-2026-09-12,mlb-cin-mil-2026-09-12|spread|-2.5|3140336197820665719384692224281979057046274997094045395768614671658460745041,spread,False
mlb-cin-mil-2026-09-12,mlb-cin-mil-2026-09-12|spread|-2.5|3140336197820665719384692224281979057046274997094045395768614671658460745041,spread,True
mlb-cin-mil-2026-09-12,mlb-cin-mil-2026-09-12|spread|-2.5|3140336197820665719384692224281979057046274997094045395768614671658460745041,spread,True
mlb-cin-mil-2026-09-12,mlb-cin-mil-2026-09-12|spread|-2.5|3140336197820665719384692224281979057046274997094045395768614671658460745041,spread,True
mlb-cin-mil-2026-09-12,mlb-cin-mil-2026-09-12|spread|-2.5|3140336197820665719384692224281979057046274997094045395768614671658460745041,spread,True
mlb-cin-mil-2026-09-12,mlb-cin-mil-2026-09-12|spread|-2.5|3140336197820665719384692224281979057046274997094045395768614671658460745041,spread,True
mlb-cin-mil-2026-09-12,mlb-cin-mil-2026-09-12|spread|-2.5|3140336197820665719384692224281979057046274997094045395768614671658460745041,spread,False
mlb-cin-mil-2026-09-12,mlb-cin-mil-2026-09-12|spread|-2.5|3140336197820665719384692224281979057046274997094045395768614671658460745041,spread,False
mlb-cin-mil-2026-09-12,mlb-cin-mil-2026-09-12|spread|-2.5|3140336197820665719384692224281979057046274997094045395768614671658460745041,spread,False
mlb-cin-mil-2026-09-12,mlb-cin-mil-2026-09-12|spread|-2.5|3140336197820665719384692224281979057046274997094045395768614671658460745041,spread,False
mlb-cin-mil-2026-09-12,mlb-cin-mil-2026-09-12|spread|-2.5|3140336197820665719384692224281979057046274997094045395768614671658460745041,spread,False
mlb-cin-mil-2026-09-12,mlb-cin-mil-2026-09-12|spread|-2.5|3140336197820665719384692224281979057046274997094045395768614671658460745041,spread,True
mlb-cin-mil-2026-09-12,mlb-cin-mil-2026-09-12|spread|-2.5|48166377858044330592150185571472923384410606913983496998118106725946149609406,spread,True
mlb-cin-mil-2026-09-12,mlb-cin-mil-2026-09-12|spread|-2.5|48166377858044330592150185571472923384410606913983496998118106725946149609406,spread,False
mlb-cin-mil-2026-09-12,mlb-cin-mil-2026-09-12|spread|-2.5|48166377858044330592150185571472923384410606913983496998118106725946149609406,spread,True
mlb-cin-mil-2026-09-12,mlb-cin-mil-2026-09-12|spread|-2.5|48166377858044330592150185571472923384410606913983496998118106725946149609406,spread,True
mlb-cin-mil-2026-09-12,mlb-cin-mil-2026-09-12|spread|-2.5|48166377858044330592150185571472923384410606913983496998118106725946149609406,spread,True
mlb-cin-mil-2026-09-12,mlb-cin-mil-2026-09-12|spread|-2.5|48166377858044330592150185571472923384410606913983496998118106725946149609406,spread,False
mlb-cin-mil-2026-09-12,mlb-cin-mil-2026-09-12|spread|-2.5|48166377858044330592150185571472923384410606913983496998118106725946149609406,spread,False
mlb-cin-mil-2026-09-12,mlb-cin-mil-2026-09-12|spread|-2.5|48166377858044330592150185571472923384410606913983496998118106725946149609406,spread,True
mlb-cin-mil-2026-09-12,mlb-cin-mil-2026-09-12|spread|-2.5|48166377858044330592150185571472923384410606913983496998118106725946149609406,spread,True
mlb-cin-mil-2026-09-12,mlb-cin-mil-2026-09-12|spread|-2.5|48166377858044330592150185571472923384410606913983496998118106725946149609406,spread,False
mlb-cin-mil-2026-09-12,mlb-cin-mil-2026-09-12|spread|-2.5|48166377858044330592150185571472923384410606913983496998118106725946149609406,spread,True
mlb-cin-mil-2026-09-12,mlb-cin-mil-2026-09-12|spread|-2.5|48166377858044330592150185571472923384410606913983496998118106725946149609406,spread,True
mlb-cin-mil-2026-09-12,mlb-cin-mil-2026-09-12|spread|-2.5|48166377858044330592150185571472923384410606913983496998118106725946149609406,spread,True
mlb-cin-mil-2026-09-12,mlb-cin-mil-2026-09-12|spread|-2.5|48166377858044330592150185571472923384410606913983496998118106725946149609406,spread,True
mlb-cin-mil-2026-09-12,mlb-cin-mil-2026-09-12|spread|-2.5|48166377858044330592150185571472923384410606913983496998118106725946149609406,spread,True
mlb-cle-min-2026-09-12,mlb-cle-min-2026-09-12|moneyline|None|6289336226410365652877413735629040962049087619915279014676445860652869369756,moneyline,False
mlb-cle-min-2026-09-12,mlb-cle-min-2026-09-12|moneyline|None|6289336226410365652877413735629040962049087619915279014676445860652869369756,moneyline,True
mlb-cle-min-2026-09-12,mlb-cle-min-2026-09-12|moneyline|None|6289336226410365652877413735629040962049087619915279014676445860652869369756,moneyline,True
mlb-cle-min-2026-09-12,mlb-cle-min-2026-09-12|moneyline|None|6289336226410365652877413735629040962049087619915279014676445860652869369756,moneyline,False
mlb-cle-min-2026-09-12,mlb-cle-min-2026-09-12|moneyline|None|6289336226410365652877413735629040962049087619915279014676445860652869369756,moneyline,True
mlb-cle-min-2026-09-12,mlb-cle-min-2026-09-12|moneyline|None|6289336226410365652877413735629040962049087619915279014676445860652869369756,moneyline,True
mlb-cle-min-2026-09-12,mlb-cle-min-2026-09-12|moneyline|None|6289336226410365652877413735629040962049087619915279014676445860652869369756,moneyline,False
mlb-cle-min-2026-09-12,mlb-cle-min-2026-09-12|moneyline|None|6289336226410365652877413735629040962049087619915279014676445860652869369756,moneyline,True
mlb-cle-min-2026-09-12,mlb-cle-min-2026-09-12|moneyline|None|6289336226410365652877413735629040962049087619915279014676445860652869369756,moneyline,False
mlb-cle-min-2026-09-12,mlb-cle-min-2026-09-12|moneyline|None|6289336226410365652877413735629040962049087619915279014676445860652869369756,moneyline,True
mlb-cle-min-2026-09-12,mlb-cle-min-2026-09-12|moneyline|None|6289336226410365652877413735629040962049087619915279014676445860652869369756,moneyline,False
mlb-cle-min-2026-09-12,mlb-cle-min-2026-09-12|moneyline|None|6289336226410365652877413735629040962049087619915279014676445860652869369756,moneyline,False
mlb-cle-min-2026-09-12,mlb-cle-min-2026-09-12|moneyline|None|6289336226410365652877413735629040962049087619915279014676445860652869369756,moneyline,True
mlb-cle-min-2026-09-12,mlb-cle-min-2026-09-12|moneyline|None|6289336226410365652877413735629040962049087619915279014676445860652869369756,moneyline,True
mlb-cle-min-2026-09-12,mlb-cle-min-2026-09-12|moneyline|None|6289336226410365652877413735629040962049087619915279014676445860652869369756,moneyline,False
mlb-cle-min-2026-09-12,mlb-cle-min-2026-09-12|moneyline|None|6289336226410365652877413735629040962049087619915279014676445860652869369756,moneyline,True
mlb-cle-min-2026-09-12,mlb-cle-min-2026-09-12|moneyline|None|6289336226410365652877413735629040962049087619915279014676445860652869369756,moneyline,True
mlb-cle-min-2026-09-12,mlb-cle-min-2026-09-12|moneyline|None|6289336226410365652877413735629040962049087619915279014676445860652869369756,moneyline,True
mlb-cle-min-2026-09-12,mlb-cle-min-2026-09-12|moneyline|None|6289336226410365652877413735629040962049087619915279014676445860652869369756,moneyline,True
mlb-cle-min-2026-09-12,mlb-cle-min-2026-09-12|moneyline|None|6289336226410365652877413735629040962049087619915279014676445860652869369756,moneyline,True
mlb-cle-min-2026-09-12,mlb-cle-min-2026-09-12|moneyline|None|6289336226410365652877413735629040962049087619915279014676445860652869369756,moneyline,True
mlb-cle-min-2026-09-12,mlb-cle-min-2026-09-12|moneyline|None|6289336226410365652877413735629040962049087619915279014676445860652869369756,moneyline,False
mlb-cle-min-2026-09-12,mlb-cle-min-2026-09-12|moneyline|None|6289336226410365652877413735629040962049087619915279014676445860652869369756,moneyline,False
mlb-cle-min-2026-09-12,mlb-cle-min-2026-09-12|moneyline|None|6289336226410365652877413735629040962049087619915279014676445860652869369756,moneyline,True
mlb-cle-min-2026-09-12,mlb-cle-min-2026-09-12|moneyline|None|6289336226410365652877413735629040962049087619915279014676445860652869369756,moneyline,False
mlb-cle-min-2026-09-12,mlb-cle-min-2026-09-12|moneyline|None|6289336226410365652877413735629040962049087619915279014676445860652869369756,moneyline,False
mlb-cle-min-2026-09-12,mlb-cle-min-2026-09-12|moneyline|None|6289336226410365652877413735629040962049087619915279014676445860652869369756,moneyline,False
mlb-cle-min-2026-09-12,mlb-cle-min-2026-09-12|moneyline|None|6289336226410365652877413735629040962049087619915279014676445860652869369756,moneyline,False
mlb-cle-min-2026-09-12,mlb-cle-min-2026-09-12|moneyline|None|6289336226410365652877413735629040962049087619915279014676445860652869369756,moneyline,True
mlb-cle-min-2026-09-12,mlb-cle-min-2026-09-12|moneyline|None|6289336226410365652877413735629040962049087619915279014676445860652869369756,moneyline,True
mlb-cle-min-2026-09-12,mlb-cle-min-2026-09-12|moneyline|None|6289336226410365652877413735629040962049087619915279014676445860652869369756,moneyline,True
mlb-cle-min-2026-09-12,mlb-cle-min-2026-09-12|moneyline|None|6289336226410365652877413735629040962049087619915279014676445860652869369756,moneyline,False
mlb-cle-min-2026-09-12,mlb-cle-min-2026-09-12|moneyline|None|6289336226410365652877413735629040962049087619915279014676445860652869369756,moneyline,True
mlb-cle-min-2026-09-12,mlb-cle-min-2026-09-12|moneyline|None|6289336226410365652877413735629040962049087619915279014676445860652869369756,moneyline,True
mlb-cle-min-2026-09-12,mlb-cle-min-2026-09-12|moneyline|None|6289336226410365652877413735629040962049087619915279014676445860652869369756,moneyline,True
mlb-cle-min-2026-09-12,mlb-cle-min-2026-09-12|moneyline|None|6289336226410365652877413735629040962049087619915279014676445860652869369756,moneyline,False
mlb-cle-min-2026-09-12,mlb-cle-min-2026-09-12|moneyline|None|6289336226410365652877413735629040962049087619915279014676445860652869369756,moneyline,False
mlb-cle-min-2026-09-12,mlb-cle-min-2026-09-12|moneyline|None|6289336226410365652877413735629040962049087619915279014676445860652869369756,moneyline,False
mlb-cle-min-2026-09-12,mlb-cle-min-2026-09-12|moneyline|None|6289336226410365652877413735629040962049087619915279014676445860652869369756,moneyline,True
mlb-cle-min-2026-09-12,mlb-cle-min-2026-09-12|moneyline|None|6289336226410365652877413735629040962049087619915279014676445860652869369756,moneyline,False
mlb-cle-min-2026-09-12,mlb-cle-min-2026-09-12|moneyline|None|6289336226410365652877413735629040962049087619915279014676445860652869369756,moneyline,True
mlb-cle-min-2026-09-12,mlb-cle-min-2026-09-12|moneyline|None|6289336226410365652877413735629040962049087619915279014676445860652869369756,moneyline,True
mlb-cle-min-2026-09-12,mlb-cle-min-2026-09-12|moneyline|None|6289336226410365652877413735629040962049087619915279014676445860652869369756,moneyline,True
mlb-cle-min-2026-09-12,mlb-cle-min-2026-09-12|moneyline|None|6289336226410365652877413735629040962049087619915279014676445860652869369756,moneyline,True
mlb-cle-min-2026-09-12,mlb-cle-min-2026-09-12|moneyline|None|6289336226410365652877413735629040962049087619915279014676445860652869369756,moneyline,False
mlb-cle-min-2026-09-12,mlb-cle-min-2026-09-12|moneyline|None|6289336226410365652877413735629040962049087619915279014676445860652869369756,moneyline,True
mlb-cle-min-2026-09-12,mlb-cle-min-2026-09-12|moneyline|None|6289336226410365652877413735629040962049087619915279014676445860652869369756,moneyline,False
mlb-cle-min-2026-09-12,mlb-cle-min-2026-09-12|moneyline|None|6289336226410365652877413735629040962049087619915279014676445860652869369756,moneyline,False
mlb-cle-min-2026-09-12,mlb-cle-min-2026-09-12|moneyline|None|6289336226410365652877413735629040962049087619915279014676445860652869369756,moneyline,False
mlb-cle-min-2026-09-12,mlb-cle-min-2026-09-12|spread|-1.5|59022433045990183788458622445510929577947629191669697779344320641079895645265,spread,False
mlb-cle-min-2026-09-12,mlb-cle-min-2026-09-12|spread|-1.5|59022433045990183788458622445510929577947629191669697779344320641079895645265,spread,True
mlb-cle-min-2026-09-12,mlb-cle-min-2026-09-12|spread|-1.5|59022433045990183788458622445510929577947629191669697779344320641079895645265,spread,False
mlb-cle-min-2026-09-12,mlb-cle-min-2026-09-12|spread|-1.5|59022433045990183788458622445510929577947629191669697779344320641079895645265,spread,True
mlb-cle-min-2026-09-12,mlb-cle-min-2026-09-12|spread|-1.5|59022433045990183788458622445510929577947629191669697779344320641079895645265,spread,False
mlb-cle-min-2026-09-12,mlb-cle-min-2026-09-12|spread|-1.5|59022433045990183788458622445510929577947629191669697779344320641079895645265,spread,True
mlb-cle-min-2026-09-12,mlb-cle-min-2026-09-12|spread|-1.5|59022433045990183788458622445510929577947629191669697779344320641079895645265,spread,False
mlb-cle-min-2026-09-12,mlb-cle-min-2026-09-12|spread|-1.5|59022433045990183788458622445510929577947629191669697779344320641079895645265,spread,True
mlb-cle-min-2026-09-12,mlb-cle-min-2026-09-12|spread|-1.5|59022433045990183788458622445510929577947629191669697779344320641079895645265,spread,False
mlb-cle-min-2026-09-12,mlb-cle-min-2026-09-12|spread|-1.5|59022433045990183788458622445510929577947629191669697779344320641079895645265,spread,True
mlb-cle-min-2026-09-12,mlb-cle-min-2026-09-12|spread|-1.5|59022433045990183788458622445510929577947629191669697779344320641079895645265,spread,True
mlb-cle-min-2026-09-12,mlb-cle-min-2026-09-12|spread|-1.5|59022433045990183788458622445510929577947629191669697779344320641079895645265,spread,False
mlb-cle-min-2026-09-12,mlb-cle-min-2026-09-12|spread|-1.5|59022433045990183788458622445510929577947629191669697779344320641079895645265,spread,False
mlb-cle-min-2026-09-12,mlb-cle-min-2026-09-12|spread|-1.5|59022433045990183788458622445510929577947629191669697779344320641079895645265,spread,False
mlb-cle-min-2026-09-12,mlb-cle-min-2026-09-12|spread|-1.5|59022433045990183788458622445510929577947629191669697779344320641079895645265,spread,True
mlb-cle-min-2026-09-12,mlb-cle-min-2026-09-12|spread|-1.5|59022433045990183788458622445510929577947629191669697779344320641079895645265,spread,False
mlb-cle-min-2026-09-12,mlb-cle-min-2026-09-12|spread|-1.5|59022433045990183788458622445510929577947629191669697779344320641079895645265,spread,False
mlb-cle-min-2026-09-12,mlb-cle-min-2026-09-12|spread|-1.5|59022433045990183788458622445510929577947629191669697779344320641079895645265,spread,True
mlb-cle-min-2026-09-12,mlb-cle-min-2026-09-12|spread|-1.5|59022433045990183788458622445510929577947629191669697779344320641079895645265,spread,False
mlb-cle-min-2026-09-12,mlb-cle-min-2026-09-12|spread|-1.5|59022433045990183788458622445510929577947629191669697779344320641079895645265,spread,False
mlb-cle-min-2026-09-12,mlb-cle-min-2026-09-12|spread|-1.5|59022433045990183788458622445510929577947629191669697779344320641079895645265,spread,False
mlb-cle-min-2026-09-12,mlb-cle-min-2026-09-12|spread|-1.5|59022433045990183788458622445510929577947629191669697779344320641079895645265,spread,True
mlb-cle-min-2026-09-12,mlb-cle-min-2026-09-12|spread|-1.5|59022433045990183788458622445510929577947629191669697779344320641079895645265,spread,True
mlb-cle-min-2026-09-12,mlb-cle-min-2026-09-12|spread|-1.5|59022433045990183788458622445510929577947629191669697779344320641079895645265,spread,True
mlb-cle-min-2026-09-12,mlb-cle-min-2026-09-12|spread|-1.5|59022433045990183788458622445510929577947629191669697779344320641079895645265,spread,True
mlb-cle-min-2026-09-12,mlb-cle-min-2026-09-12|spread|-1.5|59022433045990183788458622445510929577947629191669697779344320641079895645265,spread,False
mlb-cle-min-2026-09-12,mlb-cle-min-2026-09-12|spread|-1.5|59022433045990183788458622445510929577947629191669697779344320641079895645265,spread,False
mlb-cle-min-2026-09-12,mlb-cle-min-2026-09-12|spread|-1.5|59022433045990183788458622445510929577947629191669697779344320641079895645265,spread,False
mlb-cle-min-2026-09-12,mlb-cle-min-2026-09-12|spread|-1.5|59022433045990183788458622445510929577947629191669697779344320641079895645265,spread,False
mlb-cle-min-2026-09-12,mlb-cle-min-2026-09-12|spread|-1.5|59022433045990183788458622445510929577947629191669697779344320641079895645265,spread,True
mlb-cle-min-2026-09-12,mlb-cle-min-2026-09-12|spread|-1.5|59022433045990183788458622445510929577947629191669697779344320641079895645265,spread,False
mlb-cle-min-2026-09-12,mlb-cle-min-2026-09-12|spread|-1.5|59022433045990183788458622445510929577947629191669697779344320641079895645265,spread,True
mlb-cle-min-2026-09-12,mlb-cle-min-2026-09-12|spread|-1.5|59022433045990183788458622445510929577947629191669697779344320641079895645265,spread,True
mlb-cle-min-2026-09-12,mlb-cle-min-2026-09-12|spread|-1.5|59022433045990183788458622445510929577947629191669697779344320641079895645265,spread,False
mlb-cle-min-2026-09-12,mlb-cle-min-2026-09-12|spread|-1.5|59022433045990183788458622445510929577947629191669697779344320641079895645265,spread,True
mlb-cle-min-2026-09-12,mlb-cle-min-2026-09-12|spread|-1.5|59022433045990183788458622445510929577947629191669697779344320641079895645265,spread,True
mlb-cle-min-2026-09-12,mlb-cle-min-2026-09-12|spread|-1.5|59022433045990183788458622445510929577947629191669697779344320641079895645265,spread,True
mlb-cle-min-2026-09-12,mlb-cle-min-2026-09-12|spread|-1.5|59022433045990183788458622445510929577947629191669697779344320641079895645265,spread,False
mlb-cle-min-2026-09-12,mlb-cle-min-2026-09-12|spread|-1.5|59022433045990183788458622445510929577947629191669697779344320641079895645265,spread,True
mlb-cle-min-2026-09-12,mlb-cle-min-2026-09-12|spread|-1.5|59022433045990183788458622445510929577947629191669697779344320641079895645265,spread,True
mlb-cle-min-2026-09-12,mlb-cle-min-2026-09-12|spread|-1.5|59022433045990183788458622445510929577947629191669697779344320641079895645265,spread,False
mlb-cle-min-2026-09-12,mlb-cle-min-2026-09-12|spread|-1.5|59022433045990183788458622445510929577947629191669697779344320641079895645265,spread,False
mlb-cle-min-2026-09-12,mlb-cle-min-2026-09-12|spread|-1.5|59022433045990183788458622445510929577947629191669697779344320641079895645265,spread,False
mlb-cle-min-2026-09-12,mlb-cle-min-2026-09-12|spread|-1.5|59022433045990183788458622445510929577947629191669697779344320641079895645265,spread,False
mlb-cle-min-2026-09-12,mlb-cle-min-2026-09-12|spread|-1.5|59022433045990183788458622445510929577947629191669697779344320641079895645265,spread,False
mlb-cle-min-2026-09-12,mlb-cle-min-2026-09-12|spread|-1.5|59022433045990183788458622445510929577947629191669697779344320641079895645265,spread,False
mlb-cle-min-2026-09-12,mlb-cle-min-2026-09-12|spread|-1.5|59022433045990183788458622445510929577947629191669697779344320641079895645265,spread,True
mlb-cle-min-2026-09-12,mlb-cle-min-2026-09-12|spread|-1.5|59022433045990183788458622445510929577947629191669697779344320641079895645265,spread,True
mlb-cle-min-2026-09-12,mlb-cle-min-2026-09-12|spread|-1.5|59022433045990183788458622445510929577947629191669697779344320641079895645265,spread,False
mlb-cle-min-2026-09-12,mlb-cle-min-2026-09-12|spread|-1.5|59022433045990183788458622445510929577947629191669697779344320641079895645265,spread,True
mlb-cle-min-2026-09-12,mlb-cle-min-2026-09-12|spread|-1.5|59022433045990183788458622445510929577947629191669697779344320641079895645265,spread,True
mlb-cle-min-2026-09-12,mlb-cle-min-2026-09-12|spread|-1.5|59022433045990183788458622445510929577947629191669697779344320641079895645265,spread,True
mlb-cle-min-2026-09-12,mlb-cle-min-2026-09-12|spread|-1.5|59022433045990183788458622445510929577947629191669697779344320641079895645265,spread,True
mlb-cle-min-2026-09-12,mlb-cle-min-2026-09-12|spread|-1.5|59022433045990183788458622445510929577947629191669697779344320641079895645265,spread,True
mlb-cle-min-2026-09-12,mlb-cle-min-2026-09-12|spread|-1.5|59022433045990183788458622445510929577947629191669697779344320641079895645265,spread,True
mlb-cle-min-2026-09-12,mlb-cle-min-2026-09-12|spread|-1.5|59022433045990183788458622445510929577947629191669697779344320641079895645265,spread,True
mlb-cle-min-2026-09-12,mlb-cle-min-2026-09-12|spread|-1.5|59022433045990183788458622445510929577947629191669697779344320641079895645265,spread,True
mlb-cle-min-2026-09-12,mlb-cle-min-2026-09-12|spread|-1.5|59022433045990183788458622445510929577947629191669697779344320641079895645265,spread,False
mlb-cle-min-2026-09-12,mlb-cle-min-2026-09-12|spread|-1.5|59022433045990183788458622445510929577947629191669697779344320641079895645265,spread,False
mlb-cle-min-2026-09-12,mlb-cle-min-2026-09-12|spread|-1.5|59022433045990183788458622445510929577947629191669697779344320641079895645265,spread,True
mlb-cle-min-2026-09-12,mlb-cle-min-2026-09-12|spread|-1.5|59022433045990183788458622445510929577947629191669697779344320641079895645265,spread,False
mlb-cle-min-2026-09-12,mlb-cle-min-2026-09-12|spread|-1.5|59022433045990183788458622445510929577947629191669697779344320641079895645265,spread,False
mlb-cle-min-2026-09-12,mlb-cle-min-2026-09-12|spread|-1.5|59022433045990183788458622445510929577947629191669697779344320641079895645265,spread,False
mlb-cle-min-2026-09-12,mlb-cle-min-2026-09-12|spread|-1.5|59022433045990183788458622445510929577947629191669697779344320641079895645265,spread,False
mlb-cle-min-2026-09-12,mlb-cle-min-2026-09-12|spread|-1.5|59022433045990183788458622445510929577947629191669697779344320641079895645265,spread,False
mlb-cle-min-2026-09-12,mlb-cle-min-2026-09-12|spread|-1.5|59022433045990183788458622445510929577947629191669697779344320641079895645265,spread,False
mlb-cle-min-2026-09-12,mlb-cle-min-2026-09-12|spread|-1.5|59022433045990183788458622445510929577947629191669697779344320641079895645265,spread,True
mlb-cle-min-2026-09-12,mlb-cle-min-2026-09-12|spread|-1.5|59022433045990183788458622445510929577947629191669697779344320641079895645265,spread,False
mlb-cle-min-2026-09-12,mlb-cle-min-2026-09-12|spread|-1.5|59022433045990183788458622445510929577947629191669697779344320641079895645265,spread,False
mlb-cle-min-2026-09-12,mlb-cle-min-2026-09-12|spread|-1.5|59022433045990183788458622445510929577947629191669697779344320641079895645265,spread,True
mlb-cle-min-2026-09-12,mlb-cle-min-2026-09-12|spread|-1.5|59022433045990183788458622445510929577947629191669697779344320641079895645265,spread,True
mlb-cle-min-2026-09-12,mlb-cle-min-2026-09-12|spread|-1.5|59022433045990183788458622445510929577947629191669697779344320641079895645265,spread,False
mlb-cle-min-2026-09-12,mlb-cle-min-2026-09-12|spread|-1.5|59022433045990183788458622445510929577947629191669697779344320641079895645265,spread,True
mlb-cle-min-2026-09-12,mlb-cle-min-2026-09-12|spread|-1.5|59022433045990183788458622445510929577947629191669697779344320641079895645265,spread,False
mlb-cle-min-2026-09-12,mlb-cle-min-2026-09-12|spread|-1.5|59022433045990183788458622445510929577947629191669697779344320641079895645265,spread,False
mlb-cle-min-2026-09-12,mlb-cle-min-2026-09-12|spread|-1.5|59022433045990183788458622445510929577947629191669697779344320641079895645265,spread,True
mlb-cle-min-2026-09-12,mlb-cle-min-2026-09-12|spread|-1.5|59022433045990183788458622445510929577947629191669697779344320641079895645265,spread,False
mlb-cle-min-2026-09-12,mlb-cle-min-2026-09-12|spread|-1.5|59022433045990183788458622445510929577947629191669697779344320641079895645265,spread,False
mlb-cle-min-2026-09-12,mlb-cle-min-2026-09-12|spread|-1.5|59022433045990183788458622445510929577947629191669697779344320641079895645265,spread,False
mlb-cle-min-2026-09-12,mlb-cle-min-2026-09-12|spread|-1.5|59022433045990183788458622445510929577947629191669697779344320641079895645265,spread,True
mlb-cle-min-2026-09-12,mlb-cle-min-2026-09-12|spread|-1.5|59022433045990183788458622445510929577947629191669697779344320641079895645265,spread,True
mlb-cle-min-2026-09-12,mlb-cle-min-2026-09-12|spread|-1.5|59022433045990183788458622445510929577947629191669697779344320641079895645265,spread,True
mlb-cle-min-2026-09-12,mlb-cle-min-2026-09-12|spread|-1.5|59022433045990183788458622445510929577947629191669697779344320641079895645265,spread,True
mlb-cle-min-2026-09-12,mlb-cle-min-2026-09-12|spread|-1.5|85843578651219513515374207163023395016213423063528824655192658778599370902246,spread,True
mlb-cle-min-2026-09-12,mlb-cle-min-2026-09-12|spread|-1.5|85843578651219513515374207163023395016213423063528824655192658778599370902246,spread,False
mlb-cle-min-2026-09-12,mlb-cle-min-2026-09-12|spread|-1.5|85843578651219513515374207163023395016213423063528824655192658778599370902246,spread,True
mlb-cle-min-2026-09-12,mlb-cle-min-2026-09-12|spread|-1.5|85843578651219513515374207163023395016213423063528824655192658778599370902246,spread,True
mlb-cle-min-2026-09-12,mlb-cle-min-2026-09-12|spread|-1.5|85843578651219513515374207163023395016213423063528824655192658778599370902246,spread,True
mlb-cle-min-2026-09-12,mlb-cle-min-2026-09-12|spread|-1.5|85843578651219513515374207163023395016213423063528824655192658778599370902246,spread,True
mlb-cle-min-2026-09-12,mlb-cle-min-2026-09-12|spread|-1.5|85843578651219513515374207163023395016213423063528824655192658778599370902246,spread,False
mlb-cle-min-2026-09-12,mlb-cle-min-2026-09-12|spread|-1.5|85843578651219513515374207163023395016213423063528824655192658778599370902246,spread,False
mlb-cle-min-2026-09-12,mlb-cle-min-2026-09-12|spread|-1.5|85843578651219513515374207163023395016213423063528824655192658778599370902246,spread,True
mlb-cle-min-2026-09-12,mlb-cle-min-2026-09-12|spread|-1.5|85843578651219513515374207163023395016213423063528824655192658778599370902246,spread,False
mlb-cle-min-2026-09-12,mlb-cle-min-2026-09-12|spread|-1.5|85843578651219513515374207163023395016213423063528824655192658778599370902246,spread,False
mlb-cle-min-2026-09-12,mlb-cle-min-2026-09-12|spread|-1.5|85843578651219513515374207163023395016213423063528824655192658778599370902246,spread,True
mlb-cle-min-2026-09-12,mlb-cle-min-2026-09-12|spread|-1.5|85843578651219513515374207163023395016213423063528824655192658778599370902246,spread,False
mlb-cle-min-2026-09-12,mlb-cle-min-2026-09-12|spread|-1.5|85843578651219513515374207163023395016213423063528824655192658778599370902246,spread,True
mlb-cle-min-2026-09-12,mlb-cle-min-2026-09-12|spread|-1.5|85843578651219513515374207163023395016213423063528824655192658778599370902246,spread,False
mlb-cle-min-2026-09-12,mlb-cle-min-2026-09-12|spread|-1.5|85843578651219513515374207163023395016213423063528824655192658778599370902246,spread,False
mlb-cle-min-2026-09-12,mlb-cle-min-2026-09-12|spread|-1.5|85843578651219513515374207163023395016213423063528824655192658778599370902246,spread,False
mlb-cle-min-2026-09-12,mlb-cle-min-2026-09-12|spread|-1.5|85843578651219513515374207163023395016213423063528824655192658778599370902246,spread,False
mlb-cle-min-2026-09-12,mlb-cle-min-2026-09-12|spread|-1.5|85843578651219513515374207163023395016213423063528824655192658778599370902246,spread,False
mlb-cle-min-2026-09-12,mlb-cle-min-2026-09-12|spread|-1.5|85843578651219513515374207163023395016213423063528824655192658778599370902246,spread,False
mlb-cle-min-2026-09-12,mlb-cle-min-2026-09-12|spread|-1.5|85843578651219513515374207163023395016213423063528824655192658778599370902246,spread,True
mlb-cle-min-2026-09-12,mlb-cle-min-2026-09-12|spread|-1.5|85843578651219513515374207163023395016213423063528824655192658778599370902246,spread,True
mlb-cle-min-2026-09-12,mlb-cle-min-2026-09-12|spread|-1.5|85843578651219513515374207163023395016213423063528824655192658778599370902246,spread,False
mlb-cle-min-2026-09-12,mlb-cle-min-2026-09-12|spread|-1.5|85843578651219513515374207163023395016213423063528824655192658778599370902246,spread,True
mlb-cle-min-2026-09-12,mlb-cle-min-2026-09-12|spread|-1.5|85843578651219513515374207163023395016213423063528824655192658778599370902246,spread,False
mlb-cle-min-2026-09-12,mlb-cle-min-2026-09-12|spread|-1.5|85843578651219513515374207163023395016213423063528824655192658778599370902246,spread,True
mlb-cle-min-2026-09-12,mlb-cle-min-2026-09-12|spread|-1.5|85843578651219513515374207163023395016213423063528824655192658778599370902246,spread,True
mlb-cle-min-2026-09-12,mlb-cle-min-2026-09-12|spread|-1.5|85843578651219513515374207163023395016213423063528824655192658778599370902246,spread,True
mlb-cle-min-2026-09-12,mlb-cle-min-2026-09-12|spread|-1.5|85843578651219513515374207163023395016213423063528824655192658778599370902246,spread,False
mlb-cle-min-2026-09-12,mlb-cle-min-2026-09-12|spread|-1.5|85843578651219513515374207163023395016213423063528824655192658778599370902246,spread,True
mlb-cle-min-2026-09-12,mlb-cle-min-2026-09-12|spread|-1.5|85843578651219513515374207163023395016213423063528824655192658778599370902246,spread,True
mlb-cle-min-2026-09-12,mlb-cle-min-2026-09-12|spread|-1.5|85843578651219513515374207163023395016213423063528824655192658778599370902246,spread,True
mlb-cle-min-2026-09-12,mlb-cle-min-2026-09-12|spread|-1.5|85843578651219513515374207163023395016213423063528824655192658778599370902246,spread,True
mlb-cle-min-2026-09-12,mlb-cle-min-2026-09-12|spread|-1.5|85843578651219513515374207163023395016213423063528824655192658778599370902246,spread,False
mlb-cle-min-2026-09-12,mlb-cle-min-2026-09-12|spread|-1.5|85843578651219513515374207163023395016213423063528824655192658778599370902246,spread,True
mlb-cle-min-2026-09-12,mlb-cle-min-2026-09-12|spread|-1.5|85843578651219513515374207163023395016213423063528824655192658778599370902246,spread,False
mlb-cle-min-2026-09-12,mlb-cle-min-2026-09-12|spread|-1.5|85843578651219513515374207163023395016213423063528824655192658778599370902246,spread,True
mlb-cle-min-2026-09-12,mlb-cle-min-2026-09-12|spread|-1.5|85843578651219513515374207163023395016213423063528824655192658778599370902246,spread,True
mlb-cle-min-2026-09-12,mlb-cle-min-2026-09-12|spread|-1.5|85843578651219513515374207163023395016213423063528824655192658778599370902246,spread,False
mlb-cle-min-2026-09-12,mlb-cle-min-2026-09-12|spread|-1.5|85843578651219513515374207163023395016213423063528824655192658778599370902246,spread,False
mlb-cle-min-2026-09-12,mlb-cle-min-2026-09-12|spread|-1.5|85843578651219513515374207163023395016213423063528824655192658778599370902246,spread,True
mlb-cle-min-2026-09-12,mlb-cle-min-2026-09-12|spread|-1.5|85843578651219513515374207163023395016213423063528824655192658778599370902246,spread,False
mlb-cle-min-2026-09-12,mlb-cle-min-2026-09-12|spread|-1.5|85843578651219513515374207163023395016213423063528824655192658778599370902246,spread,True
mlb-cle-min-2026-09-12,mlb-cle-min-2026-09-12|spread|-1.5|85843578651219513515374207163023395016213423063528824655192658778599370902246,spread,False
mlb-cle-min-2026-09-12,mlb-cle-min-2026-09-12|spread|-1.5|85843578651219513515374207163023395016213423063528824655192658778599370902246,spread,False
mlb-cle-min-2026-09-12,mlb-cle-min-2026-09-12|spread|-1.5|85843578651219513515374207163023395016213423063528824655192658778599370902246,spread,True
mlb-cle-min-2026-09-12,mlb-cle-min-2026-09-12|spread|-1.5|85843578651219513515374207163023395016213423063528824655192658778599370902246,spread,False
mlb-cle-min-2026-09-12,mlb-cle-min-2026-09-12|spread|-1.5|85843578651219513515374207163023395016213423063528824655192658778599370902246,spread,True
mlb-cle-min-2026-09-12,mlb-cle-min-2026-09-12|spread|-1.5|85843578651219513515374207163023395016213423063528824655192658778599370902246,spread,True
mlb-cle-min-2026-09-12,mlb-cle-min-2026-09-12|spread|-1.5|85843578651219513515374207163023395016213423063528824655192658778599370902246,spread,True
mlb-cle-min-2026-09-12,mlb-cle-min-2026-09-12|spread|-1.5|85843578651219513515374207163023395016213423063528824655192658778599370902246,spread,True
mlb-cle-min-2026-09-12,mlb-cle-min-2026-09-12|spread|-1.5|85843578651219513515374207163023395016213423063528824655192658778599370902246,spread,True
mlb-cle-min-2026-09-12,mlb-cle-min-2026-09-12|spread|-1.5|85843578651219513515374207163023395016213423063528824655192658778599370902246,spread,True
mlb-cle-min-2026-09-12,mlb-cle-min-2026-09-12|spread|-1.5|85843578651219513515374207163023395016213423063528824655192658778599370902246,spread,False
mlb-cle-min-2026-09-12,mlb-cle-min-2026-09-12|spread|-1.5|85843578651219513515374207163023395016213423063528824655192658778599370902246,spread,False
mlb-cle-min-2026-09-12,mlb-cle-min-2026-09-12|spread|-1.5|85843578651219513515374207163023395016213423063528824655192658778599370902246,spread,False
mlb-cle-min-2026-09-12,mlb-cle-min-2026-09-12|spread|-1.5|85843578651219513515374207163023395016213423063528824655192658778599370902246,spread,True
mlb-cle-min-2026-09-12,mlb-cle-min-2026-09-12|spread|-1.5|85843578651219513515374207163023395016213423063528824655192658778599370902246,spread,True
mlb-cle-min-2026-09-12,mlb-cle-min-2026-09-12|spread|-1.5|85843578651219513515374207163023395016213423063528824655192658778599370902246,spread,False
mlb-cle-min-2026-09-12,mlb-cle-min-2026-09-12|spread|-1.5|85843578651219513515374207163023395016213423063528824655192658778599370902246,spread,False
mlb-cle-min-2026-09-12,mlb-cle-min-2026-09-12|spread|-1.5|85843578651219513515374207163023395016213423063528824655192658778599370902246,spread,False
mlb-cle-min-2026-09-12,mlb-cle-min-2026-09-12|spread|-1.5|85843578651219513515374207163023395016213423063528824655192658778599370902246,spread,True
mlb-cle-min-2026-09-12,mlb-cle-min-2026-09-12|spread|-1.5|85843578651219513515374207163023395016213423063528824655192658778599370902246,spread,True
mlb-cle-min-2026-09-12,mlb-cle-min-2026-09-12|spread|-1.5|85843578651219513515374207163023395016213423063528824655192658778599370902246,spread,False
mlb-cle-min-2026-09-12,mlb-cle-min-2026-09-12|spread|-1.5|85843578651219513515374207163023395016213423063528824655192658778599370902246,spread,False
mlb-cle-min-2026-09-12,mlb-cle-min-2026-09-12|spread|-1.5|85843578651219513515374207163023395016213423063528824655192658778599370902246,spread,True
mlb-cle-min-2026-09-12,mlb-cle-min-2026-09-12|spread|-1.5|85843578651219513515374207163023395016213423063528824655192658778599370902246,spread,False
mlb-cle-min-2026-09-12,mlb-cle-min-2026-09-12|spread|-1.5|85843578651219513515374207163023395016213423063528824655192658778599370902246,spread,True
mlb-cle-min-2026-09-12,mlb-cle-min-2026-09-12|spread|-1.5|85843578651219513515374207163023395016213423063528824655192658778599370902246,spread,True
mlb-cle-min-2026-09-12,mlb-cle-min-2026-09-12|spread|-1.5|85843578651219513515374207163023395016213423063528824655192658778599370902246,spread,False
mlb-cle-min-2026-09-12,mlb-cle-min-2026-09-12|spread|-1.5|85843578651219513515374207163023395016213423063528824655192658778599370902246,spread,True
mlb-cle-min-2026-09-12,mlb-cle-min-2026-09-12|spread|-1.5|85843578651219513515374207163023395016213423063528824655192658778599370902246,spread,True
mlb-cle-min-2026-09-12,mlb-cle-min-2026-09-12|spread|-1.5|85843578651219513515374207163023395016213423063528824655192658778599370902246,spread,True
mlb-cle-min-2026-09-12,mlb-cle-min-2026-09-12|spread|-2.5|100398446399310321839803205469918740064004464583636302758310171308981285041458,spread,True
mlb-cle-min-2026-09-12,mlb-cle-min-2026-09-12|spread|-2.5|100398446399310321839803205469918740064004464583636302758310171308981285041458,spread,True
mlb-cle-min-2026-09-12,mlb-cle-min-2026-09-12|spread|-2.5|100398446399310321839803205469918740064004464583636302758310171308981285041458,spread,False
mlb-cle-min-2026-09-12,mlb-cle-min-2026-09-12|spread|-2.5|100398446399310321839803205469918740064004464583636302758310171308981285041458,spread,False
mlb-cle-min-2026-09-12,mlb-cle-min-2026-09-12|spread|-2.5|100398446399310321839803205469918740064004464583636302758310171308981285041458,spread,False
mlb-cle-min-2026-09-12,mlb-cle-min-2026-09-12|spread|-2.5|100398446399310321839803205469918740064004464583636302758310171308981285041458,spread,True
mlb-cle-min-2026-09-12,mlb-cle-min-2026-09-12|spread|-2.5|100398446399310321839803205469918740064004464583636302758310171308981285041458,spread,False
mlb-cle-min-2026-09-12,mlb-cle-min-2026-09-12|spread|-2.5|100398446399310321839803205469918740064004464583636302758310171308981285041458,spread,False
mlb-cle-min-2026-09-12,mlb-cle-min-2026-09-12|spread|-2.5|100398446399310321839803205469918740064004464583636302758310171308981285041458,spread,True
mlb-cle-min-2026-09-12,mlb-cle-min-2026-09-12|spread|-2.5|100398446399310321839803205469918740064004464583636302758310171308981285041458,spread,False
mlb-cle-min-2026-09-12,mlb-cle-min-2026-09-12|spread|-2.5|100398446399310321839803205469918740064004464583636302758310171308981285041458,spread,False
mlb-cle-min-2026-09-12,mlb-cle-min-2026-09-12|spread|-2.5|100398446399310321839803205469918740064004464583636302758310171308981285041458,spread,False
mlb-cle-min-2026-09-12,mlb-cle-min-2026-09-12|spread|-2.5|100398446399310321839803205469918740064004464583636302758310171308981285041458,spread,False
mlb-cle-min-2026-09-12,mlb-cle-min-2026-09-12|spread|-2.5|100398446399310321839803205469918740064004464583636302758310171308981285041458,spread,True
mlb-cle-min-2026-09-12,mlb-cle-min-2026-09-12|spread|-2.5|100398446399310321839803205469918740064004464583636302758310171308981285041458,spread,True
mlb-cle-min-2026-09-12,mlb-cle-min-2026-09-12|spread|-2.5|100398446399310321839803205469918740064004464583636302758310171308981285041458,spread,False
mlb-cle-min-2026-09-12,mlb-cle-min-2026-09-12|spread|-2.5|100398446399310321839803205469918740064004464583636302758310171308981285041458,spread,False
mlb-cle-min-2026-09-12,mlb-cle-min-2026-09-12|spread|-2.5|100398446399310321839803205469918740064004464583636302758310171308981285041458,spread,False
mlb-cle-min-2026-09-12,mlb-cle-min-2026-09-12|spread|-2.5|100398446399310321839803205469918740064004464583636302758310171308981285041458,spread,False
mlb-cle-min-2026-09-12,mlb-cle-min-2026-09-12|spread|-2.5|100398446399310321839803205469918740064004464583636302758310171308981285041458,spread,False
mlb-cle-min-2026-09-12,mlb-cle-min-2026-09-12|spread|-2.5|100398446399310321839803205469918740064004464583636302758310171308981285041458,spread,False
mlb-cle-min-2026-09-12,mlb-cle-min-2026-09-12|spread|-2.5|100398446399310321839803205469918740064004464583636302758310171308981285041458,spread,True
mlb-cle-min-2026-09-12,mlb-cle-min-2026-09-12|spread|-2.5|100398446399310321839803205469918740064004464583636302758310171308981285041458,spread,False
mlb-cle-min-2026-09-12,mlb-cle-min-2026-09-12|spread|-2.5|100398446399310321839803205469918740064004464583636302758310171308981285041458,spread,True
mlb-cle-min-2026-09-12,mlb-cle-min-2026-09-12|spread|-2.5|100398446399310321839803205469918740064004464583636302758310171308981285041458,spread,False
mlb-cle-min-2026-09-12,mlb-cle-min-2026-09-12|spread|-2.5|100398446399310321839803205469918740064004464583636302758310171308981285041458,spread,True
mlb-cle-min-2026-09-12,mlb-cle-min-2026-09-12|spread|-2.5|100398446399310321839803205469918740064004464583636302758310171308981285041458,spread,False
mlb-cle-min-2026-09-12,mlb-cle-min-2026-09-12|spread|-2.5|100398446399310321839803205469918740064004464583636302758310171308981285041458,spread,True
mlb-cle-min-2026-09-12,mlb-cle-min-2026-09-12|spread|-2.5|100398446399310321839803205469918740064004464583636302758310171308981285041458,spread,True
mlb-cle-min-2026-09-12,mlb-cle-min-2026-09-12|spread|-2.5|100398446399310321839803205469918740064004464583636302758310171308981285041458,spread,True
mlb-cle-min-2026-09-12,mlb-cle-min-2026-09-12|spread|-2.5|100398446399310321839803205469918740064004464583636302758310171308981285041458,spread,True
mlb-cle-min-2026-09-12,mlb-cle-min-2026-09-12|spread|-2.5|100398446399310321839803205469918740064004464583636302758310171308981285041458,spread,False
mlb-cle-min-2026-09-12,mlb-cle-min-2026-09-12|spread|-2.5|100398446399310321839803205469918740064004464583636302758310171308981285041458,spread,True
mlb-cle-min-2026-09-12,mlb-cle-min-2026-09-12|spread|-2.5|100398446399310321839803205469918740064004464583636302758310171308981285041458,spread,False
mlb-cle-min-2026-09-12,mlb-cle-min-2026-09-12|spread|-2.5|100398446399310321839803205469918740064004464583636302758310171308981285041458,spread,False
mlb-cle-min-2026-09-12,mlb-cle-min-2026-09-12|spread|-2.5|100398446399310321839803205469918740064004464583636302758310171308981285041458,spread,True
mlb-cle-min-2026-09-12,mlb-cle-min-2026-09-12|spread|-2.5|100398446399310321839803205469918740064004464583636302758310171308981285041458,spread,False
mlb-cle-min-2026-09-12,mlb-cle-min-2026-09-12|spread|-2.5|100398446399310321839803205469918740064004464583636302758310171308981285041458,spread,False
mlb-cle-min-2026-09-12,mlb-cle-min-2026-09-12|spread|-2.5|100398446399310321839803205469918740064004464583636302758310171308981285041458,spread,False
mlb-cle-min-2026-09-12,mlb-cle-min-2026-09-12|spread|-2.5|100398446399310321839803205469918740064004464583636302758310171308981285041458,spread,False
mlb-cle-min-2026-09-12,mlb-cle-min-2026-09-12|spread|-2.5|100398446399310321839803205469918740064004464583636302758310171308981285041458,spread,True
mlb-cle-min-2026-09-12,mlb-cle-min-2026-09-12|spread|-2.5|100398446399310321839803205469918740064004464583636302758310171308981285041458,spread,False
mlb-cle-min-2026-09-12,mlb-cle-min-2026-09-12|spread|-2.5|100398446399310321839803205469918740064004464583636302758310171308981285041458,spread,False
mlb-cle-min-2026-09-12,mlb-cle-min-2026-09-12|spread|-2.5|100398446399310321839803205469918740064004464583636302758310171308981285041458,spread,False
mlb-cle-min-2026-09-12,mlb-cle-min-2026-09-12|spread|-2.5|100398446399310321839803205469918740064004464583636302758310171308981285041458,spread,False
mlb-cle-min-2026-09-12,mlb-cle-min-2026-09-12|spread|-2.5|100398446399310321839803205469918740064004464583636302758310171308981285041458,spread,False
mlb-cle-min-2026-09-12,mlb-cle-min-2026-09-12|spread|-2.5|100398446399310321839803205469918740064004464583636302758310171308981285041458,spread,False
mlb-cle-min-2026-09-12,mlb-cle-min-2026-09-12|spread|-2.5|100398446399310321839803205469918740064004464583636302758310171308981285041458,spread,False
mlb-cle-min-2026-09-12,mlb-cle-min-2026-09-12|spread|-2.5|100398446399310321839803205469918740064004464583636302758310171308981285041458,spread,True
mlb-cle-min-2026-09-12,mlb-cle-min-2026-09-12|spread|-2.5|100398446399310321839803205469918740064004464583636302758310171308981285041458,spread,False
mlb-cle-min-2026-09-12,mlb-cle-min-2026-09-12|spread|-2.5|100398446399310321839803205469918740064004464583636302758310171308981285041458,spread,True
mlb-cle-min-2026-09-12,mlb-cle-min-2026-09-12|spread|-2.5|100398446399310321839803205469918740064004464583636302758310171308981285041458,spread,True
mlb-cle-min-2026-09-12,mlb-cle-min-2026-09-12|spread|-2.5|100398446399310321839803205469918740064004464583636302758310171308981285041458,spread,False
mlb-cle-min-2026-09-12,mlb-cle-min-2026-09-12|spread|-2.5|100398446399310321839803205469918740064004464583636302758310171308981285041458,spread,False
mlb-cle-min-2026-09-12,mlb-cle-min-2026-09-12|spread|-2.5|100398446399310321839803205469918740064004464583636302758310171308981285041458,spread,False
mlb-cle-min-2026-09-12,mlb-cle-min-2026-09-12|spread|-2.5|100398446399310321839803205469918740064004464583636302758310171308981285041458,spread,False
mlb-cle-min-2026-09-12,mlb-cle-min-2026-09-12|spread|-2.5|100398446399310321839803205469918740064004464583636302758310171308981285041458,spread,True
mlb-cle-min-2026-09-12,mlb-cle-min-2026-09-12|spread|-2.5|100398446399310321839803205469918740064004464583636302758310171308981285041458,spread,True
mlb-cle-min-2026-09-12,mlb-cle-min-2026-09-12|spread|-2.5|100398446399310321839803205469918740064004464583636302758310171308981285041458,spread,False
mlb-cle-min-2026-09-12,mlb-cle-min-2026-09-12|spread|-2.5|100398446399310321839803205469918740064004464583636302758310171308981285041458,spread,False
mlb-cle-min-2026-09-12,mlb-cle-min-2026-09-12|spread|-2.5|100398446399310321839803205469918740064004464583636302758310171308981285041458,spread,True
mlb-cle-min-2026-09-12,mlb-cle-min-2026-09-12|spread|-2.5|100398446399310321839803205469918740064004464583636302758310171308981285041458,spread,False
mlb-cle-min-2026-09-12,mlb-cle-min-2026-09-12|spread|-2.5|100398446399310321839803205469918740064004464583636302758310171308981285041458,spread,True
mlb-cle-min-2026-09-12,mlb-cle-min-2026-09-12|spread|-2.5|100398446399310321839803205469918740064004464583636302758310171308981285041458,spread,False
mlb-cle-min-2026-09-12,mlb-cle-min-2026-09-12|spread|-2.5|100398446399310321839803205469918740064004464583636302758310171308981285041458,spread,True
mlb-cle-min-2026-09-12,mlb-cle-min-2026-09-12|spread|-2.5|100398446399310321839803205469918740064004464583636302758310171308981285041458,spread,True
mlb-cle-min-2026-09-12,mlb-cle-min-2026-09-12|spread|-2.5|100398446399310321839803205469918740064004464583636302758310171308981285041458,spread,True
mlb-cle-min-2026-09-12,mlb-cle-min-2026-09-12|spread|-2.5|100398446399310321839803205469918740064004464583636302758310171308981285041458,spread,False
mlb-cle-min-2026-09-12,mlb-cle-min-2026-09-12|spread|-2.5|100398446399310321839803205469918740064004464583636302758310171308981285041458,spread,True
mlb-cle-min-2026-09-12,mlb-cle-min-2026-09-12|spread|-2.5|100398446399310321839803205469918740064004464583636302758310171308981285041458,spread,False
mlb-cle-min-2026-09-12,mlb-cle-min-2026-09-12|spread|-2.5|78768947611172580058997780885237059077903158235734010324343684478585978073202,spread,True
mlb-cle-min-2026-09-12,mlb-cle-min-2026-09-12|spread|-2.5|78768947611172580058997780885237059077903158235734010324343684478585978073202,spread,False
mlb-cle-min-2026-09-12,mlb-cle-min-2026-09-12|spread|-2.5|78768947611172580058997780885237059077903158235734010324343684478585978073202,spread,False
mlb-cle-min-2026-09-12,mlb-cle-min-2026-09-12|spread|-2.5|78768947611172580058997780885237059077903158235734010324343684478585978073202,spread,False
mlb-cle-min-2026-09-12,mlb-cle-min-2026-09-12|spread|-2.5|78768947611172580058997780885237059077903158235734010324343684478585978073202,spread,False
mlb-cle-min-2026-09-12,mlb-cle-min-2026-09-12|spread|-2.5|78768947611172580058997780885237059077903158235734010324343684478585978073202,spread,False
mlb-cle-min-2026-09-12,mlb-cle-min-2026-09-12|spread|-2.5|78768947611172580058997780885237059077903158235734010324343684478585978073202,spread,False
mlb-cle-min-2026-09-12,mlb-cle-min-2026-09-12|spread|-2.5|78768947611172580058997780885237059077903158235734010324343684478585978073202,spread,False
mlb-cle-min-2026-09-12,mlb-cle-min-2026-09-12|spread|-2.5|78768947611172580058997780885237059077903158235734010324343684478585978073202,spread,True
mlb-cle-min-2026-09-12,mlb-cle-min-2026-09-12|spread|-2.5|78768947611172580058997780885237059077903158235734010324343684478585978073202,spread,False
mlb-cle-min-2026-09-12,mlb-cle-min-2026-09-12|spread|-2.5|78768947611172580058997780885237059077903158235734010324343684478585978073202,spread,False
mlb-cle-min-2026-09-12,mlb-cle-min-2026-09-12|spread|-2.5|78768947611172580058997780885237059077903158235734010324343684478585978073202,spread,True
mlb-cle-min-2026-09-12,mlb-cle-min-2026-09-12|spread|-2.5|78768947611172580058997780885237059077903158235734010324343684478585978073202,spread,False
mlb-cle-min-2026-09-12,mlb-cle-min-2026-09-12|spread|-2.5|78768947611172580058997780885237059077903158235734010324343684478585978073202,spread,True
mlb-cle-min-2026-09-12,mlb-cle-min-2026-09-12|spread|-2.5|78768947611172580058997780885237059077903158235734010324343684478585978073202,spread,False
mlb-cle-min-2026-09-12,mlb-cle-min-2026-09-12|spread|-2.5|78768947611172580058997780885237059077903158235734010324343684478585978073202,spread,False
mlb-cle-min-2026-09-12,mlb-cle-min-2026-09-12|spread|-2.5|78768947611172580058997780885237059077903158235734010324343684478585978073202,spread,True
mlb-cle-min-2026-09-12,mlb-cle-min-2026-09-12|spread|-2.5|78768947611172580058997780885237059077903158235734010324343684478585978073202,spread,True
mlb-cle-min-2026-09-12,mlb-cle-min-2026-09-12|spread|-2.5|78768947611172580058997780885237059077903158235734010324343684478585978073202,spread,False
mlb-cle-min-2026-09-12,mlb-cle-min-2026-09-12|spread|-2.5|78768947611172580058997780885237059077903158235734010324343684478585978073202,spread,False
mlb-cle-min-2026-09-12,mlb-cle-min-2026-09-12|spread|-2.5|78768947611172580058997780885237059077903158235734010324343684478585978073202,spread,False
mlb-cle-min-2026-09-12,mlb-cle-min-2026-09-12|spread|-2.5|78768947611172580058997780885237059077903158235734010324343684478585978073202,spread,True
mlb-cle-min-2026-09-12,mlb-cle-min-2026-09-12|spread|-2.5|78768947611172580058997780885237059077903158235734010324343684478585978073202,spread,True
mlb-cle-min-2026-09-12,mlb-cle-min-2026-09-12|spread|-2.5|78768947611172580058997780885237059077903158235734010324343684478585978073202,spread,True
mlb-cle-min-2026-09-12,mlb-cle-min-2026-09-12|spread|-2.5|78768947611172580058997780885237059077903158235734010324343684478585978073202,spread,False
mlb-cle-min-2026-09-12,mlb-cle-min-2026-09-12|spread|-2.5|78768947611172580058997780885237059077903158235734010324343684478585978073202,spread,True
mlb-cle-min-2026-09-12,mlb-cle-min-2026-09-12|spread|-2.5|78768947611172580058997780885237059077903158235734010324343684478585978073202,spread,False
mlb-cle-min-2026-09-12,mlb-cle-min-2026-09-12|spread|-2.5|78768947611172580058997780885237059077903158235734010324343684478585978073202,spread,False
mlb-cle-min-2026-09-12,mlb-cle-min-2026-09-12|spread|-2.5|78768947611172580058997780885237059077903158235734010324343684478585978073202,spread,True
mlb-cle-min-2026-09-12,mlb-cle-min-2026-09-12|spread|-2.5|78768947611172580058997780885237059077903158235734010324343684478585978073202,spread,False
mlb-cle-min-2026-09-12,mlb-cle-min-2026-09-12|spread|-2.5|78768947611172580058997780885237059077903158235734010324343684478585978073202,spread,False
mlb-cle-min-2026-09-12,mlb-cle-min-2026-09-12|spread|-2.5|78768947611172580058997780885237059077903158235734010324343684478585978073202,spread,False
mlb-cle-min-2026-09-12,mlb-cle-min-2026-09-12|spread|-2.5|78768947611172580058997780885237059077903158235734010324343684478585978073202,spread,True
mlb-cle-min-2026-09-12,mlb-cle-min-2026-09-12|spread|-2.5|78768947611172580058997780885237059077903158235734010324343684478585978073202,spread,True
mlb-cle-min-2026-09-12,mlb-cle-min-2026-09-12|spread|-2.5|78768947611172580058997780885237059077903158235734010324343684478585978073202,spread,True
mlb-cle-min-2026-09-12,mlb-cle-min-2026-09-12|spread|-2.5|78768947611172580058997780885237059077903158235734010324343684478585978073202,spread,False
mlb-cle-min-2026-09-12,mlb-cle-min-2026-09-12|spread|-2.5|78768947611172580058997780885237059077903158235734010324343684478585978073202,spread,True
mlb-cle-min-2026-09-12,mlb-cle-min-2026-09-12|spread|-2.5|78768947611172580058997780885237059077903158235734010324343684478585978073202,spread,False
mlb-cle-min-2026-09-12,mlb-cle-min-2026-09-12|spread|-2.5|78768947611172580058997780885237059077903158235734010324343684478585978073202,spread,True
mlb-cle-min-2026-09-12,mlb-cle-min-2026-09-12|spread|-2.5|78768947611172580058997780885237059077903158235734010324343684478585978073202,spread,True
mlb-cle-min-2026-09-12,mlb-cle-min-2026-09-12|spread|-2.5|78768947611172580058997780885237059077903158235734010324343684478585978073202,spread,True
mlb-cle-min-2026-09-12,mlb-cle-min-2026-09-12|spread|-2.5|78768947611172580058997780885237059077903158235734010324343684478585978073202,spread,False
mlb-cle-min-2026-09-12,mlb-cle-min-2026-09-12|spread|-2.5|78768947611172580058997780885237059077903158235734010324343684478585978073202,spread,False
mlb-cle-min-2026-09-12,mlb-cle-min-2026-09-12|spread|-2.5|78768947611172580058997780885237059077903158235734010324343684478585978073202,spread,False
mlb-cle-min-2026-09-12,mlb-cle-min-2026-09-12|spread|-2.5|78768947611172580058997780885237059077903158235734010324343684478585978073202,spread,False
mlb-cle-min-2026-09-12,mlb-cle-min-2026-09-12|spread|-2.5|78768947611172580058997780885237059077903158235734010324343684478585978073202,spread,True
mlb-cle-min-2026-09-12,mlb-cle-min-2026-09-12|spread|-2.5|78768947611172580058997780885237059077903158235734010324343684478585978073202,spread,False
mlb-cle-min-2026-09-12,mlb-cle-min-2026-09-12|spread|-2.5|78768947611172580058997780885237059077903158235734010324343684478585978073202,spread,True
mlb-cle-min-2026-09-12,mlb-cle-min-2026-09-12|spread|-2.5|78768947611172580058997780885237059077903158235734010324343684478585978073202,spread,False
mlb-cle-min-2026-09-12,mlb-cle-min-2026-09-12|spread|-2.5|78768947611172580058997780885237059077903158235734010324343684478585978073202,spread,False
mlb-cle-min-2026-09-12,mlb-cle-min-2026-09-12|spread|-2.5|78768947611172580058997780885237059077903158235734010324343684478585978073202,spread,True
mlb-cle-min-2026-09-12,mlb-cle-min-2026-09-12|spread|-2.5|78768947611172580058997780885237059077903158235734010324343684478585978073202,spread,True
mlb-cle-min-2026-09-12,mlb-cle-min-2026-09-12|spread|-2.5|78768947611172580058997780885237059077903158235734010324343684478585978073202,spread,False
mlb-cle-min-2026-09-12,mlb-cle-min-2026-09-12|spread|-2.5|78768947611172580058997780885237059077903158235734010324343684478585978073202,spread,True
mlb-cle-min-2026-09-12,mlb-cle-min-2026-09-12|spread|-2.5|78768947611172580058997780885237059077903158235734010324343684478585978073202,spread,False
mlb-cle-min-2026-09-12,mlb-cle-min-2026-09-12|spread|-2.5|78768947611172580058997780885237059077903158235734010324343684478585978073202,spread,False
mlb-cle-min-2026-09-12,mlb-cle-min-2026-09-12|spread|-2.5|78768947611172580058997780885237059077903158235734010324343684478585978073202,spread,True
mlb-cle-min-2026-09-12,mlb-cle-min-2026-09-12|spread|-2.5|78768947611172580058997780885237059077903158235734010324343684478585978073202,spread,False
mlb-cle-min-2026-09-12,mlb-cle-min-2026-09-12|spread|-2.5|78768947611172580058997780885237059077903158235734010324343684478585978073202,spread,True
mlb-cle-min-2026-09-12,mlb-cle-min-2026-09-12|spread|-2.5|78768947611172580058997780885237059077903158235734010324343684478585978073202,spread,True
mlb-cle-min-2026-09-12,mlb-cle-min-2026-09-12|spread|-2.5|78768947611172580058997780885237059077903158235734010324343684478585978073202,spread,False
mlb-cle-min-2026-09-12,mlb-cle-min-2026-09-12|spread|-2.5|78768947611172580058997780885237059077903158235734010324343684478585978073202,spread,True
mlb-cle-min-2026-09-12,mlb-cle-min-2026-09-12|spread|-2.5|78768947611172580058997780885237059077903158235734010324343684478585978073202,spread,False
mlb-cle-min-2026-09-12,mlb-cle-min-2026-09-12|spread|-2.5|78768947611172580058997780885237059077903158235734010324343684478585978073202,spread,True
mlb-col-det-2026-09-12,mlb-col-det-2026-09-12|moneyline|None|32400354811020468444989410749511250097085898452538330185839317606120110088418,moneyline,False
mlb-col-det-2026-09-12,mlb-col-det-2026-09-12|moneyline|None|32400354811020468444989410749511250097085898452538330185839317606120110088418,moneyline,False
mlb-col-det-2026-09-12,mlb-col-det-2026-09-12|moneyline|None|32400354811020468444989410749511250097085898452538330185839317606120110088418,moneyline,False
mlb-col-det-2026-09-12,mlb-col-det-2026-09-12|moneyline|None|32400354811020468444989410749511250097085898452538330185839317606120110088418,moneyline,False
mlb-col-det-2026-09-12,mlb-col-det-2026-09-12|moneyline|None|32400354811020468444989410749511250097085898452538330185839317606120110088418,moneyline,False
mlb-col-det-2026-09-12,mlb-col-det-2026-09-12|moneyline|None|32400354811020468444989410749511250097085898452538330185839317606120110088418,moneyline,True
mlb-col-det-2026-09-12,mlb-col-det-2026-09-12|moneyline|None|32400354811020468444989410749511250097085898452538330185839317606120110088418,moneyline,True
mlb-col-det-2026-09-12,mlb-col-det-2026-09-12|moneyline|None|32400354811020468444989410749511250097085898452538330185839317606120110088418,moneyline,True
mlb-col-det-2026-09-12,mlb-col-det-2026-09-12|moneyline|None|32400354811020468444989410749511250097085898452538330185839317606120110088418,moneyline,True
mlb-col-det-2026-09-12,mlb-col-det-2026-09-12|moneyline|None|32400354811020468444989410749511250097085898452538330185839317606120110088418,moneyline,False
mlb-col-det-2026-09-12,mlb-col-det-2026-09-12|moneyline|None|32400354811020468444989410749511250097085898452538330185839317606120110088418,moneyline,True
mlb-col-det-2026-09-12,mlb-col-det-2026-09-12|moneyline|None|32400354811020468444989410749511250097085898452538330185839317606120110088418,moneyline,False
mlb-col-det-2026-09-12,mlb-col-det-2026-09-12|moneyline|None|32400354811020468444989410749511250097085898452538330185839317606120110088418,moneyline,True
mlb-col-det-2026-09-12,mlb-col-det-2026-09-12|moneyline|None|32400354811020468444989410749511250097085898452538330185839317606120110088418,moneyline,False
mlb-col-det-2026-09-12,mlb-col-det-2026-09-12|moneyline|None|32400354811020468444989410749511250097085898452538330185839317606120110088418,moneyline,False
mlb-col-det-2026-09-12,mlb-col-det-2026-09-12|moneyline|None|32400354811020468444989410749511250097085898452538330185839317606120110088418,moneyline,False
mlb-col-det-2026-09-12,mlb-col-det-2026-09-12|moneyline|None|32400354811020468444989410749511250097085898452538330185839317606120110088418,moneyline,False
mlb-col-det-2026-09-12,mlb-col-det-2026-09-12|moneyline|None|32400354811020468444989410749511250097085898452538330185839317606120110088418,moneyline,True
mlb-col-det-2026-09-12,mlb-col-det-2026-09-12|moneyline|None|32400354811020468444989410749511250097085898452538330185839317606120110088418,moneyline,False
mlb-col-det-2026-09-12,mlb-col-det-2026-09-12|moneyline|None|32400354811020468444989410749511250097085898452538330185839317606120110088418,moneyline,False
mlb-col-det-2026-09-12,mlb-col-det-2026-09-12|moneyline|None|32400354811020468444989410749511250097085898452538330185839317606120110088418,moneyline,True
mlb-col-det-2026-09-12,mlb-col-det-2026-09-12|moneyline|None|32400354811020468444989410749511250097085898452538330185839317606120110088418,moneyline,False
mlb-col-det-2026-09-12,mlb-col-det-2026-09-12|moneyline|None|32400354811020468444989410749511250097085898452538330185839317606120110088418,moneyline,True
mlb-col-det-2026-09-12,mlb-col-det-2026-09-12|moneyline|None|32400354811020468444989410749511250097085898452538330185839317606120110088418,moneyline,True
mlb-col-det-2026-09-12,mlb-col-det-2026-09-12|moneyline|None|32400354811020468444989410749511250097085898452538330185839317606120110088418,moneyline,False
mlb-col-det-2026-09-12,mlb-col-det-2026-09-12|moneyline|None|32400354811020468444989410749511250097085898452538330185839317606120110088418,moneyline,False
mlb-col-det-2026-09-12,mlb-col-det-2026-09-12|moneyline|None|32400354811020468444989410749511250097085898452538330185839317606120110088418,moneyline,False
mlb-col-det-2026-09-12,mlb-col-det-2026-09-12|moneyline|None|32400354811020468444989410749511250097085898452538330185839317606120110088418,moneyline,False
mlb-col-det-2026-09-12,mlb-col-det-2026-09-12|moneyline|None|32400354811020468444989410749511250097085898452538330185839317606120110088418,moneyline,False
mlb-col-det-2026-09-12,mlb-col-det-2026-09-12|moneyline|None|32400354811020468444989410749511250097085898452538330185839317606120110088418,moneyline,True
mlb-col-det-2026-09-12,mlb-col-det-2026-09-12|moneyline|None|32400354811020468444989410749511250097085898452538330185839317606120110088418,moneyline,True
mlb-col-det-2026-09-12,mlb-col-det-2026-09-12|moneyline|None|32400354811020468444989410749511250097085898452538330185839317606120110088418,moneyline,True
mlb-col-det-2026-09-12,mlb-col-det-2026-09-12|moneyline|None|32400354811020468444989410749511250097085898452538330185839317606120110088418,moneyline,True
mlb-col-det-2026-09-12,mlb-col-det-2026-09-12|moneyline|None|32400354811020468444989410749511250097085898452538330185839317606120110088418,moneyline,False
mlb-col-det-2026-09-12,mlb-col-det-2026-09-12|moneyline|None|32400354811020468444989410749511250097085898452538330185839317606120110088418,moneyline,False
mlb-col-det-2026-09-12,mlb-col-det-2026-09-12|moneyline|None|32400354811020468444989410749511250097085898452538330185839317606120110088418,moneyline,True
mlb-col-det-2026-09-12,mlb-col-det-2026-09-12|moneyline|None|32400354811020468444989410749511250097085898452538330185839317606120110088418,moneyline,False
mlb-col-det-2026-09-12,mlb-col-det-2026-09-12|moneyline|None|32400354811020468444989410749511250097085898452538330185839317606120110088418,moneyline,True
mlb-col-det-2026-09-12,mlb-col-det-2026-09-12|moneyline|None|32400354811020468444989410749511250097085898452538330185839317606120110088418,moneyline,True
mlb-col-det-2026-09-12,mlb-col-det-2026-09-12|moneyline|None|32400354811020468444989410749511250097085898452538330185839317606120110088418,moneyline,True
mlb-col-det-2026-09-12,mlb-col-det-2026-09-12|moneyline|None|32400354811020468444989410749511250097085898452538330185839317606120110088418,moneyline,False
mlb-col-det-2026-09-12,mlb-col-det-2026-09-12|moneyline|None|32400354811020468444989410749511250097085898452538330185839317606120110088418,moneyline,True
mlb-col-det-2026-09-12,mlb-col-det-2026-09-12|moneyline|None|32400354811020468444989410749511250097085898452538330185839317606120110088418,moneyline,False
mlb-col-det-2026-09-12,mlb-col-det-2026-09-12|moneyline|None|32400354811020468444989410749511250097085898452538330185839317606120110088418,moneyline,True
mlb-col-det-2026-09-12,mlb-col-det-2026-09-12|moneyline|None|32400354811020468444989410749511250097085898452538330185839317606120110088418,moneyline,False
mlb-col-det-2026-09-12,mlb-col-det-2026-09-12|moneyline|None|32400354811020468444989410749511250097085898452538330185839317606120110088418,moneyline,True
mlb-col-det-2026-09-12,mlb-col-det-2026-09-12|moneyline|None|32400354811020468444989410749511250097085898452538330185839317606120110088418,moneyline,True
mlb-col-det-2026-09-12,mlb-col-det-2026-09-12|moneyline|None|32400354811020468444989410749511250097085898452538330185839317606120110088418,moneyline,False
mlb-col-det-2026-09-12,mlb-col-det-2026-09-12|moneyline|None|32400354811020468444989410749511250097085898452538330185839317606120110088418,moneyline,True
mlb-col-det-2026-09-12,mlb-col-det-2026-09-12|moneyline|None|32400354811020468444989410749511250097085898452538330185839317606120110088418,moneyline,True
mlb-col-det-2026-09-12,mlb-col-det-2026-09-12|moneyline|None|32400354811020468444989410749511250097085898452538330185839317606120110088418,moneyline,False
mlb-col-det-2026-09-12,mlb-col-det-2026-09-12|moneyline|None|32400354811020468444989410749511250097085898452538330185839317606120110088418,moneyline,False
mlb-col-det-2026-09-12,mlb-col-det-2026-09-12|moneyline|None|32400354811020468444989410749511250097085898452538330185839317606120110088418,moneyline,True
mlb-col-det-2026-09-12,mlb-col-det-2026-09-12|moneyline|None|32400354811020468444989410749511250097085898452538330185839317606120110088418,moneyline,False
mlb-col-det-2026-09-12,mlb-col-det-2026-09-12|moneyline|None|32400354811020468444989410749511250097085898452538330185839317606120110088418,moneyline,True
mlb-col-det-2026-09-12,mlb-col-det-2026-09-12|moneyline|None|32400354811020468444989410749511250097085898452538330185839317606120110088418,moneyline,True
mlb-col-det-2026-09-12,mlb-col-det-2026-09-12|moneyline|None|32400354811020468444989410749511250097085898452538330185839317606120110088418,moneyline,False
mlb-col-det-2026-09-12,mlb-col-det-2026-09-12|moneyline|None|32400354811020468444989410749511250097085898452538330185839317606120110088418,moneyline,False
mlb-col-det-2026-09-12,mlb-col-det-2026-09-12|moneyline|None|32400354811020468444989410749511250097085898452538330185839317606120110088418,moneyline,False
mlb-col-det-2026-09-12,mlb-col-det-2026-09-12|moneyline|None|32400354811020468444989410749511250097085898452538330185839317606120110088418,moneyline,False
mlb-col-det-2026-09-12,mlb-col-det-2026-09-12|moneyline|None|32400354811020468444989410749511250097085898452538330185839317606120110088418,moneyline,True
mlb-col-det-2026-09-12,mlb-col-det-2026-09-12|moneyline|None|32400354811020468444989410749511250097085898452538330185839317606120110088418,moneyline,True
mlb-col-det-2026-09-12,mlb-col-det-2026-09-12|moneyline|None|32400354811020468444989410749511250097085898452538330185839317606120110088418,moneyline,True
mlb-col-det-2026-09-12,mlb-col-det-2026-09-12|moneyline|None|32400354811020468444989410749511250097085898452538330185839317606120110088418,moneyline,True
mlb-col-det-2026-09-12,mlb-col-det-2026-09-12|moneyline|None|32400354811020468444989410749511250097085898452538330185839317606120110088418,moneyline,False
mlb-col-det-2026-09-12,mlb-col-det-2026-09-12|moneyline|None|32400354811020468444989410749511250097085898452538330185839317606120110088418,moneyline,True
mlb-col-det-2026-09-12,mlb-col-det-2026-09-12|moneyline|None|32400354811020468444989410749511250097085898452538330185839317606120110088418,moneyline,True
mlb-col-det-2026-09-12,mlb-col-det-2026-09-12|moneyline|None|32400354811020468444989410749511250097085898452538330185839317606120110088418,moneyline,False
mlb-col-det-2026-09-12,mlb-col-det-2026-09-12|moneyline|None|32400354811020468444989410749511250097085898452538330185839317606120110088418,moneyline,False
mlb-col-det-2026-09-12,mlb-col-det-2026-09-12|moneyline|None|32400354811020468444989410749511250097085898452538330185839317606120110088418,moneyline,True
mlb-col-det-2026-09-12,mlb-col-det-2026-09-12|moneyline|None|32400354811020468444989410749511250097085898452538330185839317606120110088418,moneyline,False
mlb-col-det-2026-09-12,mlb-col-det-2026-09-12|moneyline|None|32400354811020468444989410749511250097085898452538330185839317606120110088418,moneyline,False
mlb-col-det-2026-09-12,mlb-col-det-2026-09-12|moneyline|None|32400354811020468444989410749511250097085898452538330185839317606120110088418,moneyline,True
mlb-col-det-2026-09-12,mlb-col-det-2026-09-12|moneyline|None|32400354811020468444989410749511250097085898452538330185839317606120110088418,moneyline,False
mlb-col-det-2026-09-12,mlb-col-det-2026-09-12|moneyline|None|32400354811020468444989410749511250097085898452538330185839317606120110088418,moneyline,False
mlb-col-det-2026-09-12,mlb-col-det-2026-09-12|moneyline|None|32400354811020468444989410749511250097085898452538330185839317606120110088418,moneyline,False
mlb-col-det-2026-09-12,mlb-col-det-2026-09-12|spread|-1.5|28376462789612920311838038922709827996505213277278540828608040174748928504136,spread,False
mlb-col-det-2026-09-12,mlb-col-det-2026-09-12|spread|-1.5|28376462789612920311838038922709827996505213277278540828608040174748928504136,spread,False
mlb-col-det-2026-09-12,mlb-col-det-2026-09-12|spread|-1.5|28376462789612920311838038922709827996505213277278540828608040174748928504136,spread,False
mlb-col-det-2026-09-12,mlb-col-det-2026-09-12|spread|-1.5|28376462789612920311838038922709827996505213277278540828608040174748928504136,spread,True
mlb-col-det-2026-09-12,mlb-col-det-2026-09-12|spread|-1.5|28376462789612920311838038922709827996505213277278540828608040174748928504136,spread,True
mlb-col-det-2026-09-12,mlb-col-det-2026-09-12|spread|-1.5|28376462789612920311838038922709827996505213277278540828608040174748928504136,spread,True
mlb-col-det-2026-09-12,mlb-col-det-2026-09-12|spread|-1.5|28376462789612920311838038922709827996505213277278540828608040174748928504136,spread,False
mlb-col-det-2026-09-12,mlb-col-det-2026-09-12|spread|-1.5|28376462789612920311838038922709827996505213277278540828608040174748928504136,spread,True
mlb-col-det-2026-09-12,mlb-col-det-2026-09-12|spread|-1.5|28376462789612920311838038922709827996505213277278540828608040174748928504136,spread,False
mlb-col-det-2026-09-12,mlb-col-det-2026-09-12|spread|-1.5|28376462789612920311838038922709827996505213277278540828608040174748928504136,spread,False
mlb-col-det-2026-09-12,mlb-col-det-2026-09-12|spread|-1.5|28376462789612920311838038922709827996505213277278540828608040174748928504136,spread,True
mlb-col-det-2026-09-12,mlb-col-det-2026-09-12|spread|-1.5|28376462789612920311838038922709827996505213277278540828608040174748928504136,spread,False
mlb-col-det-2026-09-12,mlb-col-det-2026-09-12|spread|-1.5|28376462789612920311838038922709827996505213277278540828608040174748928504136,spread,False
mlb-col-det-2026-09-12,mlb-col-det-2026-09-12|spread|-1.5|28376462789612920311838038922709827996505213277278540828608040174748928504136,spread,True
mlb-col-det-2026-09-12,mlb-col-det-2026-09-12|spread|-1.5|28376462789612920311838038922709827996505213277278540828608040174748928504136,spread,False
mlb-col-det-2026-09-12,mlb-col-det-2026-09-12|spread|-1.5|28376462789612920311838038922709827996505213277278540828608040174748928504136,spread,False
mlb-col-det-2026-09-12,mlb-col-det-2026-09-12|spread|-1.5|28376462789612920311838038922709827996505213277278540828608040174748928504136,spread,False
mlb-col-det-2026-09-12,mlb-col-det-2026-09-12|spread|-1.5|28376462789612920311838038922709827996505213277278540828608040174748928504136,spread,False
mlb-col-det-2026-09-12,mlb-col-det-2026-09-12|spread|-1.5|28376462789612920311838038922709827996505213277278540828608040174748928504136,spread,True
mlb-col-det-2026-09-12,mlb-col-det-2026-09-12|spread|-1.5|28376462789612920311838038922709827996505213277278540828608040174748928504136,spread,False
mlb-col-det-2026-09-12,mlb-col-det-2026-09-12|spread|-1.5|28376462789612920311838038922709827996505213277278540828608040174748928504136,spread,True
mlb-col-det-2026-09-12,mlb-col-det-2026-09-12|spread|-1.5|28376462789612920311838038922709827996505213277278540828608040174748928504136,spread,False
mlb-col-det-2026-09-12,mlb-col-det-2026-09-12|spread|-1.5|28376462789612920311838038922709827996505213277278540828608040174748928504136,spread,True
mlb-col-det-2026-09-12,mlb-col-det-2026-09-12|spread|-1.5|28376462789612920311838038922709827996505213277278540828608040174748928504136,spread,True
mlb-col-det-2026-09-12,mlb-col-det-2026-09-12|spread|-1.5|28376462789612920311838038922709827996505213277278540828608040174748928504136,spread,False
mlb-col-det-2026-09-12,mlb-col-det-2026-09-12|spread|-1.5|28376462789612920311838038922709827996505213277278540828608040174748928504136,spread,False
mlb-col-det-2026-09-12,mlb-col-det-2026-09-12|spread|-1.5|28376462789612920311838038922709827996505213277278540828608040174748928504136,spread,False
mlb-col-det-2026-09-12,mlb-col-det-2026-09-12|spread|-1.5|28376462789612920311838038922709827996505213277278540828608040174748928504136,spread,True
mlb-col-det-2026-09-12,mlb-col-det-2026-09-12|spread|-1.5|28376462789612920311838038922709827996505213277278540828608040174748928504136,spread,False
mlb-col-det-2026-09-12,mlb-col-det-2026-09-12|spread|-1.5|28376462789612920311838038922709827996505213277278540828608040174748928504136,spread,True
mlb-col-det-2026-09-12,mlb-col-det-2026-09-12|spread|-1.5|28376462789612920311838038922709827996505213277278540828608040174748928504136,spread,False
mlb-col-det-2026-09-12,mlb-col-det-2026-09-12|spread|-1.5|28376462789612920311838038922709827996505213277278540828608040174748928504136,spread,True
mlb-col-det-2026-09-12,mlb-col-det-2026-09-12|spread|-1.5|28376462789612920311838038922709827996505213277278540828608040174748928504136,spread,True
mlb-col-det-2026-09-12,mlb-col-det-2026-09-12|spread|-1.5|28376462789612920311838038922709827996505213277278540828608040174748928504136,spread,False
mlb-col-det-2026-09-12,mlb-col-det-2026-09-12|spread|-1.5|28376462789612920311838038922709827996505213277278540828608040174748928504136,spread,True
mlb-col-det-2026-09-12,mlb-col-det-2026-09-12|spread|-1.5|28376462789612920311838038922709827996505213277278540828608040174748928504136,spread,True
mlb-col-det-2026-09-12,mlb-col-det-2026-09-12|spread|-1.5|28376462789612920311838038922709827996505213277278540828608040174748928504136,spread,False
mlb-col-det-2026-09-12,mlb-col-det-2026-09-12|spread|-1.5|28376462789612920311838038922709827996505213277278540828608040174748928504136,spread,True
mlb-col-det-2026-09-12,mlb-col-det-2026-09-12|spread|-1.5|28376462789612920311838038922709827996505213277278540828608040174748928504136,spread,False
mlb-col-det-2026-09-12,mlb-col-det-2026-09-12|spread|-1.5|28376462789612920311838038922709827996505213277278540828608040174748928504136,spread,False
mlb-col-det-2026-09-12,mlb-col-det-2026-09-12|spread|-1.5|28376462789612920311838038922709827996505213277278540828608040174748928504136,spread,False
mlb-col-det-2026-09-12,mlb-col-det-2026-09-12|spread|-1.5|28376462789612920311838038922709827996505213277278540828608040174748928504136,spread,True
mlb-col-det-2026-09-12,mlb-col-det-2026-09-12|spread|-1.5|28376462789612920311838038922709827996505213277278540828608040174748928504136,spread,False
mlb-col-det-2026-09-12,mlb-col-det-2026-09-12|spread|-1.5|28376462789612920311838038922709827996505213277278540828608040174748928504136,spread,False
mlb-col-det-2026-09-12,mlb-col-det-2026-09-12|spread|-1.5|28376462789612920311838038922709827996505213277278540828608040174748928504136,spread,False
mlb-col-det-2026-09-12,mlb-col-det-2026-09-12|spread|-1.5|28376462789612920311838038922709827996505213277278540828608040174748928504136,spread,True
mlb-col-det-2026-09-12,mlb-col-det-2026-09-12|spread|-1.5|28376462789612920311838038922709827996505213277278540828608040174748928504136,spread,False
mlb-col-det-2026-09-12,mlb-col-det-2026-09-12|spread|-1.5|28376462789612920311838038922709827996505213277278540828608040174748928504136,spread,True
mlb-col-det-2026-09-12,mlb-col-det-2026-09-12|spread|-1.5|28376462789612920311838038922709827996505213277278540828608040174748928504136,spread,False
mlb-col-det-2026-09-12,mlb-col-det-2026-09-12|spread|-1.5|28376462789612920311838038922709827996505213277278540828608040174748928504136,spread,True
mlb-col-det-2026-09-12,mlb-col-det-2026-09-12|spread|-1.5|28376462789612920311838038922709827996505213277278540828608040174748928504136,spread,False
mlb-col-det-2026-09-12,mlb-col-det-2026-09-12|spread|-1.5|28376462789612920311838038922709827996505213277278540828608040174748928504136,spread,True
mlb-col-det-2026-09-12,mlb-col-det-2026-09-12|spread|-1.5|28376462789612920311838038922709827996505213277278540828608040174748928504136,spread,False
mlb-col-det-2026-09-12,mlb-col-det-2026-09-12|spread|-1.5|28376462789612920311838038922709827996505213277278540828608040174748928504136,spread,False
mlb-col-det-2026-09-12,mlb-col-det-2026-09-12|spread|-1.5|28376462789612920311838038922709827996505213277278540828608040174748928504136,spread,True
mlb-col-det-2026-09-12,mlb-col-det-2026-09-12|spread|-1.5|28376462789612920311838038922709827996505213277278540828608040174748928504136,spread,True
mlb-col-det-2026-09-12,mlb-col-det-2026-09-12|spread|-1.5|28376462789612920311838038922709827996505213277278540828608040174748928504136,spread,True
mlb-col-det-2026-09-12,mlb-col-det-2026-09-12|spread|-1.5|28376462789612920311838038922709827996505213277278540828608040174748928504136,spread,False
mlb-col-det-2026-09-12,mlb-col-det-2026-09-12|spread|-1.5|28376462789612920311838038922709827996505213277278540828608040174748928504136,spread,False
mlb-col-det-2026-09-12,mlb-col-det-2026-09-12|spread|-1.5|28376462789612920311838038922709827996505213277278540828608040174748928504136,spread,False
mlb-col-det-2026-09-12,mlb-col-det-2026-09-12|spread|-1.5|28376462789612920311838038922709827996505213277278540828608040174748928504136,spread,True
mlb-col-det-2026-09-12,mlb-col-det-2026-09-12|spread|-1.5|28376462789612920311838038922709827996505213277278540828608040174748928504136,spread,False
mlb-col-det-2026-09-12,mlb-col-det-2026-09-12|spread|-1.5|28376462789612920311838038922709827996505213277278540828608040174748928504136,spread,True
mlb-col-det-2026-09-12,mlb-col-det-2026-09-12|spread|-1.5|28376462789612920311838038922709827996505213277278540828608040174748928504136,spread,True
mlb-col-det-2026-09-12,mlb-col-det-2026-09-12|spread|-1.5|28376462789612920311838038922709827996505213277278540828608040174748928504136,spread,True
mlb-col-det-2026-09-12,mlb-col-det-2026-09-12|spread|-1.5|28376462789612920311838038922709827996505213277278540828608040174748928504136,spread,True
mlb-col-det-2026-09-12,mlb-col-det-2026-09-12|spread|-1.5|28376462789612920311838038922709827996505213277278540828608040174748928504136,spread,True
mlb-col-det-2026-09-12,mlb-col-det-2026-09-12|spread|-1.5|28376462789612920311838038922709827996505213277278540828608040174748928504136,spread,True
mlb-col-det-2026-09-12,mlb-col-det-2026-09-12|spread|-1.5|28376462789612920311838038922709827996505213277278540828608040174748928504136,spread,True
mlb-col-det-2026-09-12,mlb-col-det-2026-09-12|spread|-1.5|28376462789612920311838038922709827996505213277278540828608040174748928504136,spread,True
mlb-col-det-2026-09-12,mlb-col-det-2026-09-12|spread|-1.5|28376462789612920311838038922709827996505213277278540828608040174748928504136,spread,True
mlb-col-det-2026-09-12,mlb-col-det-2026-09-12|spread|-1.5|28376462789612920311838038922709827996505213277278540828608040174748928504136,spread,False
mlb-col-det-2026-09-12,mlb-col-det-2026-09-12|spread|-1.5|28376462789612920311838038922709827996505213277278540828608040174748928504136,spread,False
mlb-col-det-2026-09-12,mlb-col-det-2026-09-12|spread|-1.5|28376462789612920311838038922709827996505213277278540828608040174748928504136,spread,True
mlb-col-det-2026-09-12,mlb-col-det-2026-09-12|spread|-1.5|28376462789612920311838038922709827996505213277278540828608040174748928504136,spread,True
mlb-col-det-2026-09-12,mlb-col-det-2026-09-12|spread|-1.5|28376462789612920311838038922709827996505213277278540828608040174748928504136,spread,True
mlb-col-det-2026-09-12,mlb-col-det-2026-09-12|spread|-1.5|28376462789612920311838038922709827996505213277278540828608040174748928504136,spread,True
mlb-col-det-2026-09-12,mlb-col-det-2026-09-12|spread|-1.5|28376462789612920311838038922709827996505213277278540828608040174748928504136,spread,True
mlb-col-det-2026-09-12,mlb-col-det-2026-09-12|spread|-1.5|28376462789612920311838038922709827996505213277278540828608040174748928504136,spread,True
mlb-col-det-2026-09-12,mlb-col-det-2026-09-12|spread|-1.5|28376462789612920311838038922709827996505213277278540828608040174748928504136,spread,False
mlb-col-det-2026-09-12,mlb-col-det-2026-09-12|spread|-1.5|28376462789612920311838038922709827996505213277278540828608040174748928504136,spread,False
mlb-col-det-2026-09-12,mlb-col-det-2026-09-12|spread|-1.5|28376462789612920311838038922709827996505213277278540828608040174748928504136,spread,False
mlb-col-det-2026-09-12,mlb-col-det-2026-09-12|spread|-1.5|28376462789612920311838038922709827996505213277278540828608040174748928504136,spread,False
mlb-col-det-2026-09-12,mlb-col-det-2026-09-12|spread|-1.5|28376462789612920311838038922709827996505213277278540828608040174748928504136,spread,False
mlb-col-det-2026-09-12,mlb-col-det-2026-09-12|spread|-1.5|28376462789612920311838038922709827996505213277278540828608040174748928504136,spread,True
mlb-col-det-2026-09-12,mlb-col-det-2026-09-12|spread|-1.5|28376462789612920311838038922709827996505213277278540828608040174748928504136,spread,True
mlb-col-det-2026-09-12,mlb-col-det-2026-09-12|spread|-1.5|28376462789612920311838038922709827996505213277278540828608040174748928504136,spread,True
mlb-col-det-2026-09-12,mlb-col-det-2026-09-12|spread|-1.5|28376462789612920311838038922709827996505213277278540828608040174748928504136,spread,True
mlb-col-det-2026-09-12,mlb-col-det-2026-09-12|spread|-1.5|28376462789612920311838038922709827996505213277278540828608040174748928504136,spread,True
mlb-col-det-2026-09-12,mlb-col-det-2026-09-12|spread|-1.5|28376462789612920311838038922709827996505213277278540828608040174748928504136,spread,True
mlb-col-det-2026-09-12,mlb-col-det-2026-09-12|spread|-1.5|28376462789612920311838038922709827996505213277278540828608040174748928504136,spread,False
mlb-col-det-2026-09-12,mlb-col-det-2026-09-12|spread|-1.5|28376462789612920311838038922709827996505213277278540828608040174748928504136,spread,True
mlb-col-det-2026-09-12,mlb-col-det-2026-09-12|spread|-1.5|28376462789612920311838038922709827996505213277278540828608040174748928504136,spread,True
mlb-col-det-2026-09-12,mlb-col-det-2026-09-12|spread|-1.5|28376462789612920311838038922709827996505213277278540828608040174748928504136,spread,True
mlb-col-det-2026-09-12,mlb-col-det-2026-09-12|spread|-1.5|28376462789612920311838038922709827996505213277278540828608040174748928504136,spread,False
mlb-col-det-2026-09-12,mlb-col-det-2026-09-12|spread|-1.5|28376462789612920311838038922709827996505213277278540828608040174748928504136,spread,False
mlb-col-det-2026-09-12,mlb-col-det-2026-09-12|spread|-1.5|28376462789612920311838038922709827996505213277278540828608040174748928504136,spread,True
mlb-col-det-2026-09-12,mlb-col-det-2026-09-12|spread|-1.5|28376462789612920311838038922709827996505213277278540828608040174748928504136,spread,True
mlb-col-det-2026-09-12,mlb-col-det-2026-09-12|spread|-1.5|28376462789612920311838038922709827996505213277278540828608040174748928504136,spread,True
mlb-col-det-2026-09-12,mlb-col-det-2026-09-12|spread|-1.5|28376462789612920311838038922709827996505213277278540828608040174748928504136,spread,True
mlb-col-det-2026-09-12,mlb-col-det-2026-09-12|spread|-1.5|2917991859111930325572302755859438211107303181882012899830843873928024453819,spread,False
mlb-col-det-2026-09-12,mlb-col-det-2026-09-12|spread|-1.5|2917991859111930325572302755859438211107303181882012899830843873928024453819,spread,True
mlb-col-det-2026-09-12,mlb-col-det-2026-09-12|spread|-1.5|2917991859111930325572302755859438211107303181882012899830843873928024453819,spread,False
mlb-col-det-2026-09-12,mlb-col-det-2026-09-12|spread|-1.5|2917991859111930325572302755859438211107303181882012899830843873928024453819,spread,False
mlb-col-det-2026-09-12,mlb-col-det-2026-09-12|spread|-1.5|2917991859111930325572302755859438211107303181882012899830843873928024453819,spread,False
mlb-col-det-2026-09-12,mlb-col-det-2026-09-12|spread|-1.5|2917991859111930325572302755859438211107303181882012899830843873928024453819,spread,False
mlb-col-det-2026-09-12,mlb-col-det-2026-09-12|spread|-1.5|2917991859111930325572302755859438211107303181882012899830843873928024453819,spread,False
mlb-col-det-2026-09-12,mlb-col-det-2026-09-12|spread|-1.5|2917991859111930325572302755859438211107303181882012899830843873928024453819,spread,True
mlb-col-det-2026-09-12,mlb-col-det-2026-09-12|spread|-1.5|2917991859111930325572302755859438211107303181882012899830843873928024453819,spread,True
mlb-col-det-2026-09-12,mlb-col-det-2026-09-12|spread|-1.5|2917991859111930325572302755859438211107303181882012899830843873928024453819,spread,True
mlb-col-det-2026-09-12,mlb-col-det-2026-09-12|spread|-1.5|2917991859111930325572302755859438211107303181882012899830843873928024453819,spread,True
mlb-col-det-2026-09-12,mlb-col-det-2026-09-12|spread|-1.5|2917991859111930325572302755859438211107303181882012899830843873928024453819,spread,False
mlb-col-det-2026-09-12,mlb-col-det-2026-09-12|spread|-1.5|2917991859111930325572302755859438211107303181882012899830843873928024453819,spread,False
mlb-col-det-2026-09-12,mlb-col-det-2026-09-12|spread|-1.5|2917991859111930325572302755859438211107303181882012899830843873928024453819,spread,True
mlb-col-det-2026-09-12,mlb-col-det-2026-09-12|spread|-1.5|2917991859111930325572302755859438211107303181882012899830843873928024453819,spread,False
mlb-col-det-2026-09-12,mlb-col-det-2026-09-12|spread|-1.5|2917991859111930325572302755859438211107303181882012899830843873928024453819,spread,True
mlb-col-det-2026-09-12,mlb-col-det-2026-09-12|spread|-1.5|2917991859111930325572302755859438211107303181882012899830843873928024453819,spread,True
mlb-col-det-2026-09-12,mlb-col-det-2026-09-12|spread|-1.5|2917991859111930325572302755859438211107303181882012899830843873928024453819,spread,True
mlb-col-det-2026-09-12,mlb-col-det-2026-09-12|spread|-1.5|2917991859111930325572302755859438211107303181882012899830843873928024453819,spread,False
mlb-col-det-2026-09-12,mlb-col-det-2026-09-12|spread|-1.5|2917991859111930325572302755859438211107303181882012899830843873928024453819,spread,True
mlb-col-det-2026-09-12,mlb-col-det-2026-09-12|spread|-1.5|2917991859111930325572302755859438211107303181882012899830843873928024453819,spread,True
mlb-col-det-2026-09-12,mlb-col-det-2026-09-12|spread|-1.5|2917991859111930325572302755859438211107303181882012899830843873928024453819,spread,True
mlb-col-det-2026-09-12,mlb-col-det-2026-09-12|spread|-1.5|2917991859111930325572302755859438211107303181882012899830843873928024453819,spread,False
mlb-col-det-2026-09-12,mlb-col-det-2026-09-12|spread|-1.5|2917991859111930325572302755859438211107303181882012899830843873928024453819,spread,False
mlb-col-det-2026-09-12,mlb-col-det-2026-09-12|spread|-1.5|2917991859111930325572302755859438211107303181882012899830843873928024453819,spread,False
mlb-col-det-2026-09-12,mlb-col-det-2026-09-12|spread|-1.5|2917991859111930325572302755859438211107303181882012899830843873928024453819,spread,False
mlb-col-det-2026-09-12,mlb-col-det-2026-09-12|spread|-1.5|2917991859111930325572302755859438211107303181882012899830843873928024453819,spread,False
mlb-col-det-2026-09-12,mlb-col-det-2026-09-12|spread|-1.5|2917991859111930325572302755859438211107303181882012899830843873928024453819,spread,False
mlb-col-det-2026-09-12,mlb-col-det-2026-09-12|spread|-1.5|2917991859111930325572302755859438211107303181882012899830843873928024453819,spread,False
mlb-col-det-2026-09-12,mlb-col-det-2026-09-12|spread|-1.5|2917991859111930325572302755859438211107303181882012899830843873928024453819,spread,True
mlb-col-det-2026-09-12,mlb-col-det-2026-09-12|spread|-1.5|2917991859111930325572302755859438211107303181882012899830843873928024453819,spread,True
mlb-col-det-2026-09-12,mlb-col-det-2026-09-12|spread|-1.5|2917991859111930325572302755859438211107303181882012899830843873928024453819,spread,False
mlb-col-det-2026-09-12,mlb-col-det-2026-09-12|spread|-1.5|2917991859111930325572302755859438211107303181882012899830843873928024453819,spread,True
mlb-col-det-2026-09-12,mlb-col-det-2026-09-12|spread|-1.5|2917991859111930325572302755859438211107303181882012899830843873928024453819,spread,False
mlb-col-det-2026-09-12,mlb-col-det-2026-09-12|spread|-1.5|2917991859111930325572302755859438211107303181882012899830843873928024453819,spread,False
mlb-col-det-2026-09-12,mlb-col-det-2026-09-12|spread|-1.5|2917991859111930325572302755859438211107303181882012899830843873928024453819,spread,False
mlb-col-det-2026-09-12,mlb-col-det-2026-09-12|spread|-1.5|2917991859111930325572302755859438211107303181882012899830843873928024453819,spread,False
mlb-col-det-2026-09-12,mlb-col-det-2026-09-12|spread|-1.5|2917991859111930325572302755859438211107303181882012899830843873928024453819,spread,False
mlb-col-det-2026-09-12,mlb-col-det-2026-09-12|spread|-1.5|2917991859111930325572302755859438211107303181882012899830843873928024453819,spread,False
mlb-col-det-2026-09-12,mlb-col-det-2026-09-12|spread|-1.5|2917991859111930325572302755859438211107303181882012899830843873928024453819,spread,False
mlb-col-det-2026-09-12,mlb-col-det-2026-09-12|spread|-1.5|2917991859111930325572302755859438211107303181882012899830843873928024453819,spread,True
mlb-col-det-2026-09-12,mlb-col-det-2026-09-12|spread|-1.5|2917991859111930325572302755859438211107303181882012899830843873928024453819,spread,False
mlb-col-det-2026-09-12,mlb-col-det-2026-09-12|spread|-1.5|2917991859111930325572302755859438211107303181882012899830843873928024453819,spread,True
mlb-col-det-2026-09-12,mlb-col-det-2026-09-12|spread|-1.5|2917991859111930325572302755859438211107303181882012899830843873928024453819,spread,False
mlb-col-det-2026-09-12,mlb-col-det-2026-09-12|spread|-1.5|2917991859111930325572302755859438211107303181882012899830843873928024453819,spread,True
mlb-col-det-2026-09-12,mlb-col-det-2026-09-12|spread|-1.5|2917991859111930325572302755859438211107303181882012899830843873928024453819,spread,False
mlb-col-det-2026-09-12,mlb-col-det-2026-09-12|spread|-1.5|2917991859111930325572302755859438211107303181882012899830843873928024453819,spread,True
mlb-col-det-2026-09-12,mlb-col-det-2026-09-12|spread|-1.5|2917991859111930325572302755859438211107303181882012899830843873928024453819,spread,True
mlb-col-det-2026-09-12,mlb-col-det-2026-09-12|spread|-1.5|2917991859111930325572302755859438211107303181882012899830843873928024453819,spread,True
mlb-col-det-2026-09-12,mlb-col-det-2026-09-12|spread|-1.5|2917991859111930325572302755859438211107303181882012899830843873928024453819,spread,False
mlb-col-det-2026-09-12,mlb-col-det-2026-09-12|spread|-1.5|2917991859111930325572302755859438211107303181882012899830843873928024453819,spread,False
mlb-col-det-2026-09-12,mlb-col-det-2026-09-12|spread|-1.5|2917991859111930325572302755859438211107303181882012899830843873928024453819,spread,False
mlb-col-det-2026-09-12,mlb-col-det-2026-09-12|spread|-1.5|2917991859111930325572302755859438211107303181882012899830843873928024453819,spread,False
mlb-col-det-2026-09-12,mlb-col-det-2026-09-12|spread|-1.5|2917991859111930325572302755859438211107303181882012899830843873928024453819,spread,False
mlb-col-det-2026-09-12,mlb-col-det-2026-09-12|spread|-1.5|2917991859111930325572302755859438211107303181882012899830843873928024453819,spread,False
mlb-col-det-2026-09-12,mlb-col-det-2026-09-12|spread|-1.5|2917991859111930325572302755859438211107303181882012899830843873928024453819,spread,True
mlb-col-det-2026-09-12,mlb-col-det-2026-09-12|spread|-1.5|2917991859111930325572302755859438211107303181882012899830843873928024453819,spread,True
mlb-col-det-2026-09-12,mlb-col-det-2026-09-12|spread|-1.5|2917991859111930325572302755859438211107303181882012899830843873928024453819,spread,True
mlb-col-det-2026-09-12,mlb-col-det-2026-09-12|spread|-1.5|2917991859111930325572302755859438211107303181882012899830843873928024453819,spread,True
mlb-col-det-2026-09-12,mlb-col-det-2026-09-12|spread|-1.5|2917991859111930325572302755859438211107303181882012899830843873928024453819,spread,False
mlb-col-det-2026-09-12,mlb-col-det-2026-09-12|spread|-1.5|2917991859111930325572302755859438211107303181882012899830843873928024453819,spread,True
mlb-col-det-2026-09-12,mlb-col-det-2026-09-12|spread|-1.5|2917991859111930325572302755859438211107303181882012899830843873928024453819,spread,True
mlb-col-det-2026-09-12,mlb-col-det-2026-09-12|spread|-1.5|2917991859111930325572302755859438211107303181882012899830843873928024453819,spread,True
mlb-col-det-2026-09-12,mlb-col-det-2026-09-12|spread|-1.5|2917991859111930325572302755859438211107303181882012899830843873928024453819,spread,False
mlb-col-det-2026-09-12,mlb-col-det-2026-09-12|spread|-1.5|2917991859111930325572302755859438211107303181882012899830843873928024453819,spread,False
mlb-col-det-2026-09-12,mlb-col-det-2026-09-12|spread|-1.5|2917991859111930325572302755859438211107303181882012899830843873928024453819,spread,True
mlb-col-det-2026-09-12,mlb-col-det-2026-09-12|spread|-1.5|2917991859111930325572302755859438211107303181882012899830843873928024453819,spread,False
mlb-col-det-2026-09-12,mlb-col-det-2026-09-12|spread|-1.5|2917991859111930325572302755859438211107303181882012899830843873928024453819,spread,False
mlb-col-det-2026-09-12,mlb-col-det-2026-09-12|spread|-1.5|2917991859111930325572302755859438211107303181882012899830843873928024453819,spread,True
mlb-col-det-2026-09-12,mlb-col-det-2026-09-12|spread|-1.5|2917991859111930325572302755859438211107303181882012899830843873928024453819,spread,False
mlb-col-det-2026-09-12,mlb-col-det-2026-09-12|spread|-1.5|2917991859111930325572302755859438211107303181882012899830843873928024453819,spread,True
mlb-col-det-2026-09-12,mlb-col-det-2026-09-12|spread|-1.5|2917991859111930325572302755859438211107303181882012899830843873928024453819,spread,True
mlb-col-det-2026-09-12,mlb-col-det-2026-09-12|spread|-1.5|2917991859111930325572302755859438211107303181882012899830843873928024453819,spread,True
mlb-col-det-2026-09-12,mlb-col-det-2026-09-12|spread|-1.5|2917991859111930325572302755859438211107303181882012899830843873928024453819,spread,True
mlb-col-det-2026-09-12,mlb-col-det-2026-09-12|spread|-1.5|2917991859111930325572302755859438211107303181882012899830843873928024453819,spread,True
mlb-col-det-2026-09-12,mlb-col-det-2026-09-12|spread|-1.5|2917991859111930325572302755859438211107303181882012899830843873928024453819,spread,True
mlb-col-det-2026-09-12,mlb-col-det-2026-09-12|spread|-1.5|2917991859111930325572302755859438211107303181882012899830843873928024453819,spread,False
mlb-col-det-2026-09-12,mlb-col-det-2026-09-12|spread|-1.5|2917991859111930325572302755859438211107303181882012899830843873928024453819,spread,False
mlb-col-det-2026-09-12,mlb-col-det-2026-09-12|spread|-1.5|2917991859111930325572302755859438211107303181882012899830843873928024453819,spread,False
mlb-col-det-2026-09-12,mlb-col-det-2026-09-12|spread|-1.5|2917991859111930325572302755859438211107303181882012899830843873928024453819,spread,True
mlb-col-det-2026-09-12,mlb-col-det-2026-09-12|spread|-1.5|2917991859111930325572302755859438211107303181882012899830843873928024453819,spread,False
mlb-col-det-2026-09-12,mlb-col-det-2026-09-12|spread|-1.5|2917991859111930325572302755859438211107303181882012899830843873928024453819,spread,False
mlb-col-det-2026-09-12,mlb-col-det-2026-09-12|spread|-1.5|2917991859111930325572302755859438211107303181882012899830843873928024453819,spread,False
mlb-col-det-2026-09-12,mlb-col-det-2026-09-12|spread|-1.5|2917991859111930325572302755859438211107303181882012899830843873928024453819,spread,False
mlb-col-det-2026-09-12,mlb-col-det-2026-09-12|spread|-1.5|2917991859111930325572302755859438211107303181882012899830843873928024453819,spread,False
mlb-col-det-2026-09-12,mlb-col-det-2026-09-12|spread|-1.5|2917991859111930325572302755859438211107303181882012899830843873928024453819,spread,False
mlb-col-det-2026-09-12,mlb-col-det-2026-09-12|spread|-1.5|2917991859111930325572302755859438211107303181882012899830843873928024453819,spread,True
mlb-col-det-2026-09-12,mlb-col-det-2026-09-12|spread|-1.5|2917991859111930325572302755859438211107303181882012899830843873928024453819,spread,False
mlb-col-det-2026-09-12,mlb-col-det-2026-09-12|spread|-1.5|2917991859111930325572302755859438211107303181882012899830843873928024453819,spread,False
mlb-col-det-2026-09-12,mlb-col-det-2026-09-12|spread|-1.5|2917991859111930325572302755859438211107303181882012899830843873928024453819,spread,False
mlb-col-det-2026-09-12,mlb-col-det-2026-09-12|spread|-1.5|2917991859111930325572302755859438211107303181882012899830843873928024453819,spread,False
mlb-col-det-2026-09-12,mlb-col-det-2026-09-12|spread|-1.5|2917991859111930325572302755859438211107303181882012899830843873928024453819,spread,False
mlb-col-det-2026-09-12,mlb-col-det-2026-09-12|spread|-1.5|2917991859111930325572302755859438211107303181882012899830843873928024453819,spread,False
mlb-col-det-2026-09-12,mlb-col-det-2026-09-12|spread|-1.5|2917991859111930325572302755859438211107303181882012899830843873928024453819,spread,False
mlb-col-det-2026-09-12,mlb-col-det-2026-09-12|spread|-1.5|2917991859111930325572302755859438211107303181882012899830843873928024453819,spread,False
mlb-col-det-2026-09-12,mlb-col-det-2026-09-12|spread|-1.5|2917991859111930325572302755859438211107303181882012899830843873928024453819,spread,False
mlb-col-det-2026-09-12,mlb-col-det-2026-09-12|spread|-2.5|58245170011311872532849142837360723471200537059727282289972338196831814852716,spread,False
mlb-col-det-2026-09-12,mlb-col-det-2026-09-12|spread|-2.5|58245170011311872532849142837360723471200537059727282289972338196831814852716,spread,False
mlb-col-det-2026-09-12,mlb-col-det-2026-09-12|spread|-2.5|58245170011311872532849142837360723471200537059727282289972338196831814852716,spread,True
mlb-col-det-2026-09-12,mlb-col-det-2026-09-12|spread|-2.5|58245170011311872532849142837360723471200537059727282289972338196831814852716,spread,False
mlb-col-det-2026-09-12,mlb-col-det-2026-09-12|spread|-2.5|58245170011311872532849142837360723471200537059727282289972338196831814852716,spread,True
mlb-col-det-2026-09-12,mlb-col-det-2026-09-12|spread|-2.5|58245170011311872532849142837360723471200537059727282289972338196831814852716,spread,True
mlb-col-det-2026-09-12,mlb-col-det-2026-09-12|spread|-2.5|58245170011311872532849142837360723471200537059727282289972338196831814852716,spread,True
mlb-col-det-2026-09-12,mlb-col-det-2026-09-12|spread|-2.5|58245170011311872532849142837360723471200537059727282289972338196831814852716,spread,False
mlb-col-det-2026-09-12,mlb-col-det-2026-09-12|spread|-2.5|58245170011311872532849142837360723471200537059727282289972338196831814852716,spread,False
mlb-col-det-2026-09-12,mlb-col-det-2026-09-12|spread|-2.5|58245170011311872532849142837360723471200537059727282289972338196831814852716,spread,True
mlb-col-det-2026-09-12,mlb-col-det-2026-09-12|spread|-2.5|58245170011311872532849142837360723471200537059727282289972338196831814852716,spread,True
mlb-col-det-2026-09-12,mlb-col-det-2026-09-12|spread|-2.5|58245170011311872532849142837360723471200537059727282289972338196831814852716,spread,False
mlb-col-det-2026-09-12,mlb-col-det-2026-09-12|spread|-2.5|58245170011311872532849142837360723471200537059727282289972338196831814852716,spread,True
mlb-col-det-2026-09-12,mlb-col-det-2026-09-12|spread|-2.5|58245170011311872532849142837360723471200537059727282289972338196831814852716,spread,True
mlb-col-det-2026-09-12,mlb-col-det-2026-09-12|spread|-2.5|58245170011311872532849142837360723471200537059727282289972338196831814852716,spread,True
mlb-col-det-2026-09-12,mlb-col-det-2026-09-12|spread|-2.5|58245170011311872532849142837360723471200537059727282289972338196831814852716,spread,False
mlb-col-det-2026-09-12,mlb-col-det-2026-09-12|spread|-2.5|58245170011311872532849142837360723471200537059727282289972338196831814852716,spread,False
mlb-col-det-2026-09-12,mlb-col-det-2026-09-12|spread|-2.5|58245170011311872532849142837360723471200537059727282289972338196831814852716,spread,False
mlb-col-det-2026-09-12,mlb-col-det-2026-09-12|spread|-2.5|58245170011311872532849142837360723471200537059727282289972338196831814852716,spread,False
mlb-col-det-2026-09-12,mlb-col-det-2026-09-12|spread|-2.5|58245170011311872532849142837360723471200537059727282289972338196831814852716,spread,True
mlb-col-det-2026-09-12,mlb-col-det-2026-09-12|spread|-2.5|58245170011311872532849142837360723471200537059727282289972338196831814852716,spread,False
mlb-col-det-2026-09-12,mlb-col-det-2026-09-12|spread|-2.5|58245170011311872532849142837360723471200537059727282289972338196831814852716,spread,True
mlb-col-det-2026-09-12,mlb-col-det-2026-09-12|spread|-2.5|58245170011311872532849142837360723471200537059727282289972338196831814852716,spread,True
mlb-col-det-2026-09-12,mlb-col-det-2026-09-12|spread|-2.5|58245170011311872532849142837360723471200537059727282289972338196831814852716,spread,False
mlb-col-det-2026-09-12,mlb-col-det-2026-09-12|spread|-2.5|58245170011311872532849142837360723471200537059727282289972338196831814852716,spread,False
mlb-col-det-2026-09-12,mlb-col-det-2026-09-12|spread|-2.5|58245170011311872532849142837360723471200537059727282289972338196831814852716,spread,False
mlb-col-det-2026-09-12,mlb-col-det-2026-09-12|spread|-2.5|58245170011311872532849142837360723471200537059727282289972338196831814852716,spread,False
mlb-col-det-2026-09-12,mlb-col-det-2026-09-12|spread|-2.5|58245170011311872532849142837360723471200537059727282289972338196831814852716,spread,False
mlb-col-det-2026-09-12,mlb-col-det-2026-09-12|spread|-2.5|58245170011311872532849142837360723471200537059727282289972338196831814852716,spread,True
mlb-col-det-2026-09-12,mlb-col-det-2026-09-12|spread|-2.5|58245170011311872532849142837360723471200537059727282289972338196831814852716,spread,False
mlb-col-det-2026-09-12,mlb-col-det-2026-09-12|spread|-2.5|58245170011311872532849142837360723471200537059727282289972338196831814852716,spread,False
mlb-col-det-2026-09-12,mlb-col-det-2026-09-12|spread|-2.5|58245170011311872532849142837360723471200537059727282289972338196831814852716,spread,False
mlb-col-det-2026-09-12,mlb-col-det-2026-09-12|spread|-2.5|58245170011311872532849142837360723471200537059727282289972338196831814852716,spread,True
mlb-col-det-2026-09-12,mlb-col-det-2026-09-12|spread|-2.5|58245170011311872532849142837360723471200537059727282289972338196831814852716,spread,False
mlb-col-det-2026-09-12,mlb-col-det-2026-09-12|spread|-2.5|58245170011311872532849142837360723471200537059727282289972338196831814852716,spread,True
mlb-col-det-2026-09-12,mlb-col-det-2026-09-12|spread|-2.5|58245170011311872532849142837360723471200537059727282289972338196831814852716,spread,False
mlb-col-det-2026-09-12,mlb-col-det-2026-09-12|spread|-2.5|58245170011311872532849142837360723471200537059727282289972338196831814852716,spread,False
mlb-col-det-2026-09-12,mlb-col-det-2026-09-12|spread|-2.5|58245170011311872532849142837360723471200537059727282289972338196831814852716,spread,False
mlb-col-det-2026-09-12,mlb-col-det-2026-09-12|spread|-2.5|58245170011311872532849142837360723471200537059727282289972338196831814852716,spread,False
mlb-col-det-2026-09-12,mlb-col-det-2026-09-12|spread|-2.5|58245170011311872532849142837360723471200537059727282289972338196831814852716,spread,True
mlb-col-det-2026-09-12,mlb-col-det-2026-09-12|spread|-2.5|58245170011311872532849142837360723471200537059727282289972338196831814852716,spread,True
mlb-col-det-2026-09-12,mlb-col-det-2026-09-12|spread|-2.5|58245170011311872532849142837360723471200537059727282289972338196831814852716,spread,False
mlb-col-det-2026-09-12,mlb-col-det-2026-09-12|spread|-2.5|58245170011311872532849142837360723471200537059727282289972338196831814852716,spread,True
mlb-col-det-2026-09-12,mlb-col-det-2026-09-12|spread|-2.5|58245170011311872532849142837360723471200537059727282289972338196831814852716,spread,False
mlb-col-det-2026-09-12,mlb-col-det-2026-09-12|spread|-2.5|58245170011311872532849142837360723471200537059727282289972338196831814852716,spread,False
mlb-col-det-2026-09-12,mlb-col-det-2026-09-12|spread|-2.5|58245170011311872532849142837360723471200537059727282289972338196831814852716,spread,True
mlb-col-det-2026-09-12,mlb-col-det-2026-09-12|spread|-2.5|58245170011311872532849142837360723471200537059727282289972338196831814852716,spread,False
mlb-col-det-2026-09-12,mlb-col-det-2026-09-12|spread|-2.5|58245170011311872532849142837360723471200537059727282289972338196831814852716,spread,False
mlb-col-det-2026-09-12,mlb-col-det-2026-09-12|spread|-2.5|58245170011311872532849142837360723471200537059727282289972338196831814852716,spread,False
mlb-col-det-2026-09-12,mlb-col-det-2026-09-12|spread|-2.5|58245170011311872532849142837360723471200537059727282289972338196831814852716,spread,True
mlb-col-det-2026-09-12,mlb-col-det-2026-09-12|spread|-2.5|58245170011311872532849142837360723471200537059727282289972338196831814852716,spread,False
mlb-col-det-2026-09-12,mlb-col-det-2026-09-12|spread|-2.5|58245170011311872532849142837360723471200537059727282289972338196831814852716,spread,False
mlb-col-det-2026-09-12,mlb-col-det-2026-09-12|spread|-2.5|58245170011311872532849142837360723471200537059727282289972338196831814852716,spread,True
mlb-col-det-2026-09-12,mlb-col-det-2026-09-12|spread|-2.5|58245170011311872532849142837360723471200537059727282289972338196831814852716,spread,False
mlb-col-det-2026-09-12,mlb-col-det-2026-09-12|spread|-2.5|58245170011311872532849142837360723471200537059727282289972338196831814852716,spread,True
mlb-col-det-2026-09-12,mlb-col-det-2026-09-12|spread|-2.5|58245170011311872532849142837360723471200537059727282289972338196831814852716,spread,False
mlb-col-det-2026-09-12,mlb-col-det-2026-09-12|spread|-2.5|58245170011311872532849142837360723471200537059727282289972338196831814852716,spread,False
mlb-col-det-2026-09-12,mlb-col-det-2026-09-12|spread|-2.5|58245170011311872532849142837360723471200537059727282289972338196831814852716,spread,True
mlb-col-det-2026-09-12,mlb-col-det-2026-09-12|spread|-2.5|58245170011311872532849142837360723471200537059727282289972338196831814852716,spread,True
mlb-col-det-2026-09-12,mlb-col-det-2026-09-12|spread|-2.5|58245170011311872532849142837360723471200537059727282289972338196831814852716,spread,False
mlb-col-det-2026-09-12,mlb-col-det-2026-09-12|spread|-2.5|58245170011311872532849142837360723471200537059727282289972338196831814852716,spread,False
mlb-col-det-2026-09-12,mlb-col-det-2026-09-12|spread|-2.5|58245170011311872532849142837360723471200537059727282289972338196831814852716,spread,True
mlb-col-det-2026-09-12,mlb-col-det-2026-09-12|spread|-2.5|58245170011311872532849142837360723471200537059727282289972338196831814852716,spread,True
mlb-col-det-2026-09-12,mlb-col-det-2026-09-12|spread|-2.5|58245170011311872532849142837360723471200537059727282289972338196831814852716,spread,True
mlb-col-det-2026-09-12,mlb-col-det-2026-09-12|spread|-2.5|58245170011311872532849142837360723471200537059727282289972338196831814852716,spread,True
mlb-col-det-2026-09-12,mlb-col-det-2026-09-12|spread|-2.5|58245170011311872532849142837360723471200537059727282289972338196831814852716,spread,False
mlb-col-det-2026-09-12,mlb-col-det-2026-09-12|spread|-2.5|58245170011311872532849142837360723471200537059727282289972338196831814852716,spread,True
mlb-col-det-2026-09-12,mlb-col-det-2026-09-12|spread|-2.5|58245170011311872532849142837360723471200537059727282289972338196831814852716,spread,False
mlb-col-det-2026-09-12,mlb-col-det-2026-09-12|spread|-2.5|58245170011311872532849142837360723471200537059727282289972338196831814852716,spread,False
mlb-col-det-2026-09-12,mlb-col-det-2026-09-12|spread|-2.5|58245170011311872532849142837360723471200537059727282289972338196831814852716,spread,False
mlb-col-det-2026-09-12,mlb-col-det-2026-09-12|spread|-2.5|58245170011311872532849142837360723471200537059727282289972338196831814852716,spread,False
mlb-col-det-2026-09-12,mlb-col-det-2026-09-12|spread|-2.5|58245170011311872532849142837360723471200537059727282289972338196831814852716,spread,True
mlb-col-det-2026-09-12,mlb-col-det-2026-09-12|spread|-2.5|58245170011311872532849142837360723471200537059727282289972338196831814852716,spread,True
mlb-col-det-2026-09-12,mlb-col-det-2026-09-12|spread|-2.5|58245170011311872532849142837360723471200537059727282289972338196831814852716,spread,False
mlb-col-det-2026-09-12,mlb-col-det-2026-09-12|spread|-2.5|58245170011311872532849142837360723471200537059727282289972338196831814852716,spread,False
mlb-col-det-2026-09-12,mlb-col-det-2026-09-12|spread|-2.5|58245170011311872532849142837360723471200537059727282289972338196831814852716,spread,False
mlb-col-det-2026-09-12,mlb-col-det-2026-09-12|spread|-2.5|58245170011311872532849142837360723471200537059727282289972338196831814852716,spread,True
mlb-col-det-2026-09-12,mlb-col-det-2026-09-12|spread|-2.5|58245170011311872532849142837360723471200537059727282289972338196831814852716,spread,True
mlb-col-det-2026-09-12,mlb-col-det-2026-09-12|spread|-2.5|58245170011311872532849142837360723471200537059727282289972338196831814852716,spread,False
mlb-col-det-2026-09-12,mlb-col-det-2026-09-12|spread|-2.5|58245170011311872532849142837360723471200537059727282289972338196831814852716,spread,False
mlb-col-det-2026-09-12,mlb-col-det-2026-09-12|spread|-2.5|58245170011311872532849142837360723471200537059727282289972338196831814852716,spread,True
mlb-col-det-2026-09-12,mlb-col-det-2026-09-12|spread|-2.5|58245170011311872532849142837360723471200537059727282289972338196831814852716,spread,True
mlb-col-det-2026-09-12,mlb-col-det-2026-09-12|spread|-2.5|58245170011311872532849142837360723471200537059727282289972338196831814852716,spread,False
mlb-col-det-2026-09-12,mlb-col-det-2026-09-12|spread|-2.5|58245170011311872532849142837360723471200537059727282289972338196831814852716,spread,True
mlb-col-det-2026-09-12,mlb-col-det-2026-09-12|spread|-2.5|58245170011311872532849142837360723471200537059727282289972338196831814852716,spread,False
mlb-col-det-2026-09-12,mlb-col-det-2026-09-12|spread|-2.5|58245170011311872532849142837360723471200537059727282289972338196831814852716,spread,False
mlb-col-det-2026-09-12,mlb-col-det-2026-09-12|spread|-2.5|58245170011311872532849142837360723471200537059727282289972338196831814852716,spread,False
mlb-col-det-2026-09-12,mlb-col-det-2026-09-12|spread|-2.5|58245170011311872532849142837360723471200537059727282289972338196831814852716,spread,False
mlb-col-det-2026-09-12,mlb-col-det-2026-09-12|spread|-2.5|58245170011311872532849142837360723471200537059727282289972338196831814852716,spread,False
mlb-col-det-2026-09-12,mlb-col-det-2026-09-12|spread|-2.5|58245170011311872532849142837360723471200537059727282289972338196831814852716,spread,True
mlb-col-det-2026-09-12,mlb-col-det-2026-09-12|spread|-2.5|58245170011311872532849142837360723471200537059727282289972338196831814852716,spread,False
mlb-col-det-2026-09-12,mlb-col-det-2026-09-12|spread|-2.5|58245170011311872532849142837360723471200537059727282289972338196831814852716,spread,False
mlb-col-det-2026-09-12,mlb-col-det-2026-09-12|spread|-2.5|58245170011311872532849142837360723471200537059727282289972338196831814852716,spread,False
mlb-col-det-2026-09-12,mlb-col-det-2026-09-12|spread|-2.5|58245170011311872532849142837360723471200537059727282289972338196831814852716,spread,True
mlb-col-det-2026-09-12,mlb-col-det-2026-09-12|spread|-2.5|58245170011311872532849142837360723471200537059727282289972338196831814852716,spread,False
mlb-col-det-2026-09-12,mlb-col-det-2026-09-12|spread|-2.5|58245170011311872532849142837360723471200537059727282289972338196831814852716,spread,False
mlb-col-det-2026-09-12,mlb-col-det-2026-09-12|spread|-2.5|58245170011311872532849142837360723471200537059727282289972338196831814852716,spread,False
mlb-col-det-2026-09-12,mlb-col-det-2026-09-12|spread|-2.5|58245170011311872532849142837360723471200537059727282289972338196831814852716,spread,False
mlb-col-det-2026-09-12,mlb-col-det-2026-09-12|spread|-2.5|58245170011311872532849142837360723471200537059727282289972338196831814852716,spread,True
mlb-col-det-2026-09-12,mlb-col-det-2026-09-12|spread|-2.5|58245170011311872532849142837360723471200537059727282289972338196831814852716,spread,False
mlb-col-det-2026-09-12,mlb-col-det-2026-09-12|spread|-2.5|64995920572361776334330678269959607979182969893359777214396513238387669410227,spread,True
mlb-col-det-2026-09-12,mlb-col-det-2026-09-12|spread|-2.5|64995920572361776334330678269959607979182969893359777214396513238387669410227,spread,False
mlb-col-det-2026-09-12,mlb-col-det-2026-09-12|spread|-2.5|64995920572361776334330678269959607979182969893359777214396513238387669410227,spread,False
mlb-col-det-2026-09-12,mlb-col-det-2026-09-12|spread|-2.5|64995920572361776334330678269959607979182969893359777214396513238387669410227,spread,True
mlb-col-det-2026-09-12,mlb-col-det-2026-09-12|spread|-2.5|64995920572361776334330678269959607979182969893359777214396513238387669410227,spread,False
mlb-col-det-2026-09-12,mlb-col-det-2026-09-12|spread|-2.5|64995920572361776334330678269959607979182969893359777214396513238387669410227,spread,True
mlb-col-det-2026-09-12,mlb-col-det-2026-09-12|spread|-2.5|64995920572361776334330678269959607979182969893359777214396513238387669410227,spread,True
mlb-col-det-2026-09-12,mlb-col-det-2026-09-12|spread|-2.5|64995920572361776334330678269959607979182969893359777214396513238387669410227,spread,False
mlb-col-det-2026-09-12,mlb-col-det-2026-09-12|spread|-2.5|64995920572361776334330678269959607979182969893359777214396513238387669410227,spread,False
mlb-col-det-2026-09-12,mlb-col-det-2026-09-12|spread|-2.5|64995920572361776334330678269959607979182969893359777214396513238387669410227,spread,False
mlb-col-det-2026-09-12,mlb-col-det-2026-09-12|spread|-2.5|64995920572361776334330678269959607979182969893359777214396513238387669410227,spread,True
mlb-col-det-2026-09-12,mlb-col-det-2026-09-12|spread|-2.5|64995920572361776334330678269959607979182969893359777214396513238387669410227,spread,True
mlb-col-det-2026-09-12,mlb-col-det-2026-09-12|spread|-2.5|64995920572361776334330678269959607979182969893359777214396513238387669410227,spread,True
mlb-col-det-2026-09-12,mlb-col-det-2026-09-12|spread|-2.5|64995920572361776334330678269959607979182969893359777214396513238387669410227,spread,True
mlb-col-det-2026-09-12,mlb-col-det-2026-09-12|spread|-2.5|64995920572361776334330678269959607979182969893359777214396513238387669410227,spread,False
mlb-col-det-2026-09-12,mlb-col-det-2026-09-12|spread|-2.5|64995920572361776334330678269959607979182969893359777214396513238387669410227,spread,True
mlb-col-det-2026-09-12,mlb-col-det-2026-09-12|spread|-2.5|64995920572361776334330678269959607979182969893359777214396513238387669410227,spread,False
mlb-col-det-2026-09-12,mlb-col-det-2026-09-12|spread|-2.5|64995920572361776334330678269959607979182969893359777214396513238387669410227,spread,True
mlb-col-det-2026-09-12,mlb-col-det-2026-09-12|spread|-2.5|64995920572361776334330678269959607979182969893359777214396513238387669410227,spread,True
mlb-col-det-2026-09-12,mlb-col-det-2026-09-12|spread|-2.5|64995920572361776334330678269959607979182969893359777214396513238387669410227,spread,False
mlb-col-det-2026-09-12,mlb-col-det-2026-09-12|spread|-2.5|64995920572361776334330678269959607979182969893359777214396513238387669410227,spread,False
mlb-col-det-2026-09-12,mlb-col-det-2026-09-12|spread|-2.5|64995920572361776334330678269959607979182969893359777214396513238387669410227,spread,True
mlb-col-det-2026-09-12,mlb-col-det-2026-09-12|spread|-2.5|64995920572361776334330678269959607979182969893359777214396513238387669410227,spread,True
mlb-col-det-2026-09-12,mlb-col-det-2026-09-12|spread|-2.5|64995920572361776334330678269959607979182969893359777214396513238387669410227,spread,False
mlb-col-det-2026-09-12,mlb-col-det-2026-09-12|spread|-2.5|64995920572361776334330678269959607979182969893359777214396513238387669410227,spread,True
mlb-col-det-2026-09-12,mlb-col-det-2026-09-12|spread|-2.5|64995920572361776334330678269959607979182969893359777214396513238387669410227,spread,False
mlb-col-det-2026-09-12,mlb-col-det-2026-09-12|spread|-2.5|64995920572361776334330678269959607979182969893359777214396513238387669410227,spread,False
mlb-col-det-2026-09-12,mlb-col-det-2026-09-12|spread|-2.5|64995920572361776334330678269959607979182969893359777214396513238387669410227,spread,False
mlb-col-det-2026-09-12,mlb-col-det-2026-09-12|spread|-2.5|64995920572361776334330678269959607979182969893359777214396513238387669410227,spread,True
mlb-col-det-2026-09-12,mlb-col-det-2026-09-12|spread|-2.5|64995920572361776334330678269959607979182969893359777214396513238387669410227,spread,False
mlb-col-det-2026-09-12,mlb-col-det-2026-09-12|spread|-2.5|64995920572361776334330678269959607979182969893359777214396513238387669410227,spread,True
mlb-col-det-2026-09-12,mlb-col-det-2026-09-12|spread|-2.5|64995920572361776334330678269959607979182969893359777214396513238387669410227,spread,True
mlb-col-det-2026-09-12,mlb-col-det-2026-09-12|spread|-2.5|64995920572361776334330678269959607979182969893359777214396513238387669410227,spread,False
mlb-col-det-2026-09-12,mlb-col-det-2026-09-12|spread|-2.5|64995920572361776334330678269959607979182969893359777214396513238387669410227,spread,False
mlb-col-det-2026-09-12,mlb-col-det-2026-09-12|spread|-2.5|64995920572361776334330678269959607979182969893359777214396513238387669410227,spread,False
mlb-col-det-2026-09-12,mlb-col-det-2026-09-12|spread|-2.5|64995920572361776334330678269959607979182969893359777214396513238387669410227,spread,True
mlb-col-det-2026-09-12,mlb-col-det-2026-09-12|spread|-2.5|64995920572361776334330678269959607979182969893359777214396513238387669410227,spread,False
mlb-col-det-2026-09-12,mlb-col-det-2026-09-12|spread|-2.5|64995920572361776334330678269959607979182969893359777214396513238387669410227,spread,True
mlb-col-det-2026-09-12,mlb-col-det-2026-09-12|spread|-2.5|64995920572361776334330678269959607979182969893359777214396513238387669410227,spread,True
mlb-col-det-2026-09-12,mlb-col-det-2026-09-12|spread|-2.5|64995920572361776334330678269959607979182969893359777214396513238387669410227,spread,True
mlb-col-det-2026-09-12,mlb-col-det-2026-09-12|spread|-2.5|64995920572361776334330678269959607979182969893359777214396513238387669410227,spread,True
mlb-col-det-2026-09-12,mlb-col-det-2026-09-12|spread|-2.5|64995920572361776334330678269959607979182969893359777214396513238387669410227,spread,False
mlb-col-det-2026-09-12,mlb-col-det-2026-09-12|spread|-2.5|64995920572361776334330678269959607979182969893359777214396513238387669410227,spread,False
mlb-col-det-2026-09-12,mlb-col-det-2026-09-12|spread|-2.5|64995920572361776334330678269959607979182969893359777214396513238387669410227,spread,False
mlb-col-det-2026-09-12,mlb-col-det-2026-09-12|spread|-2.5|64995920572361776334330678269959607979182969893359777214396513238387669410227,spread,True
mlb-col-det-2026-09-12,mlb-col-det-2026-09-12|spread|-2.5|64995920572361776334330678269959607979182969893359777214396513238387669410227,spread,True
mlb-col-det-2026-09-12,mlb-col-det-2026-09-12|spread|-2.5|64995920572361776334330678269959607979182969893359777214396513238387669410227,spread,True
mlb-col-det-2026-09-12,mlb-col-det-2026-09-12|spread|-2.5|64995920572361776334330678269959607979182969893359777214396513238387669410227,spread,False
mlb-col-det-2026-09-12,mlb-col-det-2026-09-12|spread|-2.5|64995920572361776334330678269959607979182969893359777214396513238387669410227,spread,True
mlb-col-det-2026-09-12,mlb-col-det-2026-09-12|spread|-2.5|64995920572361776334330678269959607979182969893359777214396513238387669410227,spread,True
mlb-col-det-2026-09-12,mlb-col-det-2026-09-12|spread|-2.5|64995920572361776334330678269959607979182969893359777214396513238387669410227,spread,False
mlb-col-det-2026-09-12,mlb-col-det-2026-09-12|spread|-2.5|64995920572361776334330678269959607979182969893359777214396513238387669410227,spread,False
mlb-col-det-2026-09-12,mlb-col-det-2026-09-12|spread|-2.5|64995920572361776334330678269959607979182969893359777214396513238387669410227,spread,True
mlb-col-det-2026-09-12,mlb-col-det-2026-09-12|spread|-2.5|64995920572361776334330678269959607979182969893359777214396513238387669410227,spread,True
mlb-col-det-2026-09-12,mlb-col-det-2026-09-12|spread|-2.5|64995920572361776334330678269959607979182969893359777214396513238387669410227,spread,True
mlb-col-det-2026-09-12,mlb-col-det-2026-09-12|spread|-2.5|64995920572361776334330678269959607979182969893359777214396513238387669410227,spread,False
mlb-col-det-2026-09-12,mlb-col-det-2026-09-12|spread|-2.5|64995920572361776334330678269959607979182969893359777214396513238387669410227,spread,True
mlb-col-det-2026-09-12,mlb-col-det-2026-09-12|spread|-2.5|64995920572361776334330678269959607979182969893359777214396513238387669410227,spread,True
mlb-col-det-2026-09-12,mlb-col-det-2026-09-12|spread|-2.5|64995920572361776334330678269959607979182969893359777214396513238387669410227,spread,False
mlb-col-det-2026-09-12,mlb-col-det-2026-09-12|spread|-2.5|64995920572361776334330678269959607979182969893359777214396513238387669410227,spread,True
mlb-col-det-2026-09-12,mlb-col-det-2026-09-12|spread|-2.5|64995920572361776334330678269959607979182969893359777214396513238387669410227,spread,False
mlb-col-det-2026-09-12,mlb-col-det-2026-09-12|spread|-2.5|64995920572361776334330678269959607979182969893359777214396513238387669410227,spread,False
mlb-col-det-2026-09-12,mlb-col-det-2026-09-12|spread|-2.5|64995920572361776334330678269959607979182969893359777214396513238387669410227,spread,True
mlb-col-det-2026-09-12,mlb-col-det-2026-09-12|spread|-2.5|64995920572361776334330678269959607979182969893359777214396513238387669410227,spread,False
mlb-col-det-2026-09-12,mlb-col-det-2026-09-12|spread|-2.5|64995920572361776334330678269959607979182969893359777214396513238387669410227,spread,True
mlb-col-det-2026-09-12,mlb-col-det-2026-09-12|spread|-2.5|64995920572361776334330678269959607979182969893359777214396513238387669410227,spread,True
mlb-col-det-2026-09-12,mlb-col-det-2026-09-12|spread|-2.5|64995920572361776334330678269959607979182969893359777214396513238387669410227,spread,False
mlb-col-det-2026-09-12,mlb-col-det-2026-09-12|spread|-2.5|64995920572361776334330678269959607979182969893359777214396513238387669410227,spread,True
mlb-col-det-2026-09-12,mlb-col-det-2026-09-12|spread|-2.5|64995920572361776334330678269959607979182969893359777214396513238387669410227,spread,True
mlb-col-det-2026-09-12,mlb-col-det-2026-09-12|spread|-2.5|64995920572361776334330678269959607979182969893359777214396513238387669410227,spread,True
mlb-col-det-2026-09-12,mlb-col-det-2026-09-12|spread|-2.5|64995920572361776334330678269959607979182969893359777214396513238387669410227,spread,False
mlb-col-det-2026-09-12,mlb-col-det-2026-09-12|spread|-2.5|64995920572361776334330678269959607979182969893359777214396513238387669410227,spread,True
mlb-col-det-2026-09-12,mlb-col-det-2026-09-12|spread|-2.5|64995920572361776334330678269959607979182969893359777214396513238387669410227,spread,True
mlb-col-det-2026-09-12,mlb-col-det-2026-09-12|spread|-2.5|64995920572361776334330678269959607979182969893359777214396513238387669410227,spread,False
mlb-col-det-2026-09-12,mlb-col-det-2026-09-12|spread|-2.5|64995920572361776334330678269959607979182969893359777214396513238387669410227,spread,True
mlb-col-det-2026-09-12,mlb-col-det-2026-09-12|spread|-2.5|64995920572361776334330678269959607979182969893359777214396513238387669410227,spread,True
mlb-col-det-2026-09-12,mlb-col-det-2026-09-12|spread|-2.5|64995920572361776334330678269959607979182969893359777214396513238387669410227,spread,False
mlb-col-det-2026-09-12,mlb-col-det-2026-09-12|spread|-2.5|64995920572361776334330678269959607979182969893359777214396513238387669410227,spread,False
mlb-col-det-2026-09-12,mlb-col-det-2026-09-12|spread|-2.5|64995920572361776334330678269959607979182969893359777214396513238387669410227,spread,False
mlb-col-det-2026-09-12,mlb-col-det-2026-09-12|spread|-2.5|64995920572361776334330678269959607979182969893359777214396513238387669410227,spread,False
mlb-col-det-2026-09-12,mlb-col-det-2026-09-12|spread|-2.5|64995920572361776334330678269959607979182969893359777214396513238387669410227,spread,False
mlb-col-det-2026-09-12,mlb-col-det-2026-09-12|spread|-2.5|64995920572361776334330678269959607979182969893359777214396513238387669410227,spread,True
mlb-col-det-2026-09-12,mlb-col-det-2026-09-12|spread|-2.5|64995920572361776334330678269959607979182969893359777214396513238387669410227,spread,True
mlb-col-det-2026-09-12,mlb-col-det-2026-09-12|spread|-2.5|64995920572361776334330678269959607979182969893359777214396513238387669410227,spread,True
mlb-cws-stl-2026-09-12,mlb-cws-stl-2026-09-12|moneyline|None|44618449636292769433449339680304089604373746726215923039510990866957386262179,moneyline,False
mlb-cws-stl-2026-09-12,mlb-cws-stl-2026-09-12|moneyline|None|44618449636292769433449339680304089604373746726215923039510990866957386262179,moneyline,True
mlb-cws-stl-2026-09-12,mlb-cws-stl-2026-09-12|moneyline|None|44618449636292769433449339680304089604373746726215923039510990866957386262179,moneyline,False
mlb-cws-stl-2026-09-12,mlb-cws-stl-2026-09-12|moneyline|None|44618449636292769433449339680304089604373746726215923039510990866957386262179,moneyline,False
mlb-cws-stl-2026-09-12,mlb-cws-stl-2026-09-12|moneyline|None|44618449636292769433449339680304089604373746726215923039510990866957386262179,moneyline,False
mlb-cws-stl-2026-09-12,mlb-cws-stl-2026-09-12|moneyline|None|44618449636292769433449339680304089604373746726215923039510990866957386262179,moneyline,True
mlb-cws-stl-2026-09-12,mlb-cws-stl-2026-09-12|moneyline|None|44618449636292769433449339680304089604373746726215923039510990866957386262179,moneyline,False
mlb-cws-stl-2026-09-12,mlb-cws-stl-2026-09-12|moneyline|None|44618449636292769433449339680304089604373746726215923039510990866957386262179,moneyline,False
mlb-cws-stl-2026-09-12,mlb-cws-stl-2026-09-12|moneyline|None|44618449636292769433449339680304089604373746726215923039510990866957386262179,moneyline,True
mlb-cws-stl-2026-09-12,mlb-cws-stl-2026-09-12|moneyline|None|44618449636292769433449339680304089604373746726215923039510990866957386262179,moneyline,True
mlb-cws-stl-2026-09-12,mlb-cws-stl-2026-09-12|moneyline|None|44618449636292769433449339680304089604373746726215923039510990866957386262179,moneyline,True
mlb-cws-stl-2026-09-12,mlb-cws-stl-2026-09-12|moneyline|None|44618449636292769433449339680304089604373746726215923039510990866957386262179,moneyline,False
mlb-cws-stl-2026-09-12,mlb-cws-stl-2026-09-12|moneyline|None|44618449636292769433449339680304089604373746726215923039510990866957386262179,moneyline,True
mlb-cws-stl-2026-09-12,mlb-cws-stl-2026-09-12|moneyline|None|44618449636292769433449339680304089604373746726215923039510990866957386262179,moneyline,True
mlb-cws-stl-2026-09-12,mlb-cws-stl-2026-09-12|moneyline|None|44618449636292769433449339680304089604373746726215923039510990866957386262179,moneyline,True
mlb-cws-stl-2026-09-12,mlb-cws-stl-2026-09-12|moneyline|None|44618449636292769433449339680304089604373746726215923039510990866957386262179,moneyline,False
mlb-cws-stl-2026-09-12,mlb-cws-stl-2026-09-12|moneyline|None|44618449636292769433449339680304089604373746726215923039510990866957386262179,moneyline,False
mlb-cws-stl-2026-09-12,mlb-cws-stl-2026-09-12|moneyline|None|44618449636292769433449339680304089604373746726215923039510990866957386262179,moneyline,False
mlb-cws-stl-2026-09-12,mlb-cws-stl-2026-09-12|moneyline|None|44618449636292769433449339680304089604373746726215923039510990866957386262179,moneyline,True
mlb-cws-stl-2026-09-12,mlb-cws-stl-2026-09-12|moneyline|None|44618449636292769433449339680304089604373746726215923039510990866957386262179,moneyline,False
mlb-cws-stl-2026-09-12,mlb-cws-stl-2026-09-12|moneyline|None|44618449636292769433449339680304089604373746726215923039510990866957386262179,moneyline,True
mlb-cws-stl-2026-09-12,mlb-cws-stl-2026-09-12|moneyline|None|44618449636292769433449339680304089604373746726215923039510990866957386262179,moneyline,False
mlb-cws-stl-2026-09-12,mlb-cws-stl-2026-09-12|moneyline|None|44618449636292769433449339680304089604373746726215923039510990866957386262179,moneyline,False
mlb-cws-stl-2026-09-12,mlb-cws-stl-2026-09-12|moneyline|None|44618449636292769433449339680304089604373746726215923039510990866957386262179,moneyline,False
mlb-cws-stl-2026-09-12,mlb-cws-stl-2026-09-12|moneyline|None|44618449636292769433449339680304089604373746726215923039510990866957386262179,moneyline,False
mlb-cws-stl-2026-09-12,mlb-cws-stl-2026-09-12|moneyline|None|44618449636292769433449339680304089604373746726215923039510990866957386262179,moneyline,True
mlb-cws-stl-2026-09-12,mlb-cws-stl-2026-09-12|moneyline|None|44618449636292769433449339680304089604373746726215923039510990866957386262179,moneyline,True
mlb-cws-stl-2026-09-12,mlb-cws-stl-2026-09-12|moneyline|None|44618449636292769433449339680304089604373746726215923039510990866957386262179,moneyline,False
mlb-cws-stl-2026-09-12,mlb-cws-stl-2026-09-12|moneyline|None|44618449636292769433449339680304089604373746726215923039510990866957386262179,moneyline,True
mlb-cws-stl-2026-09-12,mlb-cws-stl-2026-09-12|moneyline|None|44618449636292769433449339680304089604373746726215923039510990866957386262179,moneyline,False
mlb-cws-stl-2026-09-12,mlb-cws-stl-2026-09-12|moneyline|None|44618449636292769433449339680304089604373746726215923039510990866957386262179,moneyline,False
mlb-cws-stl-2026-09-12,mlb-cws-stl-2026-09-12|moneyline|None|44618449636292769433449339680304089604373746726215923039510990866957386262179,moneyline,True
mlb-cws-stl-2026-09-12,mlb-cws-stl-2026-09-12|moneyline|None|44618449636292769433449339680304089604373746726215923039510990866957386262179,moneyline,True
mlb-cws-stl-2026-09-12,mlb-cws-stl-2026-09-12|moneyline|None|44618449636292769433449339680304089604373746726215923039510990866957386262179,moneyline,True
mlb-cws-stl-2026-09-12,mlb-cws-stl-2026-09-12|moneyline|None|44618449636292769433449339680304089604373746726215923039510990866957386262179,moneyline,False
mlb-cws-stl-2026-09-12,mlb-cws-stl-2026-09-12|moneyline|None|44618449636292769433449339680304089604373746726215923039510990866957386262179,moneyline,True
mlb-cws-stl-2026-09-12,mlb-cws-stl-2026-09-12|moneyline|None|44618449636292769433449339680304089604373746726215923039510990866957386262179,moneyline,True
mlb-cws-stl-2026-09-12,mlb-cws-stl-2026-09-12|moneyline|None|44618449636292769433449339680304089604373746726215923039510990866957386262179,moneyline,False
mlb-cws-stl-2026-09-12,mlb-cws-stl-2026-09-12|moneyline|None|44618449636292769433449339680304089604373746726215923039510990866957386262179,moneyline,True
mlb-cws-stl-2026-09-12,mlb-cws-stl-2026-09-12|moneyline|None|44618449636292769433449339680304089604373746726215923039510990866957386262179,moneyline,False
mlb-cws-stl-2026-09-12,mlb-cws-stl-2026-09-12|moneyline|None|44618449636292769433449339680304089604373746726215923039510990866957386262179,moneyline,True
mlb-cws-stl-2026-09-12,mlb-cws-stl-2026-09-12|moneyline|None|44618449636292769433449339680304089604373746726215923039510990866957386262179,moneyline,False
mlb-cws-stl-2026-09-12,mlb-cws-stl-2026-09-12|moneyline|None|44618449636292769433449339680304089604373746726215923039510990866957386262179,moneyline,True
mlb-cws-stl-2026-09-12,mlb-cws-stl-2026-09-12|moneyline|None|44618449636292769433449339680304089604373746726215923039510990866957386262179,moneyline,False
mlb-cws-stl-2026-09-12,mlb-cws-stl-2026-09-12|moneyline|None|44618449636292769433449339680304089604373746726215923039510990866957386262179,moneyline,True
mlb-cws-stl-2026-09-12,mlb-cws-stl-2026-09-12|moneyline|None|44618449636292769433449339680304089604373746726215923039510990866957386262179,moneyline,True
mlb-cws-stl-2026-09-12,mlb-cws-stl-2026-09-12|moneyline|None|44618449636292769433449339680304089604373746726215923039510990866957386262179,moneyline,False
mlb-cws-stl-2026-09-12,mlb-cws-stl-2026-09-12|moneyline|None|44618449636292769433449339680304089604373746726215923039510990866957386262179,moneyline,True
mlb-cws-stl-2026-09-12,mlb-cws-stl-2026-09-12|moneyline|None|44618449636292769433449339680304089604373746726215923039510990866957386262179,moneyline,True
mlb-cws-stl-2026-09-12,mlb-cws-stl-2026-09-12|moneyline|None|44618449636292769433449339680304089604373746726215923039510990866957386262179,moneyline,False
mlb-cws-stl-2026-09-12,mlb-cws-stl-2026-09-12|moneyline|None|44618449636292769433449339680304089604373746726215923039510990866957386262179,moneyline,False
mlb-cws-stl-2026-09-12,mlb-cws-stl-2026-09-12|spread|-1.5|60728432504675259611153998915862705981463665433518100984810574597958860290390,spread,True
mlb-cws-stl-2026-09-12,mlb-cws-stl-2026-09-12|spread|-1.5|60728432504675259611153998915862705981463665433518100984810574597958860290390,spread,True
mlb-cws-stl-2026-09-12,mlb-cws-stl-2026-09-12|spread|-1.5|60728432504675259611153998915862705981463665433518100984810574597958860290390,spread,False
mlb-cws-stl-2026-09-12,mlb-cws-stl-2026-09-12|spread|-1.5|60728432504675259611153998915862705981463665433518100984810574597958860290390,spread,True
mlb-cws-stl-2026-09-12,mlb-cws-stl-2026-09-12|spread|-1.5|60728432504675259611153998915862705981463665433518100984810574597958860290390,spread,True
mlb-cws-stl-2026-09-12,mlb-cws-stl-2026-09-12|spread|-1.5|60728432504675259611153998915862705981463665433518100984810574597958860290390,spread,False
mlb-cws-stl-2026-09-12,mlb-cws-stl-2026-09-12|spread|-1.5|60728432504675259611153998915862705981463665433518100984810574597958860290390,spread,False
mlb-cws-stl-2026-09-12,mlb-cws-stl-2026-09-12|spread|-1.5|60728432504675259611153998915862705981463665433518100984810574597958860290390,spread,False
mlb-cws-stl-2026-09-12,mlb-cws-stl-2026-09-12|spread|-1.5|60728432504675259611153998915862705981463665433518100984810574597958860290390,spread,False
mlb-cws-stl-2026-09-12,mlb-cws-stl-2026-09-12|spread|-1.5|60728432504675259611153998915862705981463665433518100984810574597958860290390,spread,False
mlb-cws-stl-2026-09-12,mlb-cws-stl-2026-09-12|spread|-1.5|60728432504675259611153998915862705981463665433518100984810574597958860290390,spread,True
mlb-cws-stl-2026-09-12,mlb-cws-stl-2026-09-12|spread|-1.5|60728432504675259611153998915862705981463665433518100984810574597958860290390,spread,False
mlb-cws-stl-2026-09-12,mlb-cws-stl-2026-09-12|spread|-1.5|60728432504675259611153998915862705981463665433518100984810574597958860290390,spread,False
mlb-cws-stl-2026-09-12,mlb-cws-stl-2026-09-12|spread|-1.5|60728432504675259611153998915862705981463665433518100984810574597958860290390,spread,True
mlb-cws-stl-2026-09-12,mlb-cws-stl-2026-09-12|spread|-1.5|60728432504675259611153998915862705981463665433518100984810574597958860290390,spread,False
mlb-cws-stl-2026-09-12,mlb-cws-stl-2026-09-12|spread|-1.5|60728432504675259611153998915862705981463665433518100984810574597958860290390,spread,True
mlb-cws-stl-2026-09-12,mlb-cws-stl-2026-09-12|spread|-1.5|60728432504675259611153998915862705981463665433518100984810574597958860290390,spread,False
mlb-cws-stl-2026-09-12,mlb-cws-stl-2026-09-12|spread|-1.5|60728432504675259611153998915862705981463665433518100984810574597958860290390,spread,False
mlb-cws-stl-2026-09-12,mlb-cws-stl-2026-09-12|spread|-1.5|60728432504675259611153998915862705981463665433518100984810574597958860290390,spread,False
mlb-cws-stl-2026-09-12,mlb-cws-stl-2026-09-12|spread|-1.5|60728432504675259611153998915862705981463665433518100984810574597958860290390,spread,False
mlb-cws-stl-2026-09-12,mlb-cws-stl-2026-09-12|spread|-1.5|60728432504675259611153998915862705981463665433518100984810574597958860290390,spread,False
mlb-cws-stl-2026-09-12,mlb-cws-stl-2026-09-12|spread|-1.5|60728432504675259611153998915862705981463665433518100984810574597958860290390,spread,True
mlb-cws-stl-2026-09-12,mlb-cws-stl-2026-09-12|spread|-1.5|60728432504675259611153998915862705981463665433518100984810574597958860290390,spread,True
mlb-cws-stl-2026-09-12,mlb-cws-stl-2026-09-12|spread|-1.5|60728432504675259611153998915862705981463665433518100984810574597958860290390,spread,False
mlb-cws-stl-2026-09-12,mlb-cws-stl-2026-09-12|spread|-1.5|60728432504675259611153998915862705981463665433518100984810574597958860290390,spread,False
mlb-cws-stl-2026-09-12,mlb-cws-stl-2026-09-12|spread|-1.5|60728432504675259611153998915862705981463665433518100984810574597958860290390,spread,False
mlb-cws-stl-2026-09-12,mlb-cws-stl-2026-09-12|spread|-1.5|60728432504675259611153998915862705981463665433518100984810574597958860290390,spread,False
mlb-cws-stl-2026-09-12,mlb-cws-stl-2026-09-12|spread|-1.5|60728432504675259611153998915862705981463665433518100984810574597958860290390,spread,True
mlb-cws-stl-2026-09-12,mlb-cws-stl-2026-09-12|spread|-1.5|60728432504675259611153998915862705981463665433518100984810574597958860290390,spread,False
mlb-cws-stl-2026-09-12,mlb-cws-stl-2026-09-12|spread|-1.5|60728432504675259611153998915862705981463665433518100984810574597958860290390,spread,False
mlb-cws-stl-2026-09-12,mlb-cws-stl-2026-09-12|spread|-1.5|60728432504675259611153998915862705981463665433518100984810574597958860290390,spread,False
mlb-cws-stl-2026-09-12,mlb-cws-stl-2026-09-12|spread|-1.5|60728432504675259611153998915862705981463665433518100984810574597958860290390,spread,False
mlb-cws-stl-2026-09-12,mlb-cws-stl-2026-09-12|spread|-1.5|60728432504675259611153998915862705981463665433518100984810574597958860290390,spread,False
mlb-cws-stl-2026-09-12,mlb-cws-stl-2026-09-12|spread|-1.5|60728432504675259611153998915862705981463665433518100984810574597958860290390,spread,False
mlb-cws-stl-2026-09-12,mlb-cws-stl-2026-09-12|spread|-1.5|60728432504675259611153998915862705981463665433518100984810574597958860290390,spread,True
mlb-cws-stl-2026-09-12,mlb-cws-stl-2026-09-12|spread|-1.5|60728432504675259611153998915862705981463665433518100984810574597958860290390,spread,False
mlb-cws-stl-2026-09-12,mlb-cws-stl-2026-09-12|spread|-1.5|60728432504675259611153998915862705981463665433518100984810574597958860290390,spread,False
mlb-cws-stl-2026-09-12,mlb-cws-stl-2026-09-12|spread|-1.5|60728432504675259611153998915862705981463665433518100984810574597958860290390,spread,False
mlb-cws-stl-2026-09-12,mlb-cws-stl-2026-09-12|spread|-1.5|60728432504675259611153998915862705981463665433518100984810574597958860290390,spread,True
mlb-cws-stl-2026-09-12,mlb-cws-stl-2026-09-12|spread|-1.5|60728432504675259611153998915862705981463665433518100984810574597958860290390,spread,True
mlb-cws-stl-2026-09-12,mlb-cws-stl-2026-09-12|spread|-1.5|60728432504675259611153998915862705981463665433518100984810574597958860290390,spread,False
mlb-cws-stl-2026-09-12,mlb-cws-stl-2026-09-12|spread|-1.5|60728432504675259611153998915862705981463665433518100984810574597958860290390,spread,False
mlb-cws-stl-2026-09-12,mlb-cws-stl-2026-09-12|spread|-1.5|60728432504675259611153998915862705981463665433518100984810574597958860290390,spread,False
mlb-cws-stl-2026-09-12,mlb-cws-stl-2026-09-12|spread|-1.5|60728432504675259611153998915862705981463665433518100984810574597958860290390,spread,False
mlb-cws-stl-2026-09-12,mlb-cws-stl-2026-09-12|spread|-1.5|60728432504675259611153998915862705981463665433518100984810574597958860290390,spread,False
mlb-cws-stl-2026-09-12,mlb-cws-stl-2026-09-12|spread|-1.5|60728432504675259611153998915862705981463665433518100984810574597958860290390,spread,True
mlb-cws-stl-2026-09-12,mlb-cws-stl-2026-09-12|spread|-1.5|60728432504675259611153998915862705981463665433518100984810574597958860290390,spread,True
mlb-cws-stl-2026-09-12,mlb-cws-stl-2026-09-12|spread|-1.5|60728432504675259611153998915862705981463665433518100984810574597958860290390,spread,True
mlb-cws-stl-2026-09-12,mlb-cws-stl-2026-09-12|spread|-1.5|60728432504675259611153998915862705981463665433518100984810574597958860290390,spread,False
mlb-cws-stl-2026-09-12,mlb-cws-stl-2026-09-12|spread|-1.5|60728432504675259611153998915862705981463665433518100984810574597958860290390,spread,True
mlb-cws-stl-2026-09-12,mlb-cws-stl-2026-09-12|spread|-1.5|60728432504675259611153998915862705981463665433518100984810574597958860290390,spread,False
mlb-cws-stl-2026-09-12,mlb-cws-stl-2026-09-12|spread|-1.5|60728432504675259611153998915862705981463665433518100984810574597958860290390,spread,True
mlb-cws-stl-2026-09-12,mlb-cws-stl-2026-09-12|spread|-1.5|60728432504675259611153998915862705981463665433518100984810574597958860290390,spread,False
mlb-cws-stl-2026-09-12,mlb-cws-stl-2026-09-12|spread|-1.5|60728432504675259611153998915862705981463665433518100984810574597958860290390,spread,True
mlb-cws-stl-2026-09-12,mlb-cws-stl-2026-09-12|spread|-1.5|60728432504675259611153998915862705981463665433518100984810574597958860290390,spread,False
mlb-cws-stl-2026-09-12,mlb-cws-stl-2026-09-12|spread|-1.5|60728432504675259611153998915862705981463665433518100984810574597958860290390,spread,True
mlb-cws-stl-2026-09-12,mlb-cws-stl-2026-09-12|spread|-1.5|60728432504675259611153998915862705981463665433518100984810574597958860290390,spread,False
mlb-cws-stl-2026-09-12,mlb-cws-stl-2026-09-12|spread|-1.5|60728432504675259611153998915862705981463665433518100984810574597958860290390,spread,False
mlb-cws-stl-2026-09-12,mlb-cws-stl-2026-09-12|spread|-1.5|60728432504675259611153998915862705981463665433518100984810574597958860290390,spread,False
mlb-cws-stl-2026-09-12,mlb-cws-stl-2026-09-12|spread|-1.5|60728432504675259611153998915862705981463665433518100984810574597958860290390,spread,False
mlb-cws-stl-2026-09-12,mlb-cws-stl-2026-09-12|spread|-1.5|60728432504675259611153998915862705981463665433518100984810574597958860290390,spread,False
mlb-cws-stl-2026-09-12,mlb-cws-stl-2026-09-12|spread|-1.5|60728432504675259611153998915862705981463665433518100984810574597958860290390,spread,False
mlb-cws-stl-2026-09-12,mlb-cws-stl-2026-09-12|spread|-1.5|60728432504675259611153998915862705981463665433518100984810574597958860290390,spread,True
mlb-cws-stl-2026-09-12,mlb-cws-stl-2026-09-12|spread|-1.5|60728432504675259611153998915862705981463665433518100984810574597958860290390,spread,False
mlb-cws-stl-2026-09-12,mlb-cws-stl-2026-09-12|spread|-1.5|60728432504675259611153998915862705981463665433518100984810574597958860290390,spread,False
mlb-cws-stl-2026-09-12,mlb-cws-stl-2026-09-12|spread|-1.5|60728432504675259611153998915862705981463665433518100984810574597958860290390,spread,False
mlb-cws-stl-2026-09-12,mlb-cws-stl-2026-09-12|spread|-1.5|60728432504675259611153998915862705981463665433518100984810574597958860290390,spread,False
mlb-cws-stl-2026-09-12,mlb-cws-stl-2026-09-12|spread|-1.5|60728432504675259611153998915862705981463665433518100984810574597958860290390,spread,False
mlb-cws-stl-2026-09-12,mlb-cws-stl-2026-09-12|spread|-1.5|60728432504675259611153998915862705981463665433518100984810574597958860290390,spread,True
mlb-cws-stl-2026-09-12,mlb-cws-stl-2026-09-12|spread|-1.5|60728432504675259611153998915862705981463665433518100984810574597958860290390,spread,True
mlb-cws-stl-2026-09-12,mlb-cws-stl-2026-09-12|spread|-1.5|60728432504675259611153998915862705981463665433518100984810574597958860290390,spread,False
mlb-cws-stl-2026-09-12,mlb-cws-stl-2026-09-12|spread|-1.5|60728432504675259611153998915862705981463665433518100984810574597958860290390,spread,False
mlb-cws-stl-2026-09-12,mlb-cws-stl-2026-09-12|spread|-1.5|60728432504675259611153998915862705981463665433518100984810574597958860290390,spread,True
mlb-cws-stl-2026-09-12,mlb-cws-stl-2026-09-12|spread|-1.5|60728432504675259611153998915862705981463665433518100984810574597958860290390,spread,False
mlb-cws-stl-2026-09-12,mlb-cws-stl-2026-09-12|spread|-1.5|60728432504675259611153998915862705981463665433518100984810574597958860290390,spread,True
mlb-cws-stl-2026-09-12,mlb-cws-stl-2026-09-12|spread|-1.5|60728432504675259611153998915862705981463665433518100984810574597958860290390,spread,True
mlb-cws-stl-2026-09-12,mlb-cws-stl-2026-09-12|spread|-1.5|60728432504675259611153998915862705981463665433518100984810574597958860290390,spread,True
mlb-cws-stl-2026-09-12,mlb-cws-stl-2026-09-12|spread|-1.5|60728432504675259611153998915862705981463665433518100984810574597958860290390,spread,True
mlb-cws-stl-2026-09-12,mlb-cws-stl-2026-09-12|spread|-1.5|60728432504675259611153998915862705981463665433518100984810574597958860290390,spread,True
mlb-cws-stl-2026-09-12,mlb-cws-stl-2026-09-12|spread|-1.5|60728432504675259611153998915862705981463665433518100984810574597958860290390,spread,False
mlb-cws-stl-2026-09-12,mlb-cws-stl-2026-09-12|spread|-1.5|60728432504675259611153998915862705981463665433518100984810574597958860290390,spread,False
mlb-cws-stl-2026-09-12,mlb-cws-stl-2026-09-12|spread|-1.5|60728432504675259611153998915862705981463665433518100984810574597958860290390,spread,False
mlb-cws-stl-2026-09-12,mlb-cws-stl-2026-09-12|spread|-1.5|60728432504675259611153998915862705981463665433518100984810574597958860290390,spread,False
mlb-cws-stl-2026-09-12,mlb-cws-stl-2026-09-12|spread|-1.5|9390380745244259428699895098197351072906478379954528465534628646548955069244,spread,False
mlb-cws-stl-2026-09-12,mlb-cws-stl-2026-09-12|spread|-1.5|9390380745244259428699895098197351072906478379954528465534628646548955069244,spread,False
mlb-cws-stl-2026-09-12,mlb-cws-stl-2026-09-12|spread|-1.5|9390380745244259428699895098197351072906478379954528465534628646548955069244,spread,True
mlb-cws-stl-2026-09-12,mlb-cws-stl-2026-09-12|spread|-1.5|9390380745244259428699895098197351072906478379954528465534628646548955069244,spread,True
mlb-cws-stl-2026-09-12,mlb-cws-stl-2026-09-12|spread|-1.5|9390380745244259428699895098197351072906478379954528465534628646548955069244,spread,False
mlb-cws-stl-2026-09-12,mlb-cws-stl-2026-09-12|spread|-1.5|9390380745244259428699895098197351072906478379954528465534628646548955069244,spread,False
mlb-cws-stl-2026-09-12,mlb-cws-stl-2026-09-12|spread|-1.5|9390380745244259428699895098197351072906478379954528465534628646548955069244,spread,True
mlb-cws-stl-2026-09-12,mlb-cws-stl-2026-09-12|spread|-1.5|9390380745244259428699895098197351072906478379954528465534628646548955069244,spread,True
mlb-cws-stl-2026-09-12,mlb-cws-stl-2026-09-12|spread|-1.5|9390380745244259428699895098197351072906478379954528465534628646548955069244,spread,False
mlb-cws-stl-2026-09-12,mlb-cws-stl-2026-09-12|spread|-1.5|9390380745244259428699895098197351072906478379954528465534628646548955069244,spread,True
mlb-cws-stl-2026-09-12,mlb-cws-stl-2026-09-12|spread|-1.5|9390380745244259428699895098197351072906478379954528465534628646548955069244,spread,False
mlb-cws-stl-2026-09-12,mlb-cws-stl-2026-09-12|spread|-1.5|9390380745244259428699895098197351072906478379954528465534628646548955069244,spread,False
mlb-cws-stl-2026-09-12,mlb-cws-stl-2026-09-12|spread|-1.5|9390380745244259428699895098197351072906478379954528465534628646548955069244,spread,False
mlb-cws-stl-2026-09-12,mlb-cws-stl-2026-09-12|spread|-1.5|9390380745244259428699895098197351072906478379954528465534628646548955069244,spread,False
mlb-cws-stl-2026-09-12,mlb-cws-stl-2026-09-12|spread|-1.5|9390380745244259428699895098197351072906478379954528465534628646548955069244,spread,False
mlb-cws-stl-2026-09-12,mlb-cws-stl-2026-09-12|spread|-1.5|9390380745244259428699895098197351072906478379954528465534628646548955069244,spread,True
mlb-cws-stl-2026-09-12,mlb-cws-stl-2026-09-12|spread|-1.5|9390380745244259428699895098197351072906478379954528465534628646548955069244,spread,True
mlb-cws-stl-2026-09-12,mlb-cws-stl-2026-09-12|spread|-1.5|9390380745244259428699895098197351072906478379954528465534628646548955069244,spread,False
mlb-cws-stl-2026-09-12,mlb-cws-stl-2026-09-12|spread|-1.5|9390380745244259428699895098197351072906478379954528465534628646548955069244,spread,True
mlb-cws-stl-2026-09-12,mlb-cws-stl-2026-09-12|spread|-1.5|9390380745244259428699895098197351072906478379954528465534628646548955069244,spread,True
mlb-cws-stl-2026-09-12,mlb-cws-stl-2026-09-12|spread|-1.5|9390380745244259428699895098197351072906478379954528465534628646548955069244,spread,True
mlb-cws-stl-2026-09-12,mlb-cws-stl-2026-09-12|spread|-1.5|9390380745244259428699895098197351072906478379954528465534628646548955069244,spread,True
mlb-cws-stl-2026-09-12,mlb-cws-stl-2026-09-12|spread|-1.5|9390380745244259428699895098197351072906478379954528465534628646548955069244,spread,True
mlb-cws-stl-2026-09-12,mlb-cws-stl-2026-09-12|spread|-1.5|9390380745244259428699895098197351072906478379954528465534628646548955069244,spread,True
mlb-cws-stl-2026-09-12,mlb-cws-stl-2026-09-12|spread|-1.5|9390380745244259428699895098197351072906478379954528465534628646548955069244,spread,False
mlb-cws-stl-2026-09-12,mlb-cws-stl-2026-09-12|spread|-1.5|9390380745244259428699895098197351072906478379954528465534628646548955069244,spread,True
mlb-cws-stl-2026-09-12,mlb-cws-stl-2026-09-12|spread|-1.5|9390380745244259428699895098197351072906478379954528465534628646548955069244,spread,True
mlb-cws-stl-2026-09-12,mlb-cws-stl-2026-09-12|spread|-1.5|9390380745244259428699895098197351072906478379954528465534628646548955069244,spread,False
mlb-cws-stl-2026-09-12,mlb-cws-stl-2026-09-12|spread|-1.5|9390380745244259428699895098197351072906478379954528465534628646548955069244,spread,True
mlb-cws-stl-2026-09-12,mlb-cws-stl-2026-09-12|spread|-1.5|9390380745244259428699895098197351072906478379954528465534628646548955069244,spread,False
mlb-cws-stl-2026-09-12,mlb-cws-stl-2026-09-12|spread|-1.5|9390380745244259428699895098197351072906478379954528465534628646548955069244,spread,True
mlb-cws-stl-2026-09-12,mlb-cws-stl-2026-09-12|spread|-1.5|9390380745244259428699895098197351072906478379954528465534628646548955069244,spread,True
mlb-cws-stl-2026-09-12,mlb-cws-stl-2026-09-12|spread|-1.5|9390380745244259428699895098197351072906478379954528465534628646548955069244,spread,True
mlb-cws-stl-2026-09-12,mlb-cws-stl-2026-09-12|spread|-1.5|9390380745244259428699895098197351072906478379954528465534628646548955069244,spread,True
mlb-cws-stl-2026-09-12,mlb-cws-stl-2026-09-12|spread|-1.5|9390380745244259428699895098197351072906478379954528465534628646548955069244,spread,True
mlb-cws-stl-2026-09-12,mlb-cws-stl-2026-09-12|spread|-1.5|9390380745244259428699895098197351072906478379954528465534628646548955069244,spread,True
mlb-cws-stl-2026-09-12,mlb-cws-stl-2026-09-12|spread|-1.5|9390380745244259428699895098197351072906478379954528465534628646548955069244,spread,True
mlb-cws-stl-2026-09-12,mlb-cws-stl-2026-09-12|spread|-1.5|9390380745244259428699895098197351072906478379954528465534628646548955069244,spread,True
mlb-cws-stl-2026-09-12,mlb-cws-stl-2026-09-12|spread|-1.5|9390380745244259428699895098197351072906478379954528465534628646548955069244,spread,True
mlb-cws-stl-2026-09-12,mlb-cws-stl-2026-09-12|spread|-1.5|9390380745244259428699895098197351072906478379954528465534628646548955069244,spread,True
mlb-cws-stl-2026-09-12,mlb-cws-stl-2026-09-12|spread|-1.5|9390380745244259428699895098197351072906478379954528465534628646548955069244,spread,True
mlb-cws-stl-2026-09-12,mlb-cws-stl-2026-09-12|spread|-1.5|9390380745244259428699895098197351072906478379954528465534628646548955069244,spread,True
mlb-cws-stl-2026-09-12,mlb-cws-stl-2026-09-12|spread|-1.5|9390380745244259428699895098197351072906478379954528465534628646548955069244,spread,True
mlb-cws-stl-2026-09-12,mlb-cws-stl-2026-09-12|spread|-1.5|9390380745244259428699895098197351072906478379954528465534628646548955069244,spread,True
mlb-cws-stl-2026-09-12,mlb-cws-stl-2026-09-12|spread|-1.5|9390380745244259428699895098197351072906478379954528465534628646548955069244,spread,True
mlb-cws-stl-2026-09-12,mlb-cws-stl-2026-09-12|spread|-1.5|9390380745244259428699895098197351072906478379954528465534628646548955069244,spread,True
mlb-cws-stl-2026-09-12,mlb-cws-stl-2026-09-12|spread|-1.5|9390380745244259428699895098197351072906478379954528465534628646548955069244,spread,True
mlb-cws-stl-2026-09-12,mlb-cws-stl-2026-09-12|spread|-1.5|9390380745244259428699895098197351072906478379954528465534628646548955069244,spread,True
mlb-cws-stl-2026-09-12,mlb-cws-stl-2026-09-12|spread|-1.5|9390380745244259428699895098197351072906478379954528465534628646548955069244,spread,True
mlb-cws-stl-2026-09-12,mlb-cws-stl-2026-09-12|spread|-1.5|9390380745244259428699895098197351072906478379954528465534628646548955069244,spread,True
mlb-cws-stl-2026-09-12,mlb-cws-stl-2026-09-12|spread|-1.5|9390380745244259428699895098197351072906478379954528465534628646548955069244,spread,False
mlb-cws-stl-2026-09-12,mlb-cws-stl-2026-09-12|spread|-1.5|9390380745244259428699895098197351072906478379954528465534628646548955069244,spread,True
mlb-cws-stl-2026-09-12,mlb-cws-stl-2026-09-12|spread|-1.5|9390380745244259428699895098197351072906478379954528465534628646548955069244,spread,False
mlb-cws-stl-2026-09-12,mlb-cws-stl-2026-09-12|spread|-1.5|9390380745244259428699895098197351072906478379954528465534628646548955069244,spread,False
mlb-cws-stl-2026-09-12,mlb-cws-stl-2026-09-12|spread|-1.5|9390380745244259428699895098197351072906478379954528465534628646548955069244,spread,True
mlb-cws-stl-2026-09-12,mlb-cws-stl-2026-09-12|spread|-1.5|9390380745244259428699895098197351072906478379954528465534628646548955069244,spread,False
mlb-cws-stl-2026-09-12,mlb-cws-stl-2026-09-12|spread|-1.5|9390380745244259428699895098197351072906478379954528465534628646548955069244,spread,False
mlb-cws-stl-2026-09-12,mlb-cws-stl-2026-09-12|spread|-1.5|9390380745244259428699895098197351072906478379954528465534628646548955069244,spread,False
mlb-cws-stl-2026-09-12,mlb-cws-stl-2026-09-12|spread|-1.5|9390380745244259428699895098197351072906478379954528465534628646548955069244,spread,True
mlb-cws-stl-2026-09-12,mlb-cws-stl-2026-09-12|spread|-1.5|9390380745244259428699895098197351072906478379954528465534628646548955069244,spread,False
mlb-cws-stl-2026-09-12,mlb-cws-stl-2026-09-12|spread|-1.5|9390380745244259428699895098197351072906478379954528465534628646548955069244,spread,False
mlb-cws-stl-2026-09-12,mlb-cws-stl-2026-09-12|spread|-1.5|9390380745244259428699895098197351072906478379954528465534628646548955069244,spread,True
mlb-cws-stl-2026-09-12,mlb-cws-stl-2026-09-12|spread|-1.5|9390380745244259428699895098197351072906478379954528465534628646548955069244,spread,True
mlb-cws-stl-2026-09-12,mlb-cws-stl-2026-09-12|spread|-1.5|9390380745244259428699895098197351072906478379954528465534628646548955069244,spread,False
mlb-cws-stl-2026-09-12,mlb-cws-stl-2026-09-12|spread|-1.5|9390380745244259428699895098197351072906478379954528465534628646548955069244,spread,True
mlb-cws-stl-2026-09-12,mlb-cws-stl-2026-09-12|spread|-1.5|9390380745244259428699895098197351072906478379954528465534628646548955069244,spread,True
mlb-cws-stl-2026-09-12,mlb-cws-stl-2026-09-12|spread|-1.5|9390380745244259428699895098197351072906478379954528465534628646548955069244,spread,False
mlb-cws-stl-2026-09-12,mlb-cws-stl-2026-09-12|spread|-1.5|9390380745244259428699895098197351072906478379954528465534628646548955069244,spread,False
mlb-cws-stl-2026-09-12,mlb-cws-stl-2026-09-12|spread|-1.5|9390380745244259428699895098197351072906478379954528465534628646548955069244,spread,False
mlb-cws-stl-2026-09-12,mlb-cws-stl-2026-09-12|spread|-1.5|9390380745244259428699895098197351072906478379954528465534628646548955069244,spread,True
mlb-cws-stl-2026-09-12,mlb-cws-stl-2026-09-12|spread|-1.5|9390380745244259428699895098197351072906478379954528465534628646548955069244,spread,False
mlb-cws-stl-2026-09-12,mlb-cws-stl-2026-09-12|spread|-1.5|9390380745244259428699895098197351072906478379954528465534628646548955069244,spread,False
mlb-cws-stl-2026-09-12,mlb-cws-stl-2026-09-12|spread|-1.5|9390380745244259428699895098197351072906478379954528465534628646548955069244,spread,True
mlb-cws-stl-2026-09-12,mlb-cws-stl-2026-09-12|spread|-1.5|9390380745244259428699895098197351072906478379954528465534628646548955069244,spread,False
mlb-cws-stl-2026-09-12,mlb-cws-stl-2026-09-12|spread|-1.5|9390380745244259428699895098197351072906478379954528465534628646548955069244,spread,True
mlb-cws-stl-2026-09-12,mlb-cws-stl-2026-09-12|spread|-1.5|9390380745244259428699895098197351072906478379954528465534628646548955069244,spread,True
mlb-cws-stl-2026-09-12,mlb-cws-stl-2026-09-12|spread|-1.5|9390380745244259428699895098197351072906478379954528465534628646548955069244,spread,False
mlb-cws-stl-2026-09-12,mlb-cws-stl-2026-09-12|spread|-1.5|9390380745244259428699895098197351072906478379954528465534628646548955069244,spread,False
mlb-cws-stl-2026-09-12,mlb-cws-stl-2026-09-12|spread|-1.5|9390380745244259428699895098197351072906478379954528465534628646548955069244,spread,False
mlb-cws-stl-2026-09-12,mlb-cws-stl-2026-09-12|spread|-1.5|9390380745244259428699895098197351072906478379954528465534628646548955069244,spread,False
mlb-cws-stl-2026-09-12,mlb-cws-stl-2026-09-12|spread|-1.5|9390380745244259428699895098197351072906478379954528465534628646548955069244,spread,False
mlb-cws-stl-2026-09-12,mlb-cws-stl-2026-09-12|spread|-1.5|9390380745244259428699895098197351072906478379954528465534628646548955069244,spread,True
mlb-cws-stl-2026-09-12,mlb-cws-stl-2026-09-12|spread|-2.5|28391503775384035462012557304323735385830268230509292886445006384235549364341,spread,True
mlb-cws-stl-2026-09-12,mlb-cws-stl-2026-09-12|spread|-2.5|28391503775384035462012557304323735385830268230509292886445006384235549364341,spread,False
mlb-cws-stl-2026-09-12,mlb-cws-stl-2026-09-12|spread|-2.5|28391503775384035462012557304323735385830268230509292886445006384235549364341,spread,False
mlb-cws-stl-2026-09-12,mlb-cws-stl-2026-09-12|spread|-2.5|28391503775384035462012557304323735385830268230509292886445006384235549364341,spread,True
mlb-cws-stl-2026-09-12,mlb-cws-stl-2026-09-12|spread|-2.5|28391503775384035462012557304323735385830268230509292886445006384235549364341,spread,True
mlb-cws-stl-2026-09-12,mlb-cws-stl-2026-09-12|spread|-2.5|28391503775384035462012557304323735385830268230509292886445006384235549364341,spread,True
mlb-cws-stl-2026-09-12,mlb-cws-stl-2026-09-12|spread|-2.5|28391503775384035462012557304323735385830268230509292886445006384235549364341,spread,False
mlb-cws-stl-2026-09-12,mlb-cws-stl-2026-09-12|spread|-2.5|28391503775384035462012557304323735385830268230509292886445006384235549364341,spread,True
mlb-cws-stl-2026-09-12,mlb-cws-stl-2026-09-12|spread|-2.5|28391503775384035462012557304323735385830268230509292886445006384235549364341,spread,False
mlb-cws-stl-2026-09-12,mlb-cws-stl-2026-09-12|spread|-2.5|28391503775384035462012557304323735385830268230509292886445006384235549364341,spread,True
mlb-cws-stl-2026-09-12,mlb-cws-stl-2026-09-12|spread|-2.5|28391503775384035462012557304323735385830268230509292886445006384235549364341,spread,False
mlb-cws-stl-2026-09-12,mlb-cws-stl-2026-09-12|spread|-2.5|28391503775384035462012557304323735385830268230509292886445006384235549364341,spread,True
mlb-cws-stl-2026-09-12,mlb-cws-stl-2026-09-12|spread|-2.5|28391503775384035462012557304323735385830268230509292886445006384235549364341,spread,True
mlb-cws-stl-2026-09-12,mlb-cws-stl-2026-09-12|spread|-2.5|28391503775384035462012557304323735385830268230509292886445006384235549364341,spread,False
mlb-cws-stl-2026-09-12,mlb-cws-stl-2026-09-12|spread|-2.5|28391503775384035462012557304323735385830268230509292886445006384235549364341,spread,True
mlb-cws-stl-2026-09-12,mlb-cws-stl-2026-09-12|spread|-2.5|28391503775384035462012557304323735385830268230509292886445006384235549364341,spread,True
mlb-cws-stl-2026-09-12,mlb-cws-stl-2026-09-12|spread|-2.5|28391503775384035462012557304323735385830268230509292886445006384235549364341,spread,False
mlb-cws-stl-2026-09-12,mlb-cws-stl-2026-09-12|spread|-2.5|28391503775384035462012557304323735385830268230509292886445006384235549364341,spread,False
mlb-cws-stl-2026-09-12,mlb-cws-stl-2026-09-12|spread|-2.5|28391503775384035462012557304323735385830268230509292886445006384235549364341,spread,False
mlb-cws-stl-2026-09-12,mlb-cws-stl-2026-09-12|spread|-2.5|28391503775384035462012557304323735385830268230509292886445006384235549364341,spread,True
mlb-cws-stl-2026-09-12,mlb-cws-stl-2026-09-12|spread|-2.5|28391503775384035462012557304323735385830268230509292886445006384235549364341,spread,False
mlb-cws-stl-2026-09-12,mlb-cws-stl-2026-09-12|spread|-2.5|28391503775384035462012557304323735385830268230509292886445006384235549364341,spread,False
mlb-cws-stl-2026-09-12,mlb-cws-stl-2026-09-12|spread|-2.5|28391503775384035462012557304323735385830268230509292886445006384235549364341,spread,False
mlb-cws-stl-2026-09-12,mlb-cws-stl-2026-09-12|spread|-2.5|28391503775384035462012557304323735385830268230509292886445006384235549364341,spread,False
mlb-cws-stl-2026-09-12,mlb-cws-stl-2026-09-12|spread|-2.5|28391503775384035462012557304323735385830268230509292886445006384235549364341,spread,False
mlb-cws-stl-2026-09-12,mlb-cws-stl-2026-09-12|spread|-2.5|28391503775384035462012557304323735385830268230509292886445006384235549364341,spread,True
mlb-cws-stl-2026-09-12,mlb-cws-stl-2026-09-12|spread|-2.5|28391503775384035462012557304323735385830268230509292886445006384235549364341,spread,True
mlb-cws-stl-2026-09-12,mlb-cws-stl-2026-09-12|spread|-2.5|28391503775384035462012557304323735385830268230509292886445006384235549364341,spread,False
mlb-cws-stl-2026-09-12,mlb-cws-stl-2026-09-12|spread|-2.5|28391503775384035462012557304323735385830268230509292886445006384235549364341,spread,False
mlb-cws-stl-2026-09-12,mlb-cws-stl-2026-09-12|spread|-2.5|28391503775384035462012557304323735385830268230509292886445006384235549364341,spread,True
mlb-cws-stl-2026-09-12,mlb-cws-stl-2026-09-12|spread|-2.5|28391503775384035462012557304323735385830268230509292886445006384235549364341,spread,True
mlb-cws-stl-2026-09-12,mlb-cws-stl-2026-09-12|spread|-2.5|28391503775384035462012557304323735385830268230509292886445006384235549364341,spread,False
mlb-cws-stl-2026-09-12,mlb-cws-stl-2026-09-12|spread|-2.5|28391503775384035462012557304323735385830268230509292886445006384235549364341,spread,False
mlb-cws-stl-2026-09-12,mlb-cws-stl-2026-09-12|spread|-2.5|28391503775384035462012557304323735385830268230509292886445006384235549364341,spread,True
mlb-cws-stl-2026-09-12,mlb-cws-stl-2026-09-12|spread|-2.5|28391503775384035462012557304323735385830268230509292886445006384235549364341,spread,False
mlb-cws-stl-2026-09-12,mlb-cws-stl-2026-09-12|spread|-2.5|28391503775384035462012557304323735385830268230509292886445006384235549364341,spread,True
mlb-cws-stl-2026-09-12,mlb-cws-stl-2026-09-12|spread|-2.5|28391503775384035462012557304323735385830268230509292886445006384235549364341,spread,False
mlb-cws-stl-2026-09-12,mlb-cws-stl-2026-09-12|spread|-2.5|28391503775384035462012557304323735385830268230509292886445006384235549364341,spread,True
mlb-cws-stl-2026-09-12,mlb-cws-stl-2026-09-12|spread|-2.5|28391503775384035462012557304323735385830268230509292886445006384235549364341,spread,True
mlb-cws-stl-2026-09-12,mlb-cws-stl-2026-09-12|spread|-2.5|28391503775384035462012557304323735385830268230509292886445006384235549364341,spread,True
mlb-cws-stl-2026-09-12,mlb-cws-stl-2026-09-12|spread|-2.5|28391503775384035462012557304323735385830268230509292886445006384235549364341,spread,False
mlb-cws-stl-2026-09-12,mlb-cws-stl-2026-09-12|spread|-2.5|28391503775384035462012557304323735385830268230509292886445006384235549364341,spread,True
mlb-cws-stl-2026-09-12,mlb-cws-stl-2026-09-12|spread|-2.5|28391503775384035462012557304323735385830268230509292886445006384235549364341,spread,True
mlb-cws-stl-2026-09-12,mlb-cws-stl-2026-09-12|spread|-2.5|28391503775384035462012557304323735385830268230509292886445006384235549364341,spread,False
mlb-cws-stl-2026-09-12,mlb-cws-stl-2026-09-12|spread|-2.5|28391503775384035462012557304323735385830268230509292886445006384235549364341,spread,True
mlb-cws-stl-2026-09-12,mlb-cws-stl-2026-09-12|spread|-2.5|28391503775384035462012557304323735385830268230509292886445006384235549364341,spread,False
mlb-cws-stl-2026-09-12,mlb-cws-stl-2026-09-12|spread|-2.5|28391503775384035462012557304323735385830268230509292886445006384235549364341,spread,True
mlb-cws-stl-2026-09-12,mlb-cws-stl-2026-09-12|spread|-2.5|28391503775384035462012557304323735385830268230509292886445006384235549364341,spread,False
mlb-cws-stl-2026-09-12,mlb-cws-stl-2026-09-12|spread|-2.5|28391503775384035462012557304323735385830268230509292886445006384235549364341,spread,False
mlb-cws-stl-2026-09-12,mlb-cws-stl-2026-09-12|spread|-2.5|28391503775384035462012557304323735385830268230509292886445006384235549364341,spread,True
mlb-cws-stl-2026-09-12,mlb-cws-stl-2026-09-12|spread|-2.5|28391503775384035462012557304323735385830268230509292886445006384235549364341,spread,False
mlb-cws-stl-2026-09-12,mlb-cws-stl-2026-09-12|spread|-2.5|28391503775384035462012557304323735385830268230509292886445006384235549364341,spread,True
mlb-cws-stl-2026-09-12,mlb-cws-stl-2026-09-12|spread|-2.5|28391503775384035462012557304323735385830268230509292886445006384235549364341,spread,True
mlb-cws-stl-2026-09-12,mlb-cws-stl-2026-09-12|spread|-2.5|28391503775384035462012557304323735385830268230509292886445006384235549364341,spread,True
mlb-cws-stl-2026-09-12,mlb-cws-stl-2026-09-12|spread|-2.5|28391503775384035462012557304323735385830268230509292886445006384235549364341,spread,False
mlb-cws-stl-2026-09-12,mlb-cws-stl-2026-09-12|spread|-2.5|28391503775384035462012557304323735385830268230509292886445006384235549364341,spread,False
mlb-cws-stl-2026-09-12,mlb-cws-stl-2026-09-12|spread|-2.5|28391503775384035462012557304323735385830268230509292886445006384235549364341,spread,False
mlb-cws-stl-2026-09-12,mlb-cws-stl-2026-09-12|spread|-2.5|28391503775384035462012557304323735385830268230509292886445006384235549364341,spread,False
mlb-cws-stl-2026-09-12,mlb-cws-stl-2026-09-12|spread|-2.5|28391503775384035462012557304323735385830268230509292886445006384235549364341,spread,True
mlb-cws-stl-2026-09-12,mlb-cws-stl-2026-09-12|spread|-2.5|28391503775384035462012557304323735385830268230509292886445006384235549364341,spread,True
mlb-cws-stl-2026-09-12,mlb-cws-stl-2026-09-12|spread|-2.5|28391503775384035462012557304323735385830268230509292886445006384235549364341,spread,True
mlb-cws-stl-2026-09-12,mlb-cws-stl-2026-09-12|spread|-2.5|28391503775384035462012557304323735385830268230509292886445006384235549364341,spread,False
mlb-cws-stl-2026-09-12,mlb-cws-stl-2026-09-12|spread|-2.5|28391503775384035462012557304323735385830268230509292886445006384235549364341,spread,True
mlb-cws-stl-2026-09-12,mlb-cws-stl-2026-09-12|spread|-2.5|28391503775384035462012557304323735385830268230509292886445006384235549364341,spread,False
mlb-cws-stl-2026-09-12,mlb-cws-stl-2026-09-12|spread|-2.5|28391503775384035462012557304323735385830268230509292886445006384235549364341,spread,True
mlb-cws-stl-2026-09-12,mlb-cws-stl-2026-09-12|spread|-2.5|28391503775384035462012557304323735385830268230509292886445006384235549364341,spread,True
mlb-cws-stl-2026-09-12,mlb-cws-stl-2026-09-12|spread|-2.5|28391503775384035462012557304323735385830268230509292886445006384235549364341,spread,False
mlb-cws-stl-2026-09-12,mlb-cws-stl-2026-09-12|spread|-2.5|28391503775384035462012557304323735385830268230509292886445006384235549364341,spread,False
mlb-cws-stl-2026-09-12,mlb-cws-stl-2026-09-12|spread|-2.5|28391503775384035462012557304323735385830268230509292886445006384235549364341,spread,False
mlb-cws-stl-2026-09-12,mlb-cws-stl-2026-09-12|spread|-2.5|80630614259806851088111552520426625788253276020288679101837446503033252311632,spread,True
mlb-cws-stl-2026-09-12,mlb-cws-stl-2026-09-12|spread|-2.5|80630614259806851088111552520426625788253276020288679101837446503033252311632,spread,False
mlb-cws-stl-2026-09-12,mlb-cws-stl-2026-09-12|spread|-2.5|80630614259806851088111552520426625788253276020288679101837446503033252311632,spread,False
mlb-cws-stl-2026-09-12,mlb-cws-stl-2026-09-12|spread|-2.5|80630614259806851088111552520426625788253276020288679101837446503033252311632,spread,False
mlb-cws-stl-2026-09-12,mlb-cws-stl-2026-09-12|spread|-2.5|80630614259806851088111552520426625788253276020288679101837446503033252311632,spread,False
mlb-cws-stl-2026-09-12,mlb-cws-stl-2026-09-12|spread|-2.5|80630614259806851088111552520426625788253276020288679101837446503033252311632,spread,True
mlb-cws-stl-2026-09-12,mlb-cws-stl-2026-09-12|spread|-2.5|80630614259806851088111552520426625788253276020288679101837446503033252311632,spread,True
mlb-cws-stl-2026-09-12,mlb-cws-stl-2026-09-12|spread|-2.5|80630614259806851088111552520426625788253276020288679101837446503033252311632,spread,False
mlb-cws-stl-2026-09-12,mlb-cws-stl-2026-09-12|spread|-2.5|80630614259806851088111552520426625788253276020288679101837446503033252311632,spread,True
mlb-cws-stl-2026-09-12,mlb-cws-stl-2026-09-12|spread|-2.5|80630614259806851088111552520426625788253276020288679101837446503033252311632,spread,False
mlb-cws-stl-2026-09-12,mlb-cws-stl-2026-09-12|spread|-2.5|80630614259806851088111552520426625788253276020288679101837446503033252311632,spread,False
mlb-cws-stl-2026-09-12,mlb-cws-stl-2026-09-12|spread|-2.5|80630614259806851088111552520426625788253276020288679101837446503033252311632,spread,False
mlb-cws-stl-2026-09-12,mlb-cws-stl-2026-09-12|spread|-2.5|80630614259806851088111552520426625788253276020288679101837446503033252311632,spread,True
mlb-cws-stl-2026-09-12,mlb-cws-stl-2026-09-12|spread|-2.5|80630614259806851088111552520426625788253276020288679101837446503033252311632,spread,False
mlb-cws-stl-2026-09-12,mlb-cws-stl-2026-09-12|spread|-2.5|80630614259806851088111552520426625788253276020288679101837446503033252311632,spread,True
mlb-cws-stl-2026-09-12,mlb-cws-stl-2026-09-12|spread|-2.5|80630614259806851088111552520426625788253276020288679101837446503033252311632,spread,False
mlb-cws-stl-2026-09-12,mlb-cws-stl-2026-09-12|spread|-2.5|80630614259806851088111552520426625788253276020288679101837446503033252311632,spread,True
mlb-cws-stl-2026-09-12,mlb-cws-stl-2026-09-12|spread|-2.5|80630614259806851088111552520426625788253276020288679101837446503033252311632,spread,True
mlb-cws-stl-2026-09-12,mlb-cws-stl-2026-09-12|spread|-2.5|80630614259806851088111552520426625788253276020288679101837446503033252311632,spread,True
mlb-cws-stl-2026-09-12,mlb-cws-stl-2026-09-12|spread|-2.5|80630614259806851088111552520426625788253276020288679101837446503033252311632,spread,True
mlb-cws-stl-2026-09-12,mlb-cws-stl-2026-09-12|spread|-2.5|80630614259806851088111552520426625788253276020288679101837446503033252311632,spread,False
mlb-cws-stl-2026-09-12,mlb-cws-stl-2026-09-12|spread|-2.5|80630614259806851088111552520426625788253276020288679101837446503033252311632,spread,False
mlb-cws-stl-2026-09-12,mlb-cws-stl-2026-09-12|spread|-2.5|80630614259806851088111552520426625788253276020288679101837446503033252311632,spread,False
mlb-cws-stl-2026-09-12,mlb-cws-stl-2026-09-12|spread|-2.5|80630614259806851088111552520426625788253276020288679101837446503033252311632,spread,False
mlb-cws-stl-2026-09-12,mlb-cws-stl-2026-09-12|spread|-2.5|80630614259806851088111552520426625788253276020288679101837446503033252311632,spread,False
mlb-cws-stl-2026-09-12,mlb-cws-stl-2026-09-12|spread|-2.5|80630614259806851088111552520426625788253276020288679101837446503033252311632,spread,False
mlb-cws-stl-2026-09-12,mlb-cws-stl-2026-09-12|spread|-2.5|80630614259806851088111552520426625788253276020288679101837446503033252311632,spread,False
mlb-cws-stl-2026-09-12,mlb-cws-stl-2026-09-12|spread|-2.5|80630614259806851088111552520426625788253276020288679101837446503033252311632,spread,True
mlb-cws-stl-2026-09-12,mlb-cws-stl-2026-09-12|spread|-2.5|80630614259806851088111552520426625788253276020288679101837446503033252311632,spread,True
mlb-cws-stl-2026-09-12,mlb-cws-stl-2026-09-12|spread|-2.5|80630614259806851088111552520426625788253276020288679101837446503033252311632,spread,False
mlb-cws-stl-2026-09-12,mlb-cws-stl-2026-09-12|spread|-2.5|80630614259806851088111552520426625788253276020288679101837446503033252311632,spread,False
mlb-cws-stl-2026-09-12,mlb-cws-stl-2026-09-12|spread|-2.5|80630614259806851088111552520426625788253276020288679101837446503033252311632,spread,False
mlb-cws-stl-2026-09-12,mlb-cws-stl-2026-09-12|spread|-2.5|80630614259806851088111552520426625788253276020288679101837446503033252311632,spread,True
mlb-cws-stl-2026-09-12,mlb-cws-stl-2026-09-12|spread|-2.5|80630614259806851088111552520426625788253276020288679101837446503033252311632,spread,True
mlb-cws-stl-2026-09-12,mlb-cws-stl-2026-09-12|spread|-2.5|80630614259806851088111552520426625788253276020288679101837446503033252311632,spread,False
mlb-cws-stl-2026-09-12,mlb-cws-stl-2026-09-12|spread|-2.5|80630614259806851088111552520426625788253276020288679101837446503033252311632,spread,False
mlb-cws-stl-2026-09-12,mlb-cws-stl-2026-09-12|spread|-2.5|80630614259806851088111552520426625788253276020288679101837446503033252311632,spread,False
mlb-cws-stl-2026-09-12,mlb-cws-stl-2026-09-12|spread|-2.5|80630614259806851088111552520426625788253276020288679101837446503033252311632,spread,True
mlb-cws-stl-2026-09-12,mlb-cws-stl-2026-09-12|spread|-2.5|80630614259806851088111552520426625788253276020288679101837446503033252311632,spread,True
mlb-cws-stl-2026-09-12,mlb-cws-stl-2026-09-12|spread|-2.5|80630614259806851088111552520426625788253276020288679101837446503033252311632,spread,False
mlb-cws-stl-2026-09-12,mlb-cws-stl-2026-09-12|spread|-2.5|80630614259806851088111552520426625788253276020288679101837446503033252311632,spread,False
mlb-cws-stl-2026-09-12,mlb-cws-stl-2026-09-12|spread|-2.5|80630614259806851088111552520426625788253276020288679101837446503033252311632,spread,True
mlb-cws-stl-2026-09-12,mlb-cws-stl-2026-09-12|spread|-2.5|80630614259806851088111552520426625788253276020288679101837446503033252311632,spread,False
mlb-cws-stl-2026-09-12,mlb-cws-stl-2026-09-12|spread|-2.5|80630614259806851088111552520426625788253276020288679101837446503033252311632,spread,False
mlb-cws-stl-2026-09-12,mlb-cws-stl-2026-09-12|spread|-2.5|80630614259806851088111552520426625788253276020288679101837446503033252311632,spread,True
mlb-cws-stl-2026-09-12,mlb-cws-stl-2026-09-12|spread|-2.5|80630614259806851088111552520426625788253276020288679101837446503033252311632,spread,False
mlb-cws-stl-2026-09-12,mlb-cws-stl-2026-09-12|spread|-2.5|80630614259806851088111552520426625788253276020288679101837446503033252311632,spread,True
mlb-cws-stl-2026-09-12,mlb-cws-stl-2026-09-12|spread|-2.5|80630614259806851088111552520426625788253276020288679101837446503033252311632,spread,False
mlb-cws-stl-2026-09-12,mlb-cws-stl-2026-09-12|spread|-2.5|80630614259806851088111552520426625788253276020288679101837446503033252311632,spread,True
mlb-cws-stl-2026-09-12,mlb-cws-stl-2026-09-12|spread|-2.5|80630614259806851088111552520426625788253276020288679101837446503033252311632,spread,True
mlb-cws-stl-2026-09-12,mlb-cws-stl-2026-09-12|spread|-2.5|80630614259806851088111552520426625788253276020288679101837446503033252311632,spread,False
mlb-cws-stl-2026-09-12,mlb-cws-stl-2026-09-12|spread|-2.5|80630614259806851088111552520426625788253276020288679101837446503033252311632,spread,False
mlb-cws-stl-2026-09-12,mlb-cws-stl-2026-09-12|spread|-2.5|80630614259806851088111552520426625788253276020288679101837446503033252311632,spread,False
mlb-cws-stl-2026-09-12,mlb-cws-stl-2026-09-12|spread|-2.5|80630614259806851088111552520426625788253276020288679101837446503033252311632,spread,False
mlb-cws-stl-2026-09-12,mlb-cws-stl-2026-09-12|spread|-2.5|80630614259806851088111552520426625788253276020288679101837446503033252311632,spread,False
mlb-cws-stl-2026-09-12,mlb-cws-stl-2026-09-12|spread|-2.5|80630614259806851088111552520426625788253276020288679101837446503033252311632,spread,True
mlb-cws-stl-2026-09-12,mlb-cws-stl-2026-09-12|spread|-2.5|80630614259806851088111552520426625788253276020288679101837446503033252311632,spread,False
mlb-cws-stl-2026-09-12,mlb-cws-stl-2026-09-12|spread|-2.5|80630614259806851088111552520426625788253276020288679101837446503033252311632,spread,True
mlb-cws-stl-2026-09-12,mlb-cws-stl-2026-09-12|spread|-2.5|80630614259806851088111552520426625788253276020288679101837446503033252311632,spread,True
mlb-cws-stl-2026-09-12,mlb-cws-stl-2026-09-12|spread|-2.5|80630614259806851088111552520426625788253276020288679101837446503033252311632,spread,False
mlb-cws-stl-2026-09-12,mlb-cws-stl-2026-09-12|spread|-2.5|80630614259806851088111552520426625788253276020288679101837446503033252311632,spread,False
mlb-cws-stl-2026-09-12,mlb-cws-stl-2026-09-12|spread|-2.5|80630614259806851088111552520426625788253276020288679101837446503033252311632,spread,True
mlb-cws-stl-2026-09-12,mlb-cws-stl-2026-09-12|spread|-2.5|80630614259806851088111552520426625788253276020288679101837446503033252311632,spread,True
mlb-cws-stl-2026-09-12,mlb-cws-stl-2026-09-12|spread|-2.5|80630614259806851088111552520426625788253276020288679101837446503033252311632,spread,True
mlb-cws-stl-2026-09-12,mlb-cws-stl-2026-09-12|spread|-2.5|80630614259806851088111552520426625788253276020288679101837446503033252311632,spread,True
mlb-cws-stl-2026-09-12,mlb-cws-stl-2026-09-12|spread|-2.5|80630614259806851088111552520426625788253276020288679101837446503033252311632,spread,True
mlb-cws-stl-2026-09-12,mlb-cws-stl-2026-09-12|spread|-2.5|80630614259806851088111552520426625788253276020288679101837446503033252311632,spread,True
mlb-cws-stl-2026-09-12,mlb-cws-stl-2026-09-12|spread|-2.5|80630614259806851088111552520426625788253276020288679101837446503033252311632,spread,True
mlb-cws-stl-2026-09-12,mlb-cws-stl-2026-09-12|spread|-2.5|80630614259806851088111552520426625788253276020288679101837446503033252311632,spread,False
mlb-hou-tb-2026-09-12,mlb-hou-tb-2026-09-12|moneyline|None|26924943409099587884725835387292512623954637197660419126367977003516773219764,moneyline,False
mlb-hou-tb-2026-09-12,mlb-hou-tb-2026-09-12|moneyline|None|26924943409099587884725835387292512623954637197660419126367977003516773219764,moneyline,True
mlb-hou-tb-2026-09-12,mlb-hou-tb-2026-09-12|moneyline|None|26924943409099587884725835387292512623954637197660419126367977003516773219764,moneyline,True
mlb-hou-tb-2026-09-12,mlb-hou-tb-2026-09-12|moneyline|None|26924943409099587884725835387292512623954637197660419126367977003516773219764,moneyline,False
mlb-hou-tb-2026-09-12,mlb-hou-tb-2026-09-12|moneyline|None|26924943409099587884725835387292512623954637197660419126367977003516773219764,moneyline,True
mlb-hou-tb-2026-09-12,mlb-hou-tb-2026-09-12|moneyline|None|26924943409099587884725835387292512623954637197660419126367977003516773219764,moneyline,True
mlb-hou-tb-2026-09-12,mlb-hou-tb-2026-09-12|moneyline|None|26924943409099587884725835387292512623954637197660419126367977003516773219764,moneyline,True
mlb-hou-tb-2026-09-12,mlb-hou-tb-2026-09-12|moneyline|None|26924943409099587884725835387292512623954637197660419126367977003516773219764,moneyline,True
mlb-hou-tb-2026-09-12,mlb-hou-tb-2026-09-12|moneyline|None|26924943409099587884725835387292512623954637197660419126367977003516773219764,moneyline,False
mlb-hou-tb-2026-09-12,mlb-hou-tb-2026-09-12|moneyline|None|26924943409099587884725835387292512623954637197660419126367977003516773219764,moneyline,False
mlb-hou-tb-2026-09-12,mlb-hou-tb-2026-09-12|moneyline|None|26924943409099587884725835387292512623954637197660419126367977003516773219764,moneyline,False
mlb-hou-tb-2026-09-12,mlb-hou-tb-2026-09-12|moneyline|None|26924943409099587884725835387292512623954637197660419126367977003516773219764,moneyline,False
mlb-hou-tb-2026-09-12,mlb-hou-tb-2026-09-12|moneyline|None|26924943409099587884725835387292512623954637197660419126367977003516773219764,moneyline,False
mlb-hou-tb-2026-09-12,mlb-hou-tb-2026-09-12|moneyline|None|26924943409099587884725835387292512623954637197660419126367977003516773219764,moneyline,False
mlb-hou-tb-2026-09-12,mlb-hou-tb-2026-09-12|moneyline|None|26924943409099587884725835387292512623954637197660419126367977003516773219764,moneyline,False
mlb-hou-tb-2026-09-12,mlb-hou-tb-2026-09-12|moneyline|None|26924943409099587884725835387292512623954637197660419126367977003516773219764,moneyline,False
mlb-hou-tb-2026-09-12,mlb-hou-tb-2026-09-12|moneyline|None|26924943409099587884725835387292512623954637197660419126367977003516773219764,moneyline,True
mlb-hou-tb-2026-09-12,mlb-hou-tb-2026-09-12|moneyline|None|26924943409099587884725835387292512623954637197660419126367977003516773219764,moneyline,False
mlb-hou-tb-2026-09-12,mlb-hou-tb-2026-09-12|moneyline|None|26924943409099587884725835387292512623954637197660419126367977003516773219764,moneyline,True
mlb-hou-tb-2026-09-12,mlb-hou-tb-2026-09-12|moneyline|None|26924943409099587884725835387292512623954637197660419126367977003516773219764,moneyline,True
mlb-hou-tb-2026-09-12,mlb-hou-tb-2026-09-12|moneyline|None|26924943409099587884725835387292512623954637197660419126367977003516773219764,moneyline,True
mlb-hou-tb-2026-09-12,mlb-hou-tb-2026-09-12|moneyline|None|26924943409099587884725835387292512623954637197660419126367977003516773219764,moneyline,True
mlb-hou-tb-2026-09-12,mlb-hou-tb-2026-09-12|moneyline|None|26924943409099587884725835387292512623954637197660419126367977003516773219764,moneyline,True
mlb-hou-tb-2026-09-12,mlb-hou-tb-2026-09-12|moneyline|None|26924943409099587884725835387292512623954637197660419126367977003516773219764,moneyline,False
mlb-hou-tb-2026-09-12,mlb-hou-tb-2026-09-12|moneyline|None|26924943409099587884725835387292512623954637197660419126367977003516773219764,moneyline,True
mlb-hou-tb-2026-09-12,mlb-hou-tb-2026-09-12|moneyline|None|26924943409099587884725835387292512623954637197660419126367977003516773219764,moneyline,True
mlb-hou-tb-2026-09-12,mlb-hou-tb-2026-09-12|moneyline|None|26924943409099587884725835387292512623954637197660419126367977003516773219764,moneyline,True
mlb-hou-tb-2026-09-12,mlb-hou-tb-2026-09-12|moneyline|None|26924943409099587884725835387292512623954637197660419126367977003516773219764,moneyline,True
mlb-hou-tb-2026-09-12,mlb-hou-tb-2026-09-12|moneyline|None|26924943409099587884725835387292512623954637197660419126367977003516773219764,moneyline,True
mlb-hou-tb-2026-09-12,mlb-hou-tb-2026-09-12|moneyline|None|26924943409099587884725835387292512623954637197660419126367977003516773219764,moneyline,True
mlb-hou-tb-2026-09-12,mlb-hou-tb-2026-09-12|moneyline|None|26924943409099587884725835387292512623954637197660419126367977003516773219764,moneyline,True
mlb-hou-tb-2026-09-12,mlb-hou-tb-2026-09-12|moneyline|None|26924943409099587884725835387292512623954637197660419126367977003516773219764,moneyline,True
mlb-hou-tb-2026-09-12,mlb-hou-tb-2026-09-12|moneyline|None|26924943409099587884725835387292512623954637197660419126367977003516773219764,moneyline,True
mlb-hou-tb-2026-09-12,mlb-hou-tb-2026-09-12|moneyline|None|26924943409099587884725835387292512623954637197660419126367977003516773219764,moneyline,False
mlb-hou-tb-2026-09-12,mlb-hou-tb-2026-09-12|moneyline|None|26924943409099587884725835387292512623954637197660419126367977003516773219764,moneyline,True
mlb-hou-tb-2026-09-12,mlb-hou-tb-2026-09-12|moneyline|None|26924943409099587884725835387292512623954637197660419126367977003516773219764,moneyline,True
mlb-hou-tb-2026-09-12,mlb-hou-tb-2026-09-12|moneyline|None|26924943409099587884725835387292512623954637197660419126367977003516773219764,moneyline,True
mlb-hou-tb-2026-09-12,mlb-hou-tb-2026-09-12|moneyline|None|26924943409099587884725835387292512623954637197660419126367977003516773219764,moneyline,True
mlb-hou-tb-2026-09-12,mlb-hou-tb-2026-09-12|moneyline|None|26924943409099587884725835387292512623954637197660419126367977003516773219764,moneyline,False
mlb-hou-tb-2026-09-12,mlb-hou-tb-2026-09-12|spread|-1.5|43888968566918118674137529418186070742668614714605739740678823949426064503950,spread,True
mlb-hou-tb-2026-09-12,mlb-hou-tb-2026-09-12|spread|-1.5|43888968566918118674137529418186070742668614714605739740678823949426064503950,spread,False
mlb-hou-tb-2026-09-12,mlb-hou-tb-2026-09-12|spread|-1.5|43888968566918118674137529418186070742668614714605739740678823949426064503950,spread,False
mlb-hou-tb-2026-09-12,mlb-hou-tb-2026-09-12|spread|-1.5|43888968566918118674137529418186070742668614714605739740678823949426064503950,spread,False
mlb-hou-tb-2026-09-12,mlb-hou-tb-2026-09-12|spread|-1.5|43888968566918118674137529418186070742668614714605739740678823949426064503950,spread,True
mlb-hou-tb-2026-09-12,mlb-hou-tb-2026-09-12|spread|-1.5|43888968566918118674137529418186070742668614714605739740678823949426064503950,spread,False
mlb-hou-tb-2026-09-12,mlb-hou-tb-2026-09-12|spread|-1.5|43888968566918118674137529418186070742668614714605739740678823949426064503950,spread,False
mlb-hou-tb-2026-09-12,mlb-hou-tb-2026-09-12|spread|-1.5|43888968566918118674137529418186070742668614714605739740678823949426064503950,spread,True
mlb-hou-tb-2026-09-12,mlb-hou-tb-2026-09-12|spread|-1.5|43888968566918118674137529418186070742668614714605739740678823949426064503950,spread,False
mlb-hou-tb-2026-09-12,mlb-hou-tb-2026-09-12|spread|-1.5|43888968566918118674137529418186070742668614714605739740678823949426064503950,spread,False
mlb-hou-tb-2026-09-12,mlb-hou-tb-2026-09-12|spread|-1.5|43888968566918118674137529418186070742668614714605739740678823949426064503950,spread,False
mlb-hou-tb-2026-09-12,mlb-hou-tb-2026-09-12|spread|-1.5|43888968566918118674137529418186070742668614714605739740678823949426064503950,spread,False
mlb-hou-tb-2026-09-12,mlb-hou-tb-2026-09-12|spread|-1.5|43888968566918118674137529418186070742668614714605739740678823949426064503950,spread,True
mlb-hou-tb-2026-09-12,mlb-hou-tb-2026-09-12|spread|-1.5|43888968566918118674137529418186070742668614714605739740678823949426064503950,spread,False
mlb-hou-tb-2026-09-12,mlb-hou-tb-2026-09-12|spread|-1.5|43888968566918118674137529418186070742668614714605739740678823949426064503950,spread,True
mlb-hou-tb-2026-09-12,mlb-hou-tb-2026-09-12|spread|-1.5|43888968566918118674137529418186070742668614714605739740678823949426064503950,spread,True
mlb-hou-tb-2026-09-12,mlb-hou-tb-2026-09-12|spread|-1.5|43888968566918118674137529418186070742668614714605739740678823949426064503950,spread,True
mlb-hou-tb-2026-09-12,mlb-hou-tb-2026-09-12|spread|-1.5|43888968566918118674137529418186070742668614714605739740678823949426064503950,spread,False
mlb-hou-tb-2026-09-12,mlb-hou-tb-2026-09-12|spread|-1.5|43888968566918118674137529418186070742668614714605739740678823949426064503950,spread,True
mlb-hou-tb-2026-09-12,mlb-hou-tb-2026-09-12|spread|-1.5|43888968566918118674137529418186070742668614714605739740678823949426064503950,spread,False
mlb-hou-tb-2026-09-12,mlb-hou-tb-2026-09-12|spread|-1.5|43888968566918118674137529418186070742668614714605739740678823949426064503950,spread,True
mlb-hou-tb-2026-09-12,mlb-hou-tb-2026-09-12|spread|-1.5|43888968566918118674137529418186070742668614714605739740678823949426064503950,spread,False
mlb-hou-tb-2026-09-12,mlb-hou-tb-2026-09-12|spread|-1.5|43888968566918118674137529418186070742668614714605739740678823949426064503950,spread,False
mlb-hou-tb-2026-09-12,mlb-hou-tb-2026-09-12|spread|-1.5|43888968566918118674137529418186070742668614714605739740678823949426064503950,spread,True
mlb-hou-tb-2026-09-12,mlb-hou-tb-2026-09-12|spread|-1.5|43888968566918118674137529418186070742668614714605739740678823949426064503950,spread,True
mlb-hou-tb-2026-09-12,mlb-hou-tb-2026-09-12|spread|-1.5|43888968566918118674137529418186070742668614714605739740678823949426064503950,spread,True
mlb-hou-tb-2026-09-12,mlb-hou-tb-2026-09-12|spread|-1.5|43888968566918118674137529418186070742668614714605739740678823949426064503950,spread,True
mlb-hou-tb-2026-09-12,mlb-hou-tb-2026-09-12|spread|-1.5|43888968566918118674137529418186070742668614714605739740678823949426064503950,spread,True
mlb-hou-tb-2026-09-12,mlb-hou-tb-2026-09-12|spread|-1.5|43888968566918118674137529418186070742668614714605739740678823949426064503950,spread,True
mlb-hou-tb-2026-09-12,mlb-hou-tb-2026-09-12|spread|-1.5|43888968566918118674137529418186070742668614714605739740678823949426064503950,spread,False
mlb-hou-tb-2026-09-12,mlb-hou-tb-2026-09-12|spread|-1.5|43888968566918118674137529418186070742668614714605739740678823949426064503950,spread,True
mlb-hou-tb-2026-09-12,mlb-hou-tb-2026-09-12|spread|-1.5|43888968566918118674137529418186070742668614714605739740678823949426064503950,spread,False
mlb-hou-tb-2026-09-12,mlb-hou-tb-2026-09-12|spread|-1.5|43888968566918118674137529418186070742668614714605739740678823949426064503950,spread,False
mlb-hou-tb-2026-09-12,mlb-hou-tb-2026-09-12|spread|-1.5|43888968566918118674137529418186070742668614714605739740678823949426064503950,spread,False
mlb-hou-tb-2026-09-12,mlb-hou-tb-2026-09-12|spread|-1.5|43888968566918118674137529418186070742668614714605739740678823949426064503950,spread,True
mlb-hou-tb-2026-09-12,mlb-hou-tb-2026-09-12|spread|-1.5|43888968566918118674137529418186070742668614714605739740678823949426064503950,spread,True
mlb-hou-tb-2026-09-12,mlb-hou-tb-2026-09-12|spread|-1.5|43888968566918118674137529418186070742668614714605739740678823949426064503950,spread,True
mlb-hou-tb-2026-09-12,mlb-hou-tb-2026-09-12|spread|-1.5|43888968566918118674137529418186070742668614714605739740678823949426064503950,spread,True
mlb-hou-tb-2026-09-12,mlb-hou-tb-2026-09-12|spread|-1.5|43888968566918118674137529418186070742668614714605739740678823949426064503950,spread,False
mlb-hou-tb-2026-09-12,mlb-hou-tb-2026-09-12|spread|-1.5|43888968566918118674137529418186070742668614714605739740678823949426064503950,spread,False
mlb-hou-tb-2026-09-12,mlb-hou-tb-2026-09-12|spread|-1.5|43888968566918118674137529418186070742668614714605739740678823949426064503950,spread,False
mlb-hou-tb-2026-09-12,mlb-hou-tb-2026-09-12|spread|-1.5|43888968566918118674137529418186070742668614714605739740678823949426064503950,spread,False
mlb-hou-tb-2026-09-12,mlb-hou-tb-2026-09-12|spread|-1.5|43888968566918118674137529418186070742668614714605739740678823949426064503950,spread,True
mlb-hou-tb-2026-09-12,mlb-hou-tb-2026-09-12|spread|-1.5|43888968566918118674137529418186070742668614714605739740678823949426064503950,spread,True
mlb-hou-tb-2026-09-12,mlb-hou-tb-2026-09-12|spread|-1.5|43888968566918118674137529418186070742668614714605739740678823949426064503950,spread,True
mlb-hou-tb-2026-09-12,mlb-hou-tb-2026-09-12|spread|-1.5|43888968566918118674137529418186070742668614714605739740678823949426064503950,spread,True
mlb-hou-tb-2026-09-12,mlb-hou-tb-2026-09-12|spread|-1.5|43888968566918118674137529418186070742668614714605739740678823949426064503950,spread,False
mlb-hou-tb-2026-09-12,mlb-hou-tb-2026-09-12|spread|-1.5|43888968566918118674137529418186070742668614714605739740678823949426064503950,spread,True
mlb-hou-tb-2026-09-12,mlb-hou-tb-2026-09-12|spread|-1.5|43888968566918118674137529418186070742668614714605739740678823949426064503950,spread,False
mlb-hou-tb-2026-09-12,mlb-hou-tb-2026-09-12|spread|-1.5|43888968566918118674137529418186070742668614714605739740678823949426064503950,spread,False
mlb-hou-tb-2026-09-12,mlb-hou-tb-2026-09-12|spread|-1.5|43888968566918118674137529418186070742668614714605739740678823949426064503950,spread,True
mlb-hou-tb-2026-09-12,mlb-hou-tb-2026-09-12|spread|-1.5|43888968566918118674137529418186070742668614714605739740678823949426064503950,spread,False
mlb-hou-tb-2026-09-12,mlb-hou-tb-2026-09-12|spread|-1.5|43888968566918118674137529418186070742668614714605739740678823949426064503950,spread,True
mlb-hou-tb-2026-09-12,mlb-hou-tb-2026-09-12|spread|-1.5|43888968566918118674137529418186070742668614714605739740678823949426064503950,spread,False
mlb-hou-tb-2026-09-12,mlb-hou-tb-2026-09-12|spread|-1.5|43888968566918118674137529418186070742668614714605739740678823949426064503950,spread,True
mlb-hou-tb-2026-09-12,mlb-hou-tb-2026-09-12|spread|-1.5|43888968566918118674137529418186070742668614714605739740678823949426064503950,spread,True
mlb-hou-tb-2026-09-12,mlb-hou-tb-2026-09-12|spread|-1.5|43888968566918118674137529418186070742668614714605739740678823949426064503950,spread,True
mlb-hou-tb-2026-09-12,mlb-hou-tb-2026-09-12|spread|-1.5|43888968566918118674137529418186070742668614714605739740678823949426064503950,spread,True
mlb-hou-tb-2026-09-12,mlb-hou-tb-2026-09-12|spread|-1.5|43888968566918118674137529418186070742668614714605739740678823949426064503950,spread,False
mlb-hou-tb-2026-09-12,mlb-hou-tb-2026-09-12|spread|-1.5|43888968566918118674137529418186070742668614714605739740678823949426064503950,spread,True
mlb-hou-tb-2026-09-12,mlb-hou-tb-2026-09-12|spread|-1.5|43888968566918118674137529418186070742668614714605739740678823949426064503950,spread,True
mlb-hou-tb-2026-09-12,mlb-hou-tb-2026-09-12|spread|-1.5|43888968566918118674137529418186070742668614714605739740678823949426064503950,spread,True
mlb-hou-tb-2026-09-12,mlb-hou-tb-2026-09-12|spread|-1.5|43888968566918118674137529418186070742668614714605739740678823949426064503950,spread,False
mlb-hou-tb-2026-09-12,mlb-hou-tb-2026-09-12|spread|-1.5|43888968566918118674137529418186070742668614714605739740678823949426064503950,spread,True
mlb-hou-tb-2026-09-12,mlb-hou-tb-2026-09-12|spread|-1.5|43888968566918118674137529418186070742668614714605739740678823949426064503950,spread,True
mlb-hou-tb-2026-09-12,mlb-hou-tb-2026-09-12|spread|-1.5|43888968566918118674137529418186070742668614714605739740678823949426064503950,spread,True
mlb-hou-tb-2026-09-12,mlb-hou-tb-2026-09-12|spread|-1.5|43888968566918118674137529418186070742668614714605739740678823949426064503950,spread,False
mlb-hou-tb-2026-09-12,mlb-hou-tb-2026-09-12|spread|-1.5|43888968566918118674137529418186070742668614714605739740678823949426064503950,spread,True
mlb-hou-tb-2026-09-12,mlb-hou-tb-2026-09-12|spread|-1.5|43888968566918118674137529418186070742668614714605739740678823949426064503950,spread,True
mlb-hou-tb-2026-09-12,mlb-hou-tb-2026-09-12|spread|-1.5|43888968566918118674137529418186070742668614714605739740678823949426064503950,spread,False
mlb-hou-tb-2026-09-12,mlb-hou-tb-2026-09-12|spread|-1.5|43888968566918118674137529418186070742668614714605739740678823949426064503950,spread,True
mlb-hou-tb-2026-09-12,mlb-hou-tb-2026-09-12|spread|-1.5|43888968566918118674137529418186070742668614714605739740678823949426064503950,spread,False
mlb-hou-tb-2026-09-12,mlb-hou-tb-2026-09-12|spread|-1.5|43888968566918118674137529418186070742668614714605739740678823949426064503950,spread,False
mlb-hou-tb-2026-09-12,mlb-hou-tb-2026-09-12|spread|-1.5|47161761162527216163913352831479688676708228130814058280423568347802805080543,spread,False
mlb-hou-tb-2026-09-12,mlb-hou-tb-2026-09-12|spread|-1.5|47161761162527216163913352831479688676708228130814058280423568347802805080543,spread,True
mlb-hou-tb-2026-09-12,mlb-hou-tb-2026-09-12|spread|-1.5|47161761162527216163913352831479688676708228130814058280423568347802805080543,spread,False
mlb-hou-tb-2026-09-12,mlb-hou-tb-2026-09-12|spread|-1.5|47161761162527216163913352831479688676708228130814058280423568347802805080543,spread,True
mlb-hou-tb-2026-09-12,mlb-hou-tb-2026-09-12|spread|-1.5|47161761162527216163913352831479688676708228130814058280423568347802805080543,spread,False
mlb-hou-tb-2026-09-12,mlb-hou-tb-2026-09-12|spread|-1.5|47161761162527216163913352831479688676708228130814058280423568347802805080543,spread,False
mlb-hou-tb-2026-09-12,mlb-hou-tb-2026-09-12|spread|-1.5|47161761162527216163913352831479688676708228130814058280423568347802805080543,spread,False
mlb-hou-tb-2026-09-12,mlb-hou-tb-2026-09-12|spread|-1.5|47161761162527216163913352831479688676708228130814058280423568347802805080543,spread,True
mlb-hou-tb-2026-09-12,mlb-hou-tb-2026-09-12|spread|-1.5|47161761162527216163913352831479688676708228130814058280423568347802805080543,spread,False
mlb-hou-tb-2026-09-12,mlb-hou-tb-2026-09-12|spread|-1.5|47161761162527216163913352831479688676708228130814058280423568347802805080543,spread,False
mlb-hou-tb-2026-09-12,mlb-hou-tb-2026-09-12|spread|-1.5|47161761162527216163913352831479688676708228130814058280423568347802805080543,spread,False
mlb-hou-tb-2026-09-12,mlb-hou-tb-2026-09-12|spread|-1.5|47161761162527216163913352831479688676708228130814058280423568347802805080543,spread,True
mlb-hou-tb-2026-09-12,mlb-hou-tb-2026-09-12|spread|-1.5|47161761162527216163913352831479688676708228130814058280423568347802805080543,spread,True
mlb-hou-tb-2026-09-12,mlb-hou-tb-2026-09-12|spread|-1.5|47161761162527216163913352831479688676708228130814058280423568347802805080543,spread,True
mlb-hou-tb-2026-09-12,mlb-hou-tb-2026-09-12|spread|-1.5|47161761162527216163913352831479688676708228130814058280423568347802805080543,spread,True
mlb-hou-tb-2026-09-12,mlb-hou-tb-2026-09-12|spread|-1.5|47161761162527216163913352831479688676708228130814058280423568347802805080543,spread,False
mlb-hou-tb-2026-09-12,mlb-hou-tb-2026-09-12|spread|-1.5|47161761162527216163913352831479688676708228130814058280423568347802805080543,spread,True
mlb-hou-tb-2026-09-12,mlb-hou-tb-2026-09-12|spread|-1.5|47161761162527216163913352831479688676708228130814058280423568347802805080543,spread,True
mlb-hou-tb-2026-09-12,mlb-hou-tb-2026-09-12|spread|-1.5|47161761162527216163913352831479688676708228130814058280423568347802805080543,spread,False
mlb-hou-tb-2026-09-12,mlb-hou-tb-2026-09-12|spread|-1.5|47161761162527216163913352831479688676708228130814058280423568347802805080543,spread,True
mlb-hou-tb-2026-09-12,mlb-hou-tb-2026-09-12|spread|-1.5|47161761162527216163913352831479688676708228130814058280423568347802805080543,spread,True
mlb-hou-tb-2026-09-12,mlb-hou-tb-2026-09-12|spread|-1.5|47161761162527216163913352831479688676708228130814058280423568347802805080543,spread,True
mlb-hou-tb-2026-09-12,mlb-hou-tb-2026-09-12|spread|-1.5|47161761162527216163913352831479688676708228130814058280423568347802805080543,spread,True
mlb-hou-tb-2026-09-12,mlb-hou-tb-2026-09-12|spread|-1.5|47161761162527216163913352831479688676708228130814058280423568347802805080543,spread,False
mlb-hou-tb-2026-09-12,mlb-hou-tb-2026-09-12|spread|-1.5|47161761162527216163913352831479688676708228130814058280423568347802805080543,spread,True
mlb-hou-tb-2026-09-12,mlb-hou-tb-2026-09-12|spread|-1.5|47161761162527216163913352831479688676708228130814058280423568347802805080543,spread,True
mlb-hou-tb-2026-09-12,mlb-hou-tb-2026-09-12|spread|-1.5|47161761162527216163913352831479688676708228130814058280423568347802805080543,spread,False
mlb-hou-tb-2026-09-12,mlb-hou-tb-2026-09-12|spread|-1.5|47161761162527216163913352831479688676708228130814058280423568347802805080543,spread,True
mlb-hou-tb-2026-09-12,mlb-hou-tb-2026-09-12|spread|-1.5|47161761162527216163913352831479688676708228130814058280423568347802805080543,spread,True
mlb-hou-tb-2026-09-12,mlb-hou-tb-2026-09-12|spread|-1.5|47161761162527216163913352831479688676708228130814058280423568347802805080543,spread,True
mlb-hou-tb-2026-09-12,mlb-hou-tb-2026-09-12|spread|-1.5|47161761162527216163913352831479688676708228130814058280423568347802805080543,spread,False
mlb-hou-tb-2026-09-12,mlb-hou-tb-2026-09-12|spread|-1.5|47161761162527216163913352831479688676708228130814058280423568347802805080543,spread,True
mlb-hou-tb-2026-09-12,mlb-hou-tb-2026-09-12|spread|-1.5|47161761162527216163913352831479688676708228130814058280423568347802805080543,spread,False
mlb-hou-tb-2026-09-12,mlb-hou-tb-2026-09-12|spread|-1.5|47161761162527216163913352831479688676708228130814058280423568347802805080543,spread,False
mlb-hou-tb-2026-09-12,mlb-hou-tb-2026-09-12|spread|-1.5|47161761162527216163913352831479688676708228130814058280423568347802805080543,spread,True
mlb-hou-tb-2026-09-12,mlb-hou-tb-2026-09-12|spread|-1.5|47161761162527216163913352831479688676708228130814058280423568347802805080543,spread,False
mlb-hou-tb-2026-09-12,mlb-hou-tb-2026-09-12|spread|-1.5|47161761162527216163913352831479688676708228130814058280423568347802805080543,spread,True
mlb-hou-tb-2026-09-12,mlb-hou-tb-2026-09-12|spread|-1.5|47161761162527216163913352831479688676708228130814058280423568347802805080543,spread,True
mlb-hou-tb-2026-09-12,mlb-hou-tb-2026-09-12|spread|-1.5|47161761162527216163913352831479688676708228130814058280423568347802805080543,spread,False
mlb-hou-tb-2026-09-12,mlb-hou-tb-2026-09-12|spread|-1.5|47161761162527216163913352831479688676708228130814058280423568347802805080543,spread,False
mlb-hou-tb-2026-09-12,mlb-hou-tb-2026-09-12|spread|-1.5|47161761162527216163913352831479688676708228130814058280423568347802805080543,spread,False
mlb-hou-tb-2026-09-12,mlb-hou-tb-2026-09-12|spread|-1.5|47161761162527216163913352831479688676708228130814058280423568347802805080543,spread,True
mlb-hou-tb-2026-09-12,mlb-hou-tb-2026-09-12|spread|-1.5|47161761162527216163913352831479688676708228130814058280423568347802805080543,spread,True
mlb-hou-tb-2026-09-12,mlb-hou-tb-2026-09-12|spread|-1.5|47161761162527216163913352831479688676708228130814058280423568347802805080543,spread,True
mlb-hou-tb-2026-09-12,mlb-hou-tb-2026-09-12|spread|-1.5|47161761162527216163913352831479688676708228130814058280423568347802805080543,spread,True
mlb-hou-tb-2026-09-12,mlb-hou-tb-2026-09-12|spread|-1.5|47161761162527216163913352831479688676708228130814058280423568347802805080543,spread,False
mlb-hou-tb-2026-09-12,mlb-hou-tb-2026-09-12|spread|-1.5|47161761162527216163913352831479688676708228130814058280423568347802805080543,spread,True
mlb-hou-tb-2026-09-12,mlb-hou-tb-2026-09-12|spread|-1.5|47161761162527216163913352831479688676708228130814058280423568347802805080543,spread,True
mlb-hou-tb-2026-09-12,mlb-hou-tb-2026-09-12|spread|-1.5|47161761162527216163913352831479688676708228130814058280423568347802805080543,spread,True
mlb-hou-tb-2026-09-12,mlb-hou-tb-2026-09-12|spread|-1.5|47161761162527216163913352831479688676708228130814058280423568347802805080543,spread,True
mlb-hou-tb-2026-09-12,mlb-hou-tb-2026-09-12|spread|-1.5|47161761162527216163913352831479688676708228130814058280423568347802805080543,spread,False
mlb-hou-tb-2026-09-12,mlb-hou-tb-2026-09-12|spread|-2.5|10538569415595928713549231534304233882869550781459916893393871547905357191444,spread,True
mlb-hou-tb-2026-09-12,mlb-hou-tb-2026-09-12|spread|-2.5|10538569415595928713549231534304233882869550781459916893393871547905357191444,spread,True
mlb-hou-tb-2026-09-12,mlb-hou-tb-2026-09-12|spread|-2.5|10538569415595928713549231534304233882869550781459916893393871547905357191444,spread,True
mlb-hou-tb-2026-09-12,mlb-hou-tb-2026-09-12|spread|-2.5|10538569415595928713549231534304233882869550781459916893393871547905357191444,spread,True
mlb-hou-tb-2026-09-12,mlb-hou-tb-2026-09-12|spread|-2.5|10538569415595928713549231534304233882869550781459916893393871547905357191444,spread,False
mlb-hou-tb-2026-09-12,mlb-hou-tb-2026-09-12|spread|-2.5|10538569415595928713549231534304233882869550781459916893393871547905357191444,spread,True
mlb-hou-tb-2026-09-12,mlb-hou-tb-2026-09-12|spread|-2.5|10538569415595928713549231534304233882869550781459916893393871547905357191444,spread,True
mlb-hou-tb-2026-09-12,mlb-hou-tb-2026-09-12|spread|-2.5|10538569415595928713549231534304233882869550781459916893393871547905357191444,spread,False
mlb-hou-tb-2026-09-12,mlb-hou-tb-2026-09-12|spread|-2.5|10538569415595928713549231534304233882869550781459916893393871547905357191444,spread,False
mlb-hou-tb-2026-09-12,mlb-hou-tb-2026-09-12|spread|-2.5|10538569415595928713549231534304233882869550781459916893393871547905357191444,spread,False
mlb-hou-tb-2026-09-12,mlb-hou-tb-2026-09-12|spread|-2.5|10538569415595928713549231534304233882869550781459916893393871547905357191444,spread,True
mlb-hou-tb-2026-09-12,mlb-hou-tb-2026-09-12|spread|-2.5|10538569415595928713549231534304233882869550781459916893393871547905357191444,spread,True
mlb-hou-tb-2026-09-12,mlb-hou-tb-2026-09-12|spread|-2.5|10538569415595928713549231534304233882869550781459916893393871547905357191444,spread,True
mlb-hou-tb-2026-09-12,mlb-hou-tb-2026-09-12|spread|-2.5|10538569415595928713549231534304233882869550781459916893393871547905357191444,spread,True
mlb-hou-tb-2026-09-12,mlb-hou-tb-2026-09-12|spread|-2.5|10538569415595928713549231534304233882869550781459916893393871547905357191444,spread,True
mlb-hou-tb-2026-09-12,mlb-hou-tb-2026-09-12|spread|-2.5|10538569415595928713549231534304233882869550781459916893393871547905357191444,spread,True
mlb-hou-tb-2026-09-12,mlb-hou-tb-2026-09-12|spread|-2.5|10538569415595928713549231534304233882869550781459916893393871547905357191444,spread,True
mlb-hou-tb-2026-09-12,mlb-hou-tb-2026-09-12|spread|-2.5|10538569415595928713549231534304233882869550781459916893393871547905357191444,spread,False
mlb-hou-tb-2026-09-12,mlb-hou-tb-2026-09-12|spread|-2.5|10538569415595928713549231534304233882869550781459916893393871547905357191444,spread,True
mlb-hou-tb-2026-09-12,mlb-hou-tb-2026-09-12|spread|-2.5|10538569415595928713549231534304233882869550781459916893393871547905357191444,spread,False
mlb-hou-tb-2026-09-12,mlb-hou-tb-2026-09-12|spread|-2.5|10538569415595928713549231534304233882869550781459916893393871547905357191444,spread,False
mlb-hou-tb-2026-09-12,mlb-hou-tb-2026-09-12|spread|-2.5|10538569415595928713549231534304233882869550781459916893393871547905357191444,spread,False
mlb-hou-tb-2026-09-12,mlb-hou-tb-2026-09-12|spread|-2.5|10538569415595928713549231534304233882869550781459916893393871547905357191444,spread,False
mlb-hou-tb-2026-09-12,mlb-hou-tb-2026-09-12|spread|-2.5|10538569415595928713549231534304233882869550781459916893393871547905357191444,spread,False
mlb-hou-tb-2026-09-12,mlb-hou-tb-2026-09-12|spread|-2.5|10538569415595928713549231534304233882869550781459916893393871547905357191444,spread,False
mlb-hou-tb-2026-09-12,mlb-hou-tb-2026-09-12|spread|-2.5|10538569415595928713549231534304233882869550781459916893393871547905357191444,spread,False
mlb-hou-tb-2026-09-12,mlb-hou-tb-2026-09-12|spread|-2.5|10538569415595928713549231534304233882869550781459916893393871547905357191444,spread,True
mlb-hou-tb-2026-09-12,mlb-hou-tb-2026-09-12|spread|-2.5|10538569415595928713549231534304233882869550781459916893393871547905357191444,spread,True
mlb-hou-tb-2026-09-12,mlb-hou-tb-2026-09-12|spread|-2.5|10538569415595928713549231534304233882869550781459916893393871547905357191444,spread,True
mlb-hou-tb-2026-09-12,mlb-hou-tb-2026-09-12|spread|-2.5|10538569415595928713549231534304233882869550781459916893393871547905357191444,spread,False
mlb-hou-tb-2026-09-12,mlb-hou-tb-2026-09-12|spread|-2.5|10538569415595928713549231534304233882869550781459916893393871547905357191444,spread,True
mlb-hou-tb-2026-09-12,mlb-hou-tb-2026-09-12|spread|-2.5|10538569415595928713549231534304233882869550781459916893393871547905357191444,spread,False
mlb-hou-tb-2026-09-12,mlb-hou-tb-2026-09-12|spread|-2.5|10538569415595928713549231534304233882869550781459916893393871547905357191444,spread,False
mlb-hou-tb-2026-09-12,mlb-hou-tb-2026-09-12|spread|-2.5|10538569415595928713549231534304233882869550781459916893393871547905357191444,spread,True
mlb-hou-tb-2026-09-12,mlb-hou-tb-2026-09-12|spread|-2.5|10538569415595928713549231534304233882869550781459916893393871547905357191444,spread,True
mlb-hou-tb-2026-09-12,mlb-hou-tb-2026-09-12|spread|-2.5|10538569415595928713549231534304233882869550781459916893393871547905357191444,spread,False
mlb-hou-tb-2026-09-12,mlb-hou-tb-2026-09-12|spread|-2.5|10538569415595928713549231534304233882869550781459916893393871547905357191444,spread,True
mlb-hou-tb-2026-09-12,mlb-hou-tb-2026-09-12|spread|-2.5|10538569415595928713549231534304233882869550781459916893393871547905357191444,spread,True
mlb-hou-tb-2026-09-12,mlb-hou-tb-2026-09-12|spread|-2.5|10538569415595928713549231534304233882869550781459916893393871547905357191444,spread,False
mlb-hou-tb-2026-09-12,mlb-hou-tb-2026-09-12|spread|-2.5|10538569415595928713549231534304233882869550781459916893393871547905357191444,spread,True
mlb-hou-tb-2026-09-12,mlb-hou-tb-2026-09-12|spread|-2.5|10538569415595928713549231534304233882869550781459916893393871547905357191444,spread,True
mlb-hou-tb-2026-09-12,mlb-hou-tb-2026-09-12|spread|-2.5|10538569415595928713549231534304233882869550781459916893393871547905357191444,spread,True
mlb-hou-tb-2026-09-12,mlb-hou-tb-2026-09-12|spread|-2.5|10538569415595928713549231534304233882869550781459916893393871547905357191444,spread,True
mlb-hou-tb-2026-09-12,mlb-hou-tb-2026-09-12|spread|-2.5|10538569415595928713549231534304233882869550781459916893393871547905357191444,spread,False
mlb-hou-tb-2026-09-12,mlb-hou-tb-2026-09-12|spread|-2.5|10538569415595928713549231534304233882869550781459916893393871547905357191444,spread,True
mlb-hou-tb-2026-09-12,mlb-hou-tb-2026-09-12|spread|-2.5|10538569415595928713549231534304233882869550781459916893393871547905357191444,spread,False
mlb-hou-tb-2026-09-12,mlb-hou-tb-2026-09-12|spread|-2.5|10538569415595928713549231534304233882869550781459916893393871547905357191444,spread,False
mlb-hou-tb-2026-09-12,mlb-hou-tb-2026-09-12|spread|-2.5|10538569415595928713549231534304233882869550781459916893393871547905357191444,spread,False
mlb-hou-tb-2026-09-12,mlb-hou-tb-2026-09-12|spread|-2.5|10538569415595928713549231534304233882869550781459916893393871547905357191444,spread,True
mlb-hou-tb-2026-09-12,mlb-hou-tb-2026-09-12|spread|-2.5|10538569415595928713549231534304233882869550781459916893393871547905357191444,spread,True
mlb-hou-tb-2026-09-12,mlb-hou-tb-2026-09-12|spread|-2.5|10538569415595928713549231534304233882869550781459916893393871547905357191444,spread,False
mlb-hou-tb-2026-09-12,mlb-hou-tb-2026-09-12|spread|-2.5|10538569415595928713549231534304233882869550781459916893393871547905357191444,spread,False
mlb-hou-tb-2026-09-12,mlb-hou-tb-2026-09-12|spread|-2.5|10538569415595928713549231534304233882869550781459916893393871547905357191444,spread,False
mlb-hou-tb-2026-09-12,mlb-hou-tb-2026-09-12|spread|-2.5|10538569415595928713549231534304233882869550781459916893393871547905357191444,spread,True
mlb-hou-tb-2026-09-12,mlb-hou-tb-2026-09-12|spread|-2.5|10538569415595928713549231534304233882869550781459916893393871547905357191444,spread,False
mlb-hou-tb-2026-09-12,mlb-hou-tb-2026-09-12|spread|-2.5|10538569415595928713549231534304233882869550781459916893393871547905357191444,spread,True
mlb-hou-tb-2026-09-12,mlb-hou-tb-2026-09-12|spread|-2.5|10538569415595928713549231534304233882869550781459916893393871547905357191444,spread,False
mlb-hou-tb-2026-09-12,mlb-hou-tb-2026-09-12|spread|-2.5|10538569415595928713549231534304233882869550781459916893393871547905357191444,spread,True
mlb-hou-tb-2026-09-12,mlb-hou-tb-2026-09-12|spread|-2.5|10538569415595928713549231534304233882869550781459916893393871547905357191444,spread,False
mlb-hou-tb-2026-09-12,mlb-hou-tb-2026-09-12|spread|-2.5|10538569415595928713549231534304233882869550781459916893393871547905357191444,spread,True
mlb-hou-tb-2026-09-12,mlb-hou-tb-2026-09-12|spread|-2.5|7839223714599183297194346412068479220513918628214405687476703929135371986644,spread,True
mlb-hou-tb-2026-09-12,mlb-hou-tb-2026-09-12|spread|-2.5|7839223714599183297194346412068479220513918628214405687476703929135371986644,spread,False
mlb-hou-tb-2026-09-12,mlb-hou-tb-2026-09-12|spread|-2.5|7839223714599183297194346412068479220513918628214405687476703929135371986644,spread,True
mlb-hou-tb-2026-09-12,mlb-hou-tb-2026-09-12|spread|-2.5|7839223714599183297194346412068479220513918628214405687476703929135371986644,spread,False
mlb-hou-tb-2026-09-12,mlb-hou-tb-2026-09-12|spread|-2.5|7839223714599183297194346412068479220513918628214405687476703929135371986644,spread,False
mlb-hou-tb-2026-09-12,mlb-hou-tb-2026-09-12|spread|-2.5|7839223714599183297194346412068479220513918628214405687476703929135371986644,spread,True
mlb-hou-tb-2026-09-12,mlb-hou-tb-2026-09-12|spread|-2.5|7839223714599183297194346412068479220513918628214405687476703929135371986644,spread,False
mlb-hou-tb-2026-09-12,mlb-hou-tb-2026-09-12|spread|-2.5|7839223714599183297194346412068479220513918628214405687476703929135371986644,spread,True
mlb-hou-tb-2026-09-12,mlb-hou-tb-2026-09-12|spread|-2.5|7839223714599183297194346412068479220513918628214405687476703929135371986644,spread,True
mlb-hou-tb-2026-09-12,mlb-hou-tb-2026-09-12|spread|-2.5|7839223714599183297194346412068479220513918628214405687476703929135371986644,spread,True
mlb-hou-tb-2026-09-12,mlb-hou-tb-2026-09-12|spread|-2.5|7839223714599183297194346412068479220513918628214405687476703929135371986644,spread,True
mlb-hou-tb-2026-09-12,mlb-hou-tb-2026-09-12|spread|-2.5|7839223714599183297194346412068479220513918628214405687476703929135371986644,spread,False
mlb-hou-tb-2026-09-12,mlb-hou-tb-2026-09-12|spread|-2.5|7839223714599183297194346412068479220513918628214405687476703929135371986644,spread,True
mlb-hou-tb-2026-09-12,mlb-hou-tb-2026-09-12|spread|-2.5|7839223714599183297194346412068479220513918628214405687476703929135371986644,spread,False
mlb-hou-tb-2026-09-12,mlb-hou-tb-2026-09-12|spread|-2.5|7839223714599183297194346412068479220513918628214405687476703929135371986644,spread,True
mlb-hou-tb-2026-09-12,mlb-hou-tb-2026-09-12|spread|-2.5|7839223714599183297194346412068479220513918628214405687476703929135371986644,spread,False
mlb-hou-tb-2026-09-12,mlb-hou-tb-2026-09-12|spread|-2.5|7839223714599183297194346412068479220513918628214405687476703929135371986644,spread,True
mlb-hou-tb-2026-09-12,mlb-hou-tb-2026-09-12|spread|-2.5|7839223714599183297194346412068479220513918628214405687476703929135371986644,spread,False
mlb-hou-tb-2026-09-12,mlb-hou-tb-2026-09-12|spread|-2.5|7839223714599183297194346412068479220513918628214405687476703929135371986644,spread,False
mlb-hou-tb-2026-09-12,mlb-hou-tb-2026-09-12|spread|-2.5|7839223714599183297194346412068479220513918628214405687476703929135371986644,spread,True
mlb-hou-tb-2026-09-12,mlb-hou-tb-2026-09-12|spread|-2.5|7839223714599183297194346412068479220513918628214405687476703929135371986644,spread,False
mlb-hou-tb-2026-09-12,mlb-hou-tb-2026-09-12|spread|-2.5|7839223714599183297194346412068479220513918628214405687476703929135371986644,spread,True
mlb-hou-tb-2026-09-12,mlb-hou-tb-2026-09-12|spread|-2.5|7839223714599183297194346412068479220513918628214405687476703929135371986644,spread,True
mlb-hou-tb-2026-09-12,mlb-hou-tb-2026-09-12|spread|-2.5|7839223714599183297194346412068479220513918628214405687476703929135371986644,spread,True
mlb-hou-tb-2026-09-12,mlb-hou-tb-2026-09-12|spread|-2.5|7839223714599183297194346412068479220513918628214405687476703929135371986644,spread,False
mlb-hou-tb-2026-09-12,mlb-hou-tb-2026-09-12|spread|-2.5|7839223714599183297194346412068479220513918628214405687476703929135371986644,spread,False
mlb-hou-tb-2026-09-12,mlb-hou-tb-2026-09-12|spread|-2.5|7839223714599183297194346412068479220513918628214405687476703929135371986644,spread,False
mlb-hou-tb-2026-09-12,mlb-hou-tb-2026-09-12|spread|-2.5|7839223714599183297194346412068479220513918628214405687476703929135371986644,spread,True
mlb-hou-tb-2026-09-12,mlb-hou-tb-2026-09-12|spread|-2.5|7839223714599183297194346412068479220513918628214405687476703929135371986644,spread,False
mlb-hou-tb-2026-09-12,mlb-hou-tb-2026-09-12|spread|-2.5|7839223714599183297194346412068479220513918628214405687476703929135371986644,spread,False
mlb-hou-tb-2026-09-12,mlb-hou-tb-2026-09-12|spread|-2.5|7839223714599183297194346412068479220513918628214405687476703929135371986644,spread,False
mlb-hou-tb-2026-09-12,mlb-hou-tb-2026-09-12|spread|-2.5|7839223714599183297194346412068479220513918628214405687476703929135371986644,spread,False
mlb-hou-tb-2026-09-12,mlb-hou-tb-2026-09-12|spread|-2.5|7839223714599183297194346412068479220513918628214405687476703929135371986644,spread,False
mlb-hou-tb-2026-09-12,mlb-hou-tb-2026-09-12|spread|-2.5|7839223714599183297194346412068479220513918628214405687476703929135371986644,spread,True
mlb-hou-tb-2026-09-12,mlb-hou-tb-2026-09-12|spread|-2.5|7839223714599183297194346412068479220513918628214405687476703929135371986644,spread,False
mlb-hou-tb-2026-09-12,mlb-hou-tb-2026-09-12|spread|-2.5|7839223714599183297194346412068479220513918628214405687476703929135371986644,spread,False
mlb-hou-tb-2026-09-12,mlb-hou-tb-2026-09-12|spread|-2.5|7839223714599183297194346412068479220513918628214405687476703929135371986644,spread,False
mlb-hou-tb-2026-09-12,mlb-hou-tb-2026-09-12|spread|-2.5|7839223714599183297194346412068479220513918628214405687476703929135371986644,spread,True
mlb-hou-tb-2026-09-12,mlb-hou-tb-2026-09-12|spread|-2.5|7839223714599183297194346412068479220513918628214405687476703929135371986644,spread,True
mlb-kc-bos-2026-09-12,mlb-kc-bos-2026-09-12|moneyline|None|107118192709049172207826777943337963700505108408832058433822885298899751626075,moneyline,False
mlb-kc-bos-2026-09-12,mlb-kc-bos-2026-09-12|moneyline|None|107118192709049172207826777943337963700505108408832058433822885298899751626075,moneyline,True
mlb-kc-bos-2026-09-12,mlb-kc-bos-2026-09-12|moneyline|None|107118192709049172207826777943337963700505108408832058433822885298899751626075,moneyline,False
mlb-kc-bos-2026-09-12,mlb-kc-bos-2026-09-12|moneyline|None|107118192709049172207826777943337963700505108408832058433822885298899751626075,moneyline,True
mlb-kc-bos-2026-09-12,mlb-kc-bos-2026-09-12|moneyline|None|107118192709049172207826777943337963700505108408832058433822885298899751626075,moneyline,True
mlb-kc-bos-2026-09-12,mlb-kc-bos-2026-09-12|moneyline|None|107118192709049172207826777943337963700505108408832058433822885298899751626075,moneyline,True
mlb-kc-bos-2026-09-12,mlb-kc-bos-2026-09-12|moneyline|None|107118192709049172207826777943337963700505108408832058433822885298899751626075,moneyline,False
mlb-kc-bos-2026-09-12,mlb-kc-bos-2026-09-12|moneyline|None|107118192709049172207826777943337963700505108408832058433822885298899751626075,moneyline,False
mlb-kc-bos-2026-09-12,mlb-kc-bos-2026-09-12|moneyline|None|107118192709049172207826777943337963700505108408832058433822885298899751626075,moneyline,False
mlb-kc-bos-2026-09-12,mlb-kc-bos-2026-09-12|moneyline|None|107118192709049172207826777943337963700505108408832058433822885298899751626075,moneyline,True
mlb-kc-bos-2026-09-12,mlb-kc-bos-2026-09-12|moneyline|None|107118192709049172207826777943337963700505108408832058433822885298899751626075,moneyline,False
mlb-kc-bos-2026-09-12,mlb-kc-bos-2026-09-12|moneyline|None|107118192709049172207826777943337963700505108408832058433822885298899751626075,moneyline,False
mlb-kc-bos-2026-09-12,mlb-kc-bos-2026-09-12|moneyline|None|107118192709049172207826777943337963700505108408832058433822885298899751626075,moneyline,True
mlb-kc-bos-2026-09-12,mlb-kc-bos-2026-09-12|moneyline|None|107118192709049172207826777943337963700505108408832058433822885298899751626075,moneyline,True
mlb-kc-bos-2026-09-12,mlb-kc-bos-2026-09-12|moneyline|None|107118192709049172207826777943337963700505108408832058433822885298899751626075,moneyline,False
mlb-kc-bos-2026-09-12,mlb-kc-bos-2026-09-12|moneyline|None|107118192709049172207826777943337963700505108408832058433822885298899751626075,moneyline,False
mlb-kc-bos-2026-09-12,mlb-kc-bos-2026-09-12|moneyline|None|107118192709049172207826777943337963700505108408832058433822885298899751626075,moneyline,False
mlb-kc-bos-2026-09-12,mlb-kc-bos-2026-09-12|moneyline|None|107118192709049172207826777943337963700505108408832058433822885298899751626075,moneyline,False
mlb-kc-bos-2026-09-12,mlb-kc-bos-2026-09-12|moneyline|None|107118192709049172207826777943337963700505108408832058433822885298899751626075,moneyline,False
mlb-kc-bos-2026-09-12,mlb-kc-bos-2026-09-12|moneyline|None|107118192709049172207826777943337963700505108408832058433822885298899751626075,moneyline,False
mlb-kc-bos-2026-09-12,mlb-kc-bos-2026-09-12|moneyline|None|107118192709049172207826777943337963700505108408832058433822885298899751626075,moneyline,False
mlb-kc-bos-2026-09-12,mlb-kc-bos-2026-09-12|moneyline|None|107118192709049172207826777943337963700505108408832058433822885298899751626075,moneyline,True
mlb-kc-bos-2026-09-12,mlb-kc-bos-2026-09-12|moneyline|None|107118192709049172207826777943337963700505108408832058433822885298899751626075,moneyline,True
mlb-kc-bos-2026-09-12,mlb-kc-bos-2026-09-12|moneyline|None|107118192709049172207826777943337963700505108408832058433822885298899751626075,moneyline,False
mlb-kc-bos-2026-09-12,mlb-kc-bos-2026-09-12|moneyline|None|107118192709049172207826777943337963700505108408832058433822885298899751626075,moneyline,True
mlb-kc-bos-2026-09-12,mlb-kc-bos-2026-09-12|moneyline|None|107118192709049172207826777943337963700505108408832058433822885298899751626075,moneyline,False
mlb-kc-bos-2026-09-12,mlb-kc-bos-2026-09-12|moneyline|None|107118192709049172207826777943337963700505108408832058433822885298899751626075,moneyline,True
mlb-kc-bos-2026-09-12,mlb-kc-bos-2026-09-12|spread|-1.5|1122482005031718623254421547660901630229895516205979575303079727475749727718,spread,True
mlb-kc-bos-2026-09-12,mlb-kc-bos-2026-09-12|spread|-1.5|1122482005031718623254421547660901630229895516205979575303079727475749727718,spread,False
mlb-kc-bos-2026-09-12,mlb-kc-bos-2026-09-12|spread|-1.5|1122482005031718623254421547660901630229895516205979575303079727475749727718,spread,True
mlb-kc-bos-2026-09-12,mlb-kc-bos-2026-09-12|spread|-1.5|1122482005031718623254421547660901630229895516205979575303079727475749727718,spread,True
mlb-kc-bos-2026-09-12,mlb-kc-bos-2026-09-12|spread|-1.5|1122482005031718623254421547660901630229895516205979575303079727475749727718,spread,True
mlb-kc-bos-2026-09-12,mlb-kc-bos-2026-09-12|spread|-1.5|1122482005031718623254421547660901630229895516205979575303079727475749727718,spread,False
mlb-kc-bos-2026-09-12,mlb-kc-bos-2026-09-12|spread|-1.5|1122482005031718623254421547660901630229895516205979575303079727475749727718,spread,True
mlb-kc-bos-2026-09-12,mlb-kc-bos-2026-09-12|spread|-1.5|1122482005031718623254421547660901630229895516205979575303079727475749727718,spread,False
mlb-kc-bos-2026-09-12,mlb-kc-bos-2026-09-12|spread|-1.5|1122482005031718623254421547660901630229895516205979575303079727475749727718,spread,True
mlb-kc-bos-2026-09-12,mlb-kc-bos-2026-09-12|spread|-1.5|1122482005031718623254421547660901630229895516205979575303079727475749727718,spread,False
mlb-kc-bos-2026-09-12,mlb-kc-bos-2026-09-12|spread|-1.5|1122482005031718623254421547660901630229895516205979575303079727475749727718,spread,False
mlb-kc-bos-2026-09-12,mlb-kc-bos-2026-09-12|spread|-1.5|1122482005031718623254421547660901630229895516205979575303079727475749727718,spread,False
mlb-kc-bos-2026-09-12,mlb-kc-bos-2026-09-12|spread|-1.5|1122482005031718623254421547660901630229895516205979575303079727475749727718,spread,False
mlb-kc-bos-2026-09-12,mlb-kc-bos-2026-09-12|spread|-1.5|1122482005031718623254421547660901630229895516205979575303079727475749727718,spread,True
mlb-kc-bos-2026-09-12,mlb-kc-bos-2026-09-12|spread|-1.5|1122482005031718623254421547660901630229895516205979575303079727475749727718,spread,False
mlb-kc-bos-2026-09-12,mlb-kc-bos-2026-09-12|spread|-1.5|1122482005031718623254421547660901630229895516205979575303079727475749727718,spread,True
mlb-kc-bos-2026-09-12,mlb-kc-bos-2026-09-12|spread|-1.5|1122482005031718623254421547660901630229895516205979575303079727475749727718,spread,True
mlb-kc-bos-2026-09-12,mlb-kc-bos-2026-09-12|spread|-1.5|1122482005031718623254421547660901630229895516205979575303079727475749727718,spread,False
mlb-kc-bos-2026-09-12,mlb-kc-bos-2026-09-12|spread|-1.5|1122482005031718623254421547660901630229895516205979575303079727475749727718,spread,True
mlb-kc-bos-2026-09-12,mlb-kc-bos-2026-09-12|spread|-1.5|1122482005031718623254421547660901630229895516205979575303079727475749727718,spread,True
mlb-kc-bos-2026-09-12,mlb-kc-bos-2026-09-12|spread|-1.5|1122482005031718623254421547660901630229895516205979575303079727475749727718,spread,True
mlb-kc-bos-2026-09-12,mlb-kc-bos-2026-09-12|spread|-1.5|1122482005031718623254421547660901630229895516205979575303079727475749727718,spread,True
mlb-kc-bos-2026-09-12,mlb-kc-bos-2026-09-12|spread|-1.5|1122482005031718623254421547660901630229895516205979575303079727475749727718,spread,False
mlb-kc-bos-2026-09-12,mlb-kc-bos-2026-09-12|spread|-1.5|1122482005031718623254421547660901630229895516205979575303079727475749727718,spread,True
mlb-kc-bos-2026-09-12,mlb-kc-bos-2026-09-12|spread|-1.5|1122482005031718623254421547660901630229895516205979575303079727475749727718,spread,False
mlb-kc-bos-2026-09-12,mlb-kc-bos-2026-09-12|spread|-1.5|1122482005031718623254421547660901630229895516205979575303079727475749727718,spread,False
mlb-kc-bos-2026-09-12,mlb-kc-bos-2026-09-12|spread|-1.5|1122482005031718623254421547660901630229895516205979575303079727475749727718,spread,False
mlb-kc-bos-2026-09-12,mlb-kc-bos-2026-09-12|spread|-1.5|1122482005031718623254421547660901630229895516205979575303079727475749727718,spread,False
mlb-kc-bos-2026-09-12,mlb-kc-bos-2026-09-12|spread|-1.5|1122482005031718623254421547660901630229895516205979575303079727475749727718,spread,True
mlb-kc-bos-2026-09-12,mlb-kc-bos-2026-09-12|spread|-1.5|1122482005031718623254421547660901630229895516205979575303079727475749727718,spread,False
mlb-kc-bos-2026-09-12,mlb-kc-bos-2026-09-12|spread|-1.5|1122482005031718623254421547660901630229895516205979575303079727475749727718,spread,True
mlb-kc-bos-2026-09-12,mlb-kc-bos-2026-09-12|spread|-1.5|1122482005031718623254421547660901630229895516205979575303079727475749727718,spread,True
mlb-kc-bos-2026-09-12,mlb-kc-bos-2026-09-12|spread|-1.5|1122482005031718623254421547660901630229895516205979575303079727475749727718,spread,False
mlb-kc-bos-2026-09-12,mlb-kc-bos-2026-09-12|spread|-1.5|1122482005031718623254421547660901630229895516205979575303079727475749727718,spread,True
mlb-kc-bos-2026-09-12,mlb-kc-bos-2026-09-12|spread|-1.5|1122482005031718623254421547660901630229895516205979575303079727475749727718,spread,True
mlb-kc-bos-2026-09-12,mlb-kc-bos-2026-09-12|spread|-1.5|1122482005031718623254421547660901630229895516205979575303079727475749727718,spread,True
mlb-kc-bos-2026-09-12,mlb-kc-bos-2026-09-12|spread|-1.5|1122482005031718623254421547660901630229895516205979575303079727475749727718,spread,True
mlb-kc-bos-2026-09-12,mlb-kc-bos-2026-09-12|spread|-1.5|1122482005031718623254421547660901630229895516205979575303079727475749727718,spread,True
mlb-kc-bos-2026-09-12,mlb-kc-bos-2026-09-12|spread|-1.5|1122482005031718623254421547660901630229895516205979575303079727475749727718,spread,True
mlb-kc-bos-2026-09-12,mlb-kc-bos-2026-09-12|spread|-1.5|1122482005031718623254421547660901630229895516205979575303079727475749727718,spread,False
mlb-kc-bos-2026-09-12,mlb-kc-bos-2026-09-12|spread|-1.5|1122482005031718623254421547660901630229895516205979575303079727475749727718,spread,True
mlb-kc-bos-2026-09-12,mlb-kc-bos-2026-09-12|spread|-1.5|1122482005031718623254421547660901630229895516205979575303079727475749727718,spread,False
mlb-kc-bos-2026-09-12,mlb-kc-bos-2026-09-12|spread|-1.5|1122482005031718623254421547660901630229895516205979575303079727475749727718,spread,False
mlb-kc-bos-2026-09-12,mlb-kc-bos-2026-09-12|spread|-1.5|1122482005031718623254421547660901630229895516205979575303079727475749727718,spread,False
mlb-kc-bos-2026-09-12,mlb-kc-bos-2026-09-12|spread|-1.5|1122482005031718623254421547660901630229895516205979575303079727475749727718,spread,False
mlb-kc-bos-2026-09-12,mlb-kc-bos-2026-09-12|spread|-1.5|1122482005031718623254421547660901630229895516205979575303079727475749727718,spread,False
mlb-kc-bos-2026-09-12,mlb-kc-bos-2026-09-12|spread|-1.5|1122482005031718623254421547660901630229895516205979575303079727475749727718,spread,False
mlb-kc-bos-2026-09-12,mlb-kc-bos-2026-09-12|spread|-1.5|1122482005031718623254421547660901630229895516205979575303079727475749727718,spread,True
mlb-kc-bos-2026-09-12,mlb-kc-bos-2026-09-12|spread|-1.5|1122482005031718623254421547660901630229895516205979575303079727475749727718,spread,False
mlb-kc-bos-2026-09-12,mlb-kc-bos-2026-09-12|spread|-1.5|1122482005031718623254421547660901630229895516205979575303079727475749727718,spread,True
mlb-kc-bos-2026-09-12,mlb-kc-bos-2026-09-12|spread|-1.5|1122482005031718623254421547660901630229895516205979575303079727475749727718,spread,True
mlb-kc-bos-2026-09-12,mlb-kc-bos-2026-09-12|spread|-1.5|1122482005031718623254421547660901630229895516205979575303079727475749727718,spread,True
mlb-kc-bos-2026-09-12,mlb-kc-bos-2026-09-12|spread|-1.5|20208287431525983108369891278773505523414884829646484063477747275353320149951,spread,True
mlb-kc-bos-2026-09-12,mlb-kc-bos-2026-09-12|spread|-1.5|20208287431525983108369891278773505523414884829646484063477747275353320149951,spread,True
mlb-kc-bos-2026-09-12,mlb-kc-bos-2026-09-12|spread|-1.5|20208287431525983108369891278773505523414884829646484063477747275353320149951,spread,True
mlb-kc-bos-2026-09-12,mlb-kc-bos-2026-09-12|spread|-1.5|20208287431525983108369891278773505523414884829646484063477747275353320149951,spread,True
mlb-kc-bos-2026-09-12,mlb-kc-bos-2026-09-12|spread|-1.5|20208287431525983108369891278773505523414884829646484063477747275353320149951,spread,False
mlb-kc-bos-2026-09-12,mlb-kc-bos-2026-09-12|spread|-1.5|20208287431525983108369891278773505523414884829646484063477747275353320149951,spread,True
mlb-kc-bos-2026-09-12,mlb-kc-bos-2026-09-12|spread|-1.5|20208287431525983108369891278773505523414884829646484063477747275353320149951,spread,False
mlb-kc-bos-2026-09-12,mlb-kc-bos-2026-09-12|spread|-1.5|20208287431525983108369891278773505523414884829646484063477747275353320149951,spread,True
mlb-kc-bos-2026-09-12,mlb-kc-bos-2026-09-12|spread|-1.5|20208287431525983108369891278773505523414884829646484063477747275353320149951,spread,False
mlb-kc-bos-2026-09-12,mlb-kc-bos-2026-09-12|spread|-1.5|20208287431525983108369891278773505523414884829646484063477747275353320149951,spread,False
mlb-kc-bos-2026-09-12,mlb-kc-bos-2026-09-12|spread|-1.5|20208287431525983108369891278773505523414884829646484063477747275353320149951,spread,False
mlb-kc-bos-2026-09-12,mlb-kc-bos-2026-09-12|spread|-1.5|20208287431525983108369891278773505523414884829646484063477747275353320149951,spread,True
mlb-kc-bos-2026-09-12,mlb-kc-bos-2026-09-12|spread|-1.5|20208287431525983108369891278773505523414884829646484063477747275353320149951,spread,True
mlb-kc-bos-2026-09-12,mlb-kc-bos-2026-09-12|spread|-1.5|20208287431525983108369891278773505523414884829646484063477747275353320149951,spread,True
mlb-kc-bos-2026-09-12,mlb-kc-bos-2026-09-12|spread|-1.5|20208287431525983108369891278773505523414884829646484063477747275353320149951,spread,False
mlb-kc-bos-2026-09-12,mlb-kc-bos-2026-09-12|spread|-1.5|20208287431525983108369891278773505523414884829646484063477747275353320149951,spread,True
mlb-kc-bos-2026-09-12,mlb-kc-bos-2026-09-12|spread|-1.5|20208287431525983108369891278773505523414884829646484063477747275353320149951,spread,True
mlb-kc-bos-2026-09-12,mlb-kc-bos-2026-09-12|spread|-1.5|20208287431525983108369891278773505523414884829646484063477747275353320149951,spread,False
mlb-kc-bos-2026-09-12,mlb-kc-bos-2026-09-12|spread|-1.5|20208287431525983108369891278773505523414884829646484063477747275353320149951,spread,False
mlb-kc-bos-2026-09-12,mlb-kc-bos-2026-09-12|spread|-1.5|20208287431525983108369891278773505523414884829646484063477747275353320149951,spread,False
mlb-kc-bos-2026-09-12,mlb-kc-bos-2026-09-12|spread|-1.5|20208287431525983108369891278773505523414884829646484063477747275353320149951,spread,False
mlb-kc-bos-2026-09-12,mlb-kc-bos-2026-09-12|spread|-1.5|20208287431525983108369891278773505523414884829646484063477747275353320149951,spread,True
mlb-kc-bos-2026-09-12,mlb-kc-bos-2026-09-12|spread|-1.5|20208287431525983108369891278773505523414884829646484063477747275353320149951,spread,True
mlb-kc-bos-2026-09-12,mlb-kc-bos-2026-09-12|spread|-1.5|20208287431525983108369891278773505523414884829646484063477747275353320149951,spread,False
mlb-kc-bos-2026-09-12,mlb-kc-bos-2026-09-12|spread|-1.5|20208287431525983108369891278773505523414884829646484063477747275353320149951,spread,False
mlb-kc-bos-2026-09-12,mlb-kc-bos-2026-09-12|spread|-1.5|20208287431525983108369891278773505523414884829646484063477747275353320149951,spread,False
mlb-kc-bos-2026-09-12,mlb-kc-bos-2026-09-12|spread|-1.5|20208287431525983108369891278773505523414884829646484063477747275353320149951,spread,True
mlb-kc-bos-2026-09-12,mlb-kc-bos-2026-09-12|spread|-1.5|20208287431525983108369891278773505523414884829646484063477747275353320149951,spread,True
mlb-kc-bos-2026-09-12,mlb-kc-bos-2026-09-12|spread|-1.5|20208287431525983108369891278773505523414884829646484063477747275353320149951,spread,True
mlb-kc-bos-2026-09-12,mlb-kc-bos-2026-09-12|spread|-1.5|20208287431525983108369891278773505523414884829646484063477747275353320149951,spread,False
mlb-kc-bos-2026-09-12,mlb-kc-bos-2026-09-12|spread|-1.5|20208287431525983108369891278773505523414884829646484063477747275353320149951,spread,False
mlb-kc-bos-2026-09-12,mlb-kc-bos-2026-09-12|spread|-1.5|20208287431525983108369891278773505523414884829646484063477747275353320149951,spread,True
mlb-kc-bos-2026-09-12,mlb-kc-bos-2026-09-12|spread|-1.5|20208287431525983108369891278773505523414884829646484063477747275353320149951,spread,True
mlb-kc-bos-2026-09-12,mlb-kc-bos-2026-09-12|spread|-1.5|20208287431525983108369891278773505523414884829646484063477747275353320149951,spread,True
mlb-kc-bos-2026-09-12,mlb-kc-bos-2026-09-12|spread|-1.5|20208287431525983108369891278773505523414884829646484063477747275353320149951,spread,False
mlb-kc-bos-2026-09-12,mlb-kc-bos-2026-09-12|spread|-1.5|20208287431525983108369891278773505523414884829646484063477747275353320149951,spread,True
mlb-kc-bos-2026-09-12,mlb-kc-bos-2026-09-12|spread|-1.5|20208287431525983108369891278773505523414884829646484063477747275353320149951,spread,False
mlb-kc-bos-2026-09-12,mlb-kc-bos-2026-09-12|spread|-1.5|20208287431525983108369891278773505523414884829646484063477747275353320149951,spread,True
mlb-kc-bos-2026-09-12,mlb-kc-bos-2026-09-12|spread|-1.5|20208287431525983108369891278773505523414884829646484063477747275353320149951,spread,False
mlb-kc-bos-2026-09-12,mlb-kc-bos-2026-09-12|spread|-1.5|20208287431525983108369891278773505523414884829646484063477747275353320149951,spread,True
mlb-kc-bos-2026-09-12,mlb-kc-bos-2026-09-12|spread|-1.5|20208287431525983108369891278773505523414884829646484063477747275353320149951,spread,True
mlb-kc-bos-2026-09-12,mlb-kc-bos-2026-09-12|spread|-1.5|20208287431525983108369891278773505523414884829646484063477747275353320149951,spread,True
mlb-kc-bos-2026-09-12,mlb-kc-bos-2026-09-12|spread|-1.5|20208287431525983108369891278773505523414884829646484063477747275353320149951,spread,False
mlb-kc-bos-2026-09-12,mlb-kc-bos-2026-09-12|spread|-1.5|20208287431525983108369891278773505523414884829646484063477747275353320149951,spread,True
mlb-kc-bos-2026-09-12,mlb-kc-bos-2026-09-12|spread|-1.5|20208287431525983108369891278773505523414884829646484063477747275353320149951,spread,False
mlb-kc-bos-2026-09-12,mlb-kc-bos-2026-09-12|spread|-1.5|20208287431525983108369891278773505523414884829646484063477747275353320149951,spread,True
mlb-kc-bos-2026-09-12,mlb-kc-bos-2026-09-12|spread|-1.5|20208287431525983108369891278773505523414884829646484063477747275353320149951,spread,True
mlb-kc-bos-2026-09-12,mlb-kc-bos-2026-09-12|spread|-1.5|20208287431525983108369891278773505523414884829646484063477747275353320149951,spread,True
mlb-kc-bos-2026-09-12,mlb-kc-bos-2026-09-12|spread|-1.5|20208287431525983108369891278773505523414884829646484063477747275353320149951,spread,True
mlb-kc-bos-2026-09-12,mlb-kc-bos-2026-09-12|spread|-1.5|20208287431525983108369891278773505523414884829646484063477747275353320149951,spread,False
mlb-kc-bos-2026-09-12,mlb-kc-bos-2026-09-12|spread|-1.5|20208287431525983108369891278773505523414884829646484063477747275353320149951,spread,False
mlb-kc-bos-2026-09-12,mlb-kc-bos-2026-09-12|spread|-1.5|20208287431525983108369891278773505523414884829646484063477747275353320149951,spread,False
mlb-kc-bos-2026-09-12,mlb-kc-bos-2026-09-12|spread|-1.5|20208287431525983108369891278773505523414884829646484063477747275353320149951,spread,True
mlb-kc-bos-2026-09-12,mlb-kc-bos-2026-09-12|spread|-1.5|20208287431525983108369891278773505523414884829646484063477747275353320149951,spread,False
mlb-kc-bos-2026-09-12,mlb-kc-bos-2026-09-12|spread|-1.5|20208287431525983108369891278773505523414884829646484063477747275353320149951,spread,False
mlb-kc-bos-2026-09-12,mlb-kc-bos-2026-09-12|spread|-1.5|20208287431525983108369891278773505523414884829646484063477747275353320149951,spread,False
mlb-kc-bos-2026-09-12,mlb-kc-bos-2026-09-12|spread|-1.5|20208287431525983108369891278773505523414884829646484063477747275353320149951,spread,True
mlb-kc-bos-2026-09-12,mlb-kc-bos-2026-09-12|spread|-1.5|20208287431525983108369891278773505523414884829646484063477747275353320149951,spread,True
mlb-kc-bos-2026-09-12,mlb-kc-bos-2026-09-12|spread|-1.5|20208287431525983108369891278773505523414884829646484063477747275353320149951,spread,True
mlb-kc-bos-2026-09-12,mlb-kc-bos-2026-09-12|spread|-1.5|20208287431525983108369891278773505523414884829646484063477747275353320149951,spread,True
mlb-kc-bos-2026-09-12,mlb-kc-bos-2026-09-12|spread|-1.5|20208287431525983108369891278773505523414884829646484063477747275353320149951,spread,False
mlb-kc-bos-2026-09-12,mlb-kc-bos-2026-09-12|spread|-2.5|44942141574735288576719753765159465338480690788251947944137070419339961205528,spread,False
mlb-kc-bos-2026-09-12,mlb-kc-bos-2026-09-12|spread|-2.5|44942141574735288576719753765159465338480690788251947944137070419339961205528,spread,True
mlb-kc-bos-2026-09-12,mlb-kc-bos-2026-09-12|spread|-2.5|44942141574735288576719753765159465338480690788251947944137070419339961205528,spread,True
mlb-kc-bos-2026-09-12,mlb-kc-bos-2026-09-12|spread|-2.5|44942141574735288576719753765159465338480690788251947944137070419339961205528,spread,False
mlb-kc-bos-2026-09-12,mlb-kc-bos-2026-09-12|spread|-2.5|44942141574735288576719753765159465338480690788251947944137070419339961205528,spread,False
mlb-kc-bos-2026-09-12,mlb-kc-bos-2026-09-12|spread|-2.5|44942141574735288576719753765159465338480690788251947944137070419339961205528,spread,False
mlb-kc-bos-2026-09-12,mlb-kc-bos-2026-09-12|spread|-2.5|44942141574735288576719753765159465338480690788251947944137070419339961205528,spread,True
mlb-kc-bos-2026-09-12,mlb-kc-bos-2026-09-12|spread|-2.5|44942141574735288576719753765159465338480690788251947944137070419339961205528,spread,False
mlb-kc-bos-2026-09-12,mlb-kc-bos-2026-09-12|spread|-2.5|44942141574735288576719753765159465338480690788251947944137070419339961205528,spread,False
mlb-kc-bos-2026-09-12,mlb-kc-bos-2026-09-12|spread|-2.5|44942141574735288576719753765159465338480690788251947944137070419339961205528,spread,True
mlb-kc-bos-2026-09-12,mlb-kc-bos-2026-09-12|spread|-2.5|44942141574735288576719753765159465338480690788251947944137070419339961205528,spread,False
mlb-kc-bos-2026-09-12,mlb-kc-bos-2026-09-12|spread|-2.5|44942141574735288576719753765159465338480690788251947944137070419339961205528,spread,True
mlb-kc-bos-2026-09-12,mlb-kc-bos-2026-09-12|spread|-2.5|44942141574735288576719753765159465338480690788251947944137070419339961205528,spread,False
mlb-kc-bos-2026-09-12,mlb-kc-bos-2026-09-12|spread|-2.5|44942141574735288576719753765159465338480690788251947944137070419339961205528,spread,True
mlb-kc-bos-2026-09-12,mlb-kc-bos-2026-09-12|spread|-2.5|44942141574735288576719753765159465338480690788251947944137070419339961205528,spread,False
mlb-kc-bos-2026-09-12,mlb-kc-bos-2026-09-12|spread|-2.5|44942141574735288576719753765159465338480690788251947944137070419339961205528,spread,True
mlb-kc-bos-2026-09-12,mlb-kc-bos-2026-09-12|spread|-2.5|44942141574735288576719753765159465338480690788251947944137070419339961205528,spread,False
mlb-kc-bos-2026-09-12,mlb-kc-bos-2026-09-12|spread|-2.5|44942141574735288576719753765159465338480690788251947944137070419339961205528,spread,False
mlb-kc-bos-2026-09-12,mlb-kc-bos-2026-09-12|spread|-2.5|44942141574735288576719753765159465338480690788251947944137070419339961205528,spread,True
mlb-kc-bos-2026-09-12,mlb-kc-bos-2026-09-12|spread|-2.5|44942141574735288576719753765159465338480690788251947944137070419339961205528,spread,True
mlb-kc-bos-2026-09-12,mlb-kc-bos-2026-09-12|spread|-2.5|44942141574735288576719753765159465338480690788251947944137070419339961205528,spread,False
mlb-kc-bos-2026-09-12,mlb-kc-bos-2026-09-12|spread|-2.5|44942141574735288576719753765159465338480690788251947944137070419339961205528,spread,True
mlb-kc-bos-2026-09-12,mlb-kc-bos-2026-09-12|spread|-2.5|44942141574735288576719753765159465338480690788251947944137070419339961205528,spread,False
mlb-kc-bos-2026-09-12,mlb-kc-bos-2026-09-12|spread|-2.5|44942141574735288576719753765159465338480690788251947944137070419339961205528,spread,True
mlb-kc-bos-2026-09-12,mlb-kc-bos-2026-09-12|spread|-2.5|44942141574735288576719753765159465338480690788251947944137070419339961205528,spread,True
mlb-kc-bos-2026-09-12,mlb-kc-bos-2026-09-12|spread|-2.5|44942141574735288576719753765159465338480690788251947944137070419339961205528,spread,True
mlb-kc-bos-2026-09-12,mlb-kc-bos-2026-09-12|spread|-2.5|44942141574735288576719753765159465338480690788251947944137070419339961205528,spread,True
mlb-kc-bos-2026-09-12,mlb-kc-bos-2026-09-12|spread|-2.5|44942141574735288576719753765159465338480690788251947944137070419339961205528,spread,False
mlb-kc-bos-2026-09-12,mlb-kc-bos-2026-09-12|spread|-2.5|44942141574735288576719753765159465338480690788251947944137070419339961205528,spread,False
mlb-kc-bos-2026-09-12,mlb-kc-bos-2026-09-12|spread|-2.5|44942141574735288576719753765159465338480690788251947944137070419339961205528,spread,True
mlb-kc-bos-2026-09-12,mlb-kc-bos-2026-09-12|spread|-2.5|44942141574735288576719753765159465338480690788251947944137070419339961205528,spread,True
mlb-kc-bos-2026-09-12,mlb-kc-bos-2026-09-12|spread|-2.5|44942141574735288576719753765159465338480690788251947944137070419339961205528,spread,True
mlb-kc-bos-2026-09-12,mlb-kc-bos-2026-09-12|spread|-2.5|44942141574735288576719753765159465338480690788251947944137070419339961205528,spread,False
mlb-kc-bos-2026-09-12,mlb-kc-bos-2026-09-12|spread|-2.5|44942141574735288576719753765159465338480690788251947944137070419339961205528,spread,False
mlb-kc-bos-2026-09-12,mlb-kc-bos-2026-09-12|spread|-2.5|44942141574735288576719753765159465338480690788251947944137070419339961205528,spread,False
mlb-kc-bos-2026-09-12,mlb-kc-bos-2026-09-12|spread|-2.5|44942141574735288576719753765159465338480690788251947944137070419339961205528,spread,False
mlb-kc-bos-2026-09-12,mlb-kc-bos-2026-09-12|spread|-2.5|44942141574735288576719753765159465338480690788251947944137070419339961205528,spread,True
mlb-kc-bos-2026-09-12,mlb-kc-bos-2026-09-12|spread|-2.5|44942141574735288576719753765159465338480690788251947944137070419339961205528,spread,False
mlb-kc-bos-2026-09-12,mlb-kc-bos-2026-09-12|spread|-2.5|44942141574735288576719753765159465338480690788251947944137070419339961205528,spread,False
mlb-kc-bos-2026-09-12,mlb-kc-bos-2026-09-12|spread|-2.5|44942141574735288576719753765159465338480690788251947944137070419339961205528,spread,False
mlb-kc-bos-2026-09-12,mlb-kc-bos-2026-09-12|spread|-2.5|44942141574735288576719753765159465338480690788251947944137070419339961205528,spread,True
mlb-kc-bos-2026-09-12,mlb-kc-bos-2026-09-12|spread|-2.5|44942141574735288576719753765159465338480690788251947944137070419339961205528,spread,False
mlb-kc-bos-2026-09-12,mlb-kc-bos-2026-09-12|spread|-2.5|44942141574735288576719753765159465338480690788251947944137070419339961205528,spread,True
mlb-kc-bos-2026-09-12,mlb-kc-bos-2026-09-12|spread|-2.5|44942141574735288576719753765159465338480690788251947944137070419339961205528,spread,True
mlb-kc-bos-2026-09-12,mlb-kc-bos-2026-09-12|spread|-2.5|44942141574735288576719753765159465338480690788251947944137070419339961205528,spread,True
mlb-kc-bos-2026-09-12,mlb-kc-bos-2026-09-12|spread|-2.5|44942141574735288576719753765159465338480690788251947944137070419339961205528,spread,False
mlb-kc-bos-2026-09-12,mlb-kc-bos-2026-09-12|spread|-2.5|44942141574735288576719753765159465338480690788251947944137070419339961205528,spread,False
mlb-kc-bos-2026-09-12,mlb-kc-bos-2026-09-12|spread|-2.5|44942141574735288576719753765159465338480690788251947944137070419339961205528,spread,True
mlb-kc-bos-2026-09-12,mlb-kc-bos-2026-09-12|spread|-2.5|44942141574735288576719753765159465338480690788251947944137070419339961205528,spread,False
mlb-kc-bos-2026-09-12,mlb-kc-bos-2026-09-12|spread|-2.5|44942141574735288576719753765159465338480690788251947944137070419339961205528,spread,True
mlb-kc-bos-2026-09-12,mlb-kc-bos-2026-09-12|spread|-2.5|44942141574735288576719753765159465338480690788251947944137070419339961205528,spread,False
mlb-kc-bos-2026-09-12,mlb-kc-bos-2026-09-12|spread|-2.5|44942141574735288576719753765159465338480690788251947944137070419339961205528,spread,True
mlb-kc-bos-2026-09-12,mlb-kc-bos-2026-09-12|spread|-2.5|44942141574735288576719753765159465338480690788251947944137070419339961205528,spread,False
mlb-kc-bos-2026-09-12,mlb-kc-bos-2026-09-12|spread|-2.5|44942141574735288576719753765159465338480690788251947944137070419339961205528,spread,True
mlb-kc-bos-2026-09-12,mlb-kc-bos-2026-09-12|spread|-2.5|44942141574735288576719753765159465338480690788251947944137070419339961205528,spread,True
mlb-kc-bos-2026-09-12,mlb-kc-bos-2026-09-12|spread|-2.5|44942141574735288576719753765159465338480690788251947944137070419339961205528,spread,False
mlb-kc-bos-2026-09-12,mlb-kc-bos-2026-09-12|spread|-2.5|44942141574735288576719753765159465338480690788251947944137070419339961205528,spread,False
mlb-kc-bos-2026-09-12,mlb-kc-bos-2026-09-12|spread|-2.5|44942141574735288576719753765159465338480690788251947944137070419339961205528,spread,False
mlb-kc-bos-2026-09-12,mlb-kc-bos-2026-09-12|spread|-2.5|44942141574735288576719753765159465338480690788251947944137070419339961205528,spread,True
mlb-kc-bos-2026-09-12,mlb-kc-bos-2026-09-12|spread|-2.5|44942141574735288576719753765159465338480690788251947944137070419339961205528,spread,False
mlb-kc-bos-2026-09-12,mlb-kc-bos-2026-09-12|spread|-2.5|44942141574735288576719753765159465338480690788251947944137070419339961205528,spread,False
mlb-kc-bos-2026-09-12,mlb-kc-bos-2026-09-12|spread|-2.5|44942141574735288576719753765159465338480690788251947944137070419339961205528,spread,False
mlb-kc-bos-2026-09-12,mlb-kc-bos-2026-09-12|spread|-2.5|44942141574735288576719753765159465338480690788251947944137070419339961205528,spread,False
mlb-kc-bos-2026-09-12,mlb-kc-bos-2026-09-12|spread|-2.5|44942141574735288576719753765159465338480690788251947944137070419339961205528,spread,False
mlb-kc-bos-2026-09-12,mlb-kc-bos-2026-09-12|spread|-2.5|44942141574735288576719753765159465338480690788251947944137070419339961205528,spread,False
mlb-kc-bos-2026-09-12,mlb-kc-bos-2026-09-12|spread|-2.5|44942141574735288576719753765159465338480690788251947944137070419339961205528,spread,False
mlb-kc-bos-2026-09-12,mlb-kc-bos-2026-09-12|spread|-2.5|44942141574735288576719753765159465338480690788251947944137070419339961205528,spread,False
mlb-kc-bos-2026-09-12,mlb-kc-bos-2026-09-12|spread|-2.5|44942141574735288576719753765159465338480690788251947944137070419339961205528,spread,False
mlb-kc-bos-2026-09-12,mlb-kc-bos-2026-09-12|spread|-2.5|44942141574735288576719753765159465338480690788251947944137070419339961205528,spread,True
mlb-kc-bos-2026-09-12,mlb-kc-bos-2026-09-12|spread|-2.5|44942141574735288576719753765159465338480690788251947944137070419339961205528,spread,False
mlb-kc-bos-2026-09-12,mlb-kc-bos-2026-09-12|spread|-2.5|44942141574735288576719753765159465338480690788251947944137070419339961205528,spread,False
mlb-kc-bos-2026-09-12,mlb-kc-bos-2026-09-12|spread|-2.5|44942141574735288576719753765159465338480690788251947944137070419339961205528,spread,False
mlb-kc-bos-2026-09-12,mlb-kc-bos-2026-09-12|spread|-2.5|44942141574735288576719753765159465338480690788251947944137070419339961205528,spread,False
mlb-kc-bos-2026-09-12,mlb-kc-bos-2026-09-12|spread|-2.5|93877367689069862400337902172253529609798692049163275941256206632596342563928,spread,True
mlb-kc-bos-2026-09-12,mlb-kc-bos-2026-09-12|spread|-2.5|93877367689069862400337902172253529609798692049163275941256206632596342563928,spread,False
mlb-kc-bos-2026-09-12,mlb-kc-bos-2026-09-12|spread|-2.5|93877367689069862400337902172253529609798692049163275941256206632596342563928,spread,False
mlb-kc-bos-2026-09-12,mlb-kc-bos-2026-09-12|spread|-2.5|93877367689069862400337902172253529609798692049163275941256206632596342563928,spread,True
mlb-kc-bos-2026-09-12,mlb-kc-bos-2026-09-12|spread|-2.5|93877367689069862400337902172253529609798692049163275941256206632596342563928,spread,False
mlb-kc-bos-2026-09-12,mlb-kc-bos-2026-09-12|spread|-2.5|93877367689069862400337902172253529609798692049163275941256206632596342563928,spread,False
mlb-kc-bos-2026-09-12,mlb-kc-bos-2026-09-12|spread|-2.5|93877367689069862400337902172253529609798692049163275941256206632596342563928,spread,True
mlb-kc-bos-2026-09-12,mlb-kc-bos-2026-09-12|spread|-2.5|93877367689069862400337902172253529609798692049163275941256206632596342563928,spread,True
mlb-kc-bos-2026-09-12,mlb-kc-bos-2026-09-12|spread|-2.5|93877367689069862400337902172253529609798692049163275941256206632596342563928,spread,True
mlb-kc-bos-2026-09-12,mlb-kc-bos-2026-09-12|spread|-2.5|93877367689069862400337902172253529609798692049163275941256206632596342563928,spread,False
mlb-kc-bos-2026-09-12,mlb-kc-bos-2026-09-12|spread|-2.5|93877367689069862400337902172253529609798692049163275941256206632596342563928,spread,False
mlb-kc-bos-2026-09-12,mlb-kc-bos-2026-09-12|spread|-2.5|93877367689069862400337902172253529609798692049163275941256206632596342563928,spread,False
mlb-kc-bos-2026-09-12,mlb-kc-bos-2026-09-12|spread|-2.5|93877367689069862400337902172253529609798692049163275941256206632596342563928,spread,False
mlb-kc-bos-2026-09-12,mlb-kc-bos-2026-09-12|spread|-2.5|93877367689069862400337902172253529609798692049163275941256206632596342563928,spread,False
mlb-kc-bos-2026-09-12,mlb-kc-bos-2026-09-12|spread|-2.5|93877367689069862400337902172253529609798692049163275941256206632596342563928,spread,False
mlb-kc-bos-2026-09-12,mlb-kc-bos-2026-09-12|spread|-2.5|93877367689069862400337902172253529609798692049163275941256206632596342563928,spread,False
mlb-kc-bos-2026-09-12,mlb-kc-bos-2026-09-12|spread|-2.5|93877367689069862400337902172253529609798692049163275941256206632596342563928,spread,True
mlb-kc-bos-2026-09-12,mlb-kc-bos-2026-09-12|spread|-2.5|93877367689069862400337902172253529609798692049163275941256206632596342563928,spread,False
mlb-kc-bos-2026-09-12,mlb-kc-bos-2026-09-12|spread|-2.5|93877367689069862400337902172253529609798692049163275941256206632596342563928,spread,True
mlb-kc-bos-2026-09-12,mlb-kc-bos-2026-09-12|spread|-2.5|93877367689069862400337902172253529609798692049163275941256206632596342563928,spread,True
mlb-kc-bos-2026-09-12,mlb-kc-bos-2026-09-12|spread|-2.5|93877367689069862400337902172253529609798692049163275941256206632596342563928,spread,False
mlb-kc-bos-2026-09-12,mlb-kc-bos-2026-09-12|spread|-2.5|93877367689069862400337902172253529609798692049163275941256206632596342563928,spread,True
mlb-kc-bos-2026-09-12,mlb-kc-bos-2026-09-12|spread|-2.5|93877367689069862400337902172253529609798692049163275941256206632596342563928,spread,True
mlb-kc-bos-2026-09-12,mlb-kc-bos-2026-09-12|spread|-2.5|93877367689069862400337902172253529609798692049163275941256206632596342563928,spread,True
mlb-kc-bos-2026-09-12,mlb-kc-bos-2026-09-12|spread|-2.5|93877367689069862400337902172253529609798692049163275941256206632596342563928,spread,True
mlb-kc-bos-2026-09-12,mlb-kc-bos-2026-09-12|spread|-2.5|93877367689069862400337902172253529609798692049163275941256206632596342563928,spread,True
mlb-kc-bos-2026-09-12,mlb-kc-bos-2026-09-12|spread|-2.5|93877367689069862400337902172253529609798692049163275941256206632596342563928,spread,False
mlb-kc-bos-2026-09-12,mlb-kc-bos-2026-09-12|spread|-2.5|93877367689069862400337902172253529609798692049163275941256206632596342563928,spread,True
mlb-kc-bos-2026-09-12,mlb-kc-bos-2026-09-12|spread|-2.5|93877367689069862400337902172253529609798692049163275941256206632596342563928,spread,False
mlb-kc-bos-2026-09-12,mlb-kc-bos-2026-09-12|spread|-2.5|93877367689069862400337902172253529609798692049163275941256206632596342563928,spread,True
mlb-kc-bos-2026-09-12,mlb-kc-bos-2026-09-12|spread|-2.5|93877367689069862400337902172253529609798692049163275941256206632596342563928,spread,False
mlb-kc-bos-2026-09-12,mlb-kc-bos-2026-09-12|spread|-2.5|93877367689069862400337902172253529609798692049163275941256206632596342563928,spread,False
mlb-laa-wsh-2026-09-12,mlb-laa-wsh-2026-09-12|moneyline|None|40792841770362354623148102658436042620717926349486454752253698545015107663034,moneyline,True
mlb-laa-wsh-2026-09-12,mlb-laa-wsh-2026-09-12|moneyline|None|40792841770362354623148102658436042620717926349486454752253698545015107663034,moneyline,False
mlb-laa-wsh-2026-09-12,mlb-laa-wsh-2026-09-12|moneyline|None|40792841770362354623148102658436042620717926349486454752253698545015107663034,moneyline,False
mlb-laa-wsh-2026-09-12,mlb-laa-wsh-2026-09-12|moneyline|None|40792841770362354623148102658436042620717926349486454752253698545015107663034,moneyline,False
mlb-laa-wsh-2026-09-12,mlb-laa-wsh-2026-09-12|moneyline|None|40792841770362354623148102658436042620717926349486454752253698545015107663034,moneyline,True
mlb-laa-wsh-2026-09-12,mlb-laa-wsh-2026-09-12|moneyline|None|40792841770362354623148102658436042620717926349486454752253698545015107663034,moneyline,True
mlb-laa-wsh-2026-09-12,mlb-laa-wsh-2026-09-12|moneyline|None|40792841770362354623148102658436042620717926349486454752253698545015107663034,moneyline,False
mlb-laa-wsh-2026-09-12,mlb-laa-wsh-2026-09-12|moneyline|None|40792841770362354623148102658436042620717926349486454752253698545015107663034,moneyline,True
mlb-laa-wsh-2026-09-12,mlb-laa-wsh-2026-09-12|moneyline|None|40792841770362354623148102658436042620717926349486454752253698545015107663034,moneyline,False
mlb-laa-wsh-2026-09-12,mlb-laa-wsh-2026-09-12|moneyline|None|40792841770362354623148102658436042620717926349486454752253698545015107663034,moneyline,False
mlb-laa-wsh-2026-09-12,mlb-laa-wsh-2026-09-12|moneyline|None|40792841770362354623148102658436042620717926349486454752253698545015107663034,moneyline,True
mlb-laa-wsh-2026-09-12,mlb-laa-wsh-2026-09-12|moneyline|None|40792841770362354623148102658436042620717926349486454752253698545015107663034,moneyline,False
mlb-laa-wsh-2026-09-12,mlb-laa-wsh-2026-09-12|moneyline|None|40792841770362354623148102658436042620717926349486454752253698545015107663034,moneyline,True
mlb-laa-wsh-2026-09-12,mlb-laa-wsh-2026-09-12|moneyline|None|40792841770362354623148102658436042620717926349486454752253698545015107663034,moneyline,False
mlb-laa-wsh-2026-09-12,mlb-laa-wsh-2026-09-12|moneyline|None|40792841770362354623148102658436042620717926349486454752253698545015107663034,moneyline,True
mlb-laa-wsh-2026-09-12,mlb-laa-wsh-2026-09-12|moneyline|None|40792841770362354623148102658436042620717926349486454752253698545015107663034,moneyline,True
mlb-laa-wsh-2026-09-12,mlb-laa-wsh-2026-09-12|moneyline|None|40792841770362354623148102658436042620717926349486454752253698545015107663034,moneyline,False
mlb-laa-wsh-2026-09-12,mlb-laa-wsh-2026-09-12|moneyline|None|40792841770362354623148102658436042620717926349486454752253698545015107663034,moneyline,False
mlb-laa-wsh-2026-09-12,mlb-laa-wsh-2026-09-12|moneyline|None|40792841770362354623148102658436042620717926349486454752253698545015107663034,moneyline,False
mlb-laa-wsh-2026-09-12,mlb-laa-wsh-2026-09-12|moneyline|None|40792841770362354623148102658436042620717926349486454752253698545015107663034,moneyline,True
mlb-laa-wsh-2026-09-12,mlb-laa-wsh-2026-09-12|moneyline|None|40792841770362354623148102658436042620717926349486454752253698545015107663034,moneyline,False
mlb-laa-wsh-2026-09-12,mlb-laa-wsh-2026-09-12|moneyline|None|40792841770362354623148102658436042620717926349486454752253698545015107663034,moneyline,False
mlb-laa-wsh-2026-09-12,mlb-laa-wsh-2026-09-12|moneyline|None|40792841770362354623148102658436042620717926349486454752253698545015107663034,moneyline,False
mlb-laa-wsh-2026-09-12,mlb-laa-wsh-2026-09-12|moneyline|None|40792841770362354623148102658436042620717926349486454752253698545015107663034,moneyline,True
mlb-laa-wsh-2026-09-12,mlb-laa-wsh-2026-09-12|moneyline|None|40792841770362354623148102658436042620717926349486454752253698545015107663034,moneyline,False
mlb-laa-wsh-2026-09-12,mlb-laa-wsh-2026-09-12|moneyline|None|40792841770362354623148102658436042620717926349486454752253698545015107663034,moneyline,True
mlb-laa-wsh-2026-09-12,mlb-laa-wsh-2026-09-12|moneyline|None|40792841770362354623148102658436042620717926349486454752253698545015107663034,moneyline,True
mlb-laa-wsh-2026-09-12,mlb-laa-wsh-2026-09-12|moneyline|None|40792841770362354623148102658436042620717926349486454752253698545015107663034,moneyline,True
mlb-laa-wsh-2026-09-12,mlb-laa-wsh-2026-09-12|moneyline|None|40792841770362354623148102658436042620717926349486454752253698545015107663034,moneyline,True
mlb-laa-wsh-2026-09-12,mlb-laa-wsh-2026-09-12|moneyline|None|40792841770362354623148102658436042620717926349486454752253698545015107663034,moneyline,True
mlb-laa-wsh-2026-09-12,mlb-laa-wsh-2026-09-12|moneyline|None|40792841770362354623148102658436042620717926349486454752253698545015107663034,moneyline,True
mlb-laa-wsh-2026-09-12,mlb-laa-wsh-2026-09-12|moneyline|None|40792841770362354623148102658436042620717926349486454752253698545015107663034,moneyline,True
mlb-laa-wsh-2026-09-12,mlb-laa-wsh-2026-09-12|moneyline|None|40792841770362354623148102658436042620717926349486454752253698545015107663034,moneyline,False
mlb-laa-wsh-2026-09-12,mlb-laa-wsh-2026-09-12|moneyline|None|40792841770362354623148102658436042620717926349486454752253698545015107663034,moneyline,False
mlb-laa-wsh-2026-09-12,mlb-laa-wsh-2026-09-12|moneyline|None|40792841770362354623148102658436042620717926349486454752253698545015107663034,moneyline,True
mlb-laa-wsh-2026-09-12,mlb-laa-wsh-2026-09-12|moneyline|None|40792841770362354623148102658436042620717926349486454752253698545015107663034,moneyline,True
mlb-laa-wsh-2026-09-12,mlb-laa-wsh-2026-09-12|moneyline|None|40792841770362354623148102658436042620717926349486454752253698545015107663034,moneyline,False
mlb-laa-wsh-2026-09-12,mlb-laa-wsh-2026-09-12|moneyline|None|40792841770362354623148102658436042620717926349486454752253698545015107663034,moneyline,False
mlb-laa-wsh-2026-09-12,mlb-laa-wsh-2026-09-12|moneyline|None|40792841770362354623148102658436042620717926349486454752253698545015107663034,moneyline,True
mlb-laa-wsh-2026-09-12,mlb-laa-wsh-2026-09-12|moneyline|None|40792841770362354623148102658436042620717926349486454752253698545015107663034,moneyline,True
mlb-laa-wsh-2026-09-12,mlb-laa-wsh-2026-09-12|moneyline|None|40792841770362354623148102658436042620717926349486454752253698545015107663034,moneyline,True
mlb-laa-wsh-2026-09-12,mlb-laa-wsh-2026-09-12|moneyline|None|40792841770362354623148102658436042620717926349486454752253698545015107663034,moneyline,True
mlb-laa-wsh-2026-09-12,mlb-laa-wsh-2026-09-12|moneyline|None|40792841770362354623148102658436042620717926349486454752253698545015107663034,moneyline,True
mlb-laa-wsh-2026-09-12,mlb-laa-wsh-2026-09-12|moneyline|None|40792841770362354623148102658436042620717926349486454752253698545015107663034,moneyline,False
mlb-laa-wsh-2026-09-12,mlb-laa-wsh-2026-09-12|moneyline|None|40792841770362354623148102658436042620717926349486454752253698545015107663034,moneyline,True
mlb-laa-wsh-2026-09-12,mlb-laa-wsh-2026-09-12|moneyline|None|40792841770362354623148102658436042620717926349486454752253698545015107663034,moneyline,True
mlb-laa-wsh-2026-09-12,mlb-laa-wsh-2026-09-12|moneyline|None|40792841770362354623148102658436042620717926349486454752253698545015107663034,moneyline,True
mlb-laa-wsh-2026-09-12,mlb-laa-wsh-2026-09-12|moneyline|None|40792841770362354623148102658436042620717926349486454752253698545015107663034,moneyline,True
mlb-laa-wsh-2026-09-12,mlb-laa-wsh-2026-09-12|moneyline|None|40792841770362354623148102658436042620717926349486454752253698545015107663034,moneyline,False
mlb-laa-wsh-2026-09-12,mlb-laa-wsh-2026-09-12|moneyline|None|40792841770362354623148102658436042620717926349486454752253698545015107663034,moneyline,False
mlb-laa-wsh-2026-09-12,mlb-laa-wsh-2026-09-12|moneyline|None|40792841770362354623148102658436042620717926349486454752253698545015107663034,moneyline,False
mlb-laa-wsh-2026-09-12,mlb-laa-wsh-2026-09-12|moneyline|None|40792841770362354623148102658436042620717926349486454752253698545015107663034,moneyline,True
mlb-laa-wsh-2026-09-12,mlb-laa-wsh-2026-09-12|moneyline|None|40792841770362354623148102658436042620717926349486454752253698545015107663034,moneyline,False
mlb-laa-wsh-2026-09-12,mlb-laa-wsh-2026-09-12|spread|-1.5|14173315657976089101794909648695136698065139170315625579335869644422724290408,spread,True
mlb-laa-wsh-2026-09-12,mlb-laa-wsh-2026-09-12|spread|-1.5|14173315657976089101794909648695136698065139170315625579335869644422724290408,spread,True
mlb-laa-wsh-2026-09-12,mlb-laa-wsh-2026-09-12|spread|-1.5|14173315657976089101794909648695136698065139170315625579335869644422724290408,spread,False
mlb-laa-wsh-2026-09-12,mlb-laa-wsh-2026-09-12|spread|-1.5|14173315657976089101794909648695136698065139170315625579335869644422724290408,spread,True
mlb-laa-wsh-2026-09-12,mlb-laa-wsh-2026-09-12|spread|-1.5|14173315657976089101794909648695136698065139170315625579335869644422724290408,spread,False
mlb-laa-wsh-2026-09-12,mlb-laa-wsh-2026-09-12|spread|-1.5|14173315657976089101794909648695136698065139170315625579335869644422724290408,spread,True
mlb-laa-wsh-2026-09-12,mlb-laa-wsh-2026-09-12|spread|-1.5|14173315657976089101794909648695136698065139170315625579335869644422724290408,spread,True
mlb-laa-wsh-2026-09-12,mlb-laa-wsh-2026-09-12|spread|-1.5|14173315657976089101794909648695136698065139170315625579335869644422724290408,spread,False
mlb-laa-wsh-2026-09-12,mlb-laa-wsh-2026-09-12|spread|-1.5|14173315657976089101794909648695136698065139170315625579335869644422724290408,spread,False
mlb-laa-wsh-2026-09-12,mlb-laa-wsh-2026-09-12|spread|-1.5|14173315657976089101794909648695136698065139170315625579335869644422724290408,spread,True
mlb-laa-wsh-2026-09-12,mlb-laa-wsh-2026-09-12|spread|-1.5|14173315657976089101794909648695136698065139170315625579335869644422724290408,spread,False
mlb-laa-wsh-2026-09-12,mlb-laa-wsh-2026-09-12|spread|-1.5|14173315657976089101794909648695136698065139170315625579335869644422724290408,spread,True
mlb-laa-wsh-2026-09-12,mlb-laa-wsh-2026-09-12|spread|-1.5|14173315657976089101794909648695136698065139170315625579335869644422724290408,spread,False
mlb-laa-wsh-2026-09-12,mlb-laa-wsh-2026-09-12|spread|-1.5|14173315657976089101794909648695136698065139170315625579335869644422724290408,spread,True
mlb-laa-wsh-2026-09-12,mlb-laa-wsh-2026-09-12|spread|-1.5|14173315657976089101794909648695136698065139170315625579335869644422724290408,spread,True
mlb-laa-wsh-2026-09-12,mlb-laa-wsh-2026-09-12|spread|-1.5|14173315657976089101794909648695136698065139170315625579335869644422724290408,spread,False
mlb-laa-wsh-2026-09-12,mlb-laa-wsh-2026-09-12|spread|-1.5|14173315657976089101794909648695136698065139170315625579335869644422724290408,spread,False
mlb-laa-wsh-2026-09-12,mlb-laa-wsh-2026-09-12|spread|-1.5|14173315657976089101794909648695136698065139170315625579335869644422724290408,spread,False
mlb-laa-wsh-2026-09-12,mlb-laa-wsh-2026-09-12|spread|-1.5|14173315657976089101794909648695136698065139170315625579335869644422724290408,spread,True
mlb-laa-wsh-2026-09-12,mlb-laa-wsh-2026-09-12|spread|-1.5|14173315657976089101794909648695136698065139170315625579335869644422724290408,spread,True
mlb-laa-wsh-2026-09-12,mlb-laa-wsh-2026-09-12|spread|-1.5|14173315657976089101794909648695136698065139170315625579335869644422724290408,spread,False
mlb-laa-wsh-2026-09-12,mlb-laa-wsh-2026-09-12|spread|-1.5|14173315657976089101794909648695136698065139170315625579335869644422724290408,spread,False
mlb-laa-wsh-2026-09-12,mlb-laa-wsh-2026-09-12|spread|-1.5|14173315657976089101794909648695136698065139170315625579335869644422724290408,spread,False
mlb-laa-wsh-2026-09-12,mlb-laa-wsh-2026-09-12|spread|-1.5|14173315657976089101794909648695136698065139170315625579335869644422724290408,spread,False
mlb-laa-wsh-2026-09-12,mlb-laa-wsh-2026-09-12|spread|-1.5|14173315657976089101794909648695136698065139170315625579335869644422724290408,spread,True
mlb-laa-wsh-2026-09-12,mlb-laa-wsh-2026-09-12|spread|-1.5|14173315657976089101794909648695136698065139170315625579335869644422724290408,spread,False
mlb-laa-wsh-2026-09-12,mlb-laa-wsh-2026-09-12|spread|-1.5|14173315657976089101794909648695136698065139170315625579335869644422724290408,spread,True
mlb-laa-wsh-2026-09-12,mlb-laa-wsh-2026-09-12|spread|-1.5|14173315657976089101794909648695136698065139170315625579335869644422724290408,spread,False
mlb-laa-wsh-2026-09-12,mlb-laa-wsh-2026-09-12|spread|-1.5|14173315657976089101794909648695136698065139170315625579335869644422724290408,spread,False
mlb-laa-wsh-2026-09-12,mlb-laa-wsh-2026-09-12|spread|-1.5|14173315657976089101794909648695136698065139170315625579335869644422724290408,spread,True
mlb-laa-wsh-2026-09-12,mlb-laa-wsh-2026-09-12|spread|-1.5|14173315657976089101794909648695136698065139170315625579335869644422724290408,spread,False
mlb-laa-wsh-2026-09-12,mlb-laa-wsh-2026-09-12|spread|-1.5|14173315657976089101794909648695136698065139170315625579335869644422724290408,spread,True
mlb-laa-wsh-2026-09-12,mlb-laa-wsh-2026-09-12|spread|-1.5|14173315657976089101794909648695136698065139170315625579335869644422724290408,spread,False
mlb-laa-wsh-2026-09-12,mlb-laa-wsh-2026-09-12|spread|-1.5|14173315657976089101794909648695136698065139170315625579335869644422724290408,spread,False
mlb-laa-wsh-2026-09-12,mlb-laa-wsh-2026-09-12|spread|-1.5|14173315657976089101794909648695136698065139170315625579335869644422724290408,spread,False
mlb-laa-wsh-2026-09-12,mlb-laa-wsh-2026-09-12|spread|-1.5|14173315657976089101794909648695136698065139170315625579335869644422724290408,spread,True
mlb-laa-wsh-2026-09-12,mlb-laa-wsh-2026-09-12|spread|-1.5|14173315657976089101794909648695136698065139170315625579335869644422724290408,spread,False
mlb-laa-wsh-2026-09-12,mlb-laa-wsh-2026-09-12|spread|-1.5|14173315657976089101794909648695136698065139170315625579335869644422724290408,spread,False
mlb-laa-wsh-2026-09-12,mlb-laa-wsh-2026-09-12|spread|-1.5|14173315657976089101794909648695136698065139170315625579335869644422724290408,spread,True
mlb-laa-wsh-2026-09-12,mlb-laa-wsh-2026-09-12|spread|-1.5|14173315657976089101794909648695136698065139170315625579335869644422724290408,spread,False
mlb-laa-wsh-2026-09-12,mlb-laa-wsh-2026-09-12|spread|-1.5|14173315657976089101794909648695136698065139170315625579335869644422724290408,spread,False
mlb-laa-wsh-2026-09-12,mlb-laa-wsh-2026-09-12|spread|-1.5|14173315657976089101794909648695136698065139170315625579335869644422724290408,spread,False
mlb-laa-wsh-2026-09-12,mlb-laa-wsh-2026-09-12|spread|-1.5|14173315657976089101794909648695136698065139170315625579335869644422724290408,spread,True
mlb-laa-wsh-2026-09-12,mlb-laa-wsh-2026-09-12|spread|-1.5|14173315657976089101794909648695136698065139170315625579335869644422724290408,spread,True
mlb-laa-wsh-2026-09-12,mlb-laa-wsh-2026-09-12|spread|-1.5|14173315657976089101794909648695136698065139170315625579335869644422724290408,spread,False
mlb-laa-wsh-2026-09-12,mlb-laa-wsh-2026-09-12|spread|-1.5|14173315657976089101794909648695136698065139170315625579335869644422724290408,spread,False
mlb-laa-wsh-2026-09-12,mlb-laa-wsh-2026-09-12|spread|-1.5|14173315657976089101794909648695136698065139170315625579335869644422724290408,spread,True
mlb-laa-wsh-2026-09-12,mlb-laa-wsh-2026-09-12|spread|-1.5|14173315657976089101794909648695136698065139170315625579335869644422724290408,spread,True
mlb-laa-wsh-2026-09-12,mlb-laa-wsh-2026-09-12|spread|-1.5|14173315657976089101794909648695136698065139170315625579335869644422724290408,spread,False
mlb-laa-wsh-2026-09-12,mlb-laa-wsh-2026-09-12|spread|-1.5|14173315657976089101794909648695136698065139170315625579335869644422724290408,spread,True
mlb-laa-wsh-2026-09-12,mlb-laa-wsh-2026-09-12|spread|-1.5|14173315657976089101794909648695136698065139170315625579335869644422724290408,spread,False
mlb-laa-wsh-2026-09-12,mlb-laa-wsh-2026-09-12|spread|-1.5|14173315657976089101794909648695136698065139170315625579335869644422724290408,spread,False
mlb-laa-wsh-2026-09-12,mlb-laa-wsh-2026-09-12|spread|-1.5|14173315657976089101794909648695136698065139170315625579335869644422724290408,spread,True
mlb-laa-wsh-2026-09-12,mlb-laa-wsh-2026-09-12|spread|-1.5|14173315657976089101794909648695136698065139170315625579335869644422724290408,spread,False
mlb-laa-wsh-2026-09-12,mlb-laa-wsh-2026-09-12|spread|-1.5|14173315657976089101794909648695136698065139170315625579335869644422724290408,spread,True
mlb-laa-wsh-2026-09-12,mlb-laa-wsh-2026-09-12|spread|-1.5|14173315657976089101794909648695136698065139170315625579335869644422724290408,spread,True
mlb-laa-wsh-2026-09-12,mlb-laa-wsh-2026-09-12|spread|-1.5|14173315657976089101794909648695136698065139170315625579335869644422724290408,spread,False
mlb-laa-wsh-2026-09-12,mlb-laa-wsh-2026-09-12|spread|-1.5|14173315657976089101794909648695136698065139170315625579335869644422724290408,spread,True
mlb-laa-wsh-2026-09-12,mlb-laa-wsh-2026-09-12|spread|-1.5|14173315657976089101794909648695136698065139170315625579335869644422724290408,spread,True
mlb-laa-wsh-2026-09-12,mlb-laa-wsh-2026-09-12|spread|-1.5|14173315657976089101794909648695136698065139170315625579335869644422724290408,spread,True
mlb-laa-wsh-2026-09-12,mlb-laa-wsh-2026-09-12|spread|-1.5|90672435369910686554718716122155464615230813857956099374977309607714809984964,spread,False
mlb-laa-wsh-2026-09-12,mlb-laa-wsh-2026-09-12|spread|-1.5|90672435369910686554718716122155464615230813857956099374977309607714809984964,spread,False
mlb-laa-wsh-2026-09-12,mlb-laa-wsh-2026-09-12|spread|-1.5|90672435369910686554718716122155464615230813857956099374977309607714809984964,spread,True
mlb-laa-wsh-2026-09-12,mlb-laa-wsh-2026-09-12|spread|-1.5|90672435369910686554718716122155464615230813857956099374977309607714809984964,spread,False
mlb-laa-wsh-2026-09-12,mlb-laa-wsh-2026-09-12|spread|-1.5|90672435369910686554718716122155464615230813857956099374977309607714809984964,spread,True
mlb-laa-wsh-2026-09-12,mlb-laa-wsh-2026-09-12|spread|-1.5|90672435369910686554718716122155464615230813857956099374977309607714809984964,spread,True
mlb-laa-wsh-2026-09-12,mlb-laa-wsh-2026-09-12|spread|-1.5|90672435369910686554718716122155464615230813857956099374977309607714809984964,spread,False
mlb-laa-wsh-2026-09-12,mlb-laa-wsh-2026-09-12|spread|-1.5|90672435369910686554718716122155464615230813857956099374977309607714809984964,spread,True
mlb-laa-wsh-2026-09-12,mlb-laa-wsh-2026-09-12|spread|-1.5|90672435369910686554718716122155464615230813857956099374977309607714809984964,spread,True
mlb-laa-wsh-2026-09-12,mlb-laa-wsh-2026-09-12|spread|-1.5|90672435369910686554718716122155464615230813857956099374977309607714809984964,spread,True
mlb-laa-wsh-2026-09-12,mlb-laa-wsh-2026-09-12|spread|-1.5|90672435369910686554718716122155464615230813857956099374977309607714809984964,spread,False
mlb-laa-wsh-2026-09-12,mlb-laa-wsh-2026-09-12|spread|-1.5|90672435369910686554718716122155464615230813857956099374977309607714809984964,spread,False
mlb-laa-wsh-2026-09-12,mlb-laa-wsh-2026-09-12|spread|-1.5|90672435369910686554718716122155464615230813857956099374977309607714809984964,spread,False
mlb-laa-wsh-2026-09-12,mlb-laa-wsh-2026-09-12|spread|-1.5|90672435369910686554718716122155464615230813857956099374977309607714809984964,spread,False
mlb-laa-wsh-2026-09-12,mlb-laa-wsh-2026-09-12|spread|-1.5|90672435369910686554718716122155464615230813857956099374977309607714809984964,spread,False
mlb-laa-wsh-2026-09-12,mlb-laa-wsh-2026-09-12|spread|-1.5|90672435369910686554718716122155464615230813857956099374977309607714809984964,spread,False
mlb-laa-wsh-2026-09-12,mlb-laa-wsh-2026-09-12|spread|-1.5|90672435369910686554718716122155464615230813857956099374977309607714809984964,spread,False
mlb-laa-wsh-2026-09-12,mlb-laa-wsh-2026-09-12|spread|-1.5|90672435369910686554718716122155464615230813857956099374977309607714809984964,spread,True
mlb-laa-wsh-2026-09-12,mlb-laa-wsh-2026-09-12|spread|-1.5|90672435369910686554718716122155464615230813857956099374977309607714809984964,spread,False
mlb-laa-wsh-2026-09-12,mlb-laa-wsh-2026-09-12|spread|-1.5|90672435369910686554718716122155464615230813857956099374977309607714809984964,spread,False
mlb-laa-wsh-2026-09-12,mlb-laa-wsh-2026-09-12|spread|-1.5|90672435369910686554718716122155464615230813857956099374977309607714809984964,spread,False
mlb-laa-wsh-2026-09-12,mlb-laa-wsh-2026-09-12|spread|-1.5|90672435369910686554718716122155464615230813857956099374977309607714809984964,spread,False
mlb-laa-wsh-2026-09-12,mlb-laa-wsh-2026-09-12|spread|-1.5|90672435369910686554718716122155464615230813857956099374977309607714809984964,spread,False
mlb-laa-wsh-2026-09-12,mlb-laa-wsh-2026-09-12|spread|-1.5|90672435369910686554718716122155464615230813857956099374977309607714809984964,spread,True
mlb-laa-wsh-2026-09-12,mlb-laa-wsh-2026-09-12|spread|-1.5|90672435369910686554718716122155464615230813857956099374977309607714809984964,spread,True
mlb-laa-wsh-2026-09-12,mlb-laa-wsh-2026-09-12|spread|-1.5|90672435369910686554718716122155464615230813857956099374977309607714809984964,spread,True
mlb-laa-wsh-2026-09-12,mlb-laa-wsh-2026-09-12|spread|-2.5|26596902109681663481218877624783429100522675529135424988514044499611748714583,spread,True
mlb-laa-wsh-2026-09-12,mlb-laa-wsh-2026-09-12|spread|-2.5|26596902109681663481218877624783429100522675529135424988514044499611748714583,spread,False
mlb-laa-wsh-2026-09-12,mlb-laa-wsh-2026-09-12|spread|-2.5|26596902109681663481218877624783429100522675529135424988514044499611748714583,spread,True
mlb-laa-wsh-2026-09-12,mlb-laa-wsh-2026-09-12|spread|-2.5|26596902109681663481218877624783429100522675529135424988514044499611748714583,spread,True
mlb-laa-wsh-2026-09-12,mlb-laa-wsh-2026-09-12|spread|-2.5|26596902109681663481218877624783429100522675529135424988514044499611748714583,spread,True
mlb-laa-wsh-2026-09-12,mlb-laa-wsh-2026-09-12|spread|-2.5|26596902109681663481218877624783429100522675529135424988514044499611748714583,spread,True
mlb-laa-wsh-2026-09-12,mlb-laa-wsh-2026-09-12|spread|-2.5|26596902109681663481218877624783429100522675529135424988514044499611748714583,spread,True
mlb-laa-wsh-2026-09-12,mlb-laa-wsh-2026-09-12|spread|-2.5|26596902109681663481218877624783429100522675529135424988514044499611748714583,spread,True
mlb-laa-wsh-2026-09-12,mlb-laa-wsh-2026-09-12|spread|-2.5|26596902109681663481218877624783429100522675529135424988514044499611748714583,spread,False
mlb-laa-wsh-2026-09-12,mlb-laa-wsh-2026-09-12|spread|-2.5|26596902109681663481218877624783429100522675529135424988514044499611748714583,spread,True
mlb-laa-wsh-2026-09-12,mlb-laa-wsh-2026-09-12|spread|-2.5|26596902109681663481218877624783429100522675529135424988514044499611748714583,spread,True
mlb-laa-wsh-2026-09-12,mlb-laa-wsh-2026-09-12|spread|-2.5|26596902109681663481218877624783429100522675529135424988514044499611748714583,spread,True
mlb-laa-wsh-2026-09-12,mlb-laa-wsh-2026-09-12|spread|-2.5|26596902109681663481218877624783429100522675529135424988514044499611748714583,spread,False
mlb-laa-wsh-2026-09-12,mlb-laa-wsh-2026-09-12|spread|-2.5|54470381787935482824445878318776248896899809454001030235155707971850258039521,spread,False
mlb-laa-wsh-2026-09-12,mlb-laa-wsh-2026-09-12|spread|-2.5|54470381787935482824445878318776248896899809454001030235155707971850258039521,spread,True
mlb-laa-wsh-2026-09-12,mlb-laa-wsh-2026-09-12|spread|-2.5|54470381787935482824445878318776248896899809454001030235155707971850258039521,spread,True
mlb-laa-wsh-2026-09-12,mlb-laa-wsh-2026-09-12|spread|-2.5|54470381787935482824445878318776248896899809454001030235155707971850258039521,spread,True
mlb-laa-wsh-2026-09-12,mlb-laa-wsh-2026-09-12|spread|-2.5|54470381787935482824445878318776248896899809454001030235155707971850258039521,spread,False
mlb-laa-wsh-2026-09-12,mlb-laa-wsh-2026-09-12|spread|-2.5|54470381787935482824445878318776248896899809454001030235155707971850258039521,spread,True
mlb-laa-wsh-2026-09-12,mlb-laa-wsh-2026-09-12|spread|-2.5|54470381787935482824445878318776248896899809454001030235155707971850258039521,spread,False
mlb-laa-wsh-2026-09-12,mlb-laa-wsh-2026-09-12|spread|-2.5|54470381787935482824445878318776248896899809454001030235155707971850258039521,spread,False
mlb-laa-wsh-2026-09-12,mlb-laa-wsh-2026-09-12|spread|-2.5|54470381787935482824445878318776248896899809454001030235155707971850258039521,spread,True
mlb-laa-wsh-2026-09-12,mlb-laa-wsh-2026-09-12|spread|-2.5|54470381787935482824445878318776248896899809454001030235155707971850258039521,spread,False
mlb-laa-wsh-2026-09-12,mlb-laa-wsh-2026-09-12|spread|-2.5|54470381787935482824445878318776248896899809454001030235155707971850258039521,spread,False
mlb-laa-wsh-2026-09-12,mlb-laa-wsh-2026-09-12|spread|-2.5|54470381787935482824445878318776248896899809454001030235155707971850258039521,spread,True
mlb-laa-wsh-2026-09-12,mlb-laa-wsh-2026-09-12|spread|-2.5|54470381787935482824445878318776248896899809454001030235155707971850258039521,spread,True
mlb-laa-wsh-2026-09-12,mlb-laa-wsh-2026-09-12|spread|-2.5|54470381787935482824445878318776248896899809454001030235155707971850258039521,spread,False
mlb-laa-wsh-2026-09-12,mlb-laa-wsh-2026-09-12|spread|-2.5|54470381787935482824445878318776248896899809454001030235155707971850258039521,spread,True
mlb-laa-wsh-2026-09-12,mlb-laa-wsh-2026-09-12|spread|-2.5|54470381787935482824445878318776248896899809454001030235155707971850258039521,spread,False
mlb-laa-wsh-2026-09-12,mlb-laa-wsh-2026-09-12|spread|-2.5|54470381787935482824445878318776248896899809454001030235155707971850258039521,spread,True
mlb-laa-wsh-2026-09-12,mlb-laa-wsh-2026-09-12|spread|-2.5|54470381787935482824445878318776248896899809454001030235155707971850258039521,spread,False
mlb-laa-wsh-2026-09-12,mlb-laa-wsh-2026-09-12|spread|-2.5|54470381787935482824445878318776248896899809454001030235155707971850258039521,spread,True
mlb-laa-wsh-2026-09-12,mlb-laa-wsh-2026-09-12|spread|-2.5|54470381787935482824445878318776248896899809454001030235155707971850258039521,spread,False
mlb-laa-wsh-2026-09-12,mlb-laa-wsh-2026-09-12|spread|-2.5|54470381787935482824445878318776248896899809454001030235155707971850258039521,spread,True
mlb-laa-wsh-2026-09-12,mlb-laa-wsh-2026-09-12|spread|-2.5|54470381787935482824445878318776248896899809454001030235155707971850258039521,spread,True
mlb-laa-wsh-2026-09-12,mlb-laa-wsh-2026-09-12|spread|-2.5|54470381787935482824445878318776248896899809454001030235155707971850258039521,spread,True
mlb-laa-wsh-2026-09-12,mlb-laa-wsh-2026-09-12|spread|-2.5|54470381787935482824445878318776248896899809454001030235155707971850258039521,spread,False
mlb-laa-wsh-2026-09-12,mlb-laa-wsh-2026-09-12|spread|-2.5|54470381787935482824445878318776248896899809454001030235155707971850258039521,spread,True
mlb-laa-wsh-2026-09-12,mlb-laa-wsh-2026-09-12|spread|-2.5|54470381787935482824445878318776248896899809454001030235155707971850258039521,spread,False
mlb-laa-wsh-2026-09-12,mlb-laa-wsh-2026-09-12|spread|-2.5|54470381787935482824445878318776248896899809454001030235155707971850258039521,spread,False
mlb-laa-wsh-2026-09-12,mlb-laa-wsh-2026-09-12|spread|-2.5|54470381787935482824445878318776248896899809454001030235155707971850258039521,spread,False
mlb-laa-wsh-2026-09-12,mlb-laa-wsh-2026-09-12|spread|-2.5|54470381787935482824445878318776248896899809454001030235155707971850258039521,spread,True
mlb-laa-wsh-2026-09-12,mlb-laa-wsh-2026-09-12|spread|-2.5|54470381787935482824445878318776248896899809454001030235155707971850258039521,spread,True
mlb-laa-wsh-2026-09-12,mlb-laa-wsh-2026-09-12|spread|-2.5|54470381787935482824445878318776248896899809454001030235155707971850258039521,spread,False
mlb-laa-wsh-2026-09-12,mlb-laa-wsh-2026-09-12|spread|-2.5|54470381787935482824445878318776248896899809454001030235155707971850258039521,spread,False
mlb-laa-wsh-2026-09-12,mlb-laa-wsh-2026-09-12|spread|-2.5|54470381787935482824445878318776248896899809454001030235155707971850258039521,spread,False
mlb-laa-wsh-2026-09-12,mlb-laa-wsh-2026-09-12|spread|-2.5|54470381787935482824445878318776248896899809454001030235155707971850258039521,spread,True
mlb-laa-wsh-2026-09-12,mlb-laa-wsh-2026-09-12|spread|-2.5|54470381787935482824445878318776248896899809454001030235155707971850258039521,spread,True
mlb-laa-wsh-2026-09-12,mlb-laa-wsh-2026-09-12|spread|-2.5|54470381787935482824445878318776248896899809454001030235155707971850258039521,spread,True
mlb-laa-wsh-2026-09-12,mlb-laa-wsh-2026-09-12|spread|-2.5|54470381787935482824445878318776248896899809454001030235155707971850258039521,spread,False
mlb-laa-wsh-2026-09-12,mlb-laa-wsh-2026-09-12|spread|-2.5|54470381787935482824445878318776248896899809454001030235155707971850258039521,spread,True
mlb-laa-wsh-2026-09-12,mlb-laa-wsh-2026-09-12|spread|-2.5|54470381787935482824445878318776248896899809454001030235155707971850258039521,spread,True
mlb-laa-wsh-2026-09-12,mlb-laa-wsh-2026-09-12|spread|-2.5|54470381787935482824445878318776248896899809454001030235155707971850258039521,spread,True
mlb-laa-wsh-2026-09-12,mlb-laa-wsh-2026-09-12|spread|-2.5|54470381787935482824445878318776248896899809454001030235155707971850258039521,spread,True
mlb-laa-wsh-2026-09-12,mlb-laa-wsh-2026-09-12|spread|-2.5|54470381787935482824445878318776248896899809454001030235155707971850258039521,spread,False
mlb-laa-wsh-2026-09-12,mlb-laa-wsh-2026-09-12|spread|-2.5|54470381787935482824445878318776248896899809454001030235155707971850258039521,spread,True
mlb-laa-wsh-2026-09-12,mlb-laa-wsh-2026-09-12|spread|-2.5|54470381787935482824445878318776248896899809454001030235155707971850258039521,spread,True
mlb-laa-wsh-2026-09-12,mlb-laa-wsh-2026-09-12|spread|-2.5|54470381787935482824445878318776248896899809454001030235155707971850258039521,spread,True
mlb-laa-wsh-2026-09-12,mlb-laa-wsh-2026-09-12|spread|-2.5|54470381787935482824445878318776248896899809454001030235155707971850258039521,spread,False
mlb-laa-wsh-2026-09-12,mlb-laa-wsh-2026-09-12|spread|-2.5|54470381787935482824445878318776248896899809454001030235155707971850258039521,spread,False
mlb-laa-wsh-2026-09-12,mlb-laa-wsh-2026-09-12|spread|-2.5|54470381787935482824445878318776248896899809454001030235155707971850258039521,spread,True
mlb-laa-wsh-2026-09-12,mlb-laa-wsh-2026-09-12|spread|-2.5|54470381787935482824445878318776248896899809454001030235155707971850258039521,spread,True
mlb-laa-wsh-2026-09-12,mlb-laa-wsh-2026-09-12|spread|-2.5|54470381787935482824445878318776248896899809454001030235155707971850258039521,spread,False
mlb-laa-wsh-2026-09-12,mlb-laa-wsh-2026-09-12|spread|-2.5|54470381787935482824445878318776248896899809454001030235155707971850258039521,spread,False
mlb-laa-wsh-2026-09-12,mlb-laa-wsh-2026-09-12|spread|-2.5|54470381787935482824445878318776248896899809454001030235155707971850258039521,spread,True
mlb-laa-wsh-2026-09-12,mlb-laa-wsh-2026-09-12|spread|-2.5|54470381787935482824445878318776248896899809454001030235155707971850258039521,spread,True
mlb-laa-wsh-2026-09-12,mlb-laa-wsh-2026-09-12|spread|-2.5|54470381787935482824445878318776248896899809454001030235155707971850258039521,spread,True
mlb-laa-wsh-2026-09-12,mlb-laa-wsh-2026-09-12|spread|-2.5|54470381787935482824445878318776248896899809454001030235155707971850258039521,spread,True
mlb-laa-wsh-2026-09-12,mlb-laa-wsh-2026-09-12|spread|-2.5|54470381787935482824445878318776248896899809454001030235155707971850258039521,spread,False
mlb-laa-wsh-2026-09-12,mlb-laa-wsh-2026-09-12|spread|-2.5|54470381787935482824445878318776248896899809454001030235155707971850258039521,spread,True
mlb-laa-wsh-2026-09-12,mlb-laa-wsh-2026-09-12|spread|-2.5|54470381787935482824445878318776248896899809454001030235155707971850258039521,spread,False
mlb-laa-wsh-2026-09-12,mlb-laa-wsh-2026-09-12|spread|-2.5|54470381787935482824445878318776248896899809454001030235155707971850258039521,spread,False
mlb-laa-wsh-2026-09-12,mlb-laa-wsh-2026-09-12|spread|-2.5|54470381787935482824445878318776248896899809454001030235155707971850258039521,spread,False
mlb-laa-wsh-2026-09-12,mlb-laa-wsh-2026-09-12|spread|-2.5|54470381787935482824445878318776248896899809454001030235155707971850258039521,spread,True
mlb-laa-wsh-2026-09-12,mlb-laa-wsh-2026-09-12|spread|-2.5|54470381787935482824445878318776248896899809454001030235155707971850258039521,spread,True
mlb-laa-wsh-2026-09-12,mlb-laa-wsh-2026-09-12|spread|-2.5|54470381787935482824445878318776248896899809454001030235155707971850258039521,spread,False
mlb-laa-wsh-2026-09-12,mlb-laa-wsh-2026-09-12|spread|-2.5|54470381787935482824445878318776248896899809454001030235155707971850258039521,spread,False
mlb-laa-wsh-2026-09-12,mlb-laa-wsh-2026-09-12|spread|-2.5|54470381787935482824445878318776248896899809454001030235155707971850258039521,spread,True
mlb-laa-wsh-2026-09-12,mlb-laa-wsh-2026-09-12|spread|-2.5|54470381787935482824445878318776248896899809454001030235155707971850258039521,spread,False
mlb-lad-mia-2026-09-12,mlb-lad-mia-2026-09-12|moneyline|None|89254313729353657865448740606800371484028707376712453212148059579290368635237,moneyline,False
mlb-lad-mia-2026-09-12,mlb-lad-mia-2026-09-12|moneyline|None|89254313729353657865448740606800371484028707376712453212148059579290368635237,moneyline,False
mlb-lad-mia-2026-09-12,mlb-lad-mia-2026-09-12|moneyline|None|89254313729353657865448740606800371484028707376712453212148059579290368635237,moneyline,False
mlb-lad-mia-2026-09-12,mlb-lad-mia-2026-09-12|moneyline|None|89254313729353657865448740606800371484028707376712453212148059579290368635237,moneyline,False
mlb-lad-mia-2026-09-12,mlb-lad-mia-2026-09-12|moneyline|None|89254313729353657865448740606800371484028707376712453212148059579290368635237,moneyline,False
mlb-lad-mia-2026-09-12,mlb-lad-mia-2026-09-12|moneyline|None|89254313729353657865448740606800371484028707376712453212148059579290368635237,moneyline,True
mlb-lad-mia-2026-09-12,mlb-lad-mia-2026-09-12|moneyline|None|89254313729353657865448740606800371484028707376712453212148059579290368635237,moneyline,True
mlb-lad-mia-2026-09-12,mlb-lad-mia-2026-09-12|moneyline|None|89254313729353657865448740606800371484028707376712453212148059579290368635237,moneyline,False
mlb-lad-mia-2026-09-12,mlb-lad-mia-2026-09-12|moneyline|None|89254313729353657865448740606800371484028707376712453212148059579290368635237,moneyline,True
mlb-lad-mia-2026-09-12,mlb-lad-mia-2026-09-12|moneyline|None|89254313729353657865448740606800371484028707376712453212148059579290368635237,moneyline,True
mlb-lad-mia-2026-09-12,mlb-lad-mia-2026-09-12|moneyline|None|89254313729353657865448740606800371484028707376712453212148059579290368635237,moneyline,True
mlb-lad-mia-2026-09-12,mlb-lad-mia-2026-09-12|moneyline|None|89254313729353657865448740606800371484028707376712453212148059579290368635237,moneyline,False
mlb-lad-mia-2026-09-12,mlb-lad-mia-2026-09-12|moneyline|None|89254313729353657865448740606800371484028707376712453212148059579290368635237,moneyline,False
mlb-lad-mia-2026-09-12,mlb-lad-mia-2026-09-12|moneyline|None|89254313729353657865448740606800371484028707376712453212148059579290368635237,moneyline,False
mlb-lad-mia-2026-09-12,mlb-lad-mia-2026-09-12|moneyline|None|89254313729353657865448740606800371484028707376712453212148059579290368635237,moneyline,True
mlb-lad-mia-2026-09-12,mlb-lad-mia-2026-09-12|moneyline|None|89254313729353657865448740606800371484028707376712453212148059579290368635237,moneyline,True
mlb-lad-mia-2026-09-12,mlb-lad-mia-2026-09-12|moneyline|None|89254313729353657865448740606800371484028707376712453212148059579290368635237,moneyline,False
mlb-lad-mia-2026-09-12,mlb-lad-mia-2026-09-12|moneyline|None|89254313729353657865448740606800371484028707376712453212148059579290368635237,moneyline,False
mlb-lad-mia-2026-09-12,mlb-lad-mia-2026-09-12|moneyline|None|89254313729353657865448740606800371484028707376712453212148059579290368635237,moneyline,True
mlb-lad-mia-2026-09-12,mlb-lad-mia-2026-09-12|moneyline|None|89254313729353657865448740606800371484028707376712453212148059579290368635237,moneyline,False
mlb-lad-mia-2026-09-12,mlb-lad-mia-2026-09-12|moneyline|None|89254313729353657865448740606800371484028707376712453212148059579290368635237,moneyline,False
mlb-lad-mia-2026-09-12,mlb-lad-mia-2026-09-12|moneyline|None|89254313729353657865448740606800371484028707376712453212148059579290368635237,moneyline,False
mlb-lad-mia-2026-09-12,mlb-lad-mia-2026-09-12|moneyline|None|89254313729353657865448740606800371484028707376712453212148059579290368635237,moneyline,False
mlb-lad-mia-2026-09-12,mlb-lad-mia-2026-09-12|moneyline|None|89254313729353657865448740606800371484028707376712453212148059579290368635237,moneyline,False
mlb-lad-mia-2026-09-12,mlb-lad-mia-2026-09-12|moneyline|None|89254313729353657865448740606800371484028707376712453212148059579290368635237,moneyline,True
mlb-lad-mia-2026-09-12,mlb-lad-mia-2026-09-12|moneyline|None|89254313729353657865448740606800371484028707376712453212148059579290368635237,moneyline,False
mlb-lad-mia-2026-09-12,mlb-lad-mia-2026-09-12|moneyline|None|89254313729353657865448740606800371484028707376712453212148059579290368635237,moneyline,False
mlb-lad-mia-2026-09-12,mlb-lad-mia-2026-09-12|moneyline|None|89254313729353657865448740606800371484028707376712453212148059579290368635237,moneyline,True
mlb-lad-mia-2026-09-12,mlb-lad-mia-2026-09-12|moneyline|None|89254313729353657865448740606800371484028707376712453212148059579290368635237,moneyline,True
mlb-lad-mia-2026-09-12,mlb-lad-mia-2026-09-12|moneyline|None|89254313729353657865448740606800371484028707376712453212148059579290368635237,moneyline,False
mlb-lad-mia-2026-09-12,mlb-lad-mia-2026-09-12|moneyline|None|89254313729353657865448740606800371484028707376712453212148059579290368635237,moneyline,False
mlb-lad-mia-2026-09-12,mlb-lad-mia-2026-09-12|moneyline|None|89254313729353657865448740606800371484028707376712453212148059579290368635237,moneyline,True
mlb-lad-mia-2026-09-12,mlb-lad-mia-2026-09-12|moneyline|None|89254313729353657865448740606800371484028707376712453212148059579290368635237,moneyline,False
mlb-lad-mia-2026-09-12,mlb-lad-mia-2026-09-12|moneyline|None|89254313729353657865448740606800371484028707376712453212148059579290368635237,moneyline,True
mlb-lad-mia-2026-09-12,mlb-lad-mia-2026-09-12|moneyline|None|89254313729353657865448740606800371484028707376712453212148059579290368635237,moneyline,False
mlb-lad-mia-2026-09-12,mlb-lad-mia-2026-09-12|moneyline|None|89254313729353657865448740606800371484028707376712453212148059579290368635237,moneyline,False
mlb-lad-mia-2026-09-12,mlb-lad-mia-2026-09-12|moneyline|None|89254313729353657865448740606800371484028707376712453212148059579290368635237,moneyline,False
mlb-lad-mia-2026-09-12,mlb-lad-mia-2026-09-12|moneyline|None|89254313729353657865448740606800371484028707376712453212148059579290368635237,moneyline,False
mlb-lad-mia-2026-09-12,mlb-lad-mia-2026-09-12|moneyline|None|89254313729353657865448740606800371484028707376712453212148059579290368635237,moneyline,False
mlb-lad-mia-2026-09-12,mlb-lad-mia-2026-09-12|moneyline|None|89254313729353657865448740606800371484028707376712453212148059579290368635237,moneyline,True
mlb-lad-mia-2026-09-12,mlb-lad-mia-2026-09-12|moneyline|None|89254313729353657865448740606800371484028707376712453212148059579290368635237,moneyline,False
mlb-lad-mia-2026-09-12,mlb-lad-mia-2026-09-12|moneyline|None|89254313729353657865448740606800371484028707376712453212148059579290368635237,moneyline,True
mlb-lad-mia-2026-09-12,mlb-lad-mia-2026-09-12|moneyline|None|89254313729353657865448740606800371484028707376712453212148059579290368635237,moneyline,False
mlb-lad-mia-2026-09-12,mlb-lad-mia-2026-09-12|moneyline|None|89254313729353657865448740606800371484028707376712453212148059579290368635237,moneyline,True
mlb-lad-mia-2026-09-12,mlb-lad-mia-2026-09-12|spread|-1.5|63584899405568203825866639246943014851672011836968160173521233941014592577294,spread,False
mlb-lad-mia-2026-09-12,mlb-lad-mia-2026-09-12|spread|-1.5|63584899405568203825866639246943014851672011836968160173521233941014592577294,spread,False
mlb-lad-mia-2026-09-12,mlb-lad-mia-2026-09-12|spread|-1.5|63584899405568203825866639246943014851672011836968160173521233941014592577294,spread,True
mlb-lad-mia-2026-09-12,mlb-lad-mia-2026-09-12|spread|-1.5|63584899405568203825866639246943014851672011836968160173521233941014592577294,spread,True
mlb-lad-mia-2026-09-12,mlb-lad-mia-2026-09-12|spread|-1.5|63584899405568203825866639246943014851672011836968160173521233941014592577294,spread,True
mlb-lad-mia-2026-09-12,mlb-lad-mia-2026-09-12|spread|-1.5|63584899405568203825866639246943014851672011836968160173521233941014592577294,spread,False
mlb-lad-mia-2026-09-12,mlb-lad-mia-2026-09-12|spread|-1.5|63584899405568203825866639246943014851672011836968160173521233941014592577294,spread,False
mlb-lad-mia-2026-09-12,mlb-lad-mia-2026-09-12|spread|-1.5|63584899405568203825866639246943014851672011836968160173521233941014592577294,spread,True
mlb-lad-mia-2026-09-12,mlb-lad-mia-2026-09-12|spread|-1.5|63584899405568203825866639246943014851672011836968160173521233941014592577294,spread,False
mlb-lad-mia-2026-09-12,mlb-lad-mia-2026-09-12|spread|-1.5|63584899405568203825866639246943014851672011836968160173521233941014592577294,spread,True
mlb-lad-mia-2026-09-12,mlb-lad-mia-2026-09-12|spread|-1.5|63584899405568203825866639246943014851672011836968160173521233941014592577294,spread,False
mlb-lad-mia-2026-09-12,mlb-lad-mia-2026-09-12|spread|-1.5|63584899405568203825866639246943014851672011836968160173521233941014592577294,spread,False
mlb-lad-mia-2026-09-12,mlb-lad-mia-2026-09-12|spread|-1.5|63584899405568203825866639246943014851672011836968160173521233941014592577294,spread,True
mlb-lad-mia-2026-09-12,mlb-lad-mia-2026-09-12|spread|-1.5|63584899405568203825866639246943014851672011836968160173521233941014592577294,spread,True
mlb-lad-mia-2026-09-12,mlb-lad-mia-2026-09-12|spread|-1.5|63584899405568203825866639246943014851672011836968160173521233941014592577294,spread,True
mlb-lad-mia-2026-09-12,mlb-lad-mia-2026-09-12|spread|-1.5|63584899405568203825866639246943014851672011836968160173521233941014592577294,spread,False
mlb-lad-mia-2026-09-12,mlb-lad-mia-2026-09-12|spread|-1.5|63584899405568203825866639246943014851672011836968160173521233941014592577294,spread,True
mlb-lad-mia-2026-09-12,mlb-lad-mia-2026-09-12|spread|-1.5|63584899405568203825866639246943014851672011836968160173521233941014592577294,spread,True
mlb-lad-mia-2026-09-12,mlb-lad-mia-2026-09-12|spread|-1.5|63584899405568203825866639246943014851672011836968160173521233941014592577294,spread,True
mlb-lad-mia-2026-09-12,mlb-lad-mia-2026-09-12|spread|-1.5|63584899405568203825866639246943014851672011836968160173521233941014592577294,spread,False
mlb-lad-mia-2026-09-12,mlb-lad-mia-2026-09-12|spread|-1.5|63584899405568203825866639246943014851672011836968160173521233941014592577294,spread,False
mlb-lad-mia-2026-09-12,mlb-lad-mia-2026-09-12|spread|-1.5|63584899405568203825866639246943014851672011836968160173521233941014592577294,spread,True
mlb-lad-mia-2026-09-12,mlb-lad-mia-2026-09-12|spread|-1.5|63584899405568203825866639246943014851672011836968160173521233941014592577294,spread,False
mlb-lad-mia-2026-09-12,mlb-lad-mia-2026-09-12|spread|-1.5|63584899405568203825866639246943014851672011836968160173521233941014592577294,spread,False
mlb-lad-mia-2026-09-12,mlb-lad-mia-2026-09-12|spread|-1.5|63584899405568203825866639246943014851672011836968160173521233941014592577294,spread,True
mlb-lad-mia-2026-09-12,mlb-lad-mia-2026-09-12|spread|-1.5|63584899405568203825866639246943014851672011836968160173521233941014592577294,spread,False
mlb-lad-mia-2026-09-12,mlb-lad-mia-2026-09-12|spread|-1.5|63584899405568203825866639246943014851672011836968160173521233941014592577294,spread,True
mlb-lad-mia-2026-09-12,mlb-lad-mia-2026-09-12|spread|-1.5|63584899405568203825866639246943014851672011836968160173521233941014592577294,spread,False
mlb-lad-mia-2026-09-12,mlb-lad-mia-2026-09-12|spread|-1.5|63584899405568203825866639246943014851672011836968160173521233941014592577294,spread,True
mlb-lad-mia-2026-09-12,mlb-lad-mia-2026-09-12|spread|-1.5|63584899405568203825866639246943014851672011836968160173521233941014592577294,spread,False
mlb-lad-mia-2026-09-12,mlb-lad-mia-2026-09-12|spread|-1.5|63584899405568203825866639246943014851672011836968160173521233941014592577294,spread,True
mlb-lad-mia-2026-09-12,mlb-lad-mia-2026-09-12|spread|-1.5|63584899405568203825866639246943014851672011836968160173521233941014592577294,spread,False
mlb-lad-mia-2026-09-12,mlb-lad-mia-2026-09-12|spread|-1.5|63584899405568203825866639246943014851672011836968160173521233941014592577294,spread,True
mlb-lad-mia-2026-09-12,mlb-lad-mia-2026-09-12|spread|-1.5|63584899405568203825866639246943014851672011836968160173521233941014592577294,spread,True
mlb-lad-mia-2026-09-12,mlb-lad-mia-2026-09-12|spread|-1.5|63584899405568203825866639246943014851672011836968160173521233941014592577294,spread,False
mlb-lad-mia-2026-09-12,mlb-lad-mia-2026-09-12|spread|-1.5|63584899405568203825866639246943014851672011836968160173521233941014592577294,spread,True
mlb-lad-mia-2026-09-12,mlb-lad-mia-2026-09-12|spread|-1.5|63584899405568203825866639246943014851672011836968160173521233941014592577294,spread,False
mlb-lad-mia-2026-09-12,mlb-lad-mia-2026-09-12|spread|-1.5|63584899405568203825866639246943014851672011836968160173521233941014592577294,spread,True
mlb-lad-mia-2026-09-12,mlb-lad-mia-2026-09-12|spread|-1.5|63584899405568203825866639246943014851672011836968160173521233941014592577294,spread,False
mlb-lad-mia-2026-09-12,mlb-lad-mia-2026-09-12|spread|-1.5|63584899405568203825866639246943014851672011836968160173521233941014592577294,spread,True
mlb-lad-mia-2026-09-12,mlb-lad-mia-2026-09-12|spread|-1.5|63584899405568203825866639246943014851672011836968160173521233941014592577294,spread,False
mlb-lad-mia-2026-09-12,mlb-lad-mia-2026-09-12|spread|-1.5|63584899405568203825866639246943014851672011836968160173521233941014592577294,spread,True
mlb-lad-mia-2026-09-12,mlb-lad-mia-2026-09-12|spread|-1.5|63584899405568203825866639246943014851672011836968160173521233941014592577294,spread,True
mlb-lad-mia-2026-09-12,mlb-lad-mia-2026-09-12|spread|-1.5|63584899405568203825866639246943014851672011836968160173521233941014592577294,spread,False
mlb-lad-mia-2026-09-12,mlb-lad-mia-2026-09-12|spread|-1.5|63584899405568203825866639246943014851672011836968160173521233941014592577294,spread,True
mlb-lad-mia-2026-09-12,mlb-lad-mia-2026-09-12|spread|-1.5|63584899405568203825866639246943014851672011836968160173521233941014592577294,spread,False
mlb-lad-mia-2026-09-12,mlb-lad-mia-2026-09-12|spread|-1.5|63584899405568203825866639246943014851672011836968160173521233941014592577294,spread,False
mlb-lad-mia-2026-09-12,mlb-lad-mia-2026-09-12|spread|-1.5|63584899405568203825866639246943014851672011836968160173521233941014592577294,spread,True
mlb-lad-mia-2026-09-12,mlb-lad-mia-2026-09-12|spread|-1.5|63584899405568203825866639246943014851672011836968160173521233941014592577294,spread,True
mlb-lad-mia-2026-09-12,mlb-lad-mia-2026-09-12|spread|-1.5|63584899405568203825866639246943014851672011836968160173521233941014592577294,spread,True
mlb-lad-mia-2026-09-12,mlb-lad-mia-2026-09-12|spread|-1.5|63584899405568203825866639246943014851672011836968160173521233941014592577294,spread,False
mlb-lad-mia-2026-09-12,mlb-lad-mia-2026-09-12|spread|-1.5|63584899405568203825866639246943014851672011836968160173521233941014592577294,spread,False
mlb-lad-mia-2026-09-12,mlb-lad-mia-2026-09-12|spread|-1.5|63584899405568203825866639246943014851672011836968160173521233941014592577294,spread,True
mlb-lad-mia-2026-09-12,mlb-lad-mia-2026-09-12|spread|-1.5|63584899405568203825866639246943014851672011836968160173521233941014592577294,spread,False
mlb-lad-mia-2026-09-12,mlb-lad-mia-2026-09-12|spread|-1.5|63584899405568203825866639246943014851672011836968160173521233941014592577294,spread,True
mlb-lad-mia-2026-09-12,mlb-lad-mia-2026-09-12|spread|-1.5|63584899405568203825866639246943014851672011836968160173521233941014592577294,spread,False
mlb-lad-mia-2026-09-12,mlb-lad-mia-2026-09-12|spread|-1.5|63584899405568203825866639246943014851672011836968160173521233941014592577294,spread,False
mlb-lad-mia-2026-09-12,mlb-lad-mia-2026-09-12|spread|-1.5|63584899405568203825866639246943014851672011836968160173521233941014592577294,spread,False
mlb-lad-mia-2026-09-12,mlb-lad-mia-2026-09-12|spread|-1.5|63584899405568203825866639246943014851672011836968160173521233941014592577294,spread,False
mlb-lad-mia-2026-09-12,mlb-lad-mia-2026-09-12|spread|-1.5|63584899405568203825866639246943014851672011836968160173521233941014592577294,spread,False
mlb-lad-mia-2026-09-12,mlb-lad-mia-2026-09-12|spread|-1.5|63584899405568203825866639246943014851672011836968160173521233941014592577294,spread,True
mlb-lad-mia-2026-09-12,mlb-lad-mia-2026-09-12|spread|-1.5|63584899405568203825866639246943014851672011836968160173521233941014592577294,spread,False
mlb-lad-mia-2026-09-12,mlb-lad-mia-2026-09-12|spread|-1.5|63584899405568203825866639246943014851672011836968160173521233941014592577294,spread,True
mlb-lad-mia-2026-09-12,mlb-lad-mia-2026-09-12|spread|-1.5|63584899405568203825866639246943014851672011836968160173521233941014592577294,spread,True
mlb-lad-mia-2026-09-12,mlb-lad-mia-2026-09-12|spread|-1.5|63584899405568203825866639246943014851672011836968160173521233941014592577294,spread,True
mlb-lad-mia-2026-09-12,mlb-lad-mia-2026-09-12|spread|-1.5|63584899405568203825866639246943014851672011836968160173521233941014592577294,spread,True
mlb-lad-mia-2026-09-12,mlb-lad-mia-2026-09-12|spread|-1.5|63584899405568203825866639246943014851672011836968160173521233941014592577294,spread,False
mlb-lad-mia-2026-09-12,mlb-lad-mia-2026-09-12|spread|-1.5|64675617119723677900949755460863489907225740896748253474587685571843451417272,spread,True
mlb-lad-mia-2026-09-12,mlb-lad-mia-2026-09-12|spread|-1.5|64675617119723677900949755460863489907225740896748253474587685571843451417272,spread,False
mlb-lad-mia-2026-09-12,mlb-lad-mia-2026-09-12|spread|-1.5|64675617119723677900949755460863489907225740896748253474587685571843451417272,spread,False
mlb-lad-mia-2026-09-12,mlb-lad-mia-2026-09-12|spread|-1.5|64675617119723677900949755460863489907225740896748253474587685571843451417272,spread,False
mlb-lad-mia-2026-09-12,mlb-lad-mia-2026-09-12|spread|-1.5|64675617119723677900949755460863489907225740896748253474587685571843451417272,spread,True
mlb-lad-mia-2026-09-12,mlb-lad-mia-2026-09-12|spread|-1.5|64675617119723677900949755460863489907225740896748253474587685571843451417272,spread,False
mlb-lad-mia-2026-09-12,mlb-lad-mia-2026-09-12|spread|-1.5|64675617119723677900949755460863489907225740896748253474587685571843451417272,spread,True
mlb-lad-mia-2026-09-12,mlb-lad-mia-2026-09-12|spread|-1.5|64675617119723677900949755460863489907225740896748253474587685571843451417272,spread,False
mlb-lad-mia-2026-09-12,mlb-lad-mia-2026-09-12|spread|-1.5|64675617119723677900949755460863489907225740896748253474587685571843451417272,spread,True
mlb-lad-mia-2026-09-12,mlb-lad-mia-2026-09-12|spread|-1.5|64675617119723677900949755460863489907225740896748253474587685571843451417272,spread,False
mlb-lad-mia-2026-09-12,mlb-lad-mia-2026-09-12|spread|-1.5|64675617119723677900949755460863489907225740896748253474587685571843451417272,spread,True
mlb-lad-mia-2026-09-12,mlb-lad-mia-2026-09-12|spread|-1.5|64675617119723677900949755460863489907225740896748253474587685571843451417272,spread,False
mlb-lad-mia-2026-09-12,mlb-lad-mia-2026-09-12|spread|-1.5|64675617119723677900949755460863489907225740896748253474587685571843451417272,spread,True
mlb-lad-mia-2026-09-12,mlb-lad-mia-2026-09-12|spread|-1.5|64675617119723677900949755460863489907225740896748253474587685571843451417272,spread,False
mlb-lad-mia-2026-09-12,mlb-lad-mia-2026-09-12|spread|-1.5|64675617119723677900949755460863489907225740896748253474587685571843451417272,spread,True
mlb-lad-mia-2026-09-12,mlb-lad-mia-2026-09-12|spread|-1.5|64675617119723677900949755460863489907225740896748253474587685571843451417272,spread,False
mlb-lad-mia-2026-09-12,mlb-lad-mia-2026-09-12|spread|-1.5|64675617119723677900949755460863489907225740896748253474587685571843451417272,spread,True
mlb-lad-mia-2026-09-12,mlb-lad-mia-2026-09-12|spread|-1.5|64675617119723677900949755460863489907225740896748253474587685571843451417272,spread,True
mlb-lad-mia-2026-09-12,mlb-lad-mia-2026-09-12|spread|-1.5|64675617119723677900949755460863489907225740896748253474587685571843451417272,spread,True
mlb-lad-mia-2026-09-12,mlb-lad-mia-2026-09-12|spread|-1.5|64675617119723677900949755460863489907225740896748253474587685571843451417272,spread,True
mlb-lad-mia-2026-09-12,mlb-lad-mia-2026-09-12|spread|-1.5|64675617119723677900949755460863489907225740896748253474587685571843451417272,spread,True
mlb-lad-mia-2026-09-12,mlb-lad-mia-2026-09-12|spread|-1.5|64675617119723677900949755460863489907225740896748253474587685571843451417272,spread,False
mlb-lad-mia-2026-09-12,mlb-lad-mia-2026-09-12|spread|-1.5|64675617119723677900949755460863489907225740896748253474587685571843451417272,spread,True
mlb-lad-mia-2026-09-12,mlb-lad-mia-2026-09-12|spread|-1.5|64675617119723677900949755460863489907225740896748253474587685571843451417272,spread,True
mlb-lad-mia-2026-09-12,mlb-lad-mia-2026-09-12|spread|-1.5|64675617119723677900949755460863489907225740896748253474587685571843451417272,spread,False
mlb-lad-mia-2026-09-12,mlb-lad-mia-2026-09-12|spread|-1.5|64675617119723677900949755460863489907225740896748253474587685571843451417272,spread,False
mlb-lad-mia-2026-09-12,mlb-lad-mia-2026-09-12|spread|-1.5|64675617119723677900949755460863489907225740896748253474587685571843451417272,spread,False
mlb-lad-mia-2026-09-12,mlb-lad-mia-2026-09-12|spread|-1.5|64675617119723677900949755460863489907225740896748253474587685571843451417272,spread,True
mlb-lad-mia-2026-09-12,mlb-lad-mia-2026-09-12|spread|-1.5|64675617119723677900949755460863489907225740896748253474587685571843451417272,spread,True
mlb-lad-mia-2026-09-12,mlb-lad-mia-2026-09-12|spread|-1.5|64675617119723677900949755460863489907225740896748253474587685571843451417272,spread,False
mlb-lad-mia-2026-09-12,mlb-lad-mia-2026-09-12|spread|-1.5|64675617119723677900949755460863489907225740896748253474587685571843451417272,spread,True
mlb-lad-mia-2026-09-12,mlb-lad-mia-2026-09-12|spread|-1.5|64675617119723677900949755460863489907225740896748253474587685571843451417272,spread,True
mlb-lad-mia-2026-09-12,mlb-lad-mia-2026-09-12|spread|-1.5|64675617119723677900949755460863489907225740896748253474587685571843451417272,spread,True
mlb-lad-mia-2026-09-12,mlb-lad-mia-2026-09-12|spread|-1.5|64675617119723677900949755460863489907225740896748253474587685571843451417272,spread,True
mlb-lad-mia-2026-09-12,mlb-lad-mia-2026-09-12|spread|-1.5|64675617119723677900949755460863489907225740896748253474587685571843451417272,spread,False
mlb-lad-mia-2026-09-12,mlb-lad-mia-2026-09-12|spread|-1.5|64675617119723677900949755460863489907225740896748253474587685571843451417272,spread,True
mlb-lad-mia-2026-09-12,mlb-lad-mia-2026-09-12|spread|-1.5|64675617119723677900949755460863489907225740896748253474587685571843451417272,spread,False
mlb-lad-mia-2026-09-12,mlb-lad-mia-2026-09-12|spread|-1.5|64675617119723677900949755460863489907225740896748253474587685571843451417272,spread,True
mlb-lad-mia-2026-09-12,mlb-lad-mia-2026-09-12|spread|-1.5|64675617119723677900949755460863489907225740896748253474587685571843451417272,spread,False
mlb-lad-mia-2026-09-12,mlb-lad-mia-2026-09-12|spread|-1.5|64675617119723677900949755460863489907225740896748253474587685571843451417272,spread,True
mlb-lad-mia-2026-09-12,mlb-lad-mia-2026-09-12|spread|-1.5|64675617119723677900949755460863489907225740896748253474587685571843451417272,spread,False
mlb-lad-mia-2026-09-12,mlb-lad-mia-2026-09-12|spread|-1.5|64675617119723677900949755460863489907225740896748253474587685571843451417272,spread,False
mlb-lad-mia-2026-09-12,mlb-lad-mia-2026-09-12|spread|-1.5|64675617119723677900949755460863489907225740896748253474587685571843451417272,spread,False
mlb-lad-mia-2026-09-12,mlb-lad-mia-2026-09-12|spread|-1.5|64675617119723677900949755460863489907225740896748253474587685571843451417272,spread,True
mlb-lad-mia-2026-09-12,mlb-lad-mia-2026-09-12|spread|-1.5|64675617119723677900949755460863489907225740896748253474587685571843451417272,spread,False
mlb-lad-mia-2026-09-12,mlb-lad-mia-2026-09-12|spread|-1.5|64675617119723677900949755460863489907225740896748253474587685571843451417272,spread,True
mlb-lad-mia-2026-09-12,mlb-lad-mia-2026-09-12|spread|-1.5|64675617119723677900949755460863489907225740896748253474587685571843451417272,spread,False
mlb-lad-mia-2026-09-12,mlb-lad-mia-2026-09-12|spread|-1.5|64675617119723677900949755460863489907225740896748253474587685571843451417272,spread,False
mlb-lad-mia-2026-09-12,mlb-lad-mia-2026-09-12|spread|-1.5|64675617119723677900949755460863489907225740896748253474587685571843451417272,spread,False
mlb-lad-mia-2026-09-12,mlb-lad-mia-2026-09-12|spread|-1.5|64675617119723677900949755460863489907225740896748253474587685571843451417272,spread,False
mlb-lad-mia-2026-09-12,mlb-lad-mia-2026-09-12|spread|-1.5|64675617119723677900949755460863489907225740896748253474587685571843451417272,spread,True
mlb-lad-mia-2026-09-12,mlb-lad-mia-2026-09-12|spread|-1.5|64675617119723677900949755460863489907225740896748253474587685571843451417272,spread,True
mlb-lad-mia-2026-09-12,mlb-lad-mia-2026-09-12|spread|-1.5|64675617119723677900949755460863489907225740896748253474587685571843451417272,spread,False
mlb-lad-mia-2026-09-12,mlb-lad-mia-2026-09-12|spread|-1.5|64675617119723677900949755460863489907225740896748253474587685571843451417272,spread,False
mlb-lad-mia-2026-09-12,mlb-lad-mia-2026-09-12|spread|-1.5|64675617119723677900949755460863489907225740896748253474587685571843451417272,spread,False
mlb-lad-mia-2026-09-12,mlb-lad-mia-2026-09-12|spread|-1.5|64675617119723677900949755460863489907225740896748253474587685571843451417272,spread,True
mlb-lad-mia-2026-09-12,mlb-lad-mia-2026-09-12|spread|-1.5|64675617119723677900949755460863489907225740896748253474587685571843451417272,spread,False
mlb-lad-mia-2026-09-12,mlb-lad-mia-2026-09-12|spread|-1.5|64675617119723677900949755460863489907225740896748253474587685571843451417272,spread,False
mlb-lad-mia-2026-09-12,mlb-lad-mia-2026-09-12|spread|-1.5|64675617119723677900949755460863489907225740896748253474587685571843451417272,spread,False
mlb-lad-mia-2026-09-12,mlb-lad-mia-2026-09-12|spread|-1.5|64675617119723677900949755460863489907225740896748253474587685571843451417272,spread,True
mlb-lad-mia-2026-09-12,mlb-lad-mia-2026-09-12|spread|-1.5|64675617119723677900949755460863489907225740896748253474587685571843451417272,spread,False
mlb-lad-mia-2026-09-12,mlb-lad-mia-2026-09-12|spread|-1.5|64675617119723677900949755460863489907225740896748253474587685571843451417272,spread,False
mlb-lad-mia-2026-09-12,mlb-lad-mia-2026-09-12|spread|-1.5|64675617119723677900949755460863489907225740896748253474587685571843451417272,spread,False
mlb-lad-mia-2026-09-12,mlb-lad-mia-2026-09-12|spread|-1.5|64675617119723677900949755460863489907225740896748253474587685571843451417272,spread,True
mlb-lad-mia-2026-09-12,mlb-lad-mia-2026-09-12|spread|-1.5|64675617119723677900949755460863489907225740896748253474587685571843451417272,spread,False
mlb-lad-mia-2026-09-12,mlb-lad-mia-2026-09-12|spread|-1.5|64675617119723677900949755460863489907225740896748253474587685571843451417272,spread,False
mlb-lad-mia-2026-09-12,mlb-lad-mia-2026-09-12|spread|-1.5|64675617119723677900949755460863489907225740896748253474587685571843451417272,spread,False
mlb-lad-mia-2026-09-12,mlb-lad-mia-2026-09-12|spread|-1.5|64675617119723677900949755460863489907225740896748253474587685571843451417272,spread,True
mlb-lad-mia-2026-09-12,mlb-lad-mia-2026-09-12|spread|-1.5|64675617119723677900949755460863489907225740896748253474587685571843451417272,spread,True
mlb-lad-mia-2026-09-12,mlb-lad-mia-2026-09-12|spread|-1.5|64675617119723677900949755460863489907225740896748253474587685571843451417272,spread,False
mlb-lad-mia-2026-09-12,mlb-lad-mia-2026-09-12|spread|-1.5|64675617119723677900949755460863489907225740896748253474587685571843451417272,spread,False
mlb-lad-mia-2026-09-12,mlb-lad-mia-2026-09-12|spread|-1.5|64675617119723677900949755460863489907225740896748253474587685571843451417272,spread,False
mlb-lad-mia-2026-09-12,mlb-lad-mia-2026-09-12|spread|-1.5|64675617119723677900949755460863489907225740896748253474587685571843451417272,spread,True
mlb-lad-mia-2026-09-12,mlb-lad-mia-2026-09-12|spread|-1.5|64675617119723677900949755460863489907225740896748253474587685571843451417272,spread,False
mlb-lad-mia-2026-09-12,mlb-lad-mia-2026-09-12|spread|-1.5|64675617119723677900949755460863489907225740896748253474587685571843451417272,spread,False
mlb-lad-mia-2026-09-12,mlb-lad-mia-2026-09-12|spread|-1.5|64675617119723677900949755460863489907225740896748253474587685571843451417272,spread,False
mlb-lad-mia-2026-09-12,mlb-lad-mia-2026-09-12|spread|-1.5|64675617119723677900949755460863489907225740896748253474587685571843451417272,spread,False
mlb-lad-mia-2026-09-12,mlb-lad-mia-2026-09-12|spread|-1.5|64675617119723677900949755460863489907225740896748253474587685571843451417272,spread,False
mlb-lad-mia-2026-09-12,mlb-lad-mia-2026-09-12|spread|-1.5|64675617119723677900949755460863489907225740896748253474587685571843451417272,spread,True
mlb-lad-mia-2026-09-12,mlb-lad-mia-2026-09-12|spread|-1.5|64675617119723677900949755460863489907225740896748253474587685571843451417272,spread,True
mlb-lad-mia-2026-09-12,mlb-lad-mia-2026-09-12|spread|-1.5|64675617119723677900949755460863489907225740896748253474587685571843451417272,spread,False
mlb-lad-mia-2026-09-12,mlb-lad-mia-2026-09-12|spread|-1.5|64675617119723677900949755460863489907225740896748253474587685571843451417272,spread,True
mlb-lad-mia-2026-09-12,mlb-lad-mia-2026-09-12|spread|-1.5|64675617119723677900949755460863489907225740896748253474587685571843451417272,spread,False
mlb-lad-mia-2026-09-12,mlb-lad-mia-2026-09-12|spread|-1.5|64675617119723677900949755460863489907225740896748253474587685571843451417272,spread,False
mlb-lad-mia-2026-09-12,mlb-lad-mia-2026-09-12|spread|-1.5|64675617119723677900949755460863489907225740896748253474587685571843451417272,spread,True
mlb-lad-mia-2026-09-12,mlb-lad-mia-2026-09-12|spread|-1.5|64675617119723677900949755460863489907225740896748253474587685571843451417272,spread,True
mlb-lad-mia-2026-09-12,mlb-lad-mia-2026-09-12|spread|-1.5|64675617119723677900949755460863489907225740896748253474587685571843451417272,spread,False
mlb-lad-mia-2026-09-12,mlb-lad-mia-2026-09-12|spread|-1.5|64675617119723677900949755460863489907225740896748253474587685571843451417272,spread,True
mlb-lad-mia-2026-09-12,mlb-lad-mia-2026-09-12|spread|-1.5|64675617119723677900949755460863489907225740896748253474587685571843451417272,spread,True
mlb-lad-mia-2026-09-12,mlb-lad-mia-2026-09-12|spread|-1.5|64675617119723677900949755460863489907225740896748253474587685571843451417272,spread,True
mlb-lad-mia-2026-09-12,mlb-lad-mia-2026-09-12|spread|-1.5|64675617119723677900949755460863489907225740896748253474587685571843451417272,spread,True
mlb-lad-mia-2026-09-12,mlb-lad-mia-2026-09-12|spread|-1.5|64675617119723677900949755460863489907225740896748253474587685571843451417272,spread,False
mlb-lad-mia-2026-09-12,mlb-lad-mia-2026-09-12|spread|-1.5|64675617119723677900949755460863489907225740896748253474587685571843451417272,spread,False
mlb-lad-mia-2026-09-12,mlb-lad-mia-2026-09-12|spread|-1.5|64675617119723677900949755460863489907225740896748253474587685571843451417272,spread,False
mlb-lad-mia-2026-09-12,mlb-lad-mia-2026-09-12|spread|-1.5|64675617119723677900949755460863489907225740896748253474587685571843451417272,spread,False
mlb-lad-mia-2026-09-12,mlb-lad-mia-2026-09-12|spread|-1.5|64675617119723677900949755460863489907225740896748253474587685571843451417272,spread,True
mlb-lad-mia-2026-09-12,mlb-lad-mia-2026-09-12|spread|-1.5|64675617119723677900949755460863489907225740896748253474587685571843451417272,spread,False
mlb-lad-mia-2026-09-12,mlb-lad-mia-2026-09-12|spread|-2.5|73974090839062339349522857374358389091747300262181310561941956709545923644090,spread,False
mlb-lad-mia-2026-09-12,mlb-lad-mia-2026-09-12|spread|-2.5|73974090839062339349522857374358389091747300262181310561941956709545923644090,spread,False
mlb-lad-mia-2026-09-12,mlb-lad-mia-2026-09-12|spread|-2.5|73974090839062339349522857374358389091747300262181310561941956709545923644090,spread,True
mlb-lad-mia-2026-09-12,mlb-lad-mia-2026-09-12|spread|-2.5|73974090839062339349522857374358389091747300262181310561941956709545923644090,spread,True
mlb-lad-mia-2026-09-12,mlb-lad-mia-2026-09-12|spread|-2.5|73974090839062339349522857374358389091747300262181310561941956709545923644090,spread,False
mlb-lad-mia-2026-09-12,mlb-lad-mia-2026-09-12|spread|-2.5|73974090839062339349522857374358389091747300262181310561941956709545923644090,spread,True
mlb-lad-mia-2026-09-12,mlb-lad-mia-2026-09-12|spread|-2.5|73974090839062339349522857374358389091747300262181310561941956709545923644090,spread,False
mlb-lad-mia-2026-09-12,mlb-lad-mia-2026-09-12|spread|-2.5|73974090839062339349522857374358389091747300262181310561941956709545923644090,spread,False
mlb-lad-mia-2026-09-12,mlb-lad-mia-2026-09-12|spread|-2.5|73974090839062339349522857374358389091747300262181310561941956709545923644090,spread,False
mlb-lad-mia-2026-09-12,mlb-lad-mia-2026-09-12|spread|-2.5|73974090839062339349522857374358389091747300262181310561941956709545923644090,spread,True
mlb-lad-mia-2026-09-12,mlb-lad-mia-2026-09-12|spread|-2.5|73974090839062339349522857374358389091747300262181310561941956709545923644090,spread,True
mlb-lad-mia-2026-09-12,mlb-lad-mia-2026-09-12|spread|-2.5|73974090839062339349522857374358389091747300262181310561941956709545923644090,spread,True
mlb-lad-mia-2026-09-12,mlb-lad-mia-2026-09-12|spread|-2.5|73974090839062339349522857374358389091747300262181310561941956709545923644090,spread,True
mlb-lad-mia-2026-09-12,mlb-lad-mia-2026-09-12|spread|-2.5|73974090839062339349522857374358389091747300262181310561941956709545923644090,spread,True
mlb-lad-mia-2026-09-12,mlb-lad-mia-2026-09-12|spread|-2.5|73974090839062339349522857374358389091747300262181310561941956709545923644090,spread,False
mlb-lad-mia-2026-09-12,mlb-lad-mia-2026-09-12|spread|-2.5|73974090839062339349522857374358389091747300262181310561941956709545923644090,spread,True
mlb-lad-mia-2026-09-12,mlb-lad-mia-2026-09-12|spread|-2.5|73974090839062339349522857374358389091747300262181310561941956709545923644090,spread,False
mlb-lad-mia-2026-09-12,mlb-lad-mia-2026-09-12|spread|-2.5|73974090839062339349522857374358389091747300262181310561941956709545923644090,spread,False
mlb-lad-mia-2026-09-12,mlb-lad-mia-2026-09-12|spread|-2.5|73974090839062339349522857374358389091747300262181310561941956709545923644090,spread,False
mlb-lad-mia-2026-09-12,mlb-lad-mia-2026-09-12|spread|-2.5|73974090839062339349522857374358389091747300262181310561941956709545923644090,spread,True
mlb-lad-mia-2026-09-12,mlb-lad-mia-2026-09-12|spread|-2.5|73974090839062339349522857374358389091747300262181310561941956709545923644090,spread,True
mlb-lad-mia-2026-09-12,mlb-lad-mia-2026-09-12|spread|-2.5|73974090839062339349522857374358389091747300262181310561941956709545923644090,spread,True
mlb-lad-mia-2026-09-12,mlb-lad-mia-2026-09-12|spread|-2.5|73974090839062339349522857374358389091747300262181310561941956709545923644090,spread,False
mlb-lad-mia-2026-09-12,mlb-lad-mia-2026-09-12|spread|-2.5|73974090839062339349522857374358389091747300262181310561941956709545923644090,spread,True
mlb-lad-mia-2026-09-12,mlb-lad-mia-2026-09-12|spread|-2.5|73974090839062339349522857374358389091747300262181310561941956709545923644090,spread,False
mlb-lad-mia-2026-09-12,mlb-lad-mia-2026-09-12|spread|-2.5|73974090839062339349522857374358389091747300262181310561941956709545923644090,spread,False
mlb-lad-mia-2026-09-12,mlb-lad-mia-2026-09-12|spread|-2.5|73974090839062339349522857374358389091747300262181310561941956709545923644090,spread,False
mlb-lad-mia-2026-09-12,mlb-lad-mia-2026-09-12|spread|-2.5|73974090839062339349522857374358389091747300262181310561941956709545923644090,spread,True
mlb-lad-mia-2026-09-12,mlb-lad-mia-2026-09-12|spread|-2.5|73974090839062339349522857374358389091747300262181310561941956709545923644090,spread,True
mlb-lad-mia-2026-09-12,mlb-lad-mia-2026-09-12|spread|-2.5|73974090839062339349522857374358389091747300262181310561941956709545923644090,spread,True
mlb-lad-mia-2026-09-12,mlb-lad-mia-2026-09-12|spread|-2.5|73974090839062339349522857374358389091747300262181310561941956709545923644090,spread,False
mlb-lad-mia-2026-09-12,mlb-lad-mia-2026-09-12|spread|-2.5|73974090839062339349522857374358389091747300262181310561941956709545923644090,spread,True
mlb-lad-mia-2026-09-12,mlb-lad-mia-2026-09-12|spread|-2.5|73974090839062339349522857374358389091747300262181310561941956709545923644090,spread,False
mlb-lad-mia-2026-09-12,mlb-lad-mia-2026-09-12|spread|-2.5|73974090839062339349522857374358389091747300262181310561941956709545923644090,spread,False
mlb-lad-mia-2026-09-12,mlb-lad-mia-2026-09-12|spread|-2.5|73974090839062339349522857374358389091747300262181310561941956709545923644090,spread,True
mlb-lad-mia-2026-09-12,mlb-lad-mia-2026-09-12|spread|-2.5|73974090839062339349522857374358389091747300262181310561941956709545923644090,spread,False
mlb-lad-mia-2026-09-12,mlb-lad-mia-2026-09-12|spread|-2.5|73974090839062339349522857374358389091747300262181310561941956709545923644090,spread,True
mlb-lad-mia-2026-09-12,mlb-lad-mia-2026-09-12|spread|-2.5|73974090839062339349522857374358389091747300262181310561941956709545923644090,spread,False
mlb-lad-mia-2026-09-12,mlb-lad-mia-2026-09-12|spread|-2.5|73974090839062339349522857374358389091747300262181310561941956709545923644090,spread,True
mlb-lad-mia-2026-09-12,mlb-lad-mia-2026-09-12|spread|-2.5|73974090839062339349522857374358389091747300262181310561941956709545923644090,spread,True
mlb-lad-mia-2026-09-12,mlb-lad-mia-2026-09-12|spread|-2.5|73974090839062339349522857374358389091747300262181310561941956709545923644090,spread,False
mlb-lad-mia-2026-09-12,mlb-lad-mia-2026-09-12|spread|-2.5|73974090839062339349522857374358389091747300262181310561941956709545923644090,spread,True
mlb-lad-mia-2026-09-12,mlb-lad-mia-2026-09-12|spread|-2.5|73974090839062339349522857374358389091747300262181310561941956709545923644090,spread,False
mlb-lad-mia-2026-09-12,mlb-lad-mia-2026-09-12|spread|-2.5|73974090839062339349522857374358389091747300262181310561941956709545923644090,spread,True
mlb-lad-mia-2026-09-12,mlb-lad-mia-2026-09-12|spread|-2.5|73974090839062339349522857374358389091747300262181310561941956709545923644090,spread,False
mlb-lad-mia-2026-09-12,mlb-lad-mia-2026-09-12|spread|-2.5|73974090839062339349522857374358389091747300262181310561941956709545923644090,spread,True
mlb-lad-mia-2026-09-12,mlb-lad-mia-2026-09-12|spread|-2.5|73974090839062339349522857374358389091747300262181310561941956709545923644090,spread,False
mlb-lad-mia-2026-09-12,mlb-lad-mia-2026-09-12|spread|-2.5|73974090839062339349522857374358389091747300262181310561941956709545923644090,spread,False
mlb-lad-mia-2026-09-12,mlb-lad-mia-2026-09-12|spread|-2.5|73974090839062339349522857374358389091747300262181310561941956709545923644090,spread,False
mlb-lad-mia-2026-09-12,mlb-lad-mia-2026-09-12|spread|-2.5|73974090839062339349522857374358389091747300262181310561941956709545923644090,spread,True
mlb-lad-mia-2026-09-12,mlb-lad-mia-2026-09-12|spread|-2.5|73974090839062339349522857374358389091747300262181310561941956709545923644090,spread,True
mlb-lad-mia-2026-09-12,mlb-lad-mia-2026-09-12|spread|-2.5|73974090839062339349522857374358389091747300262181310561941956709545923644090,spread,True
mlb-lad-mia-2026-09-12,mlb-lad-mia-2026-09-12|spread|-2.5|73974090839062339349522857374358389091747300262181310561941956709545923644090,spread,False
mlb-lad-mia-2026-09-12,mlb-lad-mia-2026-09-12|spread|-2.5|73974090839062339349522857374358389091747300262181310561941956709545923644090,spread,False
mlb-lad-mia-2026-09-12,mlb-lad-mia-2026-09-12|spread|-2.5|73974090839062339349522857374358389091747300262181310561941956709545923644090,spread,False
mlb-lad-mia-2026-09-12,mlb-lad-mia-2026-09-12|spread|-2.5|73974090839062339349522857374358389091747300262181310561941956709545923644090,spread,True
mlb-lad-mia-2026-09-12,mlb-lad-mia-2026-09-12|spread|-2.5|73974090839062339349522857374358389091747300262181310561941956709545923644090,spread,True
mlb-lad-mia-2026-09-12,mlb-lad-mia-2026-09-12|spread|-2.5|73974090839062339349522857374358389091747300262181310561941956709545923644090,spread,False
mlb-lad-mia-2026-09-12,mlb-lad-mia-2026-09-12|spread|-2.5|73974090839062339349522857374358389091747300262181310561941956709545923644090,spread,True
mlb-lad-mia-2026-09-12,mlb-lad-mia-2026-09-12|spread|-2.5|73974090839062339349522857374358389091747300262181310561941956709545923644090,spread,True
mlb-lad-mia-2026-09-12,mlb-lad-mia-2026-09-12|spread|-2.5|73974090839062339349522857374358389091747300262181310561941956709545923644090,spread,False
mlb-lad-mia-2026-09-12,mlb-lad-mia-2026-09-12|spread|-2.5|73974090839062339349522857374358389091747300262181310561941956709545923644090,spread,False
mlb-lad-mia-2026-09-12,mlb-lad-mia-2026-09-12|spread|-2.5|73974090839062339349522857374358389091747300262181310561941956709545923644090,spread,False
mlb-lad-mia-2026-09-12,mlb-lad-mia-2026-09-12|spread|-2.5|73974090839062339349522857374358389091747300262181310561941956709545923644090,spread,True
mlb-lad-mia-2026-09-12,mlb-lad-mia-2026-09-12|spread|-2.5|73974090839062339349522857374358389091747300262181310561941956709545923644090,spread,True
mlb-lad-mia-2026-09-12,mlb-lad-mia-2026-09-12|spread|-2.5|73974090839062339349522857374358389091747300262181310561941956709545923644090,spread,False
mlb-lad-mia-2026-09-12,mlb-lad-mia-2026-09-12|spread|-2.5|73974090839062339349522857374358389091747300262181310561941956709545923644090,spread,False
mlb-lad-mia-2026-09-12,mlb-lad-mia-2026-09-12|spread|-2.5|73974090839062339349522857374358389091747300262181310561941956709545923644090,spread,False
mlb-lad-mia-2026-09-12,mlb-lad-mia-2026-09-12|spread|-2.5|73974090839062339349522857374358389091747300262181310561941956709545923644090,spread,True
mlb-lad-mia-2026-09-12,mlb-lad-mia-2026-09-12|spread|-2.5|73974090839062339349522857374358389091747300262181310561941956709545923644090,spread,True
mlb-lad-mia-2026-09-12,mlb-lad-mia-2026-09-12|spread|-2.5|73974090839062339349522857374358389091747300262181310561941956709545923644090,spread,False
mlb-lad-mia-2026-09-12,mlb-lad-mia-2026-09-12|spread|-2.5|73974090839062339349522857374358389091747300262181310561941956709545923644090,spread,False
mlb-lad-mia-2026-09-12,mlb-lad-mia-2026-09-12|spread|-2.5|73974090839062339349522857374358389091747300262181310561941956709545923644090,spread,False
mlb-lad-mia-2026-09-12,mlb-lad-mia-2026-09-12|spread|-2.5|73974090839062339349522857374358389091747300262181310561941956709545923644090,spread,False
mlb-lad-mia-2026-09-12,mlb-lad-mia-2026-09-12|spread|-2.5|73974090839062339349522857374358389091747300262181310561941956709545923644090,spread,False
mlb-lad-mia-2026-09-12,mlb-lad-mia-2026-09-12|spread|-2.5|73974090839062339349522857374358389091747300262181310561941956709545923644090,spread,False
mlb-lad-mia-2026-09-12,mlb-lad-mia-2026-09-12|spread|-2.5|73974090839062339349522857374358389091747300262181310561941956709545923644090,spread,True
mlb-lad-mia-2026-09-12,mlb-lad-mia-2026-09-12|spread|-2.5|73974090839062339349522857374358389091747300262181310561941956709545923644090,spread,False
mlb-lad-mia-2026-09-12,mlb-lad-mia-2026-09-12|spread|-2.5|73974090839062339349522857374358389091747300262181310561941956709545923644090,spread,False
mlb-lad-mia-2026-09-12,mlb-lad-mia-2026-09-12|spread|-2.5|73974090839062339349522857374358389091747300262181310561941956709545923644090,spread,False
mlb-lad-mia-2026-09-12,mlb-lad-mia-2026-09-12|spread|-2.5|73974090839062339349522857374358389091747300262181310561941956709545923644090,spread,True
mlb-lad-mia-2026-09-12,mlb-lad-mia-2026-09-12|spread|-2.5|73974090839062339349522857374358389091747300262181310561941956709545923644090,spread,True
mlb-lad-mia-2026-09-12,mlb-lad-mia-2026-09-12|spread|-2.5|73974090839062339349522857374358389091747300262181310561941956709545923644090,spread,True
mlb-lad-mia-2026-09-12,mlb-lad-mia-2026-09-12|spread|-2.5|73974090839062339349522857374358389091747300262181310561941956709545923644090,spread,True
mlb-lad-mia-2026-09-12,mlb-lad-mia-2026-09-12|spread|-2.5|73974090839062339349522857374358389091747300262181310561941956709545923644090,spread,False
mlb-lad-mia-2026-09-12,mlb-lad-mia-2026-09-12|spread|-2.5|73974090839062339349522857374358389091747300262181310561941956709545923644090,spread,False
mlb-lad-mia-2026-09-12,mlb-lad-mia-2026-09-12|spread|-2.5|9963300353830899649112848774764884070136450859431135190032805215465430321226,spread,True
mlb-lad-mia-2026-09-12,mlb-lad-mia-2026-09-12|spread|-2.5|9963300353830899649112848774764884070136450859431135190032805215465430321226,spread,False
mlb-lad-mia-2026-09-12,mlb-lad-mia-2026-09-12|spread|-2.5|9963300353830899649112848774764884070136450859431135190032805215465430321226,spread,True
mlb-lad-mia-2026-09-12,mlb-lad-mia-2026-09-12|spread|-2.5|9963300353830899649112848774764884070136450859431135190032805215465430321226,spread,True
mlb-lad-mia-2026-09-12,mlb-lad-mia-2026-09-12|spread|-2.5|9963300353830899649112848774764884070136450859431135190032805215465430321226,spread,True
mlb-lad-mia-2026-09-12,mlb-lad-mia-2026-09-12|spread|-2.5|9963300353830899649112848774764884070136450859431135190032805215465430321226,spread,False
mlb-lad-mia-2026-09-12,mlb-lad-mia-2026-09-12|spread|-2.5|9963300353830899649112848774764884070136450859431135190032805215465430321226,spread,False
mlb-lad-mia-2026-09-12,mlb-lad-mia-2026-09-12|spread|-2.5|9963300353830899649112848774764884070136450859431135190032805215465430321226,spread,True
mlb-lad-mia-2026-09-12,mlb-lad-mia-2026-09-12|spread|-2.5|9963300353830899649112848774764884070136450859431135190032805215465430321226,spread,False
mlb-lad-mia-2026-09-12,mlb-lad-mia-2026-09-12|spread|-2.5|9963300353830899649112848774764884070136450859431135190032805215465430321226,spread,True
mlb-lad-mia-2026-09-12,mlb-lad-mia-2026-09-12|spread|-2.5|9963300353830899649112848774764884070136450859431135190032805215465430321226,spread,False
mlb-lad-mia-2026-09-12,mlb-lad-mia-2026-09-12|spread|-2.5|9963300353830899649112848774764884070136450859431135190032805215465430321226,spread,False
mlb-lad-mia-2026-09-12,mlb-lad-mia-2026-09-12|spread|-2.5|9963300353830899649112848774764884070136450859431135190032805215465430321226,spread,False
mlb-lad-mia-2026-09-12,mlb-lad-mia-2026-09-12|spread|-2.5|9963300353830899649112848774764884070136450859431135190032805215465430321226,spread,False
mlb-lad-mia-2026-09-12,mlb-lad-mia-2026-09-12|spread|-2.5|9963300353830899649112848774764884070136450859431135190032805215465430321226,spread,False
mlb-lad-mia-2026-09-12,mlb-lad-mia-2026-09-12|spread|-2.5|9963300353830899649112848774764884070136450859431135190032805215465430321226,spread,True
mlb-lad-mia-2026-09-12,mlb-lad-mia-2026-09-12|spread|-2.5|9963300353830899649112848774764884070136450859431135190032805215465430321226,spread,False
mlb-lad-mia-2026-09-12,mlb-lad-mia-2026-09-12|spread|-2.5|9963300353830899649112848774764884070136450859431135190032805215465430321226,spread,True
mlb-lad-mia-2026-09-12,mlb-lad-mia-2026-09-12|spread|-2.5|9963300353830899649112848774764884070136450859431135190032805215465430321226,spread,False
mlb-lad-mia-2026-09-12,mlb-lad-mia-2026-09-12|spread|-2.5|9963300353830899649112848774764884070136450859431135190032805215465430321226,spread,False
mlb-lad-mia-2026-09-12,mlb-lad-mia-2026-09-12|spread|-2.5|9963300353830899649112848774764884070136450859431135190032805215465430321226,spread,False
mlb-lad-mia-2026-09-12,mlb-lad-mia-2026-09-12|spread|-2.5|9963300353830899649112848774764884070136450859431135190032805215465430321226,spread,True
mlb-lad-mia-2026-09-12,mlb-lad-mia-2026-09-12|spread|-2.5|9963300353830899649112848774764884070136450859431135190032805215465430321226,spread,True
mlb-lad-mia-2026-09-12,mlb-lad-mia-2026-09-12|spread|-2.5|9963300353830899649112848774764884070136450859431135190032805215465430321226,spread,True
mlb-lad-mia-2026-09-12,mlb-lad-mia-2026-09-12|spread|-2.5|9963300353830899649112848774764884070136450859431135190032805215465430321226,spread,True
mlb-lad-mia-2026-09-12,mlb-lad-mia-2026-09-12|spread|-2.5|9963300353830899649112848774764884070136450859431135190032805215465430321226,spread,True
mlb-lad-mia-2026-09-12,mlb-lad-mia-2026-09-12|spread|-2.5|9963300353830899649112848774764884070136450859431135190032805215465430321226,spread,True
mlb-lad-mia-2026-09-12,mlb-lad-mia-2026-09-12|spread|-2.5|9963300353830899649112848774764884070136450859431135190032805215465430321226,spread,True
mlb-lad-mia-2026-09-12,mlb-lad-mia-2026-09-12|spread|-2.5|9963300353830899649112848774764884070136450859431135190032805215465430321226,spread,True
mlb-lad-mia-2026-09-12,mlb-lad-mia-2026-09-12|spread|-2.5|9963300353830899649112848774764884070136450859431135190032805215465430321226,spread,False
mlb-lad-mia-2026-09-12,mlb-lad-mia-2026-09-12|spread|-2.5|9963300353830899649112848774764884070136450859431135190032805215465430321226,spread,True
mlb-lad-mia-2026-09-12,mlb-lad-mia-2026-09-12|spread|-2.5|9963300353830899649112848774764884070136450859431135190032805215465430321226,spread,False
mlb-lad-mia-2026-09-12,mlb-lad-mia-2026-09-12|spread|-2.5|9963300353830899649112848774764884070136450859431135190032805215465430321226,spread,True
mlb-lad-mia-2026-09-12,mlb-lad-mia-2026-09-12|spread|-2.5|9963300353830899649112848774764884070136450859431135190032805215465430321226,spread,True
mlb-lad-mia-2026-09-12,mlb-lad-mia-2026-09-12|spread|-2.5|9963300353830899649112848774764884070136450859431135190032805215465430321226,spread,False
mlb-lad-mia-2026-09-12,mlb-lad-mia-2026-09-12|spread|-2.5|9963300353830899649112848774764884070136450859431135190032805215465430321226,spread,True
mlb-lad-mia-2026-09-12,mlb-lad-mia-2026-09-12|spread|-2.5|9963300353830899649112848774764884070136450859431135190032805215465430321226,spread,True
mlb-lad-mia-2026-09-12,mlb-lad-mia-2026-09-12|spread|-2.5|9963300353830899649112848774764884070136450859431135190032805215465430321226,spread,False
mlb-lad-mia-2026-09-12,mlb-lad-mia-2026-09-12|spread|-2.5|9963300353830899649112848774764884070136450859431135190032805215465430321226,spread,False
mlb-lad-mia-2026-09-12,mlb-lad-mia-2026-09-12|spread|-2.5|9963300353830899649112848774764884070136450859431135190032805215465430321226,spread,True
mlb-lad-mia-2026-09-12,mlb-lad-mia-2026-09-12|spread|-2.5|9963300353830899649112848774764884070136450859431135190032805215465430321226,spread,False
mlb-lad-mia-2026-09-12,mlb-lad-mia-2026-09-12|spread|-2.5|9963300353830899649112848774764884070136450859431135190032805215465430321226,spread,True
mlb-lad-mia-2026-09-12,mlb-lad-mia-2026-09-12|spread|-2.5|9963300353830899649112848774764884070136450859431135190032805215465430321226,spread,False
mlb-lad-mia-2026-09-12,mlb-lad-mia-2026-09-12|spread|-2.5|9963300353830899649112848774764884070136450859431135190032805215465430321226,spread,False
mlb-lad-mia-2026-09-12,mlb-lad-mia-2026-09-12|spread|-2.5|9963300353830899649112848774764884070136450859431135190032805215465430321226,spread,True
mlb-lad-mia-2026-09-12,mlb-lad-mia-2026-09-12|spread|-2.5|9963300353830899649112848774764884070136450859431135190032805215465430321226,spread,True
mlb-lad-mia-2026-09-12,mlb-lad-mia-2026-09-12|spread|-2.5|9963300353830899649112848774764884070136450859431135190032805215465430321226,spread,False
mlb-lad-mia-2026-09-12,mlb-lad-mia-2026-09-12|spread|-2.5|9963300353830899649112848774764884070136450859431135190032805215465430321226,spread,False
mlb-lad-mia-2026-09-12,mlb-lad-mia-2026-09-12|spread|-2.5|9963300353830899649112848774764884070136450859431135190032805215465430321226,spread,True
mlb-lad-mia-2026-09-12,mlb-lad-mia-2026-09-12|spread|-2.5|9963300353830899649112848774764884070136450859431135190032805215465430321226,spread,True
mlb-lad-mia-2026-09-12,mlb-lad-mia-2026-09-12|spread|-2.5|9963300353830899649112848774764884070136450859431135190032805215465430321226,spread,False
mlb-lad-mia-2026-09-12,mlb-lad-mia-2026-09-12|spread|-2.5|9963300353830899649112848774764884070136450859431135190032805215465430321226,spread,True
mlb-lad-mia-2026-09-12,mlb-lad-mia-2026-09-12|spread|-2.5|9963300353830899649112848774764884070136450859431135190032805215465430321226,spread,True
mlb-lad-mia-2026-09-12,mlb-lad-mia-2026-09-12|spread|-2.5|9963300353830899649112848774764884070136450859431135190032805215465430321226,spread,True
mlb-nym-nyy-2026-09-12,mlb-nym-nyy-2026-09-12|moneyline|None|27396431320765705545568208303833576649052342012892990210059387831446878892095,moneyline,True
mlb-nym-nyy-2026-09-12,mlb-nym-nyy-2026-09-12|moneyline|None|27396431320765705545568208303833576649052342012892990210059387831446878892095,moneyline,False
mlb-nym-nyy-2026-09-12,mlb-nym-nyy-2026-09-12|moneyline|None|27396431320765705545568208303833576649052342012892990210059387831446878892095,moneyline,True
mlb-nym-nyy-2026-09-12,mlb-nym-nyy-2026-09-12|moneyline|None|27396431320765705545568208303833576649052342012892990210059387831446878892095,moneyline,False
mlb-nym-nyy-2026-09-12,mlb-nym-nyy-2026-09-12|moneyline|None|27396431320765705545568208303833576649052342012892990210059387831446878892095,moneyline,True
mlb-nym-nyy-2026-09-12,mlb-nym-nyy-2026-09-12|moneyline|None|27396431320765705545568208303833576649052342012892990210059387831446878892095,moneyline,True
mlb-nym-nyy-2026-09-12,mlb-nym-nyy-2026-09-12|moneyline|None|27396431320765705545568208303833576649052342012892990210059387831446878892095,moneyline,True
mlb-nym-nyy-2026-09-12,mlb-nym-nyy-2026-09-12|moneyline|None|27396431320765705545568208303833576649052342012892990210059387831446878892095,moneyline,False
mlb-nym-nyy-2026-09-12,mlb-nym-nyy-2026-09-12|moneyline|None|27396431320765705545568208303833576649052342012892990210059387831446878892095,moneyline,False
mlb-nym-nyy-2026-09-12,mlb-nym-nyy-2026-09-12|moneyline|None|27396431320765705545568208303833576649052342012892990210059387831446878892095,moneyline,True
mlb-nym-nyy-2026-09-12,mlb-nym-nyy-2026-09-12|moneyline|None|27396431320765705545568208303833576649052342012892990210059387831446878892095,moneyline,False
mlb-nym-nyy-2026-09-12,mlb-nym-nyy-2026-09-12|moneyline|None|27396431320765705545568208303833576649052342012892990210059387831446878892095,moneyline,False
mlb-nym-nyy-2026-09-12,mlb-nym-nyy-2026-09-12|moneyline|None|27396431320765705545568208303833576649052342012892990210059387831446878892095,moneyline,True
mlb-nym-nyy-2026-09-12,mlb-nym-nyy-2026-09-12|moneyline|None|27396431320765705545568208303833576649052342012892990210059387831446878892095,moneyline,False
mlb-nym-nyy-2026-09-12,mlb-nym-nyy-2026-09-12|moneyline|None|27396431320765705545568208303833576649052342012892990210059387831446878892095,moneyline,False
mlb-nym-nyy-2026-09-12,mlb-nym-nyy-2026-09-12|moneyline|None|27396431320765705545568208303833576649052342012892990210059387831446878892095,moneyline,True
mlb-nym-nyy-2026-09-12,mlb-nym-nyy-2026-09-12|moneyline|None|27396431320765705545568208303833576649052342012892990210059387831446878892095,moneyline,True
mlb-nym-nyy-2026-09-12,mlb-nym-nyy-2026-09-12|spread|-1.5|65403757962249190027249046140634051686649308638461543757105394712031279106523,spread,False
mlb-nym-nyy-2026-09-12,mlb-nym-nyy-2026-09-12|spread|-1.5|65403757962249190027249046140634051686649308638461543757105394712031279106523,spread,False
mlb-nym-nyy-2026-09-12,mlb-nym-nyy-2026-09-12|spread|-1.5|65403757962249190027249046140634051686649308638461543757105394712031279106523,spread,True
mlb-nym-nyy-2026-09-12,mlb-nym-nyy-2026-09-12|spread|-1.5|65403757962249190027249046140634051686649308638461543757105394712031279106523,spread,True
mlb-nym-nyy-2026-09-12,mlb-nym-nyy-2026-09-12|spread|-1.5|65403757962249190027249046140634051686649308638461543757105394712031279106523,spread,False
mlb-nym-nyy-2026-09-12,mlb-nym-nyy-2026-09-12|spread|-1.5|65403757962249190027249046140634051686649308638461543757105394712031279106523,spread,False
mlb-nym-nyy-2026-09-12,mlb-nym-nyy-2026-09-12|spread|-1.5|65403757962249190027249046140634051686649308638461543757105394712031279106523,spread,True
mlb-nym-nyy-2026-09-12,mlb-nym-nyy-2026-09-12|spread|-1.5|65403757962249190027249046140634051686649308638461543757105394712031279106523,spread,True
mlb-nym-nyy-2026-09-12,mlb-nym-nyy-2026-09-12|spread|-1.5|65403757962249190027249046140634051686649308638461543757105394712031279106523,spread,False
mlb-nym-nyy-2026-09-12,mlb-nym-nyy-2026-09-12|spread|-1.5|65403757962249190027249046140634051686649308638461543757105394712031279106523,spread,True
mlb-nym-nyy-2026-09-12,mlb-nym-nyy-2026-09-12|spread|-1.5|65403757962249190027249046140634051686649308638461543757105394712031279106523,spread,True
mlb-nym-nyy-2026-09-12,mlb-nym-nyy-2026-09-12|spread|-1.5|65403757962249190027249046140634051686649308638461543757105394712031279106523,spread,True
mlb-nym-nyy-2026-09-12,mlb-nym-nyy-2026-09-12|spread|-1.5|65403757962249190027249046140634051686649308638461543757105394712031279106523,spread,False
mlb-nym-nyy-2026-09-12,mlb-nym-nyy-2026-09-12|spread|-1.5|65403757962249190027249046140634051686649308638461543757105394712031279106523,spread,False
mlb-nym-nyy-2026-09-12,mlb-nym-nyy-2026-09-12|spread|-1.5|65403757962249190027249046140634051686649308638461543757105394712031279106523,spread,False
mlb-nym-nyy-2026-09-12,mlb-nym-nyy-2026-09-12|spread|-1.5|65403757962249190027249046140634051686649308638461543757105394712031279106523,spread,False
mlb-nym-nyy-2026-09-12,mlb-nym-nyy-2026-09-12|spread|-1.5|65403757962249190027249046140634051686649308638461543757105394712031279106523,spread,False
mlb-nym-nyy-2026-09-12,mlb-nym-nyy-2026-09-12|spread|-1.5|65403757962249190027249046140634051686649308638461543757105394712031279106523,spread,True
mlb-nym-nyy-2026-09-12,mlb-nym-nyy-2026-09-12|spread|-1.5|65403757962249190027249046140634051686649308638461543757105394712031279106523,spread,True
mlb-nym-nyy-2026-09-12,mlb-nym-nyy-2026-09-12|spread|-1.5|65403757962249190027249046140634051686649308638461543757105394712031279106523,spread,False
mlb-nym-nyy-2026-09-12,mlb-nym-nyy-2026-09-12|spread|-1.5|65403757962249190027249046140634051686649308638461543757105394712031279106523,spread,True
mlb-nym-nyy-2026-09-12,mlb-nym-nyy-2026-09-12|spread|-1.5|65403757962249190027249046140634051686649308638461543757105394712031279106523,spread,True
mlb-nym-nyy-2026-09-12,mlb-nym-nyy-2026-09-12|spread|-1.5|65403757962249190027249046140634051686649308638461543757105394712031279106523,spread,True
mlb-nym-nyy-2026-09-12,mlb-nym-nyy-2026-09-12|spread|-1.5|65403757962249190027249046140634051686649308638461543757105394712031279106523,spread,False
mlb-nym-nyy-2026-09-12,mlb-nym-nyy-2026-09-12|spread|-1.5|65403757962249190027249046140634051686649308638461543757105394712031279106523,spread,True
mlb-nym-nyy-2026-09-12,mlb-nym-nyy-2026-09-12|spread|-1.5|65403757962249190027249046140634051686649308638461543757105394712031279106523,spread,False
mlb-nym-nyy-2026-09-12,mlb-nym-nyy-2026-09-12|spread|-1.5|65403757962249190027249046140634051686649308638461543757105394712031279106523,spread,False
mlb-nym-nyy-2026-09-12,mlb-nym-nyy-2026-09-12|spread|-1.5|65403757962249190027249046140634051686649308638461543757105394712031279106523,spread,False
mlb-nym-nyy-2026-09-12,mlb-nym-nyy-2026-09-12|spread|-1.5|65403757962249190027249046140634051686649308638461543757105394712031279106523,spread,True
mlb-nym-nyy-2026-09-12,mlb-nym-nyy-2026-09-12|spread|-1.5|65403757962249190027249046140634051686649308638461543757105394712031279106523,spread,True
mlb-nym-nyy-2026-09-12,mlb-nym-nyy-2026-09-12|spread|-1.5|65403757962249190027249046140634051686649308638461543757105394712031279106523,spread,False
mlb-nym-nyy-2026-09-12,mlb-nym-nyy-2026-09-12|spread|-1.5|65403757962249190027249046140634051686649308638461543757105394712031279106523,spread,False
mlb-nym-nyy-2026-09-12,mlb-nym-nyy-2026-09-12|spread|-1.5|65403757962249190027249046140634051686649308638461543757105394712031279106523,spread,True
mlb-nym-nyy-2026-09-12,mlb-nym-nyy-2026-09-12|spread|-1.5|65403757962249190027249046140634051686649308638461543757105394712031279106523,spread,False
mlb-nym-nyy-2026-09-12,mlb-nym-nyy-2026-09-12|spread|-1.5|65403757962249190027249046140634051686649308638461543757105394712031279106523,spread,True
mlb-nym-nyy-2026-09-12,mlb-nym-nyy-2026-09-12|spread|-1.5|65403757962249190027249046140634051686649308638461543757105394712031279106523,spread,False
mlb-nym-nyy-2026-09-12,mlb-nym-nyy-2026-09-12|spread|-1.5|65403757962249190027249046140634051686649308638461543757105394712031279106523,spread,False
mlb-nym-nyy-2026-09-12,mlb-nym-nyy-2026-09-12|spread|-1.5|65403757962249190027249046140634051686649308638461543757105394712031279106523,spread,False
mlb-nym-nyy-2026-09-12,mlb-nym-nyy-2026-09-12|spread|-1.5|65403757962249190027249046140634051686649308638461543757105394712031279106523,spread,False
mlb-nym-nyy-2026-09-12,mlb-nym-nyy-2026-09-12|spread|-1.5|65403757962249190027249046140634051686649308638461543757105394712031279106523,spread,True
mlb-nym-nyy-2026-09-12,mlb-nym-nyy-2026-09-12|spread|-1.5|65403757962249190027249046140634051686649308638461543757105394712031279106523,spread,True
mlb-nym-nyy-2026-09-12,mlb-nym-nyy-2026-09-12|spread|-1.5|65403757962249190027249046140634051686649308638461543757105394712031279106523,spread,True
mlb-nym-nyy-2026-09-12,mlb-nym-nyy-2026-09-12|spread|-1.5|65403757962249190027249046140634051686649308638461543757105394712031279106523,spread,True
mlb-nym-nyy-2026-09-12,mlb-nym-nyy-2026-09-12|spread|-1.5|65403757962249190027249046140634051686649308638461543757105394712031279106523,spread,False
mlb-nym-nyy-2026-09-12,mlb-nym-nyy-2026-09-12|spread|-1.5|65403757962249190027249046140634051686649308638461543757105394712031279106523,spread,False
mlb-nym-nyy-2026-09-12,mlb-nym-nyy-2026-09-12|spread|-1.5|65403757962249190027249046140634051686649308638461543757105394712031279106523,spread,True
mlb-nym-nyy-2026-09-12,mlb-nym-nyy-2026-09-12|spread|-1.5|65403757962249190027249046140634051686649308638461543757105394712031279106523,spread,False
mlb-nym-nyy-2026-09-12,mlb-nym-nyy-2026-09-12|spread|-1.5|65403757962249190027249046140634051686649308638461543757105394712031279106523,spread,False
mlb-nym-nyy-2026-09-12,mlb-nym-nyy-2026-09-12|spread|-1.5|65403757962249190027249046140634051686649308638461543757105394712031279106523,spread,False
mlb-nym-nyy-2026-09-12,mlb-nym-nyy-2026-09-12|spread|-1.5|80911767192760044077767993080221368329863132613380286506676933267812994424263,spread,False
mlb-nym-nyy-2026-09-12,mlb-nym-nyy-2026-09-12|spread|-1.5|80911767192760044077767993080221368329863132613380286506676933267812994424263,spread,False
mlb-nym-nyy-2026-09-12,mlb-nym-nyy-2026-09-12|spread|-1.5|80911767192760044077767993080221368329863132613380286506676933267812994424263,spread,True
mlb-nym-nyy-2026-09-12,mlb-nym-nyy-2026-09-12|spread|-1.5|80911767192760044077767993080221368329863132613380286506676933267812994424263,spread,True
mlb-nym-nyy-2026-09-12,mlb-nym-nyy-2026-09-12|spread|-1.5|80911767192760044077767993080221368329863132613380286506676933267812994424263,spread,False
mlb-nym-nyy-2026-09-12,mlb-nym-nyy-2026-09-12|spread|-1.5|80911767192760044077767993080221368329863132613380286506676933267812994424263,spread,True
mlb-nym-nyy-2026-09-12,mlb-nym-nyy-2026-09-12|spread|-1.5|80911767192760044077767993080221368329863132613380286506676933267812994424263,spread,True
mlb-nym-nyy-2026-09-12,mlb-nym-nyy-2026-09-12|spread|-1.5|80911767192760044077767993080221368329863132613380286506676933267812994424263,spread,True
mlb-nym-nyy-2026-09-12,mlb-nym-nyy-2026-09-12|spread|-1.5|80911767192760044077767993080221368329863132613380286506676933267812994424263,spread,False
mlb-nym-nyy-2026-09-12,mlb-nym-nyy-2026-09-12|spread|-1.5|80911767192760044077767993080221368329863132613380286506676933267812994424263,spread,False
mlb-nym-nyy-2026-09-12,mlb-nym-nyy-2026-09-12|spread|-1.5|80911767192760044077767993080221368329863132613380286506676933267812994424263,spread,True
mlb-nym-nyy-2026-09-12,mlb-nym-nyy-2026-09-12|spread|-1.5|80911767192760044077767993080221368329863132613380286506676933267812994424263,spread,True
mlb-nym-nyy-2026-09-12,mlb-nym-nyy-2026-09-12|spread|-1.5|80911767192760044077767993080221368329863132613380286506676933267812994424263,spread,False
mlb-nym-nyy-2026-09-12,mlb-nym-nyy-2026-09-12|spread|-1.5|80911767192760044077767993080221368329863132613380286506676933267812994424263,spread,False
mlb-nym-nyy-2026-09-12,mlb-nym-nyy-2026-09-12|spread|-1.5|80911767192760044077767993080221368329863132613380286506676933267812994424263,spread,True
mlb-nym-nyy-2026-09-12,mlb-nym-nyy-2026-09-12|spread|-1.5|80911767192760044077767993080221368329863132613380286506676933267812994424263,spread,False
mlb-nym-nyy-2026-09-12,mlb-nym-nyy-2026-09-12|spread|-1.5|80911767192760044077767993080221368329863132613380286506676933267812994424263,spread,True
mlb-nym-nyy-2026-09-12,mlb-nym-nyy-2026-09-12|spread|-1.5|80911767192760044077767993080221368329863132613380286506676933267812994424263,spread,True
mlb-nym-nyy-2026-09-12,mlb-nym-nyy-2026-09-12|spread|-1.5|80911767192760044077767993080221368329863132613380286506676933267812994424263,spread,False
mlb-nym-nyy-2026-09-12,mlb-nym-nyy-2026-09-12|spread|-1.5|80911767192760044077767993080221368329863132613380286506676933267812994424263,spread,True
mlb-nym-nyy-2026-09-12,mlb-nym-nyy-2026-09-12|spread|-1.5|80911767192760044077767993080221368329863132613380286506676933267812994424263,spread,True
mlb-nym-nyy-2026-09-12,mlb-nym-nyy-2026-09-12|spread|-1.5|80911767192760044077767993080221368329863132613380286506676933267812994424263,spread,False
mlb-nym-nyy-2026-09-12,mlb-nym-nyy-2026-09-12|spread|-1.5|80911767192760044077767993080221368329863132613380286506676933267812994424263,spread,False
mlb-nym-nyy-2026-09-12,mlb-nym-nyy-2026-09-12|spread|-1.5|80911767192760044077767993080221368329863132613380286506676933267812994424263,spread,True
mlb-nym-nyy-2026-09-12,mlb-nym-nyy-2026-09-12|spread|-1.5|80911767192760044077767993080221368329863132613380286506676933267812994424263,spread,False
mlb-nym-nyy-2026-09-12,mlb-nym-nyy-2026-09-12|spread|-1.5|80911767192760044077767993080221368329863132613380286506676933267812994424263,spread,True
mlb-nym-nyy-2026-09-12,mlb-nym-nyy-2026-09-12|spread|-1.5|80911767192760044077767993080221368329863132613380286506676933267812994424263,spread,False
mlb-nym-nyy-2026-09-12,mlb-nym-nyy-2026-09-12|spread|-1.5|80911767192760044077767993080221368329863132613380286506676933267812994424263,spread,True
mlb-nym-nyy-2026-09-12,mlb-nym-nyy-2026-09-12|spread|-1.5|80911767192760044077767993080221368329863132613380286506676933267812994424263,spread,True
mlb-nym-nyy-2026-09-12,mlb-nym-nyy-2026-09-12|spread|-1.5|80911767192760044077767993080221368329863132613380286506676933267812994424263,spread,True
mlb-nym-nyy-2026-09-12,mlb-nym-nyy-2026-09-12|spread|-1.5|80911767192760044077767993080221368329863132613380286506676933267812994424263,spread,True
mlb-nym-nyy-2026-09-12,mlb-nym-nyy-2026-09-12|spread|-1.5|80911767192760044077767993080221368329863132613380286506676933267812994424263,spread,True
mlb-nym-nyy-2026-09-12,mlb-nym-nyy-2026-09-12|spread|-1.5|80911767192760044077767993080221368329863132613380286506676933267812994424263,spread,True
mlb-nym-nyy-2026-09-12,mlb-nym-nyy-2026-09-12|spread|-1.5|80911767192760044077767993080221368329863132613380286506676933267812994424263,spread,True
mlb-nym-nyy-2026-09-12,mlb-nym-nyy-2026-09-12|spread|-1.5|80911767192760044077767993080221368329863132613380286506676933267812994424263,spread,False
mlb-nym-nyy-2026-09-12,mlb-nym-nyy-2026-09-12|spread|-2.5|30929957028762273640344174381780009895655335776650707292607194345083465039610,spread,False
mlb-nym-nyy-2026-09-12,mlb-nym-nyy-2026-09-12|spread|-2.5|30929957028762273640344174381780009895655335776650707292607194345083465039610,spread,True
mlb-nym-nyy-2026-09-12,mlb-nym-nyy-2026-09-12|spread|-2.5|30929957028762273640344174381780009895655335776650707292607194345083465039610,spread,True
mlb-nym-nyy-2026-09-12,mlb-nym-nyy-2026-09-12|spread|-2.5|30929957028762273640344174381780009895655335776650707292607194345083465039610,spread,True
mlb-nym-nyy-2026-09-12,mlb-nym-nyy-2026-09-12|spread|-2.5|30929957028762273640344174381780009895655335776650707292607194345083465039610,spread,True
mlb-nym-nyy-2026-09-12,mlb-nym-nyy-2026-09-12|spread|-2.5|30929957028762273640344174381780009895655335776650707292607194345083465039610,spread,True
mlb-nym-nyy-2026-09-12,mlb-nym-nyy-2026-09-12|spread|-2.5|30929957028762273640344174381780009895655335776650707292607194345083465039610,spread,True
mlb-nym-nyy-2026-09-12,mlb-nym-nyy-2026-09-12|spread|-2.5|30929957028762273640344174381780009895655335776650707292607194345083465039610,spread,False
mlb-nym-nyy-2026-09-12,mlb-nym-nyy-2026-09-12|spread|-2.5|30929957028762273640344174381780009895655335776650707292607194345083465039610,spread,False
mlb-nym-nyy-2026-09-12,mlb-nym-nyy-2026-09-12|spread|-2.5|30929957028762273640344174381780009895655335776650707292607194345083465039610,spread,True
mlb-nym-nyy-2026-09-12,mlb-nym-nyy-2026-09-12|spread|-2.5|53915810477758241015702307479807151240141312896007923842440312876433751862514,spread,True
mlb-nym-nyy-2026-09-12,mlb-nym-nyy-2026-09-12|spread|-2.5|53915810477758241015702307479807151240141312896007923842440312876433751862514,spread,False
mlb-nym-nyy-2026-09-12,mlb-nym-nyy-2026-09-12|spread|-2.5|53915810477758241015702307479807151240141312896007923842440312876433751862514,spread,True
mlb-nym-nyy-2026-09-12,mlb-nym-nyy-2026-09-12|spread|-2.5|53915810477758241015702307479807151240141312896007923842440312876433751862514,spread,True
mlb-nym-nyy-2026-09-12,mlb-nym-nyy-2026-09-12|spread|-2.5|53915810477758241015702307479807151240141312896007923842440312876433751862514,spread,False
mlb-nym-nyy-2026-09-12,mlb-nym-nyy-2026-09-12|spread|-2.5|53915810477758241015702307479807151240141312896007923842440312876433751862514,spread,False
mlb-nym-nyy-2026-09-12,mlb-nym-nyy-2026-09-12|spread|-2.5|53915810477758241015702307479807151240141312896007923842440312876433751862514,spread,True
mlb-nym-nyy-2026-09-12,mlb-nym-nyy-2026-09-12|spread|-2.5|53915810477758241015702307479807151240141312896007923842440312876433751862514,spread,False
mlb-nym-nyy-2026-09-12,mlb-nym-nyy-2026-09-12|spread|-2.5|53915810477758241015702307479807151240141312896007923842440312876433751862514,spread,True
mlb-nym-nyy-2026-09-12,mlb-nym-nyy-2026-09-12|spread|-2.5|53915810477758241015702307479807151240141312896007923842440312876433751862514,spread,True
mlb-nym-nyy-2026-09-12,mlb-nym-nyy-2026-09-12|spread|-2.5|53915810477758241015702307479807151240141312896007923842440312876433751862514,spread,True
mlb-nym-nyy-2026-09-12,mlb-nym-nyy-2026-09-12|spread|-2.5|53915810477758241015702307479807151240141312896007923842440312876433751862514,spread,True
mlb-nym-nyy-2026-09-12,mlb-nym-nyy-2026-09-12|spread|-2.5|53915810477758241015702307479807151240141312896007923842440312876433751862514,spread,False
mlb-nym-nyy-2026-09-12,mlb-nym-nyy-2026-09-12|spread|-2.5|53915810477758241015702307479807151240141312896007923842440312876433751862514,spread,False
mlb-nym-nyy-2026-09-12,mlb-nym-nyy-2026-09-12|spread|-2.5|53915810477758241015702307479807151240141312896007923842440312876433751862514,spread,True
mlb-nym-nyy-2026-09-12,mlb-nym-nyy-2026-09-12|spread|-2.5|53915810477758241015702307479807151240141312896007923842440312876433751862514,spread,False
mlb-nym-nyy-2026-09-12,mlb-nym-nyy-2026-09-12|spread|-2.5|53915810477758241015702307479807151240141312896007923842440312876433751862514,spread,False
mlb-nym-nyy-2026-09-12,mlb-nym-nyy-2026-09-12|spread|-2.5|53915810477758241015702307479807151240141312896007923842440312876433751862514,spread,True
mlb-nym-nyy-2026-09-12,mlb-nym-nyy-2026-09-12|spread|-2.5|53915810477758241015702307479807151240141312896007923842440312876433751862514,spread,False
mlb-nym-nyy-2026-09-12,mlb-nym-nyy-2026-09-12|spread|-2.5|53915810477758241015702307479807151240141312896007923842440312876433751862514,spread,False
mlb-nym-nyy-2026-09-12,mlb-nym-nyy-2026-09-12|spread|-2.5|53915810477758241015702307479807151240141312896007923842440312876433751862514,spread,False
mlb-nym-nyy-2026-09-12,mlb-nym-nyy-2026-09-12|spread|-2.5|53915810477758241015702307479807151240141312896007923842440312876433751862514,spread,True
mlb-nym-nyy-2026-09-12,mlb-nym-nyy-2026-09-12|spread|-2.5|53915810477758241015702307479807151240141312896007923842440312876433751862514,spread,True
mlb-nym-nyy-2026-09-12,mlb-nym-nyy-2026-09-12|spread|-2.5|53915810477758241015702307479807151240141312896007923842440312876433751862514,spread,True
mlb-nym-nyy-2026-09-12,mlb-nym-nyy-2026-09-12|spread|-2.5|53915810477758241015702307479807151240141312896007923842440312876433751862514,spread,True
mlb-nym-nyy-2026-09-12,mlb-nym-nyy-2026-09-12|spread|-2.5|53915810477758241015702307479807151240141312896007923842440312876433751862514,spread,True
mlb-nym-nyy-2026-09-12,mlb-nym-nyy-2026-09-12|spread|-2.5|53915810477758241015702307479807151240141312896007923842440312876433751862514,spread,False
mlb-nym-nyy-2026-09-12,mlb-nym-nyy-2026-09-12|spread|-2.5|53915810477758241015702307479807151240141312896007923842440312876433751862514,spread,False
mlb-nym-nyy-2026-09-12,mlb-nym-nyy-2026-09-12|spread|-2.5|53915810477758241015702307479807151240141312896007923842440312876433751862514,spread,True
mlb-nym-nyy-2026-09-12,mlb-nym-nyy-2026-09-12|spread|-2.5|53915810477758241015702307479807151240141312896007923842440312876433751862514,spread,True
mlb-nym-nyy-2026-09-12,mlb-nym-nyy-2026-09-12|spread|-2.5|53915810477758241015702307479807151240141312896007923842440312876433751862514,spread,True
mlb-nym-nyy-2026-09-12,mlb-nym-nyy-2026-09-12|spread|-2.5|53915810477758241015702307479807151240141312896007923842440312876433751862514,spread,True
mlb-nym-nyy-2026-09-12,mlb-nym-nyy-2026-09-12|spread|-2.5|53915810477758241015702307479807151240141312896007923842440312876433751862514,spread,True
mlb-nym-nyy-2026-09-12,mlb-nym-nyy-2026-09-12|spread|-2.5|53915810477758241015702307479807151240141312896007923842440312876433751862514,spread,False
mlb-nym-nyy-2026-09-12,mlb-nym-nyy-2026-09-12|spread|-2.5|53915810477758241015702307479807151240141312896007923842440312876433751862514,spread,False
mlb-nym-nyy-2026-09-12,mlb-nym-nyy-2026-09-12|spread|-2.5|53915810477758241015702307479807151240141312896007923842440312876433751862514,spread,True
mlb-nym-nyy-2026-09-12,mlb-nym-nyy-2026-09-12|spread|-2.5|53915810477758241015702307479807151240141312896007923842440312876433751862514,spread,False
mlb-nym-nyy-2026-09-12,mlb-nym-nyy-2026-09-12|spread|-2.5|53915810477758241015702307479807151240141312896007923842440312876433751862514,spread,False
mlb-nym-nyy-2026-09-12,mlb-nym-nyy-2026-09-12|spread|-2.5|53915810477758241015702307479807151240141312896007923842440312876433751862514,spread,True
mlb-nym-nyy-2026-09-12,mlb-nym-nyy-2026-09-12|spread|-2.5|53915810477758241015702307479807151240141312896007923842440312876433751862514,spread,True
mlb-nym-nyy-2026-09-12,mlb-nym-nyy-2026-09-12|spread|-2.5|53915810477758241015702307479807151240141312896007923842440312876433751862514,spread,False
mlb-nym-nyy-2026-09-12,mlb-nym-nyy-2026-09-12|spread|-2.5|53915810477758241015702307479807151240141312896007923842440312876433751862514,spread,True
mlb-nym-nyy-2026-09-12,mlb-nym-nyy-2026-09-12|spread|-2.5|53915810477758241015702307479807151240141312896007923842440312876433751862514,spread,False
mlb-nym-nyy-2026-09-12,mlb-nym-nyy-2026-09-12|spread|-2.5|53915810477758241015702307479807151240141312896007923842440312876433751862514,spread,True
mlb-nym-nyy-2026-09-12,mlb-nym-nyy-2026-09-12|spread|-2.5|53915810477758241015702307479807151240141312896007923842440312876433751862514,spread,False
mlb-nym-nyy-2026-09-12,mlb-nym-nyy-2026-09-12|spread|-2.5|53915810477758241015702307479807151240141312896007923842440312876433751862514,spread,False
mlb-nym-nyy-2026-09-12,mlb-nym-nyy-2026-09-12|spread|-2.5|53915810477758241015702307479807151240141312896007923842440312876433751862514,spread,True
mlb-nym-nyy-2026-09-12,mlb-nym-nyy-2026-09-12|spread|-2.5|53915810477758241015702307479807151240141312896007923842440312876433751862514,spread,True
mlb-nym-nyy-2026-09-12,mlb-nym-nyy-2026-09-12|spread|-2.5|53915810477758241015702307479807151240141312896007923842440312876433751862514,spread,False
mlb-nym-nyy-2026-09-12,mlb-nym-nyy-2026-09-12|spread|-2.5|53915810477758241015702307479807151240141312896007923842440312876433751862514,spread,False
mlb-nym-nyy-2026-09-12,mlb-nym-nyy-2026-09-12|spread|-2.5|53915810477758241015702307479807151240141312896007923842440312876433751862514,spread,True
mlb-nym-nyy-2026-09-12,mlb-nym-nyy-2026-09-12|spread|-2.5|53915810477758241015702307479807151240141312896007923842440312876433751862514,spread,True
mlb-nym-nyy-2026-09-12,mlb-nym-nyy-2026-09-12|spread|-2.5|53915810477758241015702307479807151240141312896007923842440312876433751862514,spread,True
mlb-nym-nyy-2026-09-12,mlb-nym-nyy-2026-09-12|spread|-2.5|53915810477758241015702307479807151240141312896007923842440312876433751862514,spread,True
mlb-nym-nyy-2026-09-12,mlb-nym-nyy-2026-09-12|spread|-2.5|53915810477758241015702307479807151240141312896007923842440312876433751862514,spread,True
mlb-nym-nyy-2026-09-12,mlb-nym-nyy-2026-09-12|spread|-2.5|53915810477758241015702307479807151240141312896007923842440312876433751862514,spread,True
mlb-nym-nyy-2026-09-12,mlb-nym-nyy-2026-09-12|spread|-2.5|53915810477758241015702307479807151240141312896007923842440312876433751862514,spread,True
mlb-nym-nyy-2026-09-12,mlb-nym-nyy-2026-09-12|spread|-2.5|53915810477758241015702307479807151240141312896007923842440312876433751862514,spread,False
mlb-nym-nyy-2026-09-12,mlb-nym-nyy-2026-09-12|spread|-2.5|53915810477758241015702307479807151240141312896007923842440312876433751862514,spread,False
mlb-nym-nyy-2026-09-12,mlb-nym-nyy-2026-09-12|spread|-2.5|53915810477758241015702307479807151240141312896007923842440312876433751862514,spread,False
mlb-nym-nyy-2026-09-12,mlb-nym-nyy-2026-09-12|spread|-2.5|53915810477758241015702307479807151240141312896007923842440312876433751862514,spread,False
mlb-phi-atl-2026-09-12,mlb-phi-atl-2026-09-12|spread|-1.5|23048273887681780976855839923421355038444586183162422400497213687946621931447,spread,True
mlb-phi-atl-2026-09-12,mlb-phi-atl-2026-09-12|spread|-1.5|23048273887681780976855839923421355038444586183162422400497213687946621931447,spread,False
mlb-phi-atl-2026-09-12,mlb-phi-atl-2026-09-12|spread|-1.5|23048273887681780976855839923421355038444586183162422400497213687946621931447,spread,True
mlb-phi-atl-2026-09-12,mlb-phi-atl-2026-09-12|spread|-1.5|23048273887681780976855839923421355038444586183162422400497213687946621931447,spread,False
mlb-phi-atl-2026-09-12,mlb-phi-atl-2026-09-12|spread|-1.5|23048273887681780976855839923421355038444586183162422400497213687946621931447,spread,False
mlb-phi-atl-2026-09-12,mlb-phi-atl-2026-09-12|spread|-1.5|23048273887681780976855839923421355038444586183162422400497213687946621931447,spread,False
mlb-phi-atl-2026-09-12,mlb-phi-atl-2026-09-12|spread|-1.5|23048273887681780976855839923421355038444586183162422400497213687946621931447,spread,True
mlb-phi-atl-2026-09-12,mlb-phi-atl-2026-09-12|spread|-1.5|23048273887681780976855839923421355038444586183162422400497213687946621931447,spread,False
mlb-phi-atl-2026-09-12,mlb-phi-atl-2026-09-12|spread|-1.5|23048273887681780976855839923421355038444586183162422400497213687946621931447,spread,False
mlb-phi-atl-2026-09-12,mlb-phi-atl-2026-09-12|spread|-1.5|23048273887681780976855839923421355038444586183162422400497213687946621931447,spread,True
mlb-phi-atl-2026-09-12,mlb-phi-atl-2026-09-12|spread|-1.5|23048273887681780976855839923421355038444586183162422400497213687946621931447,spread,False
mlb-phi-atl-2026-09-12,mlb-phi-atl-2026-09-12|spread|-1.5|23048273887681780976855839923421355038444586183162422400497213687946621931447,spread,True
mlb-phi-atl-2026-09-12,mlb-phi-atl-2026-09-12|spread|-1.5|23048273887681780976855839923421355038444586183162422400497213687946621931447,spread,True
mlb-phi-atl-2026-09-12,mlb-phi-atl-2026-09-12|spread|-1.5|23048273887681780976855839923421355038444586183162422400497213687946621931447,spread,False
mlb-phi-atl-2026-09-12,mlb-phi-atl-2026-09-12|spread|-1.5|23048273887681780976855839923421355038444586183162422400497213687946621931447,spread,True
mlb-phi-atl-2026-09-12,mlb-phi-atl-2026-09-12|spread|-1.5|23048273887681780976855839923421355038444586183162422400497213687946621931447,spread,False
mlb-phi-atl-2026-09-12,mlb-phi-atl-2026-09-12|spread|-1.5|23048273887681780976855839923421355038444586183162422400497213687946621931447,spread,True
mlb-phi-atl-2026-09-12,mlb-phi-atl-2026-09-12|spread|-1.5|23048273887681780976855839923421355038444586183162422400497213687946621931447,spread,False
mlb-phi-atl-2026-09-12,mlb-phi-atl-2026-09-12|spread|-1.5|23048273887681780976855839923421355038444586183162422400497213687946621931447,spread,True
mlb-phi-atl-2026-09-12,mlb-phi-atl-2026-09-12|spread|-1.5|23048273887681780976855839923421355038444586183162422400497213687946621931447,spread,True
mlb-phi-atl-2026-09-12,mlb-phi-atl-2026-09-12|spread|-1.5|23048273887681780976855839923421355038444586183162422400497213687946621931447,spread,False
mlb-phi-atl-2026-09-12,mlb-phi-atl-2026-09-12|spread|-1.5|23048273887681780976855839923421355038444586183162422400497213687946621931447,spread,False
mlb-phi-atl-2026-09-12,mlb-phi-atl-2026-09-12|spread|-1.5|23048273887681780976855839923421355038444586183162422400497213687946621931447,spread,False
mlb-phi-atl-2026-09-12,mlb-phi-atl-2026-09-12|spread|-1.5|23048273887681780976855839923421355038444586183162422400497213687946621931447,spread,True
mlb-phi-atl-2026-09-12,mlb-phi-atl-2026-09-12|spread|-1.5|23048273887681780976855839923421355038444586183162422400497213687946621931447,spread,False
mlb-phi-atl-2026-09-12,mlb-phi-atl-2026-09-12|spread|-1.5|23048273887681780976855839923421355038444586183162422400497213687946621931447,spread,False
mlb-phi-atl-2026-09-12,mlb-phi-atl-2026-09-12|spread|-1.5|23048273887681780976855839923421355038444586183162422400497213687946621931447,spread,True
mlb-phi-atl-2026-09-12,mlb-phi-atl-2026-09-12|spread|-1.5|23048273887681780976855839923421355038444586183162422400497213687946621931447,spread,True
mlb-phi-atl-2026-09-12,mlb-phi-atl-2026-09-12|spread|-1.5|23048273887681780976855839923421355038444586183162422400497213687946621931447,spread,False
mlb-phi-atl-2026-09-12,mlb-phi-atl-2026-09-12|spread|-1.5|23048273887681780976855839923421355038444586183162422400497213687946621931447,spread,False
mlb-phi-atl-2026-09-12,mlb-phi-atl-2026-09-12|spread|-1.5|23048273887681780976855839923421355038444586183162422400497213687946621931447,spread,False
mlb-phi-atl-2026-09-12,mlb-phi-atl-2026-09-12|spread|-1.5|23048273887681780976855839923421355038444586183162422400497213687946621931447,spread,False
mlb-phi-atl-2026-09-12,mlb-phi-atl-2026-09-12|spread|-1.5|23048273887681780976855839923421355038444586183162422400497213687946621931447,spread,True
mlb-phi-atl-2026-09-12,mlb-phi-atl-2026-09-12|spread|-1.5|23048273887681780976855839923421355038444586183162422400497213687946621931447,spread,False
mlb-phi-atl-2026-09-12,mlb-phi-atl-2026-09-12|spread|-1.5|23048273887681780976855839923421355038444586183162422400497213687946621931447,spread,False
mlb-phi-atl-2026-09-12,mlb-phi-atl-2026-09-12|spread|-1.5|91614628082475920670233590313610423667332955234173323836957494141769419359899,spread,True
mlb-phi-atl-2026-09-12,mlb-phi-atl-2026-09-12|spread|-1.5|91614628082475920670233590313610423667332955234173323836957494141769419359899,spread,True
mlb-phi-atl-2026-09-12,mlb-phi-atl-2026-09-12|spread|-1.5|91614628082475920670233590313610423667332955234173323836957494141769419359899,spread,True
mlb-phi-atl-2026-09-12,mlb-phi-atl-2026-09-12|spread|-1.5|91614628082475920670233590313610423667332955234173323836957494141769419359899,spread,True
mlb-phi-atl-2026-09-12,mlb-phi-atl-2026-09-12|spread|-1.5|91614628082475920670233590313610423667332955234173323836957494141769419359899,spread,True
mlb-phi-atl-2026-09-12,mlb-phi-atl-2026-09-12|spread|-1.5|91614628082475920670233590313610423667332955234173323836957494141769419359899,spread,False
mlb-phi-atl-2026-09-12,mlb-phi-atl-2026-09-12|spread|-1.5|91614628082475920670233590313610423667332955234173323836957494141769419359899,spread,False
mlb-phi-atl-2026-09-12,mlb-phi-atl-2026-09-12|spread|-1.5|91614628082475920670233590313610423667332955234173323836957494141769419359899,spread,False
mlb-phi-atl-2026-09-12,mlb-phi-atl-2026-09-12|spread|-1.5|91614628082475920670233590313610423667332955234173323836957494141769419359899,spread,True
mlb-phi-atl-2026-09-12,mlb-phi-atl-2026-09-12|spread|-1.5|91614628082475920670233590313610423667332955234173323836957494141769419359899,spread,True
mlb-phi-atl-2026-09-12,mlb-phi-atl-2026-09-12|spread|-1.5|91614628082475920670233590313610423667332955234173323836957494141769419359899,spread,True
mlb-phi-atl-2026-09-12,mlb-phi-atl-2026-09-12|spread|-1.5|91614628082475920670233590313610423667332955234173323836957494141769419359899,spread,True
mlb-phi-atl-2026-09-12,mlb-phi-atl-2026-09-12|spread|-1.5|91614628082475920670233590313610423667332955234173323836957494141769419359899,spread,True
mlb-phi-atl-2026-09-12,mlb-phi-atl-2026-09-12|spread|-1.5|91614628082475920670233590313610423667332955234173323836957494141769419359899,spread,True
mlb-phi-atl-2026-09-12,mlb-phi-atl-2026-09-12|spread|-1.5|91614628082475920670233590313610423667332955234173323836957494141769419359899,spread,False
mlb-phi-atl-2026-09-12,mlb-phi-atl-2026-09-12|spread|-1.5|91614628082475920670233590313610423667332955234173323836957494141769419359899,spread,True
mlb-phi-atl-2026-09-12,mlb-phi-atl-2026-09-12|spread|-1.5|91614628082475920670233590313610423667332955234173323836957494141769419359899,spread,True
mlb-phi-atl-2026-09-12,mlb-phi-atl-2026-09-12|spread|-1.5|91614628082475920670233590313610423667332955234173323836957494141769419359899,spread,True
mlb-phi-atl-2026-09-12,mlb-phi-atl-2026-09-12|spread|-1.5|91614628082475920670233590313610423667332955234173323836957494141769419359899,spread,False
mlb-phi-atl-2026-09-12,mlb-phi-atl-2026-09-12|spread|-1.5|91614628082475920670233590313610423667332955234173323836957494141769419359899,spread,False
mlb-phi-atl-2026-09-12,mlb-phi-atl-2026-09-12|spread|-1.5|91614628082475920670233590313610423667332955234173323836957494141769419359899,spread,True
mlb-phi-atl-2026-09-12,mlb-phi-atl-2026-09-12|spread|-1.5|91614628082475920670233590313610423667332955234173323836957494141769419359899,spread,True
mlb-phi-atl-2026-09-12,mlb-phi-atl-2026-09-12|spread|-1.5|91614628082475920670233590313610423667332955234173323836957494141769419359899,spread,True
mlb-phi-atl-2026-09-12,mlb-phi-atl-2026-09-12|spread|-1.5|91614628082475920670233590313610423667332955234173323836957494141769419359899,spread,True
mlb-phi-atl-2026-09-12,mlb-phi-atl-2026-09-12|spread|-1.5|91614628082475920670233590313610423667332955234173323836957494141769419359899,spread,True
mlb-phi-atl-2026-09-12,mlb-phi-atl-2026-09-12|spread|-1.5|91614628082475920670233590313610423667332955234173323836957494141769419359899,spread,False
mlb-phi-atl-2026-09-12,mlb-phi-atl-2026-09-12|spread|-1.5|91614628082475920670233590313610423667332955234173323836957494141769419359899,spread,True
mlb-phi-atl-2026-09-12,mlb-phi-atl-2026-09-12|spread|-1.5|91614628082475920670233590313610423667332955234173323836957494141769419359899,spread,False
mlb-phi-atl-2026-09-12,mlb-phi-atl-2026-09-12|spread|-1.5|91614628082475920670233590313610423667332955234173323836957494141769419359899,spread,False
mlb-phi-atl-2026-09-12,mlb-phi-atl-2026-09-12|spread|-1.5|91614628082475920670233590313610423667332955234173323836957494141769419359899,spread,True
mlb-phi-atl-2026-09-12,mlb-phi-atl-2026-09-12|spread|-1.5|91614628082475920670233590313610423667332955234173323836957494141769419359899,spread,False
mlb-phi-atl-2026-09-12,mlb-phi-atl-2026-09-12|spread|-1.5|91614628082475920670233590313610423667332955234173323836957494141769419359899,spread,True
mlb-phi-atl-2026-09-12,mlb-phi-atl-2026-09-12|spread|-1.5|91614628082475920670233590313610423667332955234173323836957494141769419359899,spread,False
mlb-phi-atl-2026-09-12,mlb-phi-atl-2026-09-12|spread|-1.5|91614628082475920670233590313610423667332955234173323836957494141769419359899,spread,True
mlb-phi-atl-2026-09-12,mlb-phi-atl-2026-09-12|spread|-1.5|91614628082475920670233590313610423667332955234173323836957494141769419359899,spread,True
mlb-phi-atl-2026-09-12,mlb-phi-atl-2026-09-12|spread|-1.5|91614628082475920670233590313610423667332955234173323836957494141769419359899,spread,True
mlb-phi-atl-2026-09-12,mlb-phi-atl-2026-09-12|spread|-1.5|91614628082475920670233590313610423667332955234173323836957494141769419359899,spread,False
mlb-phi-atl-2026-09-12,mlb-phi-atl-2026-09-12|spread|-1.5|91614628082475920670233590313610423667332955234173323836957494141769419359899,spread,True
mlb-phi-atl-2026-09-12,mlb-phi-atl-2026-09-12|spread|-1.5|91614628082475920670233590313610423667332955234173323836957494141769419359899,spread,True
mlb-phi-atl-2026-09-12,mlb-phi-atl-2026-09-12|spread|-1.5|91614628082475920670233590313610423667332955234173323836957494141769419359899,spread,False
mlb-phi-atl-2026-09-12,mlb-phi-atl-2026-09-12|spread|-1.5|91614628082475920670233590313610423667332955234173323836957494141769419359899,spread,False
mlb-phi-atl-2026-09-12,mlb-phi-atl-2026-09-12|spread|-1.5|91614628082475920670233590313610423667332955234173323836957494141769419359899,spread,False
mlb-phi-atl-2026-09-12,mlb-phi-atl-2026-09-12|spread|-2.5|27266877079606468972875023627370654870985950171739193152190689178222664018843,spread,True
mlb-phi-atl-2026-09-12,mlb-phi-atl-2026-09-12|spread|-2.5|27266877079606468972875023627370654870985950171739193152190689178222664018843,spread,True
mlb-phi-atl-2026-09-12,mlb-phi-atl-2026-09-12|spread|-2.5|27266877079606468972875023627370654870985950171739193152190689178222664018843,spread,True
mlb-phi-atl-2026-09-12,mlb-phi-atl-2026-09-12|spread|-2.5|27266877079606468972875023627370654870985950171739193152190689178222664018843,spread,False
mlb-phi-atl-2026-09-12,mlb-phi-atl-2026-09-12|spread|-2.5|27266877079606468972875023627370654870985950171739193152190689178222664018843,spread,False
mlb-phi-atl-2026-09-12,mlb-phi-atl-2026-09-12|spread|-2.5|27266877079606468972875023627370654870985950171739193152190689178222664018843,spread,True
mlb-phi-atl-2026-09-12,mlb-phi-atl-2026-09-12|spread|-2.5|27266877079606468972875023627370654870985950171739193152190689178222664018843,spread,True
mlb-phi-atl-2026-09-12,mlb-phi-atl-2026-09-12|spread|-2.5|27266877079606468972875023627370654870985950171739193152190689178222664018843,spread,False
mlb-phi-atl-2026-09-12,mlb-phi-atl-2026-09-12|spread|-2.5|27266877079606468972875023627370654870985950171739193152190689178222664018843,spread,False
mlb-phi-atl-2026-09-12,mlb-phi-atl-2026-09-12|spread|-2.5|27266877079606468972875023627370654870985950171739193152190689178222664018843,spread,False
mlb-phi-atl-2026-09-12,mlb-phi-atl-2026-09-12|spread|-2.5|27266877079606468972875023627370654870985950171739193152190689178222664018843,spread,False
mlb-phi-atl-2026-09-12,mlb-phi-atl-2026-09-12|spread|-2.5|27266877079606468972875023627370654870985950171739193152190689178222664018843,spread,False
mlb-phi-atl-2026-09-12,mlb-phi-atl-2026-09-12|spread|-2.5|27266877079606468972875023627370654870985950171739193152190689178222664018843,spread,True
mlb-phi-atl-2026-09-12,mlb-phi-atl-2026-09-12|spread|-2.5|27266877079606468972875023627370654870985950171739193152190689178222664018843,spread,True
mlb-phi-atl-2026-09-12,mlb-phi-atl-2026-09-12|spread|-2.5|27266877079606468972875023627370654870985950171739193152190689178222664018843,spread,True
mlb-phi-atl-2026-09-12,mlb-phi-atl-2026-09-12|spread|-2.5|27266877079606468972875023627370654870985950171739193152190689178222664018843,spread,True
mlb-phi-atl-2026-09-12,mlb-phi-atl-2026-09-12|spread|-2.5|27266877079606468972875023627370654870985950171739193152190689178222664018843,spread,True
mlb-phi-atl-2026-09-12,mlb-phi-atl-2026-09-12|spread|-2.5|27266877079606468972875023627370654870985950171739193152190689178222664018843,spread,False
mlb-phi-atl-2026-09-12,mlb-phi-atl-2026-09-12|spread|-2.5|27266877079606468972875023627370654870985950171739193152190689178222664018843,spread,True
mlb-phi-atl-2026-09-12,mlb-phi-atl-2026-09-12|spread|-2.5|27266877079606468972875023627370654870985950171739193152190689178222664018843,spread,True
mlb-phi-atl-2026-09-12,mlb-phi-atl-2026-09-12|spread|-2.5|27266877079606468972875023627370654870985950171739193152190689178222664018843,spread,True
mlb-phi-atl-2026-09-12,mlb-phi-atl-2026-09-12|spread|-2.5|27266877079606468972875023627370654870985950171739193152190689178222664018843,spread,True
mlb-phi-atl-2026-09-12,mlb-phi-atl-2026-09-12|spread|-2.5|27266877079606468972875023627370654870985950171739193152190689178222664018843,spread,False
mlb-phi-atl-2026-09-12,mlb-phi-atl-2026-09-12|spread|-2.5|27266877079606468972875023627370654870985950171739193152190689178222664018843,spread,False
mlb-phi-atl-2026-09-12,mlb-phi-atl-2026-09-12|spread|-2.5|27266877079606468972875023627370654870985950171739193152190689178222664018843,spread,False
mlb-phi-atl-2026-09-12,mlb-phi-atl-2026-09-12|spread|-2.5|27266877079606468972875023627370654870985950171739193152190689178222664018843,spread,False
mlb-phi-atl-2026-09-12,mlb-phi-atl-2026-09-12|spread|-2.5|27266877079606468972875023627370654870985950171739193152190689178222664018843,spread,False
mlb-phi-atl-2026-09-12,mlb-phi-atl-2026-09-12|spread|-2.5|27266877079606468972875023627370654870985950171739193152190689178222664018843,spread,False
mlb-phi-atl-2026-09-12,mlb-phi-atl-2026-09-12|spread|-2.5|27266877079606468972875023627370654870985950171739193152190689178222664018843,spread,False
mlb-phi-atl-2026-09-12,mlb-phi-atl-2026-09-12|spread|-2.5|35124892275982786378897994651333627812398199672238528675506898617284906594077,spread,True
mlb-phi-atl-2026-09-12,mlb-phi-atl-2026-09-12|spread|-2.5|35124892275982786378897994651333627812398199672238528675506898617284906594077,spread,True
mlb-phi-atl-2026-09-12,mlb-phi-atl-2026-09-12|spread|-2.5|35124892275982786378897994651333627812398199672238528675506898617284906594077,spread,False
mlb-phi-atl-2026-09-12,mlb-phi-atl-2026-09-12|spread|-2.5|35124892275982786378897994651333627812398199672238528675506898617284906594077,spread,False
mlb-phi-atl-2026-09-12,mlb-phi-atl-2026-09-12|spread|-2.5|35124892275982786378897994651333627812398199672238528675506898617284906594077,spread,False
mlb-phi-atl-2026-09-12,mlb-phi-atl-2026-09-12|spread|-2.5|35124892275982786378897994651333627812398199672238528675506898617284906594077,spread,True
mlb-phi-atl-2026-09-12,mlb-phi-atl-2026-09-12|spread|-2.5|35124892275982786378897994651333627812398199672238528675506898617284906594077,spread,False
mlb-phi-atl-2026-09-12,mlb-phi-atl-2026-09-12|spread|-2.5|35124892275982786378897994651333627812398199672238528675506898617284906594077,spread,False
mlb-phi-atl-2026-09-12,mlb-phi-atl-2026-09-12|spread|-2.5|35124892275982786378897994651333627812398199672238528675506898617284906594077,spread,False
mlb-phi-atl-2026-09-12,mlb-phi-atl-2026-09-12|spread|-2.5|35124892275982786378897994651333627812398199672238528675506898617284906594077,spread,False
mlb-phi-atl-2026-09-12,mlb-phi-atl-2026-09-12|spread|-2.5|35124892275982786378897994651333627812398199672238528675506898617284906594077,spread,False
mlb-phi-atl-2026-09-12,mlb-phi-atl-2026-09-12|spread|-2.5|35124892275982786378897994651333627812398199672238528675506898617284906594077,spread,False
mlb-phi-atl-2026-09-12,mlb-phi-atl-2026-09-12|spread|-2.5|35124892275982786378897994651333627812398199672238528675506898617284906594077,spread,True
mlb-phi-atl-2026-09-12,mlb-phi-atl-2026-09-12|spread|-2.5|35124892275982786378897994651333627812398199672238528675506898617284906594077,spread,True
mlb-phi-atl-2026-09-12,mlb-phi-atl-2026-09-12|spread|-2.5|35124892275982786378897994651333627812398199672238528675506898617284906594077,spread,False
mlb-phi-atl-2026-09-12,mlb-phi-atl-2026-09-12|spread|-2.5|35124892275982786378897994651333627812398199672238528675506898617284906594077,spread,False
mlb-phi-atl-2026-09-12,mlb-phi-atl-2026-09-12|spread|-2.5|35124892275982786378897994651333627812398199672238528675506898617284906594077,spread,True
mlb-phi-atl-2026-09-12,mlb-phi-atl-2026-09-12|spread|-2.5|35124892275982786378897994651333627812398199672238528675506898617284906594077,spread,False
mlb-phi-atl-2026-09-12,mlb-phi-atl-2026-09-12|spread|-2.5|35124892275982786378897994651333627812398199672238528675506898617284906594077,spread,True
mlb-phi-atl-2026-09-12,mlb-phi-atl-2026-09-12|spread|-2.5|35124892275982786378897994651333627812398199672238528675506898617284906594077,spread,True
mlb-phi-atl-2026-09-12,mlb-phi-atl-2026-09-12|spread|-2.5|35124892275982786378897994651333627812398199672238528675506898617284906594077,spread,False
mlb-phi-atl-2026-09-12,mlb-phi-atl-2026-09-12|spread|-2.5|35124892275982786378897994651333627812398199672238528675506898617284906594077,spread,False
mlb-phi-atl-2026-09-12,mlb-phi-atl-2026-09-12|spread|-2.5|35124892275982786378897994651333627812398199672238528675506898617284906594077,spread,True
mlb-phi-atl-2026-09-12,mlb-phi-atl-2026-09-12|spread|-2.5|35124892275982786378897994651333627812398199672238528675506898617284906594077,spread,True
mlb-phi-atl-2026-09-12,mlb-phi-atl-2026-09-12|spread|-2.5|35124892275982786378897994651333627812398199672238528675506898617284906594077,spread,True
mlb-phi-atl-2026-09-12,mlb-phi-atl-2026-09-12|spread|-2.5|35124892275982786378897994651333627812398199672238528675506898617284906594077,spread,False
mlb-phi-atl-2026-09-12,mlb-phi-atl-2026-09-12|spread|-2.5|35124892275982786378897994651333627812398199672238528675506898617284906594077,spread,True
mlb-phi-atl-2026-09-12,mlb-phi-atl-2026-09-12|spread|-2.5|35124892275982786378897994651333627812398199672238528675506898617284906594077,spread,True
mlb-phi-atl-2026-09-12,mlb-phi-atl-2026-09-12|spread|-2.5|35124892275982786378897994651333627812398199672238528675506898617284906594077,spread,True
mlb-phi-atl-2026-09-12,mlb-phi-atl-2026-09-12|spread|-2.5|35124892275982786378897994651333627812398199672238528675506898617284906594077,spread,False
mlb-phi-atl-2026-09-12,mlb-phi-atl-2026-09-12|spread|-2.5|35124892275982786378897994651333627812398199672238528675506898617284906594077,spread,False
mlb-pit-chc-2026-09-12,mlb-pit-chc-2026-09-12|moneyline|None|21336114212166485193901165199477947790170708961051580641182268793845806963710,moneyline,False
mlb-pit-chc-2026-09-12,mlb-pit-chc-2026-09-12|moneyline|None|21336114212166485193901165199477947790170708961051580641182268793845806963710,moneyline,True
mlb-pit-chc-2026-09-12,mlb-pit-chc-2026-09-12|moneyline|None|21336114212166485193901165199477947790170708961051580641182268793845806963710,moneyline,True
mlb-pit-chc-2026-09-12,mlb-pit-chc-2026-09-12|moneyline|None|21336114212166485193901165199477947790170708961051580641182268793845806963710,moneyline,False
mlb-pit-chc-2026-09-12,mlb-pit-chc-2026-09-12|moneyline|None|21336114212166485193901165199477947790170708961051580641182268793845806963710,moneyline,False
mlb-pit-chc-2026-09-12,mlb-pit-chc-2026-09-12|moneyline|None|21336114212166485193901165199477947790170708961051580641182268793845806963710,moneyline,False
mlb-pit-chc-2026-09-12,mlb-pit-chc-2026-09-12|moneyline|None|21336114212166485193901165199477947790170708961051580641182268793845806963710,moneyline,True
mlb-pit-chc-2026-09-12,mlb-pit-chc-2026-09-12|moneyline|None|21336114212166485193901165199477947790170708961051580641182268793845806963710,moneyline,False
mlb-pit-chc-2026-09-12,mlb-pit-chc-2026-09-12|moneyline|None|21336114212166485193901165199477947790170708961051580641182268793845806963710,moneyline,False
mlb-pit-chc-2026-09-12,mlb-pit-chc-2026-09-12|moneyline|None|21336114212166485193901165199477947790170708961051580641182268793845806963710,moneyline,False
mlb-pit-chc-2026-09-12,mlb-pit-chc-2026-09-12|moneyline|None|21336114212166485193901165199477947790170708961051580641182268793845806963710,moneyline,False
mlb-pit-chc-2026-09-12,mlb-pit-chc-2026-09-12|moneyline|None|21336114212166485193901165199477947790170708961051580641182268793845806963710,moneyline,True
mlb-pit-chc-2026-09-12,mlb-pit-chc-2026-09-12|moneyline|None|21336114212166485193901165199477947790170708961051580641182268793845806963710,moneyline,False
mlb-pit-chc-2026-09-12,mlb-pit-chc-2026-09-12|moneyline|None|21336114212166485193901165199477947790170708961051580641182268793845806963710,moneyline,True
mlb-pit-chc-2026-09-12,mlb-pit-chc-2026-09-12|moneyline|None|21336114212166485193901165199477947790170708961051580641182268793845806963710,moneyline,False
mlb-pit-chc-2026-09-12,mlb-pit-chc-2026-09-12|moneyline|None|21336114212166485193901165199477947790170708961051580641182268793845806963710,moneyline,False
mlb-pit-chc-2026-09-12,mlb-pit-chc-2026-09-12|moneyline|None|21336114212166485193901165199477947790170708961051580641182268793845806963710,moneyline,True
mlb-pit-chc-2026-09-12,mlb-pit-chc-2026-09-12|moneyline|None|21336114212166485193901165199477947790170708961051580641182268793845806963710,moneyline,False
mlb-pit-chc-2026-09-12,mlb-pit-chc-2026-09-12|moneyline|None|21336114212166485193901165199477947790170708961051580641182268793845806963710,moneyline,True
mlb-pit-chc-2026-09-12,mlb-pit-chc-2026-09-12|moneyline|None|21336114212166485193901165199477947790170708961051580641182268793845806963710,moneyline,True
mlb-pit-chc-2026-09-12,mlb-pit-chc-2026-09-12|moneyline|None|21336114212166485193901165199477947790170708961051580641182268793845806963710,moneyline,True
mlb-pit-chc-2026-09-12,mlb-pit-chc-2026-09-12|moneyline|None|21336114212166485193901165199477947790170708961051580641182268793845806963710,moneyline,True
mlb-pit-chc-2026-09-12,mlb-pit-chc-2026-09-12|moneyline|None|21336114212166485193901165199477947790170708961051580641182268793845806963710,moneyline,True
mlb-pit-chc-2026-09-12,mlb-pit-chc-2026-09-12|moneyline|None|21336114212166485193901165199477947790170708961051580641182268793845806963710,moneyline,True
mlb-pit-chc-2026-09-12,mlb-pit-chc-2026-09-12|moneyline|None|21336114212166485193901165199477947790170708961051580641182268793845806963710,moneyline,True
mlb-pit-chc-2026-09-12,mlb-pit-chc-2026-09-12|moneyline|None|21336114212166485193901165199477947790170708961051580641182268793845806963710,moneyline,True
mlb-pit-chc-2026-09-12,mlb-pit-chc-2026-09-12|moneyline|None|21336114212166485193901165199477947790170708961051580641182268793845806963710,moneyline,True
mlb-pit-chc-2026-09-12,mlb-pit-chc-2026-09-12|moneyline|None|21336114212166485193901165199477947790170708961051580641182268793845806963710,moneyline,True
mlb-pit-chc-2026-09-12,mlb-pit-chc-2026-09-12|moneyline|None|21336114212166485193901165199477947790170708961051580641182268793845806963710,moneyline,False
mlb-pit-chc-2026-09-12,mlb-pit-chc-2026-09-12|moneyline|None|21336114212166485193901165199477947790170708961051580641182268793845806963710,moneyline,False
mlb-pit-chc-2026-09-12,mlb-pit-chc-2026-09-12|moneyline|None|21336114212166485193901165199477947790170708961051580641182268793845806963710,moneyline,False
mlb-pit-chc-2026-09-12,mlb-pit-chc-2026-09-12|moneyline|None|21336114212166485193901165199477947790170708961051580641182268793845806963710,moneyline,True
mlb-pit-chc-2026-09-12,mlb-pit-chc-2026-09-12|moneyline|None|21336114212166485193901165199477947790170708961051580641182268793845806963710,moneyline,True
mlb-pit-chc-2026-09-12,mlb-pit-chc-2026-09-12|moneyline|None|21336114212166485193901165199477947790170708961051580641182268793845806963710,moneyline,True
mlb-pit-chc-2026-09-12,mlb-pit-chc-2026-09-12|moneyline|None|21336114212166485193901165199477947790170708961051580641182268793845806963710,moneyline,True
mlb-pit-chc-2026-09-12,mlb-pit-chc-2026-09-12|moneyline|None|21336114212166485193901165199477947790170708961051580641182268793845806963710,moneyline,False
mlb-pit-chc-2026-09-12,mlb-pit-chc-2026-09-12|moneyline|None|21336114212166485193901165199477947790170708961051580641182268793845806963710,moneyline,False
mlb-pit-chc-2026-09-12,mlb-pit-chc-2026-09-12|moneyline|None|21336114212166485193901165199477947790170708961051580641182268793845806963710,moneyline,True
mlb-pit-chc-2026-09-12,mlb-pit-chc-2026-09-12|moneyline|None|21336114212166485193901165199477947790170708961051580641182268793845806963710,moneyline,True
mlb-pit-chc-2026-09-12,mlb-pit-chc-2026-09-12|moneyline|None|21336114212166485193901165199477947790170708961051580641182268793845806963710,moneyline,False
mlb-pit-chc-2026-09-12,mlb-pit-chc-2026-09-12|moneyline|None|21336114212166485193901165199477947790170708961051580641182268793845806963710,moneyline,False
mlb-pit-chc-2026-09-12,mlb-pit-chc-2026-09-12|moneyline|None|21336114212166485193901165199477947790170708961051580641182268793845806963710,moneyline,False
mlb-pit-chc-2026-09-12,mlb-pit-chc-2026-09-12|moneyline|None|21336114212166485193901165199477947790170708961051580641182268793845806963710,moneyline,True
mlb-pit-chc-2026-09-12,mlb-pit-chc-2026-09-12|moneyline|None|21336114212166485193901165199477947790170708961051580641182268793845806963710,moneyline,False
mlb-pit-chc-2026-09-12,mlb-pit-chc-2026-09-12|moneyline|None|21336114212166485193901165199477947790170708961051580641182268793845806963710,moneyline,True
mlb-pit-chc-2026-09-12,mlb-pit-chc-2026-09-12|moneyline|None|21336114212166485193901165199477947790170708961051580641182268793845806963710,moneyline,True
mlb-pit-chc-2026-09-12,mlb-pit-chc-2026-09-12|moneyline|None|21336114212166485193901165199477947790170708961051580641182268793845806963710,moneyline,False
mlb-pit-chc-2026-09-12,mlb-pit-chc-2026-09-12|moneyline|None|21336114212166485193901165199477947790170708961051580641182268793845806963710,moneyline,True
mlb-pit-chc-2026-09-12,mlb-pit-chc-2026-09-12|moneyline|None|21336114212166485193901165199477947790170708961051580641182268793845806963710,moneyline,True
mlb-pit-chc-2026-09-12,mlb-pit-chc-2026-09-12|moneyline|None|21336114212166485193901165199477947790170708961051580641182268793845806963710,moneyline,False
mlb-pit-chc-2026-09-12,mlb-pit-chc-2026-09-12|moneyline|None|21336114212166485193901165199477947790170708961051580641182268793845806963710,moneyline,False
mlb-pit-chc-2026-09-12,mlb-pit-chc-2026-09-12|moneyline|None|21336114212166485193901165199477947790170708961051580641182268793845806963710,moneyline,True
mlb-pit-chc-2026-09-12,mlb-pit-chc-2026-09-12|moneyline|None|21336114212166485193901165199477947790170708961051580641182268793845806963710,moneyline,True
mlb-pit-chc-2026-09-12,mlb-pit-chc-2026-09-12|moneyline|None|21336114212166485193901165199477947790170708961051580641182268793845806963710,moneyline,True
mlb-pit-chc-2026-09-12,mlb-pit-chc-2026-09-12|moneyline|None|21336114212166485193901165199477947790170708961051580641182268793845806963710,moneyline,True
mlb-pit-chc-2026-09-12,mlb-pit-chc-2026-09-12|moneyline|None|21336114212166485193901165199477947790170708961051580641182268793845806963710,moneyline,True
mlb-pit-chc-2026-09-12,mlb-pit-chc-2026-09-12|moneyline|None|21336114212166485193901165199477947790170708961051580641182268793845806963710,moneyline,True
mlb-pit-chc-2026-09-12,mlb-pit-chc-2026-09-12|moneyline|None|21336114212166485193901165199477947790170708961051580641182268793845806963710,moneyline,True
mlb-pit-chc-2026-09-12,mlb-pit-chc-2026-09-12|spread|-1.5|16313645928980703107972255985655189250816952628782856823294199565027419019370,spread,False
mlb-pit-chc-2026-09-12,mlb-pit-chc-2026-09-12|spread|-1.5|16313645928980703107972255985655189250816952628782856823294199565027419019370,spread,False
mlb-pit-chc-2026-09-12,mlb-pit-chc-2026-09-12|spread|-1.5|16313645928980703107972255985655189250816952628782856823294199565027419019370,spread,True
mlb-pit-chc-2026-09-12,mlb-pit-chc-2026-09-12|spread|-1.5|16313645928980703107972255985655189250816952628782856823294199565027419019370,spread,True
mlb-pit-chc-2026-09-12,mlb-pit-chc-2026-09-12|spread|-1.5|16313645928980703107972255985655189250816952628782856823294199565027419019370,spread,False
mlb-pit-chc-2026-09-12,mlb-pit-chc-2026-09-12|spread|-1.5|16313645928980703107972255985655189250816952628782856823294199565027419019370,spread,True
mlb-pit-chc-2026-09-12,mlb-pit-chc-2026-09-12|spread|-1.5|16313645928980703107972255985655189250816952628782856823294199565027419019370,spread,True
mlb-pit-chc-2026-09-12,mlb-pit-chc-2026-09-12|spread|-1.5|16313645928980703107972255985655189250816952628782856823294199565027419019370,spread,True
mlb-pit-chc-2026-09-12,mlb-pit-chc-2026-09-12|spread|-1.5|16313645928980703107972255985655189250816952628782856823294199565027419019370,spread,False
mlb-pit-chc-2026-09-12,mlb-pit-chc-2026-09-12|spread|-1.5|16313645928980703107972255985655189250816952628782856823294199565027419019370,spread,False
mlb-pit-chc-2026-09-12,mlb-pit-chc-2026-09-12|spread|-1.5|16313645928980703107972255985655189250816952628782856823294199565027419019370,spread,False
mlb-pit-chc-2026-09-12,mlb-pit-chc-2026-09-12|spread|-1.5|16313645928980703107972255985655189250816952628782856823294199565027419019370,spread,False
mlb-pit-chc-2026-09-12,mlb-pit-chc-2026-09-12|spread|-1.5|16313645928980703107972255985655189250816952628782856823294199565027419019370,spread,False
mlb-pit-chc-2026-09-12,mlb-pit-chc-2026-09-12|spread|-1.5|16313645928980703107972255985655189250816952628782856823294199565027419019370,spread,False
mlb-pit-chc-2026-09-12,mlb-pit-chc-2026-09-12|spread|-1.5|16313645928980703107972255985655189250816952628782856823294199565027419019370,spread,True
mlb-pit-chc-2026-09-12,mlb-pit-chc-2026-09-12|spread|-1.5|16313645928980703107972255985655189250816952628782856823294199565027419019370,spread,False
mlb-pit-chc-2026-09-12,mlb-pit-chc-2026-09-12|spread|-1.5|16313645928980703107972255985655189250816952628782856823294199565027419019370,spread,False
mlb-pit-chc-2026-09-12,mlb-pit-chc-2026-09-12|spread|-1.5|16313645928980703107972255985655189250816952628782856823294199565027419019370,spread,False
mlb-pit-chc-2026-09-12,mlb-pit-chc-2026-09-12|spread|-1.5|16313645928980703107972255985655189250816952628782856823294199565027419019370,spread,True
mlb-pit-chc-2026-09-12,mlb-pit-chc-2026-09-12|spread|-1.5|16313645928980703107972255985655189250816952628782856823294199565027419019370,spread,True
mlb-pit-chc-2026-09-12,mlb-pit-chc-2026-09-12|spread|-1.5|16313645928980703107972255985655189250816952628782856823294199565027419019370,spread,True
mlb-pit-chc-2026-09-12,mlb-pit-chc-2026-09-12|spread|-1.5|16313645928980703107972255985655189250816952628782856823294199565027419019370,spread,True
mlb-pit-chc-2026-09-12,mlb-pit-chc-2026-09-12|spread|-1.5|16313645928980703107972255985655189250816952628782856823294199565027419019370,spread,True
mlb-pit-chc-2026-09-12,mlb-pit-chc-2026-09-12|spread|-1.5|16313645928980703107972255985655189250816952628782856823294199565027419019370,spread,True
mlb-pit-chc-2026-09-12,mlb-pit-chc-2026-09-12|spread|-1.5|16313645928980703107972255985655189250816952628782856823294199565027419019370,spread,False
mlb-pit-chc-2026-09-12,mlb-pit-chc-2026-09-12|spread|-1.5|16313645928980703107972255985655189250816952628782856823294199565027419019370,spread,True
mlb-pit-chc-2026-09-12,mlb-pit-chc-2026-09-12|spread|-1.5|16313645928980703107972255985655189250816952628782856823294199565027419019370,spread,False
mlb-pit-chc-2026-09-12,mlb-pit-chc-2026-09-12|spread|-1.5|16313645928980703107972255985655189250816952628782856823294199565027419019370,spread,True
mlb-pit-chc-2026-09-12,mlb-pit-chc-2026-09-12|spread|-1.5|16313645928980703107972255985655189250816952628782856823294199565027419019370,spread,False
mlb-pit-chc-2026-09-12,mlb-pit-chc-2026-09-12|spread|-1.5|16313645928980703107972255985655189250816952628782856823294199565027419019370,spread,False
mlb-pit-chc-2026-09-12,mlb-pit-chc-2026-09-12|spread|-1.5|16313645928980703107972255985655189250816952628782856823294199565027419019370,spread,True
mlb-pit-chc-2026-09-12,mlb-pit-chc-2026-09-12|spread|-1.5|16313645928980703107972255985655189250816952628782856823294199565027419019370,spread,True
mlb-pit-chc-2026-09-12,mlb-pit-chc-2026-09-12|spread|-1.5|16313645928980703107972255985655189250816952628782856823294199565027419019370,spread,True
mlb-pit-chc-2026-09-12,mlb-pit-chc-2026-09-12|spread|-1.5|16313645928980703107972255985655189250816952628782856823294199565027419019370,spread,True
mlb-pit-chc-2026-09-12,mlb-pit-chc-2026-09-12|spread|-1.5|16313645928980703107972255985655189250816952628782856823294199565027419019370,spread,True
mlb-pit-chc-2026-09-12,mlb-pit-chc-2026-09-12|spread|-1.5|16313645928980703107972255985655189250816952628782856823294199565027419019370,spread,True
mlb-pit-chc-2026-09-12,mlb-pit-chc-2026-09-12|spread|-1.5|16313645928980703107972255985655189250816952628782856823294199565027419019370,spread,True
mlb-pit-chc-2026-09-12,mlb-pit-chc-2026-09-12|spread|-1.5|16313645928980703107972255985655189250816952628782856823294199565027419019370,spread,True
mlb-pit-chc-2026-09-12,mlb-pit-chc-2026-09-12|spread|-1.5|16313645928980703107972255985655189250816952628782856823294199565027419019370,spread,True
mlb-pit-chc-2026-09-12,mlb-pit-chc-2026-09-12|spread|-1.5|16313645928980703107972255985655189250816952628782856823294199565027419019370,spread,False
mlb-pit-chc-2026-09-12,mlb-pit-chc-2026-09-12|spread|-1.5|16313645928980703107972255985655189250816952628782856823294199565027419019370,spread,False
mlb-pit-chc-2026-09-12,mlb-pit-chc-2026-09-12|spread|-1.5|16313645928980703107972255985655189250816952628782856823294199565027419019370,spread,False
mlb-pit-chc-2026-09-12,mlb-pit-chc-2026-09-12|spread|-1.5|16313645928980703107972255985655189250816952628782856823294199565027419019370,spread,True
mlb-pit-chc-2026-09-12,mlb-pit-chc-2026-09-12|spread|-1.5|16313645928980703107972255985655189250816952628782856823294199565027419019370,spread,False
mlb-pit-chc-2026-09-12,mlb-pit-chc-2026-09-12|spread|-1.5|16313645928980703107972255985655189250816952628782856823294199565027419019370,spread,True
mlb-pit-chc-2026-09-12,mlb-pit-chc-2026-09-12|spread|-1.5|16313645928980703107972255985655189250816952628782856823294199565027419019370,spread,True
mlb-pit-chc-2026-09-12,mlb-pit-chc-2026-09-12|spread|-1.5|16313645928980703107972255985655189250816952628782856823294199565027419019370,spread,False
mlb-pit-chc-2026-09-12,mlb-pit-chc-2026-09-12|spread|-1.5|16313645928980703107972255985655189250816952628782856823294199565027419019370,spread,True
mlb-pit-chc-2026-09-12,mlb-pit-chc-2026-09-12|spread|-1.5|16313645928980703107972255985655189250816952628782856823294199565027419019370,spread,False
mlb-pit-chc-2026-09-12,mlb-pit-chc-2026-09-12|spread|-1.5|16313645928980703107972255985655189250816952628782856823294199565027419019370,spread,True
mlb-pit-chc-2026-09-12,mlb-pit-chc-2026-09-12|spread|-1.5|16313645928980703107972255985655189250816952628782856823294199565027419019370,spread,False
mlb-pit-chc-2026-09-12,mlb-pit-chc-2026-09-12|spread|-1.5|16313645928980703107972255985655189250816952628782856823294199565027419019370,spread,True
mlb-pit-chc-2026-09-12,mlb-pit-chc-2026-09-12|spread|-1.5|16313645928980703107972255985655189250816952628782856823294199565027419019370,spread,False
mlb-pit-chc-2026-09-12,mlb-pit-chc-2026-09-12|spread|-1.5|16313645928980703107972255985655189250816952628782856823294199565027419019370,spread,False
mlb-pit-chc-2026-09-12,mlb-pit-chc-2026-09-12|spread|-1.5|16313645928980703107972255985655189250816952628782856823294199565027419019370,spread,False
mlb-pit-chc-2026-09-12,mlb-pit-chc-2026-09-12|spread|-1.5|16313645928980703107972255985655189250816952628782856823294199565027419019370,spread,False
mlb-pit-chc-2026-09-12,mlb-pit-chc-2026-09-12|spread|-1.5|16313645928980703107972255985655189250816952628782856823294199565027419019370,spread,True
mlb-pit-chc-2026-09-12,mlb-pit-chc-2026-09-12|spread|-1.5|16313645928980703107972255985655189250816952628782856823294199565027419019370,spread,True
mlb-pit-chc-2026-09-12,mlb-pit-chc-2026-09-12|spread|-1.5|16313645928980703107972255985655189250816952628782856823294199565027419019370,spread,False
mlb-pit-chc-2026-09-12,mlb-pit-chc-2026-09-12|spread|-1.5|16313645928980703107972255985655189250816952628782856823294199565027419019370,spread,True
mlb-pit-chc-2026-09-12,mlb-pit-chc-2026-09-12|spread|-1.5|16313645928980703107972255985655189250816952628782856823294199565027419019370,spread,True
mlb-pit-chc-2026-09-12,mlb-pit-chc-2026-09-12|spread|-1.5|16313645928980703107972255985655189250816952628782856823294199565027419019370,spread,False
mlb-pit-chc-2026-09-12,mlb-pit-chc-2026-09-12|spread|-1.5|16313645928980703107972255985655189250816952628782856823294199565027419019370,spread,True
mlb-pit-chc-2026-09-12,mlb-pit-chc-2026-09-12|spread|-1.5|16313645928980703107972255985655189250816952628782856823294199565027419019370,spread,True
mlb-pit-chc-2026-09-12,mlb-pit-chc-2026-09-12|spread|-1.5|16313645928980703107972255985655189250816952628782856823294199565027419019370,spread,True
mlb-pit-chc-2026-09-12,mlb-pit-chc-2026-09-12|spread|-1.5|16313645928980703107972255985655189250816952628782856823294199565027419019370,spread,True
mlb-pit-chc-2026-09-12,mlb-pit-chc-2026-09-12|spread|-1.5|16313645928980703107972255985655189250816952628782856823294199565027419019370,spread,False
mlb-pit-chc-2026-09-12,mlb-pit-chc-2026-09-12|spread|-1.5|16313645928980703107972255985655189250816952628782856823294199565027419019370,spread,False
mlb-pit-chc-2026-09-12,mlb-pit-chc-2026-09-12|spread|-1.5|16313645928980703107972255985655189250816952628782856823294199565027419019370,spread,False
mlb-pit-chc-2026-09-12,mlb-pit-chc-2026-09-12|spread|-1.5|16313645928980703107972255985655189250816952628782856823294199565027419019370,spread,True
mlb-pit-chc-2026-09-12,mlb-pit-chc-2026-09-12|spread|-1.5|16313645928980703107972255985655189250816952628782856823294199565027419019370,spread,False
mlb-pit-chc-2026-09-12,mlb-pit-chc-2026-09-12|spread|-1.5|16313645928980703107972255985655189250816952628782856823294199565027419019370,spread,False
mlb-pit-chc-2026-09-12,mlb-pit-chc-2026-09-12|spread|-1.5|16313645928980703107972255985655189250816952628782856823294199565027419019370,spread,False
mlb-pit-chc-2026-09-12,mlb-pit-chc-2026-09-12|spread|-1.5|16313645928980703107972255985655189250816952628782856823294199565027419019370,spread,False
mlb-pit-chc-2026-09-12,mlb-pit-chc-2026-09-12|spread|-1.5|16313645928980703107972255985655189250816952628782856823294199565027419019370,spread,False
mlb-pit-chc-2026-09-12,mlb-pit-chc-2026-09-12|spread|-1.5|16313645928980703107972255985655189250816952628782856823294199565027419019370,spread,False
mlb-pit-chc-2026-09-12,mlb-pit-chc-2026-09-12|spread|-1.5|16313645928980703107972255985655189250816952628782856823294199565027419019370,spread,False
mlb-pit-chc-2026-09-12,mlb-pit-chc-2026-09-12|spread|-1.5|16313645928980703107972255985655189250816952628782856823294199565027419019370,spread,True
mlb-pit-chc-2026-09-12,mlb-pit-chc-2026-09-12|spread|-1.5|16313645928980703107972255985655189250816952628782856823294199565027419019370,spread,True
mlb-pit-chc-2026-09-12,mlb-pit-chc-2026-09-12|spread|-1.5|16313645928980703107972255985655189250816952628782856823294199565027419019370,spread,True
mlb-pit-chc-2026-09-12,mlb-pit-chc-2026-09-12|spread|-1.5|16313645928980703107972255985655189250816952628782856823294199565027419019370,spread,True
mlb-pit-chc-2026-09-12,mlb-pit-chc-2026-09-12|spread|-1.5|16313645928980703107972255985655189250816952628782856823294199565027419019370,spread,False
mlb-pit-chc-2026-09-12,mlb-pit-chc-2026-09-12|spread|-1.5|16313645928980703107972255985655189250816952628782856823294199565027419019370,spread,False
mlb-pit-chc-2026-09-12,mlb-pit-chc-2026-09-12|spread|-1.5|16313645928980703107972255985655189250816952628782856823294199565027419019370,spread,False
mlb-pit-chc-2026-09-12,mlb-pit-chc-2026-09-12|spread|-1.5|16313645928980703107972255985655189250816952628782856823294199565027419019370,spread,False
mlb-pit-chc-2026-09-12,mlb-pit-chc-2026-09-12|spread|-1.5|16313645928980703107972255985655189250816952628782856823294199565027419019370,spread,False
mlb-pit-chc-2026-09-12,mlb-pit-chc-2026-09-12|spread|-1.5|16313645928980703107972255985655189250816952628782856823294199565027419019370,spread,False
mlb-pit-chc-2026-09-12,mlb-pit-chc-2026-09-12|spread|-1.5|16313645928980703107972255985655189250816952628782856823294199565027419019370,spread,True
mlb-pit-chc-2026-09-12,mlb-pit-chc-2026-09-12|spread|-1.5|16313645928980703107972255985655189250816952628782856823294199565027419019370,spread,True
mlb-pit-chc-2026-09-12,mlb-pit-chc-2026-09-12|spread|-1.5|16313645928980703107972255985655189250816952628782856823294199565027419019370,spread,True
mlb-pit-chc-2026-09-12,mlb-pit-chc-2026-09-12|spread|-1.5|16313645928980703107972255985655189250816952628782856823294199565027419019370,spread,True
mlb-pit-chc-2026-09-12,mlb-pit-chc-2026-09-12|spread|-1.5|16313645928980703107972255985655189250816952628782856823294199565027419019370,spread,True
mlb-pit-chc-2026-09-12,mlb-pit-chc-2026-09-12|spread|-1.5|54411769395001110524824808648887750430309985222086334097018453525573529745189,spread,False
mlb-pit-chc-2026-09-12,mlb-pit-chc-2026-09-12|spread|-1.5|54411769395001110524824808648887750430309985222086334097018453525573529745189,spread,False
mlb-pit-chc-2026-09-12,mlb-pit-chc-2026-09-12|spread|-1.5|54411769395001110524824808648887750430309985222086334097018453525573529745189,spread,False
mlb-pit-chc-2026-09-12,mlb-pit-chc-2026-09-12|spread|-1.5|54411769395001110524824808648887750430309985222086334097018453525573529745189,spread,True
mlb-pit-chc-2026-09-12,mlb-pit-chc-2026-09-12|spread|-1.5|54411769395001110524824808648887750430309985222086334097018453525573529745189,spread,False
mlb-pit-chc-2026-09-12,mlb-pit-chc-2026-09-12|spread|-1.5|54411769395001110524824808648887750430309985222086334097018453525573529745189,spread,False
mlb-pit-chc-2026-09-12,mlb-pit-chc-2026-09-12|spread|-1.5|54411769395001110524824808648887750430309985222086334097018453525573529745189,spread,True
mlb-pit-chc-2026-09-12,mlb-pit-chc-2026-09-12|spread|-1.5|54411769395001110524824808648887750430309985222086334097018453525573529745189,spread,False
mlb-pit-chc-2026-09-12,mlb-pit-chc-2026-09-12|spread|-1.5|54411769395001110524824808648887750430309985222086334097018453525573529745189,spread,False
mlb-pit-chc-2026-09-12,mlb-pit-chc-2026-09-12|spread|-1.5|54411769395001110524824808648887750430309985222086334097018453525573529745189,spread,True
mlb-pit-chc-2026-09-12,mlb-pit-chc-2026-09-12|spread|-1.5|54411769395001110524824808648887750430309985222086334097018453525573529745189,spread,False
mlb-pit-chc-2026-09-12,mlb-pit-chc-2026-09-12|spread|-1.5|54411769395001110524824808648887750430309985222086334097018453525573529745189,spread,True
mlb-pit-chc-2026-09-12,mlb-pit-chc-2026-09-12|spread|-1.5|54411769395001110524824808648887750430309985222086334097018453525573529745189,spread,True
mlb-pit-chc-2026-09-12,mlb-pit-chc-2026-09-12|spread|-1.5|54411769395001110524824808648887750430309985222086334097018453525573529745189,spread,False
mlb-pit-chc-2026-09-12,mlb-pit-chc-2026-09-12|spread|-1.5|54411769395001110524824808648887750430309985222086334097018453525573529745189,spread,False
mlb-pit-chc-2026-09-12,mlb-pit-chc-2026-09-12|spread|-1.5|54411769395001110524824808648887750430309985222086334097018453525573529745189,spread,True
mlb-pit-chc-2026-09-12,mlb-pit-chc-2026-09-12|spread|-1.5|54411769395001110524824808648887750430309985222086334097018453525573529745189,spread,False
mlb-pit-chc-2026-09-12,mlb-pit-chc-2026-09-12|spread|-1.5|54411769395001110524824808648887750430309985222086334097018453525573529745189,spread,False
mlb-pit-chc-2026-09-12,mlb-pit-chc-2026-09-12|spread|-1.5|54411769395001110524824808648887750430309985222086334097018453525573529745189,spread,False
mlb-pit-chc-2026-09-12,mlb-pit-chc-2026-09-12|spread|-1.5|54411769395001110524824808648887750430309985222086334097018453525573529745189,spread,True
mlb-pit-chc-2026-09-12,mlb-pit-chc-2026-09-12|spread|-1.5|54411769395001110524824808648887750430309985222086334097018453525573529745189,spread,True
mlb-pit-chc-2026-09-12,mlb-pit-chc-2026-09-12|spread|-1.5|54411769395001110524824808648887750430309985222086334097018453525573529745189,spread,False
mlb-pit-chc-2026-09-12,mlb-pit-chc-2026-09-12|spread|-1.5|54411769395001110524824808648887750430309985222086334097018453525573529745189,spread,True
mlb-pit-chc-2026-09-12,mlb-pit-chc-2026-09-12|spread|-1.5|54411769395001110524824808648887750430309985222086334097018453525573529745189,spread,False
mlb-pit-chc-2026-09-12,mlb-pit-chc-2026-09-12|spread|-1.5|54411769395001110524824808648887750430309985222086334097018453525573529745189,spread,True
mlb-pit-chc-2026-09-12,mlb-pit-chc-2026-09-12|spread|-1.5|54411769395001110524824808648887750430309985222086334097018453525573529745189,spread,False
mlb-pit-chc-2026-09-12,mlb-pit-chc-2026-09-12|spread|-1.5|54411769395001110524824808648887750430309985222086334097018453525573529745189,spread,True
mlb-pit-chc-2026-09-12,mlb-pit-chc-2026-09-12|spread|-1.5|54411769395001110524824808648887750430309985222086334097018453525573529745189,spread,False
mlb-pit-chc-2026-09-12,mlb-pit-chc-2026-09-12|spread|-1.5|54411769395001110524824808648887750430309985222086334097018453525573529745189,spread,True
mlb-pit-chc-2026-09-12,mlb-pit-chc-2026-09-12|spread|-1.5|54411769395001110524824808648887750430309985222086334097018453525573529745189,spread,False
mlb-pit-chc-2026-09-12,mlb-pit-chc-2026-09-12|spread|-1.5|54411769395001110524824808648887750430309985222086334097018453525573529745189,spread,False
mlb-pit-chc-2026-09-12,mlb-pit-chc-2026-09-12|spread|-1.5|54411769395001110524824808648887750430309985222086334097018453525573529745189,spread,False
mlb-pit-chc-2026-09-12,mlb-pit-chc-2026-09-12|spread|-1.5|54411769395001110524824808648887750430309985222086334097018453525573529745189,spread,True
mlb-pit-chc-2026-09-12,mlb-pit-chc-2026-09-12|spread|-1.5|54411769395001110524824808648887750430309985222086334097018453525573529745189,spread,False
mlb-pit-chc-2026-09-12,mlb-pit-chc-2026-09-12|spread|-1.5|54411769395001110524824808648887750430309985222086334097018453525573529745189,spread,False
mlb-pit-chc-2026-09-12,mlb-pit-chc-2026-09-12|spread|-1.5|54411769395001110524824808648887750430309985222086334097018453525573529745189,spread,True
mlb-pit-chc-2026-09-12,mlb-pit-chc-2026-09-12|spread|-1.5|54411769395001110524824808648887750430309985222086334097018453525573529745189,spread,False
mlb-pit-chc-2026-09-12,mlb-pit-chc-2026-09-12|spread|-1.5|54411769395001110524824808648887750430309985222086334097018453525573529745189,spread,False
mlb-pit-chc-2026-09-12,mlb-pit-chc-2026-09-12|spread|-1.5|54411769395001110524824808648887750430309985222086334097018453525573529745189,spread,False
mlb-pit-chc-2026-09-12,mlb-pit-chc-2026-09-12|spread|-1.5|54411769395001110524824808648887750430309985222086334097018453525573529745189,spread,True
mlb-pit-chc-2026-09-12,mlb-pit-chc-2026-09-12|spread|-1.5|54411769395001110524824808648887750430309985222086334097018453525573529745189,spread,False
mlb-pit-chc-2026-09-12,mlb-pit-chc-2026-09-12|spread|-1.5|54411769395001110524824808648887750430309985222086334097018453525573529745189,spread,False
mlb-pit-chc-2026-09-12,mlb-pit-chc-2026-09-12|spread|-1.5|54411769395001110524824808648887750430309985222086334097018453525573529745189,spread,False
mlb-pit-chc-2026-09-12,mlb-pit-chc-2026-09-12|spread|-1.5|54411769395001110524824808648887750430309985222086334097018453525573529745189,spread,False
mlb-pit-chc-2026-09-12,mlb-pit-chc-2026-09-12|spread|-1.5|54411769395001110524824808648887750430309985222086334097018453525573529745189,spread,True
mlb-pit-chc-2026-09-12,mlb-pit-chc-2026-09-12|spread|-1.5|54411769395001110524824808648887750430309985222086334097018453525573529745189,spread,False
mlb-pit-chc-2026-09-12,mlb-pit-chc-2026-09-12|spread|-1.5|54411769395001110524824808648887750430309985222086334097018453525573529745189,spread,False
mlb-pit-chc-2026-09-12,mlb-pit-chc-2026-09-12|spread|-1.5|54411769395001110524824808648887750430309985222086334097018453525573529745189,spread,True
mlb-pit-chc-2026-09-12,mlb-pit-chc-2026-09-12|spread|-1.5|54411769395001110524824808648887750430309985222086334097018453525573529745189,spread,True
mlb-pit-chc-2026-09-12,mlb-pit-chc-2026-09-12|spread|-1.5|54411769395001110524824808648887750430309985222086334097018453525573529745189,spread,True
mlb-pit-chc-2026-09-12,mlb-pit-chc-2026-09-12|spread|-1.5|54411769395001110524824808648887750430309985222086334097018453525573529745189,spread,True
mlb-pit-chc-2026-09-12,mlb-pit-chc-2026-09-12|spread|-1.5|54411769395001110524824808648887750430309985222086334097018453525573529745189,spread,True
mlb-pit-chc-2026-09-12,mlb-pit-chc-2026-09-12|spread|-1.5|54411769395001110524824808648887750430309985222086334097018453525573529745189,spread,False
mlb-pit-chc-2026-09-12,mlb-pit-chc-2026-09-12|spread|-1.5|54411769395001110524824808648887750430309985222086334097018453525573529745189,spread,True
mlb-pit-chc-2026-09-12,mlb-pit-chc-2026-09-12|spread|-1.5|54411769395001110524824808648887750430309985222086334097018453525573529745189,spread,False
mlb-pit-chc-2026-09-12,mlb-pit-chc-2026-09-12|spread|-1.5|54411769395001110524824808648887750430309985222086334097018453525573529745189,spread,False
mlb-pit-chc-2026-09-12,mlb-pit-chc-2026-09-12|spread|-1.5|54411769395001110524824808648887750430309985222086334097018453525573529745189,spread,True
mlb-pit-chc-2026-09-12,mlb-pit-chc-2026-09-12|spread|-1.5|54411769395001110524824808648887750430309985222086334097018453525573529745189,spread,False
mlb-pit-chc-2026-09-12,mlb-pit-chc-2026-09-12|spread|-1.5|54411769395001110524824808648887750430309985222086334097018453525573529745189,spread,True
mlb-pit-chc-2026-09-12,mlb-pit-chc-2026-09-12|spread|-1.5|54411769395001110524824808648887750430309985222086334097018453525573529745189,spread,True
mlb-pit-chc-2026-09-12,mlb-pit-chc-2026-09-12|spread|-1.5|54411769395001110524824808648887750430309985222086334097018453525573529745189,spread,False
mlb-pit-chc-2026-09-12,mlb-pit-chc-2026-09-12|spread|-1.5|54411769395001110524824808648887750430309985222086334097018453525573529745189,spread,True
mlb-pit-chc-2026-09-12,mlb-pit-chc-2026-09-12|spread|-1.5|54411769395001110524824808648887750430309985222086334097018453525573529745189,spread,False
mlb-pit-chc-2026-09-12,mlb-pit-chc-2026-09-12|spread|-1.5|54411769395001110524824808648887750430309985222086334097018453525573529745189,spread,False
mlb-pit-chc-2026-09-12,mlb-pit-chc-2026-09-12|spread|-1.5|54411769395001110524824808648887750430309985222086334097018453525573529745189,spread,False
mlb-pit-chc-2026-09-12,mlb-pit-chc-2026-09-12|spread|-1.5|54411769395001110524824808648887750430309985222086334097018453525573529745189,spread,False
mlb-pit-chc-2026-09-12,mlb-pit-chc-2026-09-12|spread|-1.5|54411769395001110524824808648887750430309985222086334097018453525573529745189,spread,True
mlb-pit-chc-2026-09-12,mlb-pit-chc-2026-09-12|spread|-1.5|54411769395001110524824808648887750430309985222086334097018453525573529745189,spread,True
mlb-pit-chc-2026-09-12,mlb-pit-chc-2026-09-12|spread|-1.5|54411769395001110524824808648887750430309985222086334097018453525573529745189,spread,False
mlb-pit-chc-2026-09-12,mlb-pit-chc-2026-09-12|spread|-1.5|54411769395001110524824808648887750430309985222086334097018453525573529745189,spread,True
mlb-pit-chc-2026-09-12,mlb-pit-chc-2026-09-12|spread|-1.5|54411769395001110524824808648887750430309985222086334097018453525573529745189,spread,False
mlb-pit-chc-2026-09-12,mlb-pit-chc-2026-09-12|spread|-1.5|54411769395001110524824808648887750430309985222086334097018453525573529745189,spread,False
mlb-pit-chc-2026-09-12,mlb-pit-chc-2026-09-12|spread|-1.5|54411769395001110524824808648887750430309985222086334097018453525573529745189,spread,False
mlb-pit-chc-2026-09-12,mlb-pit-chc-2026-09-12|spread|-1.5|54411769395001110524824808648887750430309985222086334097018453525573529745189,spread,False
mlb-pit-chc-2026-09-12,mlb-pit-chc-2026-09-12|spread|-1.5|54411769395001110524824808648887750430309985222086334097018453525573529745189,spread,True
mlb-pit-chc-2026-09-12,mlb-pit-chc-2026-09-12|spread|-1.5|54411769395001110524824808648887750430309985222086334097018453525573529745189,spread,False
mlb-pit-chc-2026-09-12,mlb-pit-chc-2026-09-12|spread|-1.5|54411769395001110524824808648887750430309985222086334097018453525573529745189,spread,False
mlb-pit-chc-2026-09-12,mlb-pit-chc-2026-09-12|spread|-1.5|54411769395001110524824808648887750430309985222086334097018453525573529745189,spread,True
mlb-pit-chc-2026-09-12,mlb-pit-chc-2026-09-12|spread|-1.5|54411769395001110524824808648887750430309985222086334097018453525573529745189,spread,False
mlb-pit-chc-2026-09-12,mlb-pit-chc-2026-09-12|spread|-1.5|54411769395001110524824808648887750430309985222086334097018453525573529745189,spread,False
mlb-pit-chc-2026-09-12,mlb-pit-chc-2026-09-12|spread|-1.5|54411769395001110524824808648887750430309985222086334097018453525573529745189,spread,True
mlb-pit-chc-2026-09-12,mlb-pit-chc-2026-09-12|spread|-1.5|54411769395001110524824808648887750430309985222086334097018453525573529745189,spread,True
mlb-pit-chc-2026-09-12,mlb-pit-chc-2026-09-12|spread|-1.5|54411769395001110524824808648887750430309985222086334097018453525573529745189,spread,True
mlb-pit-chc-2026-09-12,mlb-pit-chc-2026-09-12|spread|-1.5|54411769395001110524824808648887750430309985222086334097018453525573529745189,spread,True
mlb-pit-chc-2026-09-12,mlb-pit-chc-2026-09-12|spread|-1.5|54411769395001110524824808648887750430309985222086334097018453525573529745189,spread,False
mlb-pit-chc-2026-09-12,mlb-pit-chc-2026-09-12|spread|-1.5|54411769395001110524824808648887750430309985222086334097018453525573529745189,spread,False
mlb-pit-chc-2026-09-12,mlb-pit-chc-2026-09-12|spread|-1.5|54411769395001110524824808648887750430309985222086334097018453525573529745189,spread,False
mlb-pit-chc-2026-09-12,mlb-pit-chc-2026-09-12|spread|-1.5|54411769395001110524824808648887750430309985222086334097018453525573529745189,spread,True
mlb-pit-chc-2026-09-12,mlb-pit-chc-2026-09-12|spread|-1.5|54411769395001110524824808648887750430309985222086334097018453525573529745189,spread,True
mlb-pit-chc-2026-09-12,mlb-pit-chc-2026-09-12|spread|-2.5|48991170350865005203073709132432127385510519842105754676662509882407600102295,spread,False
mlb-pit-chc-2026-09-12,mlb-pit-chc-2026-09-12|spread|-2.5|48991170350865005203073709132432127385510519842105754676662509882407600102295,spread,False
mlb-pit-chc-2026-09-12,mlb-pit-chc-2026-09-12|spread|-2.5|48991170350865005203073709132432127385510519842105754676662509882407600102295,spread,True
mlb-pit-chc-2026-09-12,mlb-pit-chc-2026-09-12|spread|-2.5|48991170350865005203073709132432127385510519842105754676662509882407600102295,spread,False
mlb-pit-chc-2026-09-12,mlb-pit-chc-2026-09-12|spread|-2.5|48991170350865005203073709132432127385510519842105754676662509882407600102295,spread,True
mlb-pit-chc-2026-09-12,mlb-pit-chc-2026-09-12|spread|-2.5|48991170350865005203073709132432127385510519842105754676662509882407600102295,spread,False
mlb-pit-chc-2026-09-12,mlb-pit-chc-2026-09-12|spread|-2.5|48991170350865005203073709132432127385510519842105754676662509882407600102295,spread,True
mlb-pit-chc-2026-09-12,mlb-pit-chc-2026-09-12|spread|-2.5|48991170350865005203073709132432127385510519842105754676662509882407600102295,spread,False
mlb-pit-chc-2026-09-12,mlb-pit-chc-2026-09-12|spread|-2.5|48991170350865005203073709132432127385510519842105754676662509882407600102295,spread,True
mlb-pit-chc-2026-09-12,mlb-pit-chc-2026-09-12|spread|-2.5|48991170350865005203073709132432127385510519842105754676662509882407600102295,spread,True
mlb-pit-chc-2026-09-12,mlb-pit-chc-2026-09-12|spread|-2.5|48991170350865005203073709132432127385510519842105754676662509882407600102295,spread,False
mlb-pit-chc-2026-09-12,mlb-pit-chc-2026-09-12|spread|-2.5|48991170350865005203073709132432127385510519842105754676662509882407600102295,spread,True
mlb-pit-chc-2026-09-12,mlb-pit-chc-2026-09-12|spread|-2.5|48991170350865005203073709132432127385510519842105754676662509882407600102295,spread,True
mlb-pit-chc-2026-09-12,mlb-pit-chc-2026-09-12|spread|-2.5|48991170350865005203073709132432127385510519842105754676662509882407600102295,spread,False
mlb-pit-chc-2026-09-12,mlb-pit-chc-2026-09-12|spread|-2.5|48991170350865005203073709132432127385510519842105754676662509882407600102295,spread,True
mlb-pit-chc-2026-09-12,mlb-pit-chc-2026-09-12|spread|-2.5|48991170350865005203073709132432127385510519842105754676662509882407600102295,spread,False
mlb-pit-chc-2026-09-12,mlb-pit-chc-2026-09-12|spread|-2.5|48991170350865005203073709132432127385510519842105754676662509882407600102295,spread,True
mlb-pit-chc-2026-09-12,mlb-pit-chc-2026-09-12|spread|-2.5|48991170350865005203073709132432127385510519842105754676662509882407600102295,spread,False
mlb-pit-chc-2026-09-12,mlb-pit-chc-2026-09-12|spread|-2.5|48991170350865005203073709132432127385510519842105754676662509882407600102295,spread,False
mlb-pit-chc-2026-09-12,mlb-pit-chc-2026-09-12|spread|-2.5|48991170350865005203073709132432127385510519842105754676662509882407600102295,spread,True
mlb-pit-chc-2026-09-12,mlb-pit-chc-2026-09-12|spread|-2.5|48991170350865005203073709132432127385510519842105754676662509882407600102295,spread,False
mlb-pit-chc-2026-09-12,mlb-pit-chc-2026-09-12|spread|-2.5|48991170350865005203073709132432127385510519842105754676662509882407600102295,spread,False
mlb-pit-chc-2026-09-12,mlb-pit-chc-2026-09-12|spread|-2.5|48991170350865005203073709132432127385510519842105754676662509882407600102295,spread,False
mlb-pit-chc-2026-09-12,mlb-pit-chc-2026-09-12|spread|-2.5|48991170350865005203073709132432127385510519842105754676662509882407600102295,spread,True
mlb-pit-chc-2026-09-12,mlb-pit-chc-2026-09-12|spread|-2.5|48991170350865005203073709132432127385510519842105754676662509882407600102295,spread,False
mlb-pit-chc-2026-09-12,mlb-pit-chc-2026-09-12|spread|-2.5|48991170350865005203073709132432127385510519842105754676662509882407600102295,spread,True
mlb-pit-chc-2026-09-12,mlb-pit-chc-2026-09-12|spread|-2.5|48991170350865005203073709132432127385510519842105754676662509882407600102295,spread,True
mlb-pit-chc-2026-09-12,mlb-pit-chc-2026-09-12|spread|-2.5|48991170350865005203073709132432127385510519842105754676662509882407600102295,spread,True
mlb-pit-chc-2026-09-12,mlb-pit-chc-2026-09-12|spread|-2.5|48991170350865005203073709132432127385510519842105754676662509882407600102295,spread,True
mlb-pit-chc-2026-09-12,mlb-pit-chc-2026-09-12|spread|-2.5|48991170350865005203073709132432127385510519842105754676662509882407600102295,spread,True
mlb-pit-chc-2026-09-12,mlb-pit-chc-2026-09-12|spread|-2.5|48991170350865005203073709132432127385510519842105754676662509882407600102295,spread,False
mlb-pit-chc-2026-09-12,mlb-pit-chc-2026-09-12|spread|-2.5|48991170350865005203073709132432127385510519842105754676662509882407600102295,spread,False
mlb-pit-chc-2026-09-12,mlb-pit-chc-2026-09-12|spread|-2.5|48991170350865005203073709132432127385510519842105754676662509882407600102295,spread,True
mlb-pit-chc-2026-09-12,mlb-pit-chc-2026-09-12|spread|-2.5|48991170350865005203073709132432127385510519842105754676662509882407600102295,spread,False
mlb-pit-chc-2026-09-12,mlb-pit-chc-2026-09-12|spread|-2.5|48991170350865005203073709132432127385510519842105754676662509882407600102295,spread,True
mlb-pit-chc-2026-09-12,mlb-pit-chc-2026-09-12|spread|-2.5|48991170350865005203073709132432127385510519842105754676662509882407600102295,spread,True
mlb-pit-chc-2026-09-12,mlb-pit-chc-2026-09-12|spread|-2.5|48991170350865005203073709132432127385510519842105754676662509882407600102295,spread,False
mlb-pit-chc-2026-09-12,mlb-pit-chc-2026-09-12|spread|-2.5|48991170350865005203073709132432127385510519842105754676662509882407600102295,spread,False
mlb-pit-chc-2026-09-12,mlb-pit-chc-2026-09-12|spread|-2.5|48991170350865005203073709132432127385510519842105754676662509882407600102295,spread,False
mlb-pit-chc-2026-09-12,mlb-pit-chc-2026-09-12|spread|-2.5|48991170350865005203073709132432127385510519842105754676662509882407600102295,spread,True
mlb-pit-chc-2026-09-12,mlb-pit-chc-2026-09-12|spread|-2.5|48991170350865005203073709132432127385510519842105754676662509882407600102295,spread,True
mlb-pit-chc-2026-09-12,mlb-pit-chc-2026-09-12|spread|-2.5|48991170350865005203073709132432127385510519842105754676662509882407600102295,spread,True
mlb-pit-chc-2026-09-12,mlb-pit-chc-2026-09-12|spread|-2.5|48991170350865005203073709132432127385510519842105754676662509882407600102295,spread,False
mlb-pit-chc-2026-09-12,mlb-pit-chc-2026-09-12|spread|-2.5|48991170350865005203073709132432127385510519842105754676662509882407600102295,spread,True
mlb-pit-chc-2026-09-12,mlb-pit-chc-2026-09-12|spread|-2.5|48991170350865005203073709132432127385510519842105754676662509882407600102295,spread,True
mlb-pit-chc-2026-09-12,mlb-pit-chc-2026-09-12|spread|-2.5|48991170350865005203073709132432127385510519842105754676662509882407600102295,spread,False
mlb-pit-chc-2026-09-12,mlb-pit-chc-2026-09-12|spread|-2.5|48991170350865005203073709132432127385510519842105754676662509882407600102295,spread,True
mlb-pit-chc-2026-09-12,mlb-pit-chc-2026-09-12|spread|-2.5|48991170350865005203073709132432127385510519842105754676662509882407600102295,spread,False
mlb-pit-chc-2026-09-12,mlb-pit-chc-2026-09-12|spread|-2.5|48991170350865005203073709132432127385510519842105754676662509882407600102295,spread,False
mlb-pit-chc-2026-09-12,mlb-pit-chc-2026-09-12|spread|-2.5|48991170350865005203073709132432127385510519842105754676662509882407600102295,spread,False
mlb-pit-chc-2026-09-12,mlb-pit-chc-2026-09-12|spread|-2.5|48991170350865005203073709132432127385510519842105754676662509882407600102295,spread,True
mlb-pit-chc-2026-09-12,mlb-pit-chc-2026-09-12|spread|-2.5|48991170350865005203073709132432127385510519842105754676662509882407600102295,spread,True
mlb-pit-chc-2026-09-12,mlb-pit-chc-2026-09-12|spread|-2.5|48991170350865005203073709132432127385510519842105754676662509882407600102295,spread,False
mlb-pit-chc-2026-09-12,mlb-pit-chc-2026-09-12|spread|-2.5|48991170350865005203073709132432127385510519842105754676662509882407600102295,spread,True
mlb-pit-chc-2026-09-12,mlb-pit-chc-2026-09-12|spread|-2.5|48991170350865005203073709132432127385510519842105754676662509882407600102295,spread,False
mlb-pit-chc-2026-09-12,mlb-pit-chc-2026-09-12|spread|-2.5|48991170350865005203073709132432127385510519842105754676662509882407600102295,spread,False
mlb-pit-chc-2026-09-12,mlb-pit-chc-2026-09-12|spread|-2.5|48991170350865005203073709132432127385510519842105754676662509882407600102295,spread,True
mlb-pit-chc-2026-09-12,mlb-pit-chc-2026-09-12|spread|-2.5|48991170350865005203073709132432127385510519842105754676662509882407600102295,spread,False
mlb-pit-chc-2026-09-12,mlb-pit-chc-2026-09-12|spread|-2.5|48991170350865005203073709132432127385510519842105754676662509882407600102295,spread,False
mlb-pit-chc-2026-09-12,mlb-pit-chc-2026-09-12|spread|-2.5|48991170350865005203073709132432127385510519842105754676662509882407600102295,spread,True
mlb-pit-chc-2026-09-12,mlb-pit-chc-2026-09-12|spread|-2.5|48991170350865005203073709132432127385510519842105754676662509882407600102295,spread,True
mlb-pit-chc-2026-09-12,mlb-pit-chc-2026-09-12|spread|-2.5|48991170350865005203073709132432127385510519842105754676662509882407600102295,spread,False
mlb-pit-chc-2026-09-12,mlb-pit-chc-2026-09-12|spread|-2.5|48991170350865005203073709132432127385510519842105754676662509882407600102295,spread,False
mlb-pit-chc-2026-09-12,mlb-pit-chc-2026-09-12|spread|-2.5|48991170350865005203073709132432127385510519842105754676662509882407600102295,spread,True
mlb-pit-chc-2026-09-12,mlb-pit-chc-2026-09-12|spread|-2.5|48991170350865005203073709132432127385510519842105754676662509882407600102295,spread,True
mlb-pit-chc-2026-09-12,mlb-pit-chc-2026-09-12|spread|-2.5|48991170350865005203073709132432127385510519842105754676662509882407600102295,spread,True
mlb-pit-chc-2026-09-12,mlb-pit-chc-2026-09-12|spread|-2.5|48991170350865005203073709132432127385510519842105754676662509882407600102295,spread,True
mlb-pit-chc-2026-09-12,mlb-pit-chc-2026-09-12|spread|-2.5|48991170350865005203073709132432127385510519842105754676662509882407600102295,spread,True
mlb-pit-chc-2026-09-12,mlb-pit-chc-2026-09-12|spread|-2.5|48991170350865005203073709132432127385510519842105754676662509882407600102295,spread,False
mlb-pit-chc-2026-09-12,mlb-pit-chc-2026-09-12|spread|-2.5|48991170350865005203073709132432127385510519842105754676662509882407600102295,spread,False
mlb-pit-chc-2026-09-12,mlb-pit-chc-2026-09-12|spread|-2.5|48991170350865005203073709132432127385510519842105754676662509882407600102295,spread,True
mlb-pit-chc-2026-09-12,mlb-pit-chc-2026-09-12|spread|-2.5|48991170350865005203073709132432127385510519842105754676662509882407600102295,spread,False
mlb-pit-chc-2026-09-12,mlb-pit-chc-2026-09-12|spread|-2.5|56566084536493805039415798418089087701286404529054334178316952252710889295819,spread,False
mlb-pit-chc-2026-09-12,mlb-pit-chc-2026-09-12|spread|-2.5|56566084536493805039415798418089087701286404529054334178316952252710889295819,spread,True
mlb-pit-chc-2026-09-12,mlb-pit-chc-2026-09-12|spread|-2.5|56566084536493805039415798418089087701286404529054334178316952252710889295819,spread,False
mlb-pit-chc-2026-09-12,mlb-pit-chc-2026-09-12|spread|-2.5|56566084536493805039415798418089087701286404529054334178316952252710889295819,spread,False
mlb-pit-chc-2026-09-12,mlb-pit-chc-2026-09-12|spread|-2.5|56566084536493805039415798418089087701286404529054334178316952252710889295819,spread,True
mlb-pit-chc-2026-09-12,mlb-pit-chc-2026-09-12|spread|-2.5|56566084536493805039415798418089087701286404529054334178316952252710889295819,spread,True
mlb-pit-chc-2026-09-12,mlb-pit-chc-2026-09-12|spread|-2.5|56566084536493805039415798418089087701286404529054334178316952252710889295819,spread,False
mlb-pit-chc-2026-09-12,mlb-pit-chc-2026-09-12|spread|-2.5|56566084536493805039415798418089087701286404529054334178316952252710889295819,spread,False
mlb-pit-chc-2026-09-12,mlb-pit-chc-2026-09-12|spread|-2.5|56566084536493805039415798418089087701286404529054334178316952252710889295819,spread,True
mlb-pit-chc-2026-09-12,mlb-pit-chc-2026-09-12|spread|-2.5|56566084536493805039415798418089087701286404529054334178316952252710889295819,spread,True
mlb-pit-chc-2026-09-12,mlb-pit-chc-2026-09-12|spread|-2.5|56566084536493805039415798418089087701286404529054334178316952252710889295819,spread,False
mlb-pit-chc-2026-09-12,mlb-pit-chc-2026-09-12|spread|-2.5|56566084536493805039415798418089087701286404529054334178316952252710889295819,spread,True
mlb-pit-chc-2026-09-12,mlb-pit-chc-2026-09-12|spread|-2.5|56566084536493805039415798418089087701286404529054334178316952252710889295819,spread,True
mlb-pit-chc-2026-09-12,mlb-pit-chc-2026-09-12|spread|-2.5|56566084536493805039415798418089087701286404529054334178316952252710889295819,spread,False
mlb-pit-chc-2026-09-12,mlb-pit-chc-2026-09-12|spread|-2.5|56566084536493805039415798418089087701286404529054334178316952252710889295819,spread,True
mlb-pit-chc-2026-09-12,mlb-pit-chc-2026-09-12|spread|-2.5|56566084536493805039415798418089087701286404529054334178316952252710889295819,spread,True
mlb-pit-chc-2026-09-12,mlb-pit-chc-2026-09-12|spread|-2.5|56566084536493805039415798418089087701286404529054334178316952252710889295819,spread,False
mlb-pit-chc-2026-09-12,mlb-pit-chc-2026-09-12|spread|-2.5|56566084536493805039415798418089087701286404529054334178316952252710889295819,spread,True
mlb-pit-chc-2026-09-12,mlb-pit-chc-2026-09-12|spread|-2.5|56566084536493805039415798418089087701286404529054334178316952252710889295819,spread,False
mlb-pit-chc-2026-09-12,mlb-pit-chc-2026-09-12|spread|-2.5|56566084536493805039415798418089087701286404529054334178316952252710889295819,spread,True
mlb-pit-chc-2026-09-12,mlb-pit-chc-2026-09-12|spread|-2.5|56566084536493805039415798418089087701286404529054334178316952252710889295819,spread,True
mlb-pit-chc-2026-09-12,mlb-pit-chc-2026-09-12|spread|-2.5|56566084536493805039415798418089087701286404529054334178316952252710889295819,spread,True
mlb-pit-chc-2026-09-12,mlb-pit-chc-2026-09-12|spread|-2.5|56566084536493805039415798418089087701286404529054334178316952252710889295819,spread,False
mlb-pit-chc-2026-09-12,mlb-pit-chc-2026-09-12|spread|-2.5|56566084536493805039415798418089087701286404529054334178316952252710889295819,spread,False
mlb-pit-chc-2026-09-12,mlb-pit-chc-2026-09-12|spread|-2.5|56566084536493805039415798418089087701286404529054334178316952252710889295819,spread,True
mlb-pit-chc-2026-09-12,mlb-pit-chc-2026-09-12|spread|-2.5|56566084536493805039415798418089087701286404529054334178316952252710889295819,spread,False
mlb-pit-chc-2026-09-12,mlb-pit-chc-2026-09-12|spread|-2.5|56566084536493805039415798418089087701286404529054334178316952252710889295819,spread,False
mlb-pit-chc-2026-09-12,mlb-pit-chc-2026-09-12|spread|-2.5|56566084536493805039415798418089087701286404529054334178316952252710889295819,spread,False
mlb-pit-chc-2026-09-12,mlb-pit-chc-2026-09-12|spread|-2.5|56566084536493805039415798418089087701286404529054334178316952252710889295819,spread,False
mlb-pit-chc-2026-09-12,mlb-pit-chc-2026-09-12|spread|-2.5|56566084536493805039415798418089087701286404529054334178316952252710889295819,spread,False
mlb-pit-chc-2026-09-12,mlb-pit-chc-2026-09-12|spread|-2.5|56566084536493805039415798418089087701286404529054334178316952252710889295819,spread,False
mlb-pit-chc-2026-09-12,mlb-pit-chc-2026-09-12|spread|-2.5|56566084536493805039415798418089087701286404529054334178316952252710889295819,spread,False
mlb-pit-chc-2026-09-12,mlb-pit-chc-2026-09-12|spread|-2.5|56566084536493805039415798418089087701286404529054334178316952252710889295819,spread,True
mlb-pit-chc-2026-09-12,mlb-pit-chc-2026-09-12|spread|-2.5|56566084536493805039415798418089087701286404529054334178316952252710889295819,spread,True
mlb-pit-chc-2026-09-12,mlb-pit-chc-2026-09-12|spread|-2.5|56566084536493805039415798418089087701286404529054334178316952252710889295819,spread,True
mlb-pit-chc-2026-09-12,mlb-pit-chc-2026-09-12|spread|-2.5|56566084536493805039415798418089087701286404529054334178316952252710889295819,spread,False
mlb-pit-chc-2026-09-12,mlb-pit-chc-2026-09-12|spread|-2.5|56566084536493805039415798418089087701286404529054334178316952252710889295819,spread,False
mlb-pit-chc-2026-09-12,mlb-pit-chc-2026-09-12|spread|-2.5|56566084536493805039415798418089087701286404529054334178316952252710889295819,spread,True
mlb-pit-chc-2026-09-12,mlb-pit-chc-2026-09-12|spread|-2.5|56566084536493805039415798418089087701286404529054334178316952252710889295819,spread,False
mlb-pit-chc-2026-09-12,mlb-pit-chc-2026-09-12|spread|-2.5|56566084536493805039415798418089087701286404529054334178316952252710889295819,spread,False
mlb-pit-chc-2026-09-12,mlb-pit-chc-2026-09-12|spread|-2.5|56566084536493805039415798418089087701286404529054334178316952252710889295819,spread,True
mlb-pit-chc-2026-09-12,mlb-pit-chc-2026-09-12|spread|-2.5|56566084536493805039415798418089087701286404529054334178316952252710889295819,spread,False
mlb-pit-chc-2026-09-12,mlb-pit-chc-2026-09-12|spread|-2.5|56566084536493805039415798418089087701286404529054334178316952252710889295819,spread,True
mlb-pit-chc-2026-09-12,mlb-pit-chc-2026-09-12|spread|-2.5|56566084536493805039415798418089087701286404529054334178316952252710889295819,spread,True
mlb-pit-chc-2026-09-12,mlb-pit-chc-2026-09-12|spread|-2.5|56566084536493805039415798418089087701286404529054334178316952252710889295819,spread,False
mlb-pit-chc-2026-09-12,mlb-pit-chc-2026-09-12|spread|-2.5|56566084536493805039415798418089087701286404529054334178316952252710889295819,spread,True
mlb-pit-chc-2026-09-12,mlb-pit-chc-2026-09-12|spread|-2.5|56566084536493805039415798418089087701286404529054334178316952252710889295819,spread,False
mlb-pit-chc-2026-09-12,mlb-pit-chc-2026-09-12|spread|-2.5|56566084536493805039415798418089087701286404529054334178316952252710889295819,spread,True
mlb-pit-chc-2026-09-12,mlb-pit-chc-2026-09-12|spread|-2.5|56566084536493805039415798418089087701286404529054334178316952252710889295819,spread,False
mlb-pit-chc-2026-09-12,mlb-pit-chc-2026-09-12|spread|-2.5|56566084536493805039415798418089087701286404529054334178316952252710889295819,spread,True
mlb-pit-chc-2026-09-12,mlb-pit-chc-2026-09-12|spread|-2.5|56566084536493805039415798418089087701286404529054334178316952252710889295819,spread,False
mlb-pit-chc-2026-09-12,mlb-pit-chc-2026-09-12|spread|-2.5|56566084536493805039415798418089087701286404529054334178316952252710889295819,spread,True
mlb-pit-chc-2026-09-12,mlb-pit-chc-2026-09-12|spread|-2.5|56566084536493805039415798418089087701286404529054334178316952252710889295819,spread,False
mlb-pit-chc-2026-09-12,mlb-pit-chc-2026-09-12|spread|-2.5|56566084536493805039415798418089087701286404529054334178316952252710889295819,spread,True
mlb-pit-chc-2026-09-12,mlb-pit-chc-2026-09-12|spread|-2.5|56566084536493805039415798418089087701286404529054334178316952252710889295819,spread,False
mlb-pit-chc-2026-09-12,mlb-pit-chc-2026-09-12|spread|-2.5|56566084536493805039415798418089087701286404529054334178316952252710889295819,spread,False
mlb-pit-chc-2026-09-12,mlb-pit-chc-2026-09-12|spread|-2.5|56566084536493805039415798418089087701286404529054334178316952252710889295819,spread,True
mlb-pit-chc-2026-09-12,mlb-pit-chc-2026-09-12|spread|-2.5|56566084536493805039415798418089087701286404529054334178316952252710889295819,spread,True
mlb-pit-chc-2026-09-12,mlb-pit-chc-2026-09-12|spread|-2.5|56566084536493805039415798418089087701286404529054334178316952252710889295819,spread,True
mlb-pit-chc-2026-09-12,mlb-pit-chc-2026-09-12|spread|-2.5|56566084536493805039415798418089087701286404529054334178316952252710889295819,spread,True
mlb-pit-chc-2026-09-12,mlb-pit-chc-2026-09-12|spread|-2.5|56566084536493805039415798418089087701286404529054334178316952252710889295819,spread,True
mlb-pit-chc-2026-09-12,mlb-pit-chc-2026-09-12|spread|-2.5|56566084536493805039415798418089087701286404529054334178316952252710889295819,spread,True
mlb-pit-chc-2026-09-12,mlb-pit-chc-2026-09-12|spread|-2.5|56566084536493805039415798418089087701286404529054334178316952252710889295819,spread,True
mlb-pit-chc-2026-09-12,mlb-pit-chc-2026-09-12|spread|-2.5|56566084536493805039415798418089087701286404529054334178316952252710889295819,spread,True
mlb-pit-chc-2026-09-12,mlb-pit-chc-2026-09-12|spread|-2.5|56566084536493805039415798418089087701286404529054334178316952252710889295819,spread,True
mlb-pit-chc-2026-09-12,mlb-pit-chc-2026-09-12|spread|-2.5|56566084536493805039415798418089087701286404529054334178316952252710889295819,spread,True
mlb-pit-chc-2026-09-12,mlb-pit-chc-2026-09-12|spread|-2.5|56566084536493805039415798418089087701286404529054334178316952252710889295819,spread,True
mlb-pit-chc-2026-09-12,mlb-pit-chc-2026-09-12|spread|-2.5|56566084536493805039415798418089087701286404529054334178316952252710889295819,spread,True
mlb-pit-chc-2026-09-12,mlb-pit-chc-2026-09-12|spread|-2.5|56566084536493805039415798418089087701286404529054334178316952252710889295819,spread,False
mlb-pit-chc-2026-09-12,mlb-pit-chc-2026-09-12|spread|-2.5|56566084536493805039415798418089087701286404529054334178316952252710889295819,spread,False
mlb-pit-chc-2026-09-12,mlb-pit-chc-2026-09-12|spread|-2.5|56566084536493805039415798418089087701286404529054334178316952252710889295819,spread,False
mlb-pit-chc-2026-09-12,mlb-pit-chc-2026-09-12|spread|-2.5|56566084536493805039415798418089087701286404529054334178316952252710889295819,spread,False
mlb-pit-chc-2026-09-12,mlb-pit-chc-2026-09-12|spread|-2.5|56566084536493805039415798418089087701286404529054334178316952252710889295819,spread,False
mlb-pit-chc-2026-09-12,mlb-pit-chc-2026-09-12|spread|-2.5|56566084536493805039415798418089087701286404529054334178316952252710889295819,spread,False
mlb-pit-chc-2026-09-12,mlb-pit-chc-2026-09-12|spread|-2.5|56566084536493805039415798418089087701286404529054334178316952252710889295819,spread,False
mlb-pit-chc-2026-09-12,mlb-pit-chc-2026-09-12|spread|-2.5|56566084536493805039415798418089087701286404529054334178316952252710889295819,spread,False
mlb-pit-chc-2026-09-12,mlb-pit-chc-2026-09-12|spread|-2.5|56566084536493805039415798418089087701286404529054334178316952252710889295819,spread,True
mlb-pit-chc-2026-09-12,mlb-pit-chc-2026-09-12|spread|-2.5|56566084536493805039415798418089087701286404529054334178316952252710889295819,spread,True
mlb-pit-chc-2026-09-12,mlb-pit-chc-2026-09-12|spread|-2.5|56566084536493805039415798418089087701286404529054334178316952252710889295819,spread,True
mlb-pit-chc-2026-09-12,mlb-pit-chc-2026-09-12|spread|-2.5|56566084536493805039415798418089087701286404529054334178316952252710889295819,spread,True
mlb-pit-chc-2026-09-12,mlb-pit-chc-2026-09-12|spread|-2.5|56566084536493805039415798418089087701286404529054334178316952252710889295819,spread,False
mlb-pit-chc-2026-09-12,mlb-pit-chc-2026-09-12|spread|-2.5|56566084536493805039415798418089087701286404529054334178316952252710889295819,spread,True
mlb-sd-sf-2026-09-12,mlb-sd-sf-2026-09-12|moneyline|None|94733096575050845817444182523140294484561866373271223355100152025969701119810,moneyline,True
mlb-sd-sf-2026-09-12,mlb-sd-sf-2026-09-12|moneyline|None|94733096575050845817444182523140294484561866373271223355100152025969701119810,moneyline,False
mlb-sd-sf-2026-09-12,mlb-sd-sf-2026-09-12|moneyline|None|94733096575050845817444182523140294484561866373271223355100152025969701119810,moneyline,True
mlb-sd-sf-2026-09-12,mlb-sd-sf-2026-09-12|moneyline|None|94733096575050845817444182523140294484561866373271223355100152025969701119810,moneyline,False
mlb-sd-sf-2026-09-12,mlb-sd-sf-2026-09-12|moneyline|None|94733096575050845817444182523140294484561866373271223355100152025969701119810,moneyline,True
mlb-sd-sf-2026-09-12,mlb-sd-sf-2026-09-12|moneyline|None|94733096575050845817444182523140294484561866373271223355100152025969701119810,moneyline,True
mlb-sd-sf-2026-09-12,mlb-sd-sf-2026-09-12|moneyline|None|94733096575050845817444182523140294484561866373271223355100152025969701119810,moneyline,True
mlb-sd-sf-2026-09-12,mlb-sd-sf-2026-09-12|moneyline|None|94733096575050845817444182523140294484561866373271223355100152025969701119810,moneyline,True
mlb-sd-sf-2026-09-12,mlb-sd-sf-2026-09-12|moneyline|None|94733096575050845817444182523140294484561866373271223355100152025969701119810,moneyline,True
mlb-sd-sf-2026-09-12,mlb-sd-sf-2026-09-12|moneyline|None|94733096575050845817444182523140294484561866373271223355100152025969701119810,moneyline,True
mlb-sd-sf-2026-09-12,mlb-sd-sf-2026-09-12|moneyline|None|94733096575050845817444182523140294484561866373271223355100152025969701119810,moneyline,False
mlb-sd-sf-2026-09-12,mlb-sd-sf-2026-09-12|moneyline|None|94733096575050845817444182523140294484561866373271223355100152025969701119810,moneyline,False
mlb-sd-sf-2026-09-12,mlb-sd-sf-2026-09-12|moneyline|None|94733096575050845817444182523140294484561866373271223355100152025969701119810,moneyline,False
mlb-sd-sf-2026-09-12,mlb-sd-sf-2026-09-12|moneyline|None|94733096575050845817444182523140294484561866373271223355100152025969701119810,moneyline,True
mlb-sd-sf-2026-09-12,mlb-sd-sf-2026-09-12|moneyline|None|94733096575050845817444182523140294484561866373271223355100152025969701119810,moneyline,False
mlb-sd-sf-2026-09-12,mlb-sd-sf-2026-09-12|moneyline|None|94733096575050845817444182523140294484561866373271223355100152025969701119810,moneyline,False
mlb-sd-sf-2026-09-12,mlb-sd-sf-2026-09-12|moneyline|None|94733096575050845817444182523140294484561866373271223355100152025969701119810,moneyline,False
mlb-sd-sf-2026-09-12,mlb-sd-sf-2026-09-12|moneyline|None|94733096575050845817444182523140294484561866373271223355100152025969701119810,moneyline,True
mlb-sd-sf-2026-09-12,mlb-sd-sf-2026-09-12|moneyline|None|94733096575050845817444182523140294484561866373271223355100152025969701119810,moneyline,True
mlb-sd-sf-2026-09-12,mlb-sd-sf-2026-09-12|moneyline|None|94733096575050845817444182523140294484561866373271223355100152025969701119810,moneyline,True
mlb-sd-sf-2026-09-12,mlb-sd-sf-2026-09-12|moneyline|None|94733096575050845817444182523140294484561866373271223355100152025969701119810,moneyline,True
mlb-sd-sf-2026-09-12,mlb-sd-sf-2026-09-12|moneyline|None|94733096575050845817444182523140294484561866373271223355100152025969701119810,moneyline,True
mlb-sd-sf-2026-09-12,mlb-sd-sf-2026-09-12|moneyline|None|94733096575050845817444182523140294484561866373271223355100152025969701119810,moneyline,True
mlb-sd-sf-2026-09-12,mlb-sd-sf-2026-09-12|moneyline|None|94733096575050845817444182523140294484561866373271223355100152025969701119810,moneyline,False
mlb-sd-sf-2026-09-12,mlb-sd-sf-2026-09-12|moneyline|None|94733096575050845817444182523140294484561866373271223355100152025969701119810,moneyline,True
mlb-sd-sf-2026-09-12,mlb-sd-sf-2026-09-12|moneyline|None|94733096575050845817444182523140294484561866373271223355100152025969701119810,moneyline,True
mlb-sd-sf-2026-09-12,mlb-sd-sf-2026-09-12|moneyline|None|94733096575050845817444182523140294484561866373271223355100152025969701119810,moneyline,True
mlb-sd-sf-2026-09-12,mlb-sd-sf-2026-09-12|moneyline|None|94733096575050845817444182523140294484561866373271223355100152025969701119810,moneyline,True
mlb-sd-sf-2026-09-12,mlb-sd-sf-2026-09-12|moneyline|None|94733096575050845817444182523140294484561866373271223355100152025969701119810,moneyline,True
mlb-sd-sf-2026-09-12,mlb-sd-sf-2026-09-12|moneyline|None|94733096575050845817444182523140294484561866373271223355100152025969701119810,moneyline,True
mlb-sd-sf-2026-09-12,mlb-sd-sf-2026-09-12|spread|-1.5|108373009829097125997469585209916902022196801679590368368822291111203392555607,spread,True
mlb-sd-sf-2026-09-12,mlb-sd-sf-2026-09-12|spread|-1.5|108373009829097125997469585209916902022196801679590368368822291111203392555607,spread,True
mlb-sd-sf-2026-09-12,mlb-sd-sf-2026-09-12|spread|-1.5|108373009829097125997469585209916902022196801679590368368822291111203392555607,spread,True
mlb-sd-sf-2026-09-12,mlb-sd-sf-2026-09-12|spread|-1.5|108373009829097125997469585209916902022196801679590368368822291111203392555607,spread,False
mlb-sd-sf-2026-09-12,mlb-sd-sf-2026-09-12|spread|-1.5|108373009829097125997469585209916902022196801679590368368822291111203392555607,spread,False
mlb-sd-sf-2026-09-12,mlb-sd-sf-2026-09-12|spread|-1.5|108373009829097125997469585209916902022196801679590368368822291111203392555607,spread,True
mlb-sd-sf-2026-09-12,mlb-sd-sf-2026-09-12|spread|-1.5|108373009829097125997469585209916902022196801679590368368822291111203392555607,spread,False
mlb-sd-sf-2026-09-12,mlb-sd-sf-2026-09-12|spread|-1.5|108373009829097125997469585209916902022196801679590368368822291111203392555607,spread,False
mlb-sd-sf-2026-09-12,mlb-sd-sf-2026-09-12|spread|-1.5|108373009829097125997469585209916902022196801679590368368822291111203392555607,spread,True
mlb-sd-sf-2026-09-12,mlb-sd-sf-2026-09-12|spread|-1.5|108373009829097125997469585209916902022196801679590368368822291111203392555607,spread,False
mlb-sd-sf-2026-09-12,mlb-sd-sf-2026-09-12|spread|-1.5|108373009829097125997469585209916902022196801679590368368822291111203392555607,spread,False
mlb-sd-sf-2026-09-12,mlb-sd-sf-2026-09-12|spread|-1.5|108373009829097125997469585209916902022196801679590368368822291111203392555607,spread,True
mlb-sd-sf-2026-09-12,mlb-sd-sf-2026-09-12|spread|-1.5|108373009829097125997469585209916902022196801679590368368822291111203392555607,spread,True
mlb-sd-sf-2026-09-12,mlb-sd-sf-2026-09-12|spread|-1.5|108373009829097125997469585209916902022196801679590368368822291111203392555607,spread,True
mlb-sd-sf-2026-09-12,mlb-sd-sf-2026-09-12|spread|-1.5|108373009829097125997469585209916902022196801679590368368822291111203392555607,spread,True
mlb-sd-sf-2026-09-12,mlb-sd-sf-2026-09-12|spread|-1.5|108373009829097125997469585209916902022196801679590368368822291111203392555607,spread,True
mlb-sd-sf-2026-09-12,mlb-sd-sf-2026-09-12|spread|-1.5|108373009829097125997469585209916902022196801679590368368822291111203392555607,spread,False
mlb-sd-sf-2026-09-12,mlb-sd-sf-2026-09-12|spread|-1.5|108373009829097125997469585209916902022196801679590368368822291111203392555607,spread,True
mlb-sd-sf-2026-09-12,mlb-sd-sf-2026-09-12|spread|-1.5|108373009829097125997469585209916902022196801679590368368822291111203392555607,spread,False
mlb-sd-sf-2026-09-12,mlb-sd-sf-2026-09-12|spread|-1.5|108373009829097125997469585209916902022196801679590368368822291111203392555607,spread,True
mlb-sd-sf-2026-09-12,mlb-sd-sf-2026-09-12|spread|-1.5|108373009829097125997469585209916902022196801679590368368822291111203392555607,spread,True
mlb-sd-sf-2026-09-12,mlb-sd-sf-2026-09-12|spread|-1.5|108373009829097125997469585209916902022196801679590368368822291111203392555607,spread,False
mlb-sd-sf-2026-09-12,mlb-sd-sf-2026-09-12|spread|-1.5|108373009829097125997469585209916902022196801679590368368822291111203392555607,spread,True
mlb-sd-sf-2026-09-12,mlb-sd-sf-2026-09-12|spread|-1.5|108373009829097125997469585209916902022196801679590368368822291111203392555607,spread,True
mlb-sd-sf-2026-09-12,mlb-sd-sf-2026-09-12|spread|-1.5|108373009829097125997469585209916902022196801679590368368822291111203392555607,spread,False
mlb-sd-sf-2026-09-12,mlb-sd-sf-2026-09-12|spread|-1.5|108373009829097125997469585209916902022196801679590368368822291111203392555607,spread,True
mlb-sd-sf-2026-09-12,mlb-sd-sf-2026-09-12|spread|-1.5|16429901234768487697889863806360781966491791341582302766951760520345916628564,spread,False
mlb-sd-sf-2026-09-12,mlb-sd-sf-2026-09-12|spread|-1.5|16429901234768487697889863806360781966491791341582302766951760520345916628564,spread,False
mlb-sd-sf-2026-09-12,mlb-sd-sf-2026-09-12|spread|-1.5|16429901234768487697889863806360781966491791341582302766951760520345916628564,spread,True
mlb-sd-sf-2026-09-12,mlb-sd-sf-2026-09-12|spread|-1.5|16429901234768487697889863806360781966491791341582302766951760520345916628564,spread,False
mlb-sd-sf-2026-09-12,mlb-sd-sf-2026-09-12|spread|-1.5|16429901234768487697889863806360781966491791341582302766951760520345916628564,spread,True
mlb-sd-sf-2026-09-12,mlb-sd-sf-2026-09-12|spread|-1.5|16429901234768487697889863806360781966491791341582302766951760520345916628564,spread,True
mlb-sd-sf-2026-09-12,mlb-sd-sf-2026-09-12|spread|-1.5|16429901234768487697889863806360781966491791341582302766951760520345916628564,spread,False
mlb-sd-sf-2026-09-12,mlb-sd-sf-2026-09-12|spread|-1.5|16429901234768487697889863806360781966491791341582302766951760520345916628564,spread,False
mlb-sd-sf-2026-09-12,mlb-sd-sf-2026-09-12|spread|-1.5|16429901234768487697889863806360781966491791341582302766951760520345916628564,spread,False
mlb-sd-sf-2026-09-12,mlb-sd-sf-2026-09-12|spread|-1.5|16429901234768487697889863806360781966491791341582302766951760520345916628564,spread,False
mlb-sd-sf-2026-09-12,mlb-sd-sf-2026-09-12|spread|-1.5|16429901234768487697889863806360781966491791341582302766951760520345916628564,spread,True
mlb-sd-sf-2026-09-12,mlb-sd-sf-2026-09-12|spread|-1.5|16429901234768487697889863806360781966491791341582302766951760520345916628564,spread,True
mlb-sd-sf-2026-09-12,mlb-sd-sf-2026-09-12|spread|-1.5|16429901234768487697889863806360781966491791341582302766951760520345916628564,spread,True
mlb-sd-sf-2026-09-12,mlb-sd-sf-2026-09-12|spread|-1.5|16429901234768487697889863806360781966491791341582302766951760520345916628564,spread,False
mlb-sd-sf-2026-09-12,mlb-sd-sf-2026-09-12|spread|-1.5|16429901234768487697889863806360781966491791341582302766951760520345916628564,spread,True
mlb-sd-sf-2026-09-12,mlb-sd-sf-2026-09-12|spread|-1.5|16429901234768487697889863806360781966491791341582302766951760520345916628564,spread,True
mlb-sd-sf-2026-09-12,mlb-sd-sf-2026-09-12|spread|-1.5|16429901234768487697889863806360781966491791341582302766951760520345916628564,spread,False
mlb-sd-sf-2026-09-12,mlb-sd-sf-2026-09-12|spread|-1.5|16429901234768487697889863806360781966491791341582302766951760520345916628564,spread,True
mlb-sd-sf-2026-09-12,mlb-sd-sf-2026-09-12|spread|-1.5|16429901234768487697889863806360781966491791341582302766951760520345916628564,spread,False
mlb-sd-sf-2026-09-12,mlb-sd-sf-2026-09-12|spread|-1.5|16429901234768487697889863806360781966491791341582302766951760520345916628564,spread,True
mlb-sd-sf-2026-09-12,mlb-sd-sf-2026-09-12|spread|-1.5|16429901234768487697889863806360781966491791341582302766951760520345916628564,spread,False
mlb-sd-sf-2026-09-12,mlb-sd-sf-2026-09-12|spread|-1.5|16429901234768487697889863806360781966491791341582302766951760520345916628564,spread,True
mlb-sd-sf-2026-09-12,mlb-sd-sf-2026-09-12|spread|-1.5|16429901234768487697889863806360781966491791341582302766951760520345916628564,spread,False
mlb-sd-sf-2026-09-12,mlb-sd-sf-2026-09-12|spread|-1.5|16429901234768487697889863806360781966491791341582302766951760520345916628564,spread,False
mlb-sd-sf-2026-09-12,mlb-sd-sf-2026-09-12|spread|-1.5|16429901234768487697889863806360781966491791341582302766951760520345916628564,spread,True
mlb-sd-sf-2026-09-12,mlb-sd-sf-2026-09-12|spread|-1.5|16429901234768487697889863806360781966491791341582302766951760520345916628564,spread,False
mlb-sd-sf-2026-09-12,mlb-sd-sf-2026-09-12|spread|-1.5|16429901234768487697889863806360781966491791341582302766951760520345916628564,spread,True
mlb-sd-sf-2026-09-12,mlb-sd-sf-2026-09-12|spread|-1.5|16429901234768487697889863806360781966491791341582302766951760520345916628564,spread,False
mlb-sd-sf-2026-09-12,mlb-sd-sf-2026-09-12|spread|-1.5|16429901234768487697889863806360781966491791341582302766951760520345916628564,spread,True
mlb-sd-sf-2026-09-12,mlb-sd-sf-2026-09-12|spread|-1.5|16429901234768487697889863806360781966491791341582302766951760520345916628564,spread,False
mlb-sd-sf-2026-09-12,mlb-sd-sf-2026-09-12|spread|-1.5|16429901234768487697889863806360781966491791341582302766951760520345916628564,spread,False
mlb-sd-sf-2026-09-12,mlb-sd-sf-2026-09-12|spread|-1.5|16429901234768487697889863806360781966491791341582302766951760520345916628564,spread,False
mlb-sd-sf-2026-09-12,mlb-sd-sf-2026-09-12|spread|-1.5|16429901234768487697889863806360781966491791341582302766951760520345916628564,spread,True
mlb-sd-sf-2026-09-12,mlb-sd-sf-2026-09-12|spread|-1.5|16429901234768487697889863806360781966491791341582302766951760520345916628564,spread,True
mlb-sd-sf-2026-09-12,mlb-sd-sf-2026-09-12|spread|-1.5|16429901234768487697889863806360781966491791341582302766951760520345916628564,spread,False
mlb-sd-sf-2026-09-12,mlb-sd-sf-2026-09-12|spread|-1.5|16429901234768487697889863806360781966491791341582302766951760520345916628564,spread,True
mlb-sd-sf-2026-09-12,mlb-sd-sf-2026-09-12|spread|-1.5|16429901234768487697889863806360781966491791341582302766951760520345916628564,spread,True
mlb-sd-sf-2026-09-12,mlb-sd-sf-2026-09-12|spread|-1.5|16429901234768487697889863806360781966491791341582302766951760520345916628564,spread,False
mlb-sd-sf-2026-09-12,mlb-sd-sf-2026-09-12|spread|-1.5|16429901234768487697889863806360781966491791341582302766951760520345916628564,spread,False
mlb-sd-sf-2026-09-12,mlb-sd-sf-2026-09-12|spread|-1.5|16429901234768487697889863806360781966491791341582302766951760520345916628564,spread,True
mlb-sd-sf-2026-09-12,mlb-sd-sf-2026-09-12|spread|-1.5|16429901234768487697889863806360781966491791341582302766951760520345916628564,spread,False
mlb-sd-sf-2026-09-12,mlb-sd-sf-2026-09-12|spread|-1.5|16429901234768487697889863806360781966491791341582302766951760520345916628564,spread,False
mlb-sd-sf-2026-09-12,mlb-sd-sf-2026-09-12|spread|-1.5|16429901234768487697889863806360781966491791341582302766951760520345916628564,spread,True
mlb-sd-sf-2026-09-12,mlb-sd-sf-2026-09-12|spread|-1.5|16429901234768487697889863806360781966491791341582302766951760520345916628564,spread,True
mlb-sd-sf-2026-09-12,mlb-sd-sf-2026-09-12|spread|-1.5|16429901234768487697889863806360781966491791341582302766951760520345916628564,spread,False
mlb-sd-sf-2026-09-12,mlb-sd-sf-2026-09-12|spread|-1.5|16429901234768487697889863806360781966491791341582302766951760520345916628564,spread,False
mlb-sd-sf-2026-09-12,mlb-sd-sf-2026-09-12|spread|-1.5|16429901234768487697889863806360781966491791341582302766951760520345916628564,spread,True
mlb-sd-sf-2026-09-12,mlb-sd-sf-2026-09-12|spread|-1.5|16429901234768487697889863806360781966491791341582302766951760520345916628564,spread,False
mlb-sd-sf-2026-09-12,mlb-sd-sf-2026-09-12|spread|-1.5|16429901234768487697889863806360781966491791341582302766951760520345916628564,spread,False
mlb-sd-sf-2026-09-12,mlb-sd-sf-2026-09-12|spread|-1.5|16429901234768487697889863806360781966491791341582302766951760520345916628564,spread,False
mlb-sd-sf-2026-09-12,mlb-sd-sf-2026-09-12|spread|-1.5|16429901234768487697889863806360781966491791341582302766951760520345916628564,spread,False
mlb-sd-sf-2026-09-12,mlb-sd-sf-2026-09-12|spread|-1.5|16429901234768487697889863806360781966491791341582302766951760520345916628564,spread,False
mlb-sd-sf-2026-09-12,mlb-sd-sf-2026-09-12|spread|-1.5|16429901234768487697889863806360781966491791341582302766951760520345916628564,spread,False
mlb-sd-sf-2026-09-12,mlb-sd-sf-2026-09-12|spread|-1.5|16429901234768487697889863806360781966491791341582302766951760520345916628564,spread,True
mlb-sd-sf-2026-09-12,mlb-sd-sf-2026-09-12|spread|-1.5|16429901234768487697889863806360781966491791341582302766951760520345916628564,spread,True
mlb-sd-sf-2026-09-12,mlb-sd-sf-2026-09-12|spread|-1.5|16429901234768487697889863806360781966491791341582302766951760520345916628564,spread,True
mlb-sd-sf-2026-09-12,mlb-sd-sf-2026-09-12|spread|-1.5|16429901234768487697889863806360781966491791341582302766951760520345916628564,spread,True
mlb-sd-sf-2026-09-12,mlb-sd-sf-2026-09-12|spread|-1.5|16429901234768487697889863806360781966491791341582302766951760520345916628564,spread,False
mlb-sd-sf-2026-09-12,mlb-sd-sf-2026-09-12|spread|-1.5|16429901234768487697889863806360781966491791341582302766951760520345916628564,spread,False
mlb-sd-sf-2026-09-12,mlb-sd-sf-2026-09-12|spread|-1.5|16429901234768487697889863806360781966491791341582302766951760520345916628564,spread,True
mlb-sd-sf-2026-09-12,mlb-sd-sf-2026-09-12|spread|-1.5|16429901234768487697889863806360781966491791341582302766951760520345916628564,spread,True
mlb-sd-sf-2026-09-12,mlb-sd-sf-2026-09-12|spread|-1.5|16429901234768487697889863806360781966491791341582302766951760520345916628564,spread,True
mlb-sd-sf-2026-09-12,mlb-sd-sf-2026-09-12|spread|-1.5|16429901234768487697889863806360781966491791341582302766951760520345916628564,spread,False
mlb-sd-sf-2026-09-12,mlb-sd-sf-2026-09-12|spread|-1.5|16429901234768487697889863806360781966491791341582302766951760520345916628564,spread,False
mlb-sd-sf-2026-09-12,mlb-sd-sf-2026-09-12|spread|-1.5|16429901234768487697889863806360781966491791341582302766951760520345916628564,spread,True
mlb-sd-sf-2026-09-12,mlb-sd-sf-2026-09-12|spread|-1.5|16429901234768487697889863806360781966491791341582302766951760520345916628564,spread,False
mlb-sd-sf-2026-09-12,mlb-sd-sf-2026-09-12|spread|-1.5|16429901234768487697889863806360781966491791341582302766951760520345916628564,spread,False
mlb-sd-sf-2026-09-12,mlb-sd-sf-2026-09-12|spread|-1.5|16429901234768487697889863806360781966491791341582302766951760520345916628564,spread,True
mlb-sd-sf-2026-09-12,mlb-sd-sf-2026-09-12|spread|-1.5|16429901234768487697889863806360781966491791341582302766951760520345916628564,spread,False
mlb-sd-sf-2026-09-12,mlb-sd-sf-2026-09-12|spread|-1.5|16429901234768487697889863806360781966491791341582302766951760520345916628564,spread,False
mlb-sd-sf-2026-09-12,mlb-sd-sf-2026-09-12|spread|-1.5|16429901234768487697889863806360781966491791341582302766951760520345916628564,spread,True
mlb-sd-sf-2026-09-12,mlb-sd-sf-2026-09-12|spread|-1.5|16429901234768487697889863806360781966491791341582302766951760520345916628564,spread,True
mlb-sd-sf-2026-09-12,mlb-sd-sf-2026-09-12|spread|-1.5|16429901234768487697889863806360781966491791341582302766951760520345916628564,spread,True
mlb-sd-sf-2026-09-12,mlb-sd-sf-2026-09-12|spread|-2.5|12556678241610874108728006322503340212141127791145010438401076462104923968383,spread,True
mlb-sd-sf-2026-09-12,mlb-sd-sf-2026-09-12|spread|-2.5|12556678241610874108728006322503340212141127791145010438401076462104923968383,spread,False
mlb-sd-sf-2026-09-12,mlb-sd-sf-2026-09-12|spread|-2.5|12556678241610874108728006322503340212141127791145010438401076462104923968383,spread,False
mlb-sd-sf-2026-09-12,mlb-sd-sf-2026-09-12|spread|-2.5|12556678241610874108728006322503340212141127791145010438401076462104923968383,spread,False
mlb-sd-sf-2026-09-12,mlb-sd-sf-2026-09-12|spread|-2.5|12556678241610874108728006322503340212141127791145010438401076462104923968383,spread,False
mlb-sd-sf-2026-09-12,mlb-sd-sf-2026-09-12|spread|-2.5|12556678241610874108728006322503340212141127791145010438401076462104923968383,spread,False
mlb-sd-sf-2026-09-12,mlb-sd-sf-2026-09-12|spread|-2.5|12556678241610874108728006322503340212141127791145010438401076462104923968383,spread,False
mlb-sd-sf-2026-09-12,mlb-sd-sf-2026-09-12|spread|-2.5|12556678241610874108728006322503340212141127791145010438401076462104923968383,spread,True
mlb-sd-sf-2026-09-12,mlb-sd-sf-2026-09-12|spread|-2.5|12556678241610874108728006322503340212141127791145010438401076462104923968383,spread,True
mlb-sd-sf-2026-09-12,mlb-sd-sf-2026-09-12|spread|-2.5|12556678241610874108728006322503340212141127791145010438401076462104923968383,spread,True
mlb-sd-sf-2026-09-12,mlb-sd-sf-2026-09-12|spread|-2.5|12556678241610874108728006322503340212141127791145010438401076462104923968383,spread,False
mlb-sd-sf-2026-09-12,mlb-sd-sf-2026-09-12|spread|-2.5|12556678241610874108728006322503340212141127791145010438401076462104923968383,spread,True
mlb-sd-sf-2026-09-12,mlb-sd-sf-2026-09-12|spread|-2.5|12556678241610874108728006322503340212141127791145010438401076462104923968383,spread,True
mlb-sd-sf-2026-09-12,mlb-sd-sf-2026-09-12|spread|-2.5|12556678241610874108728006322503340212141127791145010438401076462104923968383,spread,False
mlb-sd-sf-2026-09-12,mlb-sd-sf-2026-09-12|spread|-2.5|12556678241610874108728006322503340212141127791145010438401076462104923968383,spread,False
mlb-sd-sf-2026-09-12,mlb-sd-sf-2026-09-12|spread|-2.5|12556678241610874108728006322503340212141127791145010438401076462104923968383,spread,True
mlb-sd-sf-2026-09-12,mlb-sd-sf-2026-09-12|spread|-2.5|12556678241610874108728006322503340212141127791145010438401076462104923968383,spread,True
mlb-sd-sf-2026-09-12,mlb-sd-sf-2026-09-12|spread|-2.5|12556678241610874108728006322503340212141127791145010438401076462104923968383,spread,True
mlb-sd-sf-2026-09-12,mlb-sd-sf-2026-09-12|spread|-2.5|12556678241610874108728006322503340212141127791145010438401076462104923968383,spread,True
mlb-sd-sf-2026-09-12,mlb-sd-sf-2026-09-12|spread|-2.5|12556678241610874108728006322503340212141127791145010438401076462104923968383,spread,False
mlb-sd-sf-2026-09-12,mlb-sd-sf-2026-09-12|spread|-2.5|12556678241610874108728006322503340212141127791145010438401076462104923968383,spread,True
mlb-sd-sf-2026-09-12,mlb-sd-sf-2026-09-12|spread|-2.5|12556678241610874108728006322503340212141127791145010438401076462104923968383,spread,False
mlb-sd-sf-2026-09-12,mlb-sd-sf-2026-09-12|spread|-2.5|12556678241610874108728006322503340212141127791145010438401076462104923968383,spread,False
mlb-sd-sf-2026-09-12,mlb-sd-sf-2026-09-12|spread|-2.5|12556678241610874108728006322503340212141127791145010438401076462104923968383,spread,False
mlb-sd-sf-2026-09-12,mlb-sd-sf-2026-09-12|spread|-2.5|12556678241610874108728006322503340212141127791145010438401076462104923968383,spread,False
mlb-sd-sf-2026-09-12,mlb-sd-sf-2026-09-12|spread|-2.5|12556678241610874108728006322503340212141127791145010438401076462104923968383,spread,False
mlb-sd-sf-2026-09-12,mlb-sd-sf-2026-09-12|spread|-2.5|12556678241610874108728006322503340212141127791145010438401076462104923968383,spread,True
mlb-sd-sf-2026-09-12,mlb-sd-sf-2026-09-12|spread|-2.5|12556678241610874108728006322503340212141127791145010438401076462104923968383,spread,False
mlb-sd-sf-2026-09-12,mlb-sd-sf-2026-09-12|spread|-2.5|12556678241610874108728006322503340212141127791145010438401076462104923968383,spread,True
mlb-sd-sf-2026-09-12,mlb-sd-sf-2026-09-12|spread|-2.5|12556678241610874108728006322503340212141127791145010438401076462104923968383,spread,True
mlb-sd-sf-2026-09-12,mlb-sd-sf-2026-09-12|spread|-2.5|12556678241610874108728006322503340212141127791145010438401076462104923968383,spread,False
mlb-sd-sf-2026-09-12,mlb-sd-sf-2026-09-12|spread|-2.5|12556678241610874108728006322503340212141127791145010438401076462104923968383,spread,True
mlb-sd-sf-2026-09-12,mlb-sd-sf-2026-09-12|spread|-2.5|12556678241610874108728006322503340212141127791145010438401076462104923968383,spread,True
mlb-sd-sf-2026-09-12,mlb-sd-sf-2026-09-12|spread|-2.5|12556678241610874108728006322503340212141127791145010438401076462104923968383,spread,False
mlb-sd-sf-2026-09-12,mlb-sd-sf-2026-09-12|spread|-2.5|12556678241610874108728006322503340212141127791145010438401076462104923968383,spread,True
mlb-sd-sf-2026-09-12,mlb-sd-sf-2026-09-12|spread|-2.5|12556678241610874108728006322503340212141127791145010438401076462104923968383,spread,True
mlb-sd-sf-2026-09-12,mlb-sd-sf-2026-09-12|spread|-2.5|12556678241610874108728006322503340212141127791145010438401076462104923968383,spread,False
mlb-sd-sf-2026-09-12,mlb-sd-sf-2026-09-12|spread|-2.5|12556678241610874108728006322503340212141127791145010438401076462104923968383,spread,False
mlb-sd-sf-2026-09-12,mlb-sd-sf-2026-09-12|spread|-2.5|12556678241610874108728006322503340212141127791145010438401076462104923968383,spread,True
mlb-sd-sf-2026-09-12,mlb-sd-sf-2026-09-12|spread|-2.5|12556678241610874108728006322503340212141127791145010438401076462104923968383,spread,False
mlb-sd-sf-2026-09-12,mlb-sd-sf-2026-09-12|spread|-2.5|12556678241610874108728006322503340212141127791145010438401076462104923968383,spread,False
mlb-sd-sf-2026-09-12,mlb-sd-sf-2026-09-12|spread|-2.5|12556678241610874108728006322503340212141127791145010438401076462104923968383,spread,True
mlb-sd-sf-2026-09-12,mlb-sd-sf-2026-09-12|spread|-2.5|12556678241610874108728006322503340212141127791145010438401076462104923968383,spread,True
mlb-sd-sf-2026-09-12,mlb-sd-sf-2026-09-12|spread|-2.5|12556678241610874108728006322503340212141127791145010438401076462104923968383,spread,True
mlb-sd-sf-2026-09-12,mlb-sd-sf-2026-09-12|spread|-2.5|12556678241610874108728006322503340212141127791145010438401076462104923968383,spread,False
mlb-sd-sf-2026-09-12,mlb-sd-sf-2026-09-12|spread|-2.5|12556678241610874108728006322503340212141127791145010438401076462104923968383,spread,False
mlb-sd-sf-2026-09-12,mlb-sd-sf-2026-09-12|spread|-2.5|12556678241610874108728006322503340212141127791145010438401076462104923968383,spread,False
mlb-sd-sf-2026-09-12,mlb-sd-sf-2026-09-12|spread|-2.5|12556678241610874108728006322503340212141127791145010438401076462104923968383,spread,True
mlb-sd-sf-2026-09-12,mlb-sd-sf-2026-09-12|spread|-2.5|12556678241610874108728006322503340212141127791145010438401076462104923968383,spread,True
mlb-sd-sf-2026-09-12,mlb-sd-sf-2026-09-12|spread|-2.5|12556678241610874108728006322503340212141127791145010438401076462104923968383,spread,False
mlb-sd-sf-2026-09-12,mlb-sd-sf-2026-09-12|spread|-2.5|12556678241610874108728006322503340212141127791145010438401076462104923968383,spread,False
mlb-sd-sf-2026-09-12,mlb-sd-sf-2026-09-12|spread|-2.5|12556678241610874108728006322503340212141127791145010438401076462104923968383,spread,True
mlb-sd-sf-2026-09-12,mlb-sd-sf-2026-09-12|spread|-2.5|12556678241610874108728006322503340212141127791145010438401076462104923968383,spread,False
mlb-sd-sf-2026-09-12,mlb-sd-sf-2026-09-12|spread|-2.5|12556678241610874108728006322503340212141127791145010438401076462104923968383,spread,True
mlb-sd-sf-2026-09-12,mlb-sd-sf-2026-09-12|spread|-2.5|12556678241610874108728006322503340212141127791145010438401076462104923968383,spread,True
mlb-sd-sf-2026-09-12,mlb-sd-sf-2026-09-12|spread|-2.5|12556678241610874108728006322503340212141127791145010438401076462104923968383,spread,False
mlb-sd-sf-2026-09-12,mlb-sd-sf-2026-09-12|spread|-2.5|12556678241610874108728006322503340212141127791145010438401076462104923968383,spread,True
mlb-sd-sf-2026-09-12,mlb-sd-sf-2026-09-12|spread|-2.5|12556678241610874108728006322503340212141127791145010438401076462104923968383,spread,False
mlb-sd-sf-2026-09-12,mlb-sd-sf-2026-09-12|spread|-2.5|12556678241610874108728006322503340212141127791145010438401076462104923968383,spread,True
mlb-sd-sf-2026-09-12,mlb-sd-sf-2026-09-12|spread|-2.5|12556678241610874108728006322503340212141127791145010438401076462104923968383,spread,True
mlb-sd-sf-2026-09-12,mlb-sd-sf-2026-09-12|spread|-2.5|12556678241610874108728006322503340212141127791145010438401076462104923968383,spread,True
mlb-sd-sf-2026-09-12,mlb-sd-sf-2026-09-12|spread|-2.5|12556678241610874108728006322503340212141127791145010438401076462104923968383,spread,True
mlb-sd-sf-2026-09-12,mlb-sd-sf-2026-09-12|spread|-2.5|12556678241610874108728006322503340212141127791145010438401076462104923968383,spread,False
mlb-sd-sf-2026-09-12,mlb-sd-sf-2026-09-12|spread|-2.5|12556678241610874108728006322503340212141127791145010438401076462104923968383,spread,True
mlb-sd-sf-2026-09-12,mlb-sd-sf-2026-09-12|spread|-2.5|12556678241610874108728006322503340212141127791145010438401076462104923968383,spread,True
mlb-sd-sf-2026-09-12,mlb-sd-sf-2026-09-12|spread|-2.5|12556678241610874108728006322503340212141127791145010438401076462104923968383,spread,True
mlb-sd-sf-2026-09-12,mlb-sd-sf-2026-09-12|spread|-2.5|12556678241610874108728006322503340212141127791145010438401076462104923968383,spread,True
mlb-sd-sf-2026-09-12,mlb-sd-sf-2026-09-12|spread|-2.5|12556678241610874108728006322503340212141127791145010438401076462104923968383,spread,True
mlb-sd-sf-2026-09-12,mlb-sd-sf-2026-09-12|spread|-2.5|12556678241610874108728006322503340212141127791145010438401076462104923968383,spread,False
mlb-sd-sf-2026-09-12,mlb-sd-sf-2026-09-12|spread|-2.5|12556678241610874108728006322503340212141127791145010438401076462104923968383,spread,False
mlb-sd-sf-2026-09-12,mlb-sd-sf-2026-09-12|spread|-2.5|12556678241610874108728006322503340212141127791145010438401076462104923968383,spread,False
mlb-sd-sf-2026-09-12,mlb-sd-sf-2026-09-12|spread|-2.5|12556678241610874108728006322503340212141127791145010438401076462104923968383,spread,False
mlb-sd-sf-2026-09-12,mlb-sd-sf-2026-09-12|spread|-2.5|12556678241610874108728006322503340212141127791145010438401076462104923968383,spread,True
mlb-sd-sf-2026-09-12,mlb-sd-sf-2026-09-12|spread|-2.5|12556678241610874108728006322503340212141127791145010438401076462104923968383,spread,True
mlb-sd-sf-2026-09-12,mlb-sd-sf-2026-09-12|spread|-2.5|12556678241610874108728006322503340212141127791145010438401076462104923968383,spread,False
mlb-sd-sf-2026-09-12,mlb-sd-sf-2026-09-12|spread|-2.5|69704864010683314479876389395623457725397917103045093553416829275181571779007,spread,True
mlb-sd-sf-2026-09-12,mlb-sd-sf-2026-09-12|spread|-2.5|69704864010683314479876389395623457725397917103045093553416829275181571779007,spread,False
mlb-sd-sf-2026-09-12,mlb-sd-sf-2026-09-12|spread|-2.5|69704864010683314479876389395623457725397917103045093553416829275181571779007,spread,False
mlb-sd-sf-2026-09-12,mlb-sd-sf-2026-09-12|spread|-2.5|69704864010683314479876389395623457725397917103045093553416829275181571779007,spread,False
mlb-sd-sf-2026-09-12,mlb-sd-sf-2026-09-12|spread|-2.5|69704864010683314479876389395623457725397917103045093553416829275181571779007,spread,True
mlb-sd-sf-2026-09-12,mlb-sd-sf-2026-09-12|spread|-2.5|69704864010683314479876389395623457725397917103045093553416829275181571779007,spread,True
mlb-sd-sf-2026-09-12,mlb-sd-sf-2026-09-12|spread|-2.5|69704864010683314479876389395623457725397917103045093553416829275181571779007,spread,True
mlb-sd-sf-2026-09-12,mlb-sd-sf-2026-09-12|spread|-2.5|69704864010683314479876389395623457725397917103045093553416829275181571779007,spread,False
mlb-sd-sf-2026-09-12,mlb-sd-sf-2026-09-12|spread|-2.5|69704864010683314479876389395623457725397917103045093553416829275181571779007,spread,False
mlb-sd-sf-2026-09-12,mlb-sd-sf-2026-09-12|spread|-2.5|69704864010683314479876389395623457725397917103045093553416829275181571779007,spread,False
mlb-sd-sf-2026-09-12,mlb-sd-sf-2026-09-12|spread|-2.5|69704864010683314479876389395623457725397917103045093553416829275181571779007,spread,False
mlb-sd-sf-2026-09-12,mlb-sd-sf-2026-09-12|spread|-2.5|69704864010683314479876389395623457725397917103045093553416829275181571779007,spread,True
mlb-sd-sf-2026-09-12,mlb-sd-sf-2026-09-12|spread|-2.5|69704864010683314479876389395623457725397917103045093553416829275181571779007,spread,False
mlb-sd-sf-2026-09-12,mlb-sd-sf-2026-09-12|spread|-2.5|69704864010683314479876389395623457725397917103045093553416829275181571779007,spread,False
mlb-sd-sf-2026-09-12,mlb-sd-sf-2026-09-12|spread|-2.5|69704864010683314479876389395623457725397917103045093553416829275181571779007,spread,True
mlb-sd-sf-2026-09-12,mlb-sd-sf-2026-09-12|spread|-2.5|69704864010683314479876389395623457725397917103045093553416829275181571779007,spread,True
mlb-sd-sf-2026-09-12,mlb-sd-sf-2026-09-12|spread|-2.5|69704864010683314479876389395623457725397917103045093553416829275181571779007,spread,False
mlb-sd-sf-2026-09-12,mlb-sd-sf-2026-09-12|spread|-2.5|69704864010683314479876389395623457725397917103045093553416829275181571779007,spread,False
mlb-sd-sf-2026-09-12,mlb-sd-sf-2026-09-12|spread|-2.5|69704864010683314479876389395623457725397917103045093553416829275181571779007,spread,True
mlb-sd-sf-2026-09-12,mlb-sd-sf-2026-09-12|spread|-2.5|69704864010683314479876389395623457725397917103045093553416829275181571779007,spread,False
mlb-sd-sf-2026-09-12,mlb-sd-sf-2026-09-12|spread|-2.5|69704864010683314479876389395623457725397917103045093553416829275181571779007,spread,False
mlb-sd-sf-2026-09-12,mlb-sd-sf-2026-09-12|spread|-2.5|69704864010683314479876389395623457725397917103045093553416829275181571779007,spread,True
