slug,series,market_type,hit
mlb-bal-tor-2026-09-11,mlb-bal-tor-2026-09-11|spread|-1.5|101639679970287701287610927176716764435402854580900495300069223690038672387941,spread,False
mlb-bal-tor-2026-09-11,mlb-bal-tor-2026-09-11|spread|-1.5|101639679970287701287610927176716764435402854580900495300069223690038672387941,spread,True
mlb-bal-tor-2026-09-11,mlb-bal-tor-2026-09-11|spread|-1.5|101639679970287701287610927176716764435402854580900495300069223690038672387941,spread,False
mlb-bal-tor-2026-09-11,mlb-bal-tor-2026-09-11|spread|-1.5|101639679970287701287610927176716764435402854580900495300069223690038672387941,spread,False
mlb-bal-tor-2026-09-11,mlb-bal-tor-2026-09-11|spread|-1.5|101639679970287701287610927176716764435402854580900495300069223690038672387941,spread,False
mlb-bal-tor-2026-09-11,mlb-bal-tor-2026-09-11|spread|-1.5|101639679970287701287610927176716764435402854580900495300069223690038672387941,spread,True
mlb-bal-tor-2026-09-11,mlb-bal-tor-2026-09-11|spread|-1.5|101639679970287701287610927176716764435402854580900495300069223690038672387941,spread,True
mlb-bal-tor-2026-09-11,mlb-bal-tor-2026-09-11|spread|-1.5|101639679970287701287610927176716764435402854580900495300069223690038672387941,spread,True
mlb-bal-tor-2026-09-11,mlb-bal-tor-2026-09-11|spread|-1.5|101639679970287701287610927176716764435402854580900495300069223690038672387941,spread,True
mlb-bal-tor-2026-09-11,mlb-bal-tor-2026-09-11|spread|-1.5|101639679970287701287610927176716764435402854580900495300069223690038672387941,spread,False
mlb-bal-tor-2026-09-11,mlb-bal-tor-2026-09-11|spread|-1.5|101639679970287701287610927176716764435402854580900495300069223690038672387941,spread,True
mlb-bal-tor-2026-09-11,mlb-bal-tor-2026-09-11|spread|-1.5|101639679970287701287610927176716764435402854580900495300069223690038672387941,spread,True
mlb-bal-tor-2026-09-11,mlb-bal-tor-2026-09-11|spread|-1.5|101639679970287701287610927176716764435402854580900495300069223690038672387941,spread,False
mlb-bal-tor-2026-09-11,mlb-bal-tor-2026-09-11|spread|-1.5|101639679970287701287610927176716764435402854580900495300069223690038672387941,spread,False
mlb-bal-tor-2026-09-11,mlb-bal-tor-2026-09-11|spread|-1.5|101639679970287701287610927176716764435402854580900495300069223690038672387941,spread,True
mlb-bal-tor-2026-09-11,mlb-bal-tor-2026-09-11|spread|-1.5|101639679970287701287610927176716764435402854580900495300069223690038672387941,spread,False
mlb-bal-tor-2026-09-11,mlb-bal-tor-2026-09-11|spread|-1.5|101639679970287701287610927176716764435402854580900495300069223690038672387941,spread,False
mlb-bal-tor-2026-09-11,mlb-bal-tor-2026-09-11|spread|-1.5|101639679970287701287610927176716764435402854580900495300069223690038672387941,spread,False
mlb-bal-tor-2026-09-11,mlb-bal-tor-2026-09-11|spread|-1.5|101639679970287701287610927176716764435402854580900495300069223690038672387941,spread,False
mlb-bal-tor-2026-09-11,mlb-bal-tor-2026-09-11|spread|-1.5|101639679970287701287610927176716764435402854580900495300069223690038672387941,spread,False
mlb-bal-tor-2026-09-11,mlb-bal-tor-2026-09-11|spread|-1.5|101639679970287701287610927176716764435402854580900495300069223690038672387941,spread,False
mlb-bal-tor-2026-09-11,mlb-bal-tor-2026-09-11|spread|-1.5|101639679970287701287610927176716764435402854580900495300069223690038672387941,spread,False
mlb-bal-tor-2026-09-11,mlb-bal-tor-2026-09-11|spread|-1.5|101639679970287701287610927176716764435402854580900495300069223690038672387941,spread,True
mlb-bal-tor-2026-09-11,mlb-bal-tor-2026-09-11|spread|-1.5|101639679970287701287610927176716764435402854580900495300069223690038672387941,spread,False
mlb-bal-tor-2026-09-11,mlb-bal-tor-2026-09-11|spread|-1.5|101639679970287701287610927176716764435402854580900495300069223690038672387941,spread,False
mlb-bal-tor-2026-09-11,mlb-bal-tor-2026-09-11|spread|-1.5|101639679970287701287610927176716764435402854580900495300069223690038672387941,spread,True
mlb-bal-tor-2026-09-11,mlb-bal-tor-2026-09-11|spread|-1.5|101639679970287701287610927176716764435402854580900495300069223690038672387941,spread,True
mlb-bal-tor-2026-09-11,mlb-bal-tor-2026-09-11|spread|-1.5|101639679970287701287610927176716764435402854580900495300069223690038672387941,spread,True
mlb-bal-tor-2026-09-11,mlb-bal-tor-2026-09-11|spread|-1.5|101639679970287701287610927176716764435402854580900495300069223690038672387941,spread,True
mlb-bal-tor-2026-09-11,mlb-bal-tor-2026-09-11|spread|-1.5|101639679970287701287610927176716764435402854580900495300069223690038672387941,spread,True
mlb-bal-tor-2026-09-11,mlb-bal-tor-2026-09-11|spread|-1.5|101639679970287701287610927176716764435402854580900495300069223690038672387941,spread,True
mlb-bal-tor-2026-09-11,mlb-bal-tor-2026-09-11|spread|-1.5|101639679970287701287610927176716764435402854580900495300069223690038672387941,spread,False
mlb-bal-tor-2026-09-11,mlb-bal-tor-2026-09-11|spread|-1.5|101639679970287701287610927176716764435402854580900495300069223690038672387941,spread,True
mlb-bal-tor-2026-09-11,mlb-bal-tor-2026-09-11|spread|-1.5|53003780852940571726878284761138989987562289768335469106919710865708554416231,spread,True
mlb-bal-tor-2026-09-11,mlb-bal-tor-2026-09-11|spread|-1.5|53003780852940571726878284761138989987562289768335469106919710865708554416231,spread,True
mlb-bal-tor-2026-09-11,mlb-bal-tor-2026-09-11|spread|-1.5|53003780852940571726878284761138989987562289768335469106919710865708554416231,spread,False
mlb-bal-tor-2026-09-11,mlb-bal-tor-2026-09-11|spread|-1.5|53003780852940571726878284761138989987562289768335469106919710865708554416231,spread,False
mlb-bal-tor-2026-09-11,mlb-bal-tor-2026-09-11|spread|-1.5|53003780852940571726878284761138989987562289768335469106919710865708554416231,spread,False
mlb-bal-tor-2026-09-11,mlb-bal-tor-2026-09-11|spread|-1.5|53003780852940571726878284761138989987562289768335469106919710865708554416231,spread,True
mlb-bal-tor-2026-09-11,mlb-bal-tor-2026-09-11|spread|-1.5|53003780852940571726878284761138989987562289768335469106919710865708554416231,spread,False
mlb-bal-tor-2026-09-11,mlb-bal-tor-2026-09-11|spread|-1.5|53003780852940571726878284761138989987562289768335469106919710865708554416231,spread,True
mlb-bal-tor-2026-09-11,mlb-bal-tor-2026-09-11|spread|-1.5|53003780852940571726878284761138989987562289768335469106919710865708554416231,spread,True
mlb-bal-tor-2026-09-11,mlb-bal-tor-2026-09-11|spread|-1.5|53003780852940571726878284761138989987562289768335469106919710865708554416231,spread,True
mlb-bal-tor-2026-09-11,mlb-bal-tor-2026-09-11|spread|-1.5|53003780852940571726878284761138989987562289768335469106919710865708554416231,spread,False
mlb-bal-tor-2026-09-11,mlb-bal-tor-2026-09-11|spread|-1.5|53003780852940571726878284761138989987562289768335469106919710865708554416231,spread,False
mlb-bal-tor-2026-09-11,mlb-bal-tor-2026-09-11|spread|-1.5|53003780852940571726878284761138989987562289768335469106919710865708554416231,spread,True
mlb-bal-tor-2026-09-11,mlb-bal-tor-2026-09-11|spread|-1.5|53003780852940571726878284761138989987562289768335469106919710865708554416231,spread,True
mlb-bal-tor-2026-09-11,mlb-bal-tor-2026-09-11|spread|-1.5|53003780852940571726878284761138989987562289768335469106919710865708554416231,spread,True
mlb-bal-tor-2026-09-11,mlb-bal-tor-2026-09-11|spread|-1.5|53003780852940571726878284761138989987562289768335469106919710865708554416231,spread,True
mlb-bal-tor-2026-09-11,mlb-bal-tor-2026-09-11|spread|-1.5|53003780852940571726878284761138989987562289768335469106919710865708554416231,spread,True
mlb-bal-tor-2026-09-11,mlb-bal-tor-2026-09-11|spread|-1.5|53003780852940571726878284761138989987562289768335469106919710865708554416231,spread,True
mlb-bal-tor-2026-09-11,mlb-bal-tor-2026-09-11|spread|-1.5|53003780852940571726878284761138989987562289768335469106919710865708554416231,spread,False
mlb-bal-tor-2026-09-11,mlb-bal-tor-2026-09-11|spread|-1.5|53003780852940571726878284761138989987562289768335469106919710865708554416231,spread,False
mlb-bal-tor-2026-09-11,mlb-bal-tor-2026-09-11|spread|-1.5|53003780852940571726878284761138989987562289768335469106919710865708554416231,spread,True
mlb-bal-tor-2026-09-11,mlb-bal-tor-2026-09-11|spread|-1.5|53003780852940571726878284761138989987562289768335469106919710865708554416231,spread,True
mlb-bal-tor-2026-09-11,mlb-bal-tor-2026-09-11|spread|-1.5|53003780852940571726878284761138989987562289768335469106919710865708554416231,spread,True
mlb-bal-tor-2026-09-11,mlb-bal-tor-2026-09-11|spread|-1.5|53003780852940571726878284761138989987562289768335469106919710865708554416231,spread,False
mlb-bal-tor-2026-09-11,mlb-bal-tor-2026-09-11|spread|-1.5|53003780852940571726878284761138989987562289768335469106919710865708554416231,spread,True
mlb-bal-tor-2026-09-11,mlb-bal-tor-2026-09-11|spread|-1.5|53003780852940571726878284761138989987562289768335469106919710865708554416231,spread,False
mlb-bal-tor-2026-09-11,mlb-bal-tor-2026-09-11|spread|-1.5|53003780852940571726878284761138989987562289768335469106919710865708554416231,spread,False
mlb-bal-tor-2026-09-11,mlb-bal-tor-2026-09-11|spread|-1.5|53003780852940571726878284761138989987562289768335469106919710865708554416231,spread,True
mlb-bal-tor-2026-09-11,mlb-bal-tor-2026-09-11|spread|-1.5|53003780852940571726878284761138989987562289768335469106919710865708554416231,spread,True
mlb-bal-tor-2026-09-11,mlb-bal-tor-2026-09-11|spread|-1.5|53003780852940571726878284761138989987562289768335469106919710865708554416231,spread,True
mlb-bal-tor-2026-09-11,mlb-bal-tor-2026-09-11|spread|-1.5|53003780852940571726878284761138989987562289768335469106919710865708554416231,spread,False
mlb-bal-tor-2026-09-11,mlb-bal-tor-2026-09-11|spread|-1.5|53003780852940571726878284761138989987562289768335469106919710865708554416231,spread,True
mlb-bal-tor-2026-09-11,mlb-bal-tor-2026-09-11|spread|-1.5|53003780852940571726878284761138989987562289768335469106919710865708554416231,spread,False
mlb-bal-tor-2026-09-11,mlb-bal-tor-2026-09-11|spread|-1.5|53003780852940571726878284761138989987562289768335469106919710865708554416231,spread,True
mlb-bal-tor-2026-09-11,mlb-bal-tor-2026-09-11|spread|-1.5|53003780852940571726878284761138989987562289768335469106919710865708554416231,spread,False
mlb-bal-tor-2026-09-11,mlb-bal-tor-2026-09-11|spread|-1.5|53003780852940571726878284761138989987562289768335469106919710865708554416231,spread,False
mlb-bal-tor-2026-09-11,mlb-bal-tor-2026-09-11|spread|-1.5|53003780852940571726878284761138989987562289768335469106919710865708554416231,spread,False
mlb-bal-tor-2026-09-11,mlb-bal-tor-2026-09-11|spread|-1.5|53003780852940571726878284761138989987562289768335469106919710865708554416231,spread,True
mlb-bal-tor-2026-09-11,mlb-bal-tor-2026-09-11|spread|-1.5|53003780852940571726878284761138989987562289768335469106919710865708554416231,spread,False
mlb-bal-tor-2026-09-11,mlb-bal-tor-2026-09-11|spread|-1.5|53003780852940571726878284761138989987562289768335469106919710865708554416231,spread,True
mlb-bal-tor-2026-09-11,mlb-bal-tor-2026-09-11|spread|-1.5|53003780852940571726878284761138989987562289768335469106919710865708554416231,spread,False
mlb-bal-tor-2026-09-11,mlb-bal-tor-2026-09-11|spread|-1.5|53003780852940571726878284761138989987562289768335469106919710865708554416231,spread,False
mlb-bal-tor-2026-09-11,mlb-bal-tor-2026-09-11|spread|-1.5|53003780852940571726878284761138989987562289768335469106919710865708554416231,spread,True
mlb-bal-tor-2026-09-11,mlb-bal-tor-2026-09-11|spread|-1.5|53003780852940571726878284761138989987562289768335469106919710865708554416231,spread,False
mlb-bal-tor-2026-09-11,mlb-bal-tor-2026-09-11|spread|-1.5|53003780852940571726878284761138989987562289768335469106919710865708554416231,spread,False
mlb-bal-tor-2026-09-11,mlb-bal-tor-2026-09-11|spread|-1.5|53003780852940571726878284761138989987562289768335469106919710865708554416231,spread,False
mlb-bal-tor-2026-09-11,mlb-bal-tor-2026-09-11|spread|-1.5|53003780852940571726878284761138989987562289768335469106919710865708554416231,spread,True
mlb-bal-tor-2026-09-11,mlb-bal-tor-2026-09-11|spread|-1.5|53003780852940571726878284761138989987562289768335469106919710865708554416231,spread,False
mlb-bal-tor-2026-09-11,mlb-bal-tor-2026-09-11|spread|-1.5|53003780852940571726878284761138989987562289768335469106919710865708554416231,spread,True
mlb-bal-tor-2026-09-11,mlb-bal-tor-2026-09-11|spread|-1.5|53003780852940571726878284761138989987562289768335469106919710865708554416231,spread,True
mlb-bal-tor-2026-09-11,mlb-bal-tor-2026-09-11|spread|-1.5|53003780852940571726878284761138989987562289768335469106919710865708554416231,spread,False
mlb-bal-tor-2026-09-11,mlb-bal-tor-2026-09-11|spread|-1.5|53003780852940571726878284761138989987562289768335469106919710865708554416231,spread,False
mlb-bal-tor-2026-09-11,mlb-bal-tor-2026-09-11|spread|-1.5|53003780852940571726878284761138989987562289768335469106919710865708554416231,spread,True
mlb-bal-tor-2026-09-11,mlb-bal-tor-2026-09-11|spread|-1.5|53003780852940571726878284761138989987562289768335469106919710865708554416231,spread,True
mlb-bal-tor-2026-09-11,mlb-bal-tor-2026-09-11|spread|-1.5|53003780852940571726878284761138989987562289768335469106919710865708554416231,spread,True
mlb-bal-tor-2026-09-11,mlb-bal-tor-2026-09-11|spread|-1.5|53003780852940571726878284761138989987562289768335469106919710865708554416231,spread,False
mlb-bal-tor-2026-09-11,mlb-bal-tor-2026-09-11|spread|-1.5|53003780852940571726878284761138989987562289768335469106919710865708554416231,spread,False
mlb-bal-tor-2026-09-11,mlb-bal-tor-2026-09-11|spread|-1.5|53003780852940571726878284761138989987562289768335469106919710865708554416231,spread,True
mlb-bal-tor-2026-09-11,mlb-bal-tor-2026-09-11|spread|-1.5|53003780852940571726878284761138989987562289768335469106919710865708554416231,spread,False
mlb-bal-tor-2026-09-11,mlb-bal-tor-2026-09-11|spread|-1.5|53003780852940571726878284761138989987562289768335469106919710865708554416231,spread,False
mlb-bal-tor-2026-09-11,mlb-bal-tor-2026-09-11|spread|-1.5|53003780852940571726878284761138989987562289768335469106919710865708554416231,spread,True
mlb-bal-tor-2026-09-11,mlb-bal-tor-2026-09-11|spread|-1.5|53003780852940571726878284761138989987562289768335469106919710865708554416231,spread,True
mlb-bal-tor-2026-09-11,mlb-bal-tor-2026-09-11|spread|-1.5|53003780852940571726878284761138989987562289768335469106919710865708554416231,spread,False
mlb-bal-tor-2026-09-11,mlb-bal-tor-2026-09-11|spread|-1.5|53003780852940571726878284761138989987562289768335469106919710865708554416231,spread,False
mlb-bal-tor-2026-09-11,mlb-bal-tor-2026-09-11|spread|-1.5|53003780852940571726878284761138989987562289768335469106919710865708554416231,spread,False
mlb-bal-tor-2026-09-11,mlb-bal-tor-2026-09-11|spread|-1.5|53003780852940571726878284761138989987562289768335469106919710865708554416231,spread,False
mlb-bal-tor-2026-09-11,mlb-bal-tor-2026-09-11|spread|-1.5|53003780852940571726878284761138989987562289768335469106919710865708554416231,spread,False
mlb-bal-tor-2026-09-11,mlb-bal-tor-2026-09-11|spread|-1.5|53003780852940571726878284761138989987562289768335469106919710865708554416231,spread,True
mlb-bal-tor-2026-09-11,mlb-bal-tor-2026-09-11|spread|-1.5|53003780852940571726878284761138989987562289768335469106919710865708554416231,spread,False
mlb-bal-tor-2026-09-11,mlb-bal-tor-2026-09-11|spread|-1.5|53003780852940571726878284761138989987562289768335469106919710865708554416231,spread,True
mlb-bal-tor-2026-09-11,mlb-bal-tor-2026-09-11|spread|-1.5|53003780852940571726878284761138989987562289768335469106919710865708554416231,spread,True
mlb-bal-tor-2026-09-11,mlb-bal-tor-2026-09-11|spread|-1.5|53003780852940571726878284761138989987562289768335469106919710865708554416231,spread,False
mlb-bal-tor-2026-09-11,mlb-bal-tor-2026-09-11|spread|-1.5|53003780852940571726878284761138989987562289768335469106919710865708554416231,spread,False
mlb-bal-tor-2026-09-11,mlb-bal-tor-2026-09-11|spread|-1.5|53003780852940571726878284761138989987562289768335469106919710865708554416231,spread,False
mlb-bal-tor-2026-09-11,mlb-bal-tor-2026-09-11|spread|-1.5|53003780852940571726878284761138989987562289768335469106919710865708554416231,spread,True
mlb-bal-tor-2026-09-11,mlb-bal-tor-2026-09-11|spread|-1.5|53003780852940571726878284761138989987562289768335469106919710865708554416231,spread,True
mlb-bal-tor-2026-09-11,mlb-bal-tor-2026-09-11|spread|-1.5|53003780852940571726878284761138989987562289768335469106919710865708554416231,spread,False
mlb-bal-tor-2026-09-11,mlb-bal-tor-2026-09-11|spread|-1.5|53003780852940571726878284761138989987562289768335469106919710865708554416231,spread,True
mlb-bal-tor-2026-09-11,mlb-bal-tor-2026-09-11|spread|-1.5|53003780852940571726878284761138989987562289768335469106919710865708554416231,spread,False
mlb-bal-tor-2026-09-11,mlb-bal-tor-2026-09-11|spread|-1.5|53003780852940571726878284761138989987562289768335469106919710865708554416231,spread,False
mlb-bal-tor-2026-09-11,mlb-bal-tor-2026-09-11|spread|-1.5|53003780852940571726878284761138989987562289768335469106919710865708554416231,spread,True
mlb-bal-tor-2026-09-11,mlb-bal-tor-2026-09-11|spread|-1.5|53003780852940571726878284761138989987562289768335469106919710865708554416231,spread,False
mlb-bal-tor-2026-09-11,mlb-bal-tor-2026-09-11|spread|-1.5|53003780852940571726878284761138989987562289768335469106919710865708554416231,spread,True
mlb-bal-tor-2026-09-11,mlb-bal-tor-2026-09-11|spread|-1.5|53003780852940571726878284761138989987562289768335469106919710865708554416231,spread,True
mlb-bal-tor-2026-09-11,mlb-bal-tor-2026-09-11|spread|-1.5|53003780852940571726878284761138989987562289768335469106919710865708554416231,spread,True
mlb-bal-tor-2026-09-11,mlb-bal-tor-2026-09-11|spread|-1.5|53003780852940571726878284761138989987562289768335469106919710865708554416231,spread,True
mlb-bal-tor-2026-09-11,mlb-bal-tor-2026-09-11|spread|-1.5|53003780852940571726878284761138989987562289768335469106919710865708554416231,spread,False
mlb-bal-tor-2026-09-11,mlb-bal-tor-2026-09-11|spread|-1.5|53003780852940571726878284761138989987562289768335469106919710865708554416231,spread,True
mlb-bal-tor-2026-09-11,mlb-bal-tor-2026-09-11|spread|-1.5|53003780852940571726878284761138989987562289768335469106919710865708554416231,spread,False
mlb-bal-tor-2026-09-11,mlb-bal-tor-2026-09-11|spread|-1.5|53003780852940571726878284761138989987562289768335469106919710865708554416231,spread,True
mlb-bal-tor-2026-09-11,mlb-bal-tor-2026-09-11|spread|-1.5|53003780852940571726878284761138989987562289768335469106919710865708554416231,spread,True
mlb-bal-tor-2026-09-11,mlb-bal-tor-2026-09-11|spread|-1.5|53003780852940571726878284761138989987562289768335469106919710865708554416231,spread,False
mlb-bal-tor-2026-09-11,mlb-bal-tor-2026-09-11|spread|-1.5|53003780852940571726878284761138989987562289768335469106919710865708554416231,spread,False
mlb-bal-tor-2026-09-11,mlb-bal-tor-2026-09-11|spread|-1.5|53003780852940571726878284761138989987562289768335469106919710865708554416231,spread,True
mlb-bal-tor-2026-09-11,mlb-bal-tor-2026-09-11|spread|-2.5|20914274322561456349912488796730806557480528405820774364391785227258487454437,spread,False
mlb-bal-tor-2026-09-11,mlb-bal-tor-2026-09-11|spread|-2.5|20914274322561456349912488796730806557480528405820774364391785227258487454437,spread,False
mlb-bal-tor-2026-09-11,mlb-bal-tor-2026-09-11|spread|-2.5|20914274322561456349912488796730806557480528405820774364391785227258487454437,spread,False
mlb-bal-tor-2026-09-11,mlb-bal-tor-2026-09-11|spread|-2.5|20914274322561456349912488796730806557480528405820774364391785227258487454437,spread,False
mlb-bal-tor-2026-09-11,mlb-bal-tor-2026-09-11|spread|-2.5|20914274322561456349912488796730806557480528405820774364391785227258487454437,spread,True
mlb-bal-tor-2026-09-11,mlb-bal-tor-2026-09-11|spread|-2.5|20914274322561456349912488796730806557480528405820774364391785227258487454437,spread,True
mlb-bal-tor-2026-09-11,mlb-bal-tor-2026-09-11|spread|-2.5|20914274322561456349912488796730806557480528405820774364391785227258487454437,spread,True
mlb-bal-tor-2026-09-11,mlb-bal-tor-2026-09-11|spread|-2.5|20914274322561456349912488796730806557480528405820774364391785227258487454437,spread,False
mlb-bal-tor-2026-09-11,mlb-bal-tor-2026-09-11|spread|-2.5|20914274322561456349912488796730806557480528405820774364391785227258487454437,spread,True
mlb-bal-tor-2026-09-11,mlb-bal-tor-2026-09-11|spread|-2.5|20914274322561456349912488796730806557480528405820774364391785227258487454437,spread,False
mlb-bal-tor-2026-09-11,mlb-bal-tor-2026-09-11|spread|-2.5|20914274322561456349912488796730806557480528405820774364391785227258487454437,spread,False
mlb-bal-tor-2026-09-11,mlb-bal-tor-2026-09-11|spread|-2.5|20914274322561456349912488796730806557480528405820774364391785227258487454437,spread,False
mlb-bal-tor-2026-09-11,mlb-bal-tor-2026-09-11|spread|-2.5|20914274322561456349912488796730806557480528405820774364391785227258487454437,spread,True
mlb-bal-tor-2026-09-11,mlb-bal-tor-2026-09-11|spread|-2.5|20914274322561456349912488796730806557480528405820774364391785227258487454437,spread,True
mlb-bal-tor-2026-09-11,mlb-bal-tor-2026-09-11|spread|-2.5|20914274322561456349912488796730806557480528405820774364391785227258487454437,spread,False
mlb-bal-tor-2026-09-11,mlb-bal-tor-2026-09-11|spread|-2.5|20914274322561456349912488796730806557480528405820774364391785227258487454437,spread,False
mlb-bal-tor-2026-09-11,mlb-bal-tor-2026-09-11|spread|-2.5|20914274322561456349912488796730806557480528405820774364391785227258487454437,spread,False
mlb-bal-tor-2026-09-11,mlb-bal-tor-2026-09-11|spread|-2.5|20914274322561456349912488796730806557480528405820774364391785227258487454437,spread,False
mlb-bal-tor-2026-09-11,mlb-bal-tor-2026-09-11|spread|-2.5|20914274322561456349912488796730806557480528405820774364391785227258487454437,spread,False
mlb-bal-tor-2026-09-11,mlb-bal-tor-2026-09-11|spread|-2.5|20914274322561456349912488796730806557480528405820774364391785227258487454437,spread,False
mlb-bal-tor-2026-09-11,mlb-bal-tor-2026-09-11|spread|-2.5|20914274322561456349912488796730806557480528405820774364391785227258487454437,spread,False
mlb-bal-tor-2026-09-11,mlb-bal-tor-2026-09-11|spread|-2.5|20914274322561456349912488796730806557480528405820774364391785227258487454437,spread,False
mlb-bal-tor-2026-09-11,mlb-bal-tor-2026-09-11|spread|-2.5|20914274322561456349912488796730806557480528405820774364391785227258487454437,spread,True
mlb-bal-tor-2026-09-11,mlb-bal-tor-2026-09-11|spread|-2.5|20914274322561456349912488796730806557480528405820774364391785227258487454437,spread,True
mlb-bal-tor-2026-09-11,mlb-bal-tor-2026-09-11|spread|-2.5|20914274322561456349912488796730806557480528405820774364391785227258487454437,spread,False
mlb-bal-tor-2026-09-11,mlb-bal-tor-2026-09-11|spread|-2.5|20914274322561456349912488796730806557480528405820774364391785227258487454437,spread,False
mlb-bal-tor-2026-09-11,mlb-bal-tor-2026-09-11|spread|-2.5|20914274322561456349912488796730806557480528405820774364391785227258487454437,spread,True
mlb-bal-tor-2026-09-11,mlb-bal-tor-2026-09-11|spread|-2.5|20914274322561456349912488796730806557480528405820774364391785227258487454437,spread,True
mlb-bal-tor-2026-09-11,mlb-bal-tor-2026-09-11|spread|-2.5|20914274322561456349912488796730806557480528405820774364391785227258487454437,spread,False
mlb-bal-tor-2026-09-11,mlb-bal-tor-2026-09-11|spread|-2.5|20914274322561456349912488796730806557480528405820774364391785227258487454437,spread,True
mlb-bal-tor-2026-09-11,mlb-bal-tor-2026-09-11|spread|-2.5|20914274322561456349912488796730806557480528405820774364391785227258487454437,spread,False
mlb-bal-tor-2026-09-11,mlb-bal-tor-2026-09-11|spread|-2.5|20914274322561456349912488796730806557480528405820774364391785227258487454437,spread,False
mlb-bal-tor-2026-09-11,mlb-bal-tor-2026-09-11|spread|-2.5|20914274322561456349912488796730806557480528405820774364391785227258487454437,spread,False
mlb-bal-tor-2026-09-11,mlb-bal-tor-2026-09-11|spread|-2.5|20914274322561456349912488796730806557480528405820774364391785227258487454437,spread,False
mlb-bal-tor-2026-09-11,mlb-bal-tor-2026-09-11|spread|-2.5|20914274322561456349912488796730806557480528405820774364391785227258487454437,spread,False
mlb-bal-tor-2026-09-11,mlb-bal-tor-2026-09-11|spread|-2.5|20914274322561456349912488796730806557480528405820774364391785227258487454437,spread,False
mlb-bal-tor-2026-09-11,mlb-bal-tor-2026-09-11|spread|-2.5|20914274322561456349912488796730806557480528405820774364391785227258487454437,spread,True
mlb-bal-tor-2026-09-11,mlb-bal-tor-2026-09-11|spread|-2.5|20914274322561456349912488796730806557480528405820774364391785227258487454437,spread,True
mlb-bal-tor-2026-09-11,mlb-bal-tor-2026-09-11|spread|-2.5|20914274322561456349912488796730806557480528405820774364391785227258487454437,spread,False
mlb-bal-tor-2026-09-11,mlb-bal-tor-2026-09-11|spread|-2.5|20914274322561456349912488796730806557480528405820774364391785227258487454437,spread,False
mlb-bal-tor-2026-09-11,mlb-bal-tor-2026-09-11|spread|-2.5|20914274322561456349912488796730806557480528405820774364391785227258487454437,spread,True
mlb-bal-tor-2026-09-11,mlb-bal-tor-2026-09-11|spread|-2.5|20914274322561456349912488796730806557480528405820774364391785227258487454437,spread,True
mlb-bal-tor-2026-09-11,mlb-bal-tor-2026-09-11|spread|-2.5|20914274322561456349912488796730806557480528405820774364391785227258487454437,spread,False
mlb-bal-tor-2026-09-11,mlb-bal-tor-2026-09-11|spread|-2.5|20914274322561456349912488796730806557480528405820774364391785227258487454437,spread,False
mlb-bal-tor-2026-09-11,mlb-bal-tor-2026-09-11|spread|-2.5|20914274322561456349912488796730806557480528405820774364391785227258487454437,spread,True
mlb-bal-tor-2026-09-11,mlb-bal-tor-2026-09-11|spread|-2.5|20914274322561456349912488796730806557480528405820774364391785227258487454437,spread,False
mlb-bal-tor-2026-09-11,mlb-bal-tor-2026-09-11|spread|-2.5|20914274322561456349912488796730806557480528405820774364391785227258487454437,spread,False
mlb-bal-tor-2026-09-11,mlb-bal-tor-2026-09-11|spread|-2.5|20914274322561456349912488796730806557480528405820774364391785227258487454437,spread,True
mlb-bal-tor-2026-09-11,mlb-bal-tor-2026-09-11|spread|-2.5|20914274322561456349912488796730806557480528405820774364391785227258487454437,spread,False
mlb-bal-tor-2026-09-11,mlb-bal-tor-2026-09-11|spread|-2.5|20914274322561456349912488796730806557480528405820774364391785227258487454437,spread,True
mlb-bal-tor-2026-09-11,mlb-bal-tor-2026-09-11|spread|-2.5|20914274322561456349912488796730806557480528405820774364391785227258487454437,spread,False
mlb-bal-tor-2026-09-11,mlb-bal-tor-2026-09-11|spread|-2.5|20914274322561456349912488796730806557480528405820774364391785227258487454437,spread,True
mlb-bal-tor-2026-09-11,mlb-bal-tor-2026-09-11|spread|-2.5|20914274322561456349912488796730806557480528405820774364391785227258487454437,spread,True
mlb-bal-tor-2026-09-11,mlb-bal-tor-2026-09-11|spread|-2.5|20914274322561456349912488796730806557480528405820774364391785227258487454437,spread,False
mlb-bal-tor-2026-09-11,mlb-bal-tor-2026-09-11|spread|-2.5|20914274322561456349912488796730806557480528405820774364391785227258487454437,spread,False
mlb-bal-tor-2026-09-11,mlb-bal-tor-2026-09-11|spread|-2.5|20914274322561456349912488796730806557480528405820774364391785227258487454437,spread,True
mlb-bal-tor-2026-09-11,mlb-bal-tor-2026-09-11|spread|-2.5|20914274322561456349912488796730806557480528405820774364391785227258487454437,spread,False
mlb-bal-tor-2026-09-11,mlb-bal-tor-2026-09-11|spread|-2.5|20914274322561456349912488796730806557480528405820774364391785227258487454437,spread,True
mlb-bal-tor-2026-09-11,mlb-bal-tor-2026-09-11|spread|-2.5|20914274322561456349912488796730806557480528405820774364391785227258487454437,spread,False
mlb-bal-tor-2026-09-11,mlb-bal-tor-2026-09-11|spread|-2.5|20914274322561456349912488796730806557480528405820774364391785227258487454437,spread,False
mlb-bal-tor-2026-09-11,mlb-bal-tor-2026-09-11|spread|-2.5|20914274322561456349912488796730806557480528405820774364391785227258487454437,spread,True
mlb-bal-tor-2026-09-11,mlb-bal-tor-2026-09-11|spread|-2.5|20914274322561456349912488796730806557480528405820774364391785227258487454437,spread,True
mlb-bal-tor-2026-09-11,mlb-bal-tor-2026-09-11|spread|-2.5|20914274322561456349912488796730806557480528405820774364391785227258487454437,spread,False
mlb-bal-tor-2026-09-11,mlb-bal-tor-2026-09-11|spread|-2.5|20914274322561456349912488796730806557480528405820774364391785227258487454437,spread,True
mlb-bal-tor-2026-09-11,mlb-bal-tor-2026-09-11|spread|-2.5|20914274322561456349912488796730806557480528405820774364391785227258487454437,spread,False
mlb-bal-tor-2026-09-11,mlb-bal-tor-2026-09-11|spread|-2.5|20914274322561456349912488796730806557480528405820774364391785227258487454437,spread,True
mlb-bal-tor-2026-09-11,mlb-bal-tor-2026-09-11|spread|-2.5|20914274322561456349912488796730806557480528405820774364391785227258487454437,spread,False
mlb-bal-tor-2026-09-11,mlb-bal-tor-2026-09-11|spread|-2.5|20914274322561456349912488796730806557480528405820774364391785227258487454437,spread,True
mlb-bal-tor-2026-09-11,mlb-bal-tor-2026-09-11|spread|-2.5|20914274322561456349912488796730806557480528405820774364391785227258487454437,spread,True
mlb-bal-tor-2026-09-11,mlb-bal-tor-2026-09-11|spread|-2.5|20914274322561456349912488796730806557480528405820774364391785227258487454437,spread,False
mlb-bal-tor-2026-09-11,mlb-bal-tor-2026-09-11|spread|-2.5|20914274322561456349912488796730806557480528405820774364391785227258487454437,spread,False
mlb-bal-tor-2026-09-11,mlb-bal-tor-2026-09-11|spread|-2.5|20914274322561456349912488796730806557480528405820774364391785227258487454437,spread,False
mlb-bal-tor-2026-09-11,mlb-bal-tor-2026-09-11|spread|-2.5|20914274322561456349912488796730806557480528405820774364391785227258487454437,spread,True
mlb-bal-tor-2026-09-11,mlb-bal-tor-2026-09-11|spread|-2.5|20914274322561456349912488796730806557480528405820774364391785227258487454437,spread,False
mlb-bal-tor-2026-09-11,mlb-bal-tor-2026-09-11|spread|-2.5|20914274322561456349912488796730806557480528405820774364391785227258487454437,spread,False
mlb-bal-tor-2026-09-11,mlb-bal-tor-2026-09-11|spread|-2.5|20914274322561456349912488796730806557480528405820774364391785227258487454437,spread,False
mlb-bal-tor-2026-09-11,mlb-bal-tor-2026-09-11|spread|-2.5|20914274322561456349912488796730806557480528405820774364391785227258487454437,spread,True
mlb-bal-tor-2026-09-11,mlb-bal-tor-2026-09-11|spread|-2.5|20914274322561456349912488796730806557480528405820774364391785227258487454437,spread,False
mlb-bal-tor-2026-09-11,mlb-bal-tor-2026-09-11|spread|-2.5|20914274322561456349912488796730806557480528405820774364391785227258487454437,spread,False
mlb-bal-tor-2026-09-11,mlb-bal-tor-2026-09-11|spread|-2.5|20914274322561456349912488796730806557480528405820774364391785227258487454437,spread,False
mlb-bal-tor-2026-09-11,mlb-bal-tor-2026-09-11|spread|-2.5|20914274322561456349912488796730806557480528405820774364391785227258487454437,spread,True
mlb-bal-tor-2026-09-11,mlb-bal-tor-2026-09-11|spread|-2.5|20914274322561456349912488796730806557480528405820774364391785227258487454437,spread,False
mlb-bal-tor-2026-09-11,mlb-bal-tor-2026-09-11|spread|-2.5|20914274322561456349912488796730806557480528405820774364391785227258487454437,spread,False
mlb-bal-tor-2026-09-11,mlb-bal-tor-2026-09-11|spread|-2.5|20914274322561456349912488796730806557480528405820774364391785227258487454437,spread,True
mlb-bal-tor-2026-09-11,mlb-bal-tor-2026-09-11|spread|-2.5|20914274322561456349912488796730806557480528405820774364391785227258487454437,spread,False
mlb-bal-tor-2026-09-11,mlb-bal-tor-2026-09-11|spread|-2.5|20914274322561456349912488796730806557480528405820774364391785227258487454437,spread,False
mlb-bal-tor-2026-09-11,mlb-bal-tor-2026-09-11|spread|-2.5|20914274322561456349912488796730806557480528405820774364391785227258487454437,spread,True
mlb-bal-tor-2026-09-11,mlb-bal-tor-2026-09-11|spread|-2.5|20914274322561456349912488796730806557480528405820774364391785227258487454437,spread,True
mlb-bal-tor-2026-09-11,mlb-bal-tor-2026-09-11|spread|-2.5|20914274322561456349912488796730806557480528405820774364391785227258487454437,spread,True
mlb-bal-tor-2026-09-11,mlb-bal-tor-2026-09-11|spread|-2.5|53724262561440206783731983595095110142802577158936653560806413830805870730894,spread,True
mlb-bal-tor-2026-09-11,mlb-bal-tor-2026-09-11|spread|-2.5|53724262561440206783731983595095110142802577158936653560806413830805870730894,spread,True
mlb-bal-tor-2026-09-11,mlb-bal-tor-2026-09-11|spread|-2.5|53724262561440206783731983595095110142802577158936653560806413830805870730894,spread,True
mlb-bal-tor-2026-09-11,mlb-bal-tor-2026-09-11|spread|-2.5|53724262561440206783731983595095110142802577158936653560806413830805870730894,spread,False
mlb-bal-tor-2026-09-11,mlb-bal-tor-2026-09-11|spread|-2.5|53724262561440206783731983595095110142802577158936653560806413830805870730894,spread,False
mlb-bal-tor-2026-09-11,mlb-bal-tor-2026-09-11|spread|-2.5|53724262561440206783731983595095110142802577158936653560806413830805870730894,spread,True
mlb-bal-tor-2026-09-11,mlb-bal-tor-2026-09-11|spread|-2.5|53724262561440206783731983595095110142802577158936653560806413830805870730894,spread,False
mlb-bal-tor-2026-09-11,mlb-bal-tor-2026-09-11|spread|-2.5|53724262561440206783731983595095110142802577158936653560806413830805870730894,spread,False
mlb-bal-tor-2026-09-11,mlb-bal-tor-2026-09-11|spread|-2.5|53724262561440206783731983595095110142802577158936653560806413830805870730894,spread,True
mlb-bal-tor-2026-09-11,mlb-bal-tor-2026-09-11|spread|-2.5|53724262561440206783731983595095110142802577158936653560806413830805870730894,spread,False
mlb-bal-tor-2026-09-11,mlb-bal-tor-2026-09-11|spread|-2.5|53724262561440206783731983595095110142802577158936653560806413830805870730894,spread,True
mlb-bal-tor-2026-09-11,mlb-bal-tor-2026-09-11|spread|-2.5|53724262561440206783731983595095110142802577158936653560806413830805870730894,spread,True
mlb-bal-tor-2026-09-11,mlb-bal-tor-2026-09-11|spread|-2.5|53724262561440206783731983595095110142802577158936653560806413830805870730894,spread,True
mlb-bal-tor-2026-09-11,mlb-bal-tor-2026-09-11|spread|-2.5|53724262561440206783731983595095110142802577158936653560806413830805870730894,spread,True
mlb-bal-tor-2026-09-11,mlb-bal-tor-2026-09-11|spread|-2.5|53724262561440206783731983595095110142802577158936653560806413830805870730894,spread,False
mlb-bal-tor-2026-09-11,mlb-bal-tor-2026-09-11|spread|-2.5|53724262561440206783731983595095110142802577158936653560806413830805870730894,spread,False
mlb-bal-tor-2026-09-11,mlb-bal-tor-2026-09-11|spread|-2.5|53724262561440206783731983595095110142802577158936653560806413830805870730894,spread,False
mlb-bal-tor-2026-09-11,mlb-bal-tor-2026-09-11|spread|-2.5|53724262561440206783731983595095110142802577158936653560806413830805870730894,spread,False
mlb-bal-tor-2026-09-11,mlb-bal-tor-2026-09-11|spread|-2.5|53724262561440206783731983595095110142802577158936653560806413830805870730894,spread,False
mlb-bal-tor-2026-09-11,mlb-bal-tor-2026-09-11|spread|-2.5|53724262561440206783731983595095110142802577158936653560806413830805870730894,spread,True
mlb-bal-tor-2026-09-11,mlb-bal-tor-2026-09-11|spread|-2.5|53724262561440206783731983595095110142802577158936653560806413830805870730894,spread,True
mlb-bal-tor-2026-09-11,mlb-bal-tor-2026-09-11|spread|-2.5|53724262561440206783731983595095110142802577158936653560806413830805870730894,spread,True
mlb-bal-tor-2026-09-11,mlb-bal-tor-2026-09-11|spread|-2.5|53724262561440206783731983595095110142802577158936653560806413830805870730894,spread,True
mlb-bal-tor-2026-09-11,mlb-bal-tor-2026-09-11|spread|-2.5|53724262561440206783731983595095110142802577158936653560806413830805870730894,spread,True
mlb-bal-tor-2026-09-11,mlb-bal-tor-2026-09-11|spread|-2.5|53724262561440206783731983595095110142802577158936653560806413830805870730894,spread,True
mlb-bal-tor-2026-09-11,mlb-bal-tor-2026-09-11|spread|-2.5|53724262561440206783731983595095110142802577158936653560806413830805870730894,spread,True
mlb-cle-min-2026-09-11,mlb-cle-min-2026-09-11|moneyline|None|80274199636239788891835890975969652234057054368534865190027642520443788470558,moneyline,True
mlb-cle-min-2026-09-11,mlb-cle-min-2026-09-11|moneyline|None|80274199636239788891835890975969652234057054368534865190027642520443788470558,moneyline,False
mlb-cle-min-2026-09-11,mlb-cle-min-2026-09-11|moneyline|None|80274199636239788891835890975969652234057054368534865190027642520443788470558,moneyline,False
mlb-cle-min-2026-09-11,mlb-cle-min-2026-09-11|moneyline|None|80274199636239788891835890975969652234057054368534865190027642520443788470558,moneyline,False
mlb-cle-min-2026-09-11,mlb-cle-min-2026-09-11|moneyline|None|80274199636239788891835890975969652234057054368534865190027642520443788470558,moneyline,False
mlb-cle-min-2026-09-11,mlb-cle-min-2026-09-11|moneyline|None|80274199636239788891835890975969652234057054368534865190027642520443788470558,moneyline,True
mlb-cle-min-2026-09-11,mlb-cle-min-2026-09-11|moneyline|None|80274199636239788891835890975969652234057054368534865190027642520443788470558,moneyline,False
mlb-cle-min-2026-09-11,mlb-cle-min-2026-09-11|moneyline|None|80274199636239788891835890975969652234057054368534865190027642520443788470558,moneyline,False
mlb-cle-min-2026-09-11,mlb-cle-min-2026-09-11|moneyline|None|80274199636239788891835890975969652234057054368534865190027642520443788470558,moneyline,False
mlb-cle-min-2026-09-11,mlb-cle-min-2026-09-11|moneyline|None|80274199636239788891835890975969652234057054368534865190027642520443788470558,moneyline,False
mlb-cle-min-2026-09-11,mlb-cle-min-2026-09-11|moneyline|None|80274199636239788891835890975969652234057054368534865190027642520443788470558,moneyline,True
mlb-cle-min-2026-09-11,mlb-cle-min-2026-09-11|moneyline|None|80274199636239788891835890975969652234057054368534865190027642520443788470558,moneyline,False
mlb-cle-min-2026-09-11,mlb-cle-min-2026-09-11|moneyline|None|80274199636239788891835890975969652234057054368534865190027642520443788470558,moneyline,True
mlb-cle-min-2026-09-11,mlb-cle-min-2026-09-11|moneyline|None|80274199636239788891835890975969652234057054368534865190027642520443788470558,moneyline,True
mlb-cle-min-2026-09-11,mlb-cle-min-2026-09-11|moneyline|None|80274199636239788891835890975969652234057054368534865190027642520443788470558,moneyline,False
mlb-cle-min-2026-09-11,mlb-cle-min-2026-09-11|moneyline|None|80274199636239788891835890975969652234057054368534865190027642520443788470558,moneyline,False
mlb-cle-min-2026-09-11,mlb-cle-min-2026-09-11|moneyline|None|80274199636239788891835890975969652234057054368534865190027642520443788470558,moneyline,False
mlb-cle-min-2026-09-11,mlb-cle-min-2026-09-11|moneyline|None|80274199636239788891835890975969652234057054368534865190027642520443788470558,moneyline,False
mlb-cle-min-2026-09-11,mlb-cle-min-2026-09-11|moneyline|None|80274199636239788891835890975969652234057054368534865190027642520443788470558,moneyline,False
mlb-cle-min-2026-09-11,mlb-cle-min-2026-09-11|moneyline|None|80274199636239788891835890975969652234057054368534865190027642520443788470558,moneyline,True
mlb-cle-min-2026-09-11,mlb-cle-min-2026-09-11|moneyline|None|80274199636239788891835890975969652234057054368534865190027642520443788470558,moneyline,False
mlb-cle-min-2026-09-11,mlb-cle-min-2026-09-11|moneyline|None|80274199636239788891835890975969652234057054368534865190027642520443788470558,moneyline,False
mlb-cle-min-2026-09-11,mlb-cle-min-2026-09-11|moneyline|None|80274199636239788891835890975969652234057054368534865190027642520443788470558,moneyline,True
mlb-cle-min-2026-09-11,mlb-cle-min-2026-09-11|moneyline|None|80274199636239788891835890975969652234057054368534865190027642520443788470558,moneyline,True
mlb-cle-min-2026-09-11,mlb-cle-min-2026-09-11|moneyline|None|80274199636239788891835890975969652234057054368534865190027642520443788470558,moneyline,False
mlb-cle-min-2026-09-11,mlb-cle-min-2026-09-11|moneyline|None|80274199636239788891835890975969652234057054368534865190027642520443788470558,moneyline,False
mlb-cle-min-2026-09-11,mlb-cle-min-2026-09-11|moneyline|None|80274199636239788891835890975969652234057054368534865190027642520443788470558,moneyline,False
mlb-cle-min-2026-09-11,mlb-cle-min-2026-09-11|moneyline|None|80274199636239788891835890975969652234057054368534865190027642520443788470558,moneyline,False
mlb-cle-min-2026-09-11,mlb-cle-min-2026-09-11|moneyline|None|80274199636239788891835890975969652234057054368534865190027642520443788470558,moneyline,True
mlb-cle-min-2026-09-11,mlb-cle-min-2026-09-11|moneyline|None|80274199636239788891835890975969652234057054368534865190027642520443788470558,moneyline,True
mlb-cle-min-2026-09-11,mlb-cle-min-2026-09-11|moneyline|None|80274199636239788891835890975969652234057054368534865190027642520443788470558,moneyline,True
mlb-cle-min-2026-09-11,mlb-cle-min-2026-09-11|moneyline|None|80274199636239788891835890975969652234057054368534865190027642520443788470558,moneyline,False
mlb-cle-min-2026-09-11,mlb-cle-min-2026-09-11|moneyline|None|80274199636239788891835890975969652234057054368534865190027642520443788470558,moneyline,True
mlb-cle-min-2026-09-11,mlb-cle-min-2026-09-11|moneyline|None|80274199636239788891835890975969652234057054368534865190027642520443788470558,moneyline,True
mlb-cle-min-2026-09-11,mlb-cle-min-2026-09-11|moneyline|None|80274199636239788891835890975969652234057054368534865190027642520443788470558,moneyline,True
mlb-cle-min-2026-09-11,mlb-cle-min-2026-09-11|moneyline|None|80274199636239788891835890975969652234057054368534865190027642520443788470558,moneyline,True
mlb-cle-min-2026-09-11,mlb-cle-min-2026-09-11|moneyline|None|80274199636239788891835890975969652234057054368534865190027642520443788470558,moneyline,True
mlb-cle-min-2026-09-11,mlb-cle-min-2026-09-11|moneyline|None|80274199636239788891835890975969652234057054368534865190027642520443788470558,moneyline,True
mlb-cle-min-2026-09-11,mlb-cle-min-2026-09-11|moneyline|None|80274199636239788891835890975969652234057054368534865190027642520443788470558,moneyline,False
mlb-cle-min-2026-09-11,mlb-cle-min-2026-09-11|moneyline|None|80274199636239788891835890975969652234057054368534865190027642520443788470558,moneyline,True
mlb-cle-min-2026-09-11,mlb-cle-min-2026-09-11|moneyline|None|80274199636239788891835890975969652234057054368534865190027642520443788470558,moneyline,True
mlb-cle-min-2026-09-11,mlb-cle-min-2026-09-11|moneyline|None|80274199636239788891835890975969652234057054368534865190027642520443788470558,moneyline,True
mlb-cle-min-2026-09-11,mlb-cle-min-2026-09-11|moneyline|None|80274199636239788891835890975969652234057054368534865190027642520443788470558,moneyline,False
mlb-cle-min-2026-09-11,mlb-cle-min-2026-09-11|spread|-1.5|24049074526157505051766365769540499683233567056367366315840557137074887438470,spread,True
mlb-cle-min-2026-09-11,mlb-cle-min-2026-09-11|spread|-1.5|24049074526157505051766365769540499683233567056367366315840557137074887438470,spread,True
mlb-cle-min-2026-09-11,mlb-cle-min-2026-09-11|spread|-1.5|24049074526157505051766365769540499683233567056367366315840557137074887438470,spread,False
mlb-cle-min-2026-09-11,mlb-cle-min-2026-09-11|spread|-1.5|24049074526157505051766365769540499683233567056367366315840557137074887438470,spread,False
mlb-cle-min-2026-09-11,mlb-cle-min-2026-09-11|spread|-1.5|24049074526157505051766365769540499683233567056367366315840557137074887438470,spread,True
mlb-cle-min-2026-09-11,mlb-cle-min-2026-09-11|spread|-1.5|24049074526157505051766365769540499683233567056367366315840557137074887438470,spread,True
mlb-cle-min-2026-09-11,mlb-cle-min-2026-09-11|spread|-1.5|24049074526157505051766365769540499683233567056367366315840557137074887438470,spread,True
mlb-cle-min-2026-09-11,mlb-cle-min-2026-09-11|spread|-1.5|24049074526157505051766365769540499683233567056367366315840557137074887438470,spread,False
mlb-cle-min-2026-09-11,mlb-cle-min-2026-09-11|spread|-1.5|24049074526157505051766365769540499683233567056367366315840557137074887438470,spread,True
mlb-cle-min-2026-09-11,mlb-cle-min-2026-09-11|spread|-1.5|24049074526157505051766365769540499683233567056367366315840557137074887438470,spread,True
mlb-cle-min-2026-09-11,mlb-cle-min-2026-09-11|spread|-1.5|24049074526157505051766365769540499683233567056367366315840557137074887438470,spread,False
mlb-cle-min-2026-09-11,mlb-cle-min-2026-09-11|spread|-1.5|24049074526157505051766365769540499683233567056367366315840557137074887438470,spread,True
mlb-cle-min-2026-09-11,mlb-cle-min-2026-09-11|spread|-1.5|24049074526157505051766365769540499683233567056367366315840557137074887438470,spread,True
mlb-cle-min-2026-09-11,mlb-cle-min-2026-09-11|spread|-1.5|24049074526157505051766365769540499683233567056367366315840557137074887438470,spread,True
mlb-cle-min-2026-09-11,mlb-cle-min-2026-09-11|spread|-1.5|24049074526157505051766365769540499683233567056367366315840557137074887438470,spread,True
mlb-cle-min-2026-09-11,mlb-cle-min-2026-09-11|spread|-1.5|24049074526157505051766365769540499683233567056367366315840557137074887438470,spread,False
mlb-cle-min-2026-09-11,mlb-cle-min-2026-09-11|spread|-1.5|24049074526157505051766365769540499683233567056367366315840557137074887438470,spread,False
mlb-cle-min-2026-09-11,mlb-cle-min-2026-09-11|spread|-1.5|24049074526157505051766365769540499683233567056367366315840557137074887438470,spread,False
mlb-cle-min-2026-09-11,mlb-cle-min-2026-09-11|spread|-1.5|24049074526157505051766365769540499683233567056367366315840557137074887438470,spread,True
mlb-cle-min-2026-09-11,mlb-cle-min-2026-09-11|spread|-1.5|24049074526157505051766365769540499683233567056367366315840557137074887438470,spread,False
mlb-cle-min-2026-09-11,mlb-cle-min-2026-09-11|spread|-1.5|24049074526157505051766365769540499683233567056367366315840557137074887438470,spread,False
mlb-cle-min-2026-09-11,mlb-cle-min-2026-09-11|spread|-1.5|24049074526157505051766365769540499683233567056367366315840557137074887438470,spread,False
mlb-cle-min-2026-09-11,mlb-cle-min-2026-09-11|spread|-1.5|24049074526157505051766365769540499683233567056367366315840557137074887438470,spread,True
mlb-cle-min-2026-09-11,mlb-cle-min-2026-09-11|spread|-1.5|24049074526157505051766365769540499683233567056367366315840557137074887438470,spread,False
mlb-cle-min-2026-09-11,mlb-cle-min-2026-09-11|spread|-1.5|24049074526157505051766365769540499683233567056367366315840557137074887438470,spread,True
mlb-cle-min-2026-09-11,mlb-cle-min-2026-09-11|spread|-1.5|24049074526157505051766365769540499683233567056367366315840557137074887438470,spread,True
mlb-cle-min-2026-09-11,mlb-cle-min-2026-09-11|spread|-1.5|24049074526157505051766365769540499683233567056367366315840557137074887438470,spread,True
mlb-cle-min-2026-09-11,mlb-cle-min-2026-09-11|spread|-1.5|24049074526157505051766365769540499683233567056367366315840557137074887438470,spread,True
mlb-cle-min-2026-09-11,mlb-cle-min-2026-09-11|spread|-1.5|24049074526157505051766365769540499683233567056367366315840557137074887438470,spread,False
mlb-cle-min-2026-09-11,mlb-cle-min-2026-09-11|spread|-1.5|24049074526157505051766365769540499683233567056367366315840557137074887438470,spread,False
mlb-cle-min-2026-09-11,mlb-cle-min-2026-09-11|spread|-1.5|24049074526157505051766365769540499683233567056367366315840557137074887438470,spread,False
mlb-cle-min-2026-09-11,mlb-cle-min-2026-09-11|spread|-1.5|24049074526157505051766365769540499683233567056367366315840557137074887438470,spread,True
mlb-cle-min-2026-09-11,mlb-cle-min-2026-09-11|spread|-1.5|24049074526157505051766365769540499683233567056367366315840557137074887438470,spread,False
mlb-cle-min-2026-09-11,mlb-cle-min-2026-09-11|spread|-1.5|24049074526157505051766365769540499683233567056367366315840557137074887438470,spread,False
mlb-cle-min-2026-09-11,mlb-cle-min-2026-09-11|spread|-1.5|24049074526157505051766365769540499683233567056367366315840557137074887438470,spread,False
mlb-cle-min-2026-09-11,mlb-cle-min-2026-09-11|spread|-1.5|24049074526157505051766365769540499683233567056367366315840557137074887438470,spread,True
mlb-cle-min-2026-09-11,mlb-cle-min-2026-09-11|spread|-1.5|24049074526157505051766365769540499683233567056367366315840557137074887438470,spread,True
mlb-cle-min-2026-09-11,mlb-cle-min-2026-09-11|spread|-1.5|24049074526157505051766365769540499683233567056367366315840557137074887438470,spread,False
mlb-cle-min-2026-09-11,mlb-cle-min-2026-09-11|spread|-1.5|24049074526157505051766365769540499683233567056367366315840557137074887438470,spread,True
mlb-cle-min-2026-09-11,mlb-cle-min-2026-09-11|spread|-1.5|24049074526157505051766365769540499683233567056367366315840557137074887438470,spread,False
mlb-cle-min-2026-09-11,mlb-cle-min-2026-09-11|spread|-1.5|24049074526157505051766365769540499683233567056367366315840557137074887438470,spread,False
mlb-cle-min-2026-09-11,mlb-cle-min-2026-09-11|spread|-1.5|24049074526157505051766365769540499683233567056367366315840557137074887438470,spread,False
mlb-cle-min-2026-09-11,mlb-cle-min-2026-09-11|spread|-1.5|24049074526157505051766365769540499683233567056367366315840557137074887438470,spread,True
mlb-cle-min-2026-09-11,mlb-cle-min-2026-09-11|spread|-1.5|24049074526157505051766365769540499683233567056367366315840557137074887438470,spread,False
mlb-cle-min-2026-09-11,mlb-cle-min-2026-09-11|spread|-1.5|24049074526157505051766365769540499683233567056367366315840557137074887438470,spread,True
mlb-cle-min-2026-09-11,mlb-cle-min-2026-09-11|spread|-1.5|24049074526157505051766365769540499683233567056367366315840557137074887438470,spread,True
mlb-cle-min-2026-09-11,mlb-cle-min-2026-09-11|spread|-1.5|24049074526157505051766365769540499683233567056367366315840557137074887438470,spread,True
mlb-cle-min-2026-09-11,mlb-cle-min-2026-09-11|spread|-1.5|24049074526157505051766365769540499683233567056367366315840557137074887438470,spread,True
mlb-cle-min-2026-09-11,mlb-cle-min-2026-09-11|spread|-1.5|24049074526157505051766365769540499683233567056367366315840557137074887438470,spread,False
mlb-cle-min-2026-09-11,mlb-cle-min-2026-09-11|spread|-1.5|24049074526157505051766365769540499683233567056367366315840557137074887438470,spread,False
mlb-cle-min-2026-09-11,mlb-cle-min-2026-09-11|spread|-1.5|24049074526157505051766365769540499683233567056367366315840557137074887438470,spread,True
mlb-cle-min-2026-09-11,mlb-cle-min-2026-09-11|spread|-1.5|24049074526157505051766365769540499683233567056367366315840557137074887438470,spread,True
mlb-cle-min-2026-09-11,mlb-cle-min-2026-09-11|spread|-1.5|24049074526157505051766365769540499683233567056367366315840557137074887438470,spread,False
mlb-cle-min-2026-09-11,mlb-cle-min-2026-09-11|spread|-1.5|24049074526157505051766365769540499683233567056367366315840557137074887438470,spread,True
mlb-cle-min-2026-09-11,mlb-cle-min-2026-09-11|spread|-1.5|24049074526157505051766365769540499683233567056367366315840557137074887438470,spread,True
mlb-cle-min-2026-09-11,mlb-cle-min-2026-09-11|spread|-1.5|24049074526157505051766365769540499683233567056367366315840557137074887438470,spread,False
mlb-cle-min-2026-09-11,mlb-cle-min-2026-09-11|spread|-1.5|24049074526157505051766365769540499683233567056367366315840557137074887438470,spread,False
mlb-cle-min-2026-09-11,mlb-cle-min-2026-09-11|spread|-1.5|24049074526157505051766365769540499683233567056367366315840557137074887438470,spread,True
mlb-cle-min-2026-09-11,mlb-cle-min-2026-09-11|spread|-1.5|24049074526157505051766365769540499683233567056367366315840557137074887438470,spread,True
mlb-cle-min-2026-09-11,mlb-cle-min-2026-09-11|spread|-1.5|24049074526157505051766365769540499683233567056367366315840557137074887438470,spread,False
mlb-cle-min-2026-09-11,mlb-cle-min-2026-09-11|spread|-1.5|24049074526157505051766365769540499683233567056367366315840557137074887438470,spread,False
mlb-cle-min-2026-09-11,mlb-cle-min-2026-09-11|spread|-1.5|24049074526157505051766365769540499683233567056367366315840557137074887438470,spread,False
mlb-cle-min-2026-09-11,mlb-cle-min-2026-09-11|spread|-1.5|24049074526157505051766365769540499683233567056367366315840557137074887438470,spread,True
mlb-cle-min-2026-09-11,mlb-cle-min-2026-09-11|spread|-1.5|24049074526157505051766365769540499683233567056367366315840557137074887438470,spread,True
mlb-cle-min-2026-09-11,mlb-cle-min-2026-09-11|spread|-1.5|34335425540608288213186036468853638755476435292903472323009410797556674595875,spread,True
mlb-cle-min-2026-09-11,mlb-cle-min-2026-09-11|spread|-1.5|34335425540608288213186036468853638755476435292903472323009410797556674595875,spread,True
mlb-cle-min-2026-09-11,mlb-cle-min-2026-09-11|spread|-1.5|34335425540608288213186036468853638755476435292903472323009410797556674595875,spread,True
mlb-cle-min-2026-09-11,mlb-cle-min-2026-09-11|spread|-1.5|34335425540608288213186036468853638755476435292903472323009410797556674595875,spread,True
mlb-cle-min-2026-09-11,mlb-cle-min-2026-09-11|spread|-1.5|34335425540608288213186036468853638755476435292903472323009410797556674595875,spread,True
mlb-cle-min-2026-09-11,mlb-cle-min-2026-09-11|spread|-1.5|34335425540608288213186036468853638755476435292903472323009410797556674595875,spread,True
mlb-cle-min-2026-09-11,mlb-cle-min-2026-09-11|spread|-1.5|34335425540608288213186036468853638755476435292903472323009410797556674595875,spread,True
mlb-cle-min-2026-09-11,mlb-cle-min-2026-09-11|spread|-1.5|34335425540608288213186036468853638755476435292903472323009410797556674595875,spread,True
mlb-cle-min-2026-09-11,mlb-cle-min-2026-09-11|spread|-1.5|34335425540608288213186036468853638755476435292903472323009410797556674595875,spread,False
mlb-cle-min-2026-09-11,mlb-cle-min-2026-09-11|spread|-1.5|34335425540608288213186036468853638755476435292903472323009410797556674595875,spread,True
mlb-cle-min-2026-09-11,mlb-cle-min-2026-09-11|spread|-1.5|34335425540608288213186036468853638755476435292903472323009410797556674595875,spread,False
mlb-cle-min-2026-09-11,mlb-cle-min-2026-09-11|spread|-1.5|34335425540608288213186036468853638755476435292903472323009410797556674595875,spread,False
mlb-cle-min-2026-09-11,mlb-cle-min-2026-09-11|spread|-1.5|34335425540608288213186036468853638755476435292903472323009410797556674595875,spread,False
mlb-cle-min-2026-09-11,mlb-cle-min-2026-09-11|spread|-1.5|34335425540608288213186036468853638755476435292903472323009410797556674595875,spread,False
mlb-cle-min-2026-09-11,mlb-cle-min-2026-09-11|spread|-1.5|34335425540608288213186036468853638755476435292903472323009410797556674595875,spread,True
mlb-cle-min-2026-09-11,mlb-cle-min-2026-09-11|spread|-1.5|34335425540608288213186036468853638755476435292903472323009410797556674595875,spread,False
mlb-cle-min-2026-09-11,mlb-cle-min-2026-09-11|spread|-1.5|34335425540608288213186036468853638755476435292903472323009410797556674595875,spread,True
mlb-cle-min-2026-09-11,mlb-cle-min-2026-09-11|spread|-1.5|34335425540608288213186036468853638755476435292903472323009410797556674595875,spread,True
mlb-cle-min-2026-09-11,mlb-cle-min-2026-09-11|spread|-1.5|34335425540608288213186036468853638755476435292903472323009410797556674595875,spread,False
mlb-cle-min-2026-09-11,mlb-cle-min-2026-09-11|spread|-1.5|34335425540608288213186036468853638755476435292903472323009410797556674595875,spread,False
mlb-cle-min-2026-09-11,mlb-cle-min-2026-09-11|spread|-1.5|34335425540608288213186036468853638755476435292903472323009410797556674595875,spread,True
mlb-cle-min-2026-09-11,mlb-cle-min-2026-09-11|spread|-1.5|34335425540608288213186036468853638755476435292903472323009410797556674595875,spread,False
mlb-cle-min-2026-09-11,mlb-cle-min-2026-09-11|spread|-1.5|34335425540608288213186036468853638755476435292903472323009410797556674595875,spread,False
mlb-cle-min-2026-09-11,mlb-cle-min-2026-09-11|spread|-1.5|34335425540608288213186036468853638755476435292903472323009410797556674595875,spread,True
mlb-cle-min-2026-09-11,mlb-cle-min-2026-09-11|spread|-1.5|34335425540608288213186036468853638755476435292903472323009410797556674595875,spread,False
mlb-cle-min-2026-09-11,mlb-cle-min-2026-09-11|spread|-1.5|34335425540608288213186036468853638755476435292903472323009410797556674595875,spread,True
mlb-cle-min-2026-09-11,mlb-cle-min-2026-09-11|spread|-1.5|34335425540608288213186036468853638755476435292903472323009410797556674595875,spread,False
mlb-cle-min-2026-09-11,mlb-cle-min-2026-09-11|spread|-1.5|34335425540608288213186036468853638755476435292903472323009410797556674595875,spread,False
mlb-cle-min-2026-09-11,mlb-cle-min-2026-09-11|spread|-1.5|34335425540608288213186036468853638755476435292903472323009410797556674595875,spread,False
mlb-cle-min-2026-09-11,mlb-cle-min-2026-09-11|spread|-1.5|34335425540608288213186036468853638755476435292903472323009410797556674595875,spread,False
mlb-cle-min-2026-09-11,mlb-cle-min-2026-09-11|spread|-1.5|34335425540608288213186036468853638755476435292903472323009410797556674595875,spread,True
mlb-cle-min-2026-09-11,mlb-cle-min-2026-09-11|spread|-1.5|34335425540608288213186036468853638755476435292903472323009410797556674595875,spread,False
mlb-cle-min-2026-09-11,mlb-cle-min-2026-09-11|spread|-1.5|34335425540608288213186036468853638755476435292903472323009410797556674595875,spread,False
mlb-cle-min-2026-09-11,mlb-cle-min-2026-09-11|spread|-1.5|34335425540608288213186036468853638755476435292903472323009410797556674595875,spread,False
mlb-cle-min-2026-09-11,mlb-cle-min-2026-09-11|spread|-1.5|34335425540608288213186036468853638755476435292903472323009410797556674595875,spread,False
mlb-cle-min-2026-09-11,mlb-cle-min-2026-09-11|spread|-1.5|34335425540608288213186036468853638755476435292903472323009410797556674595875,spread,True
mlb-cle-min-2026-09-11,mlb-cle-min-2026-09-11|spread|-1.5|34335425540608288213186036468853638755476435292903472323009410797556674595875,spread,True
mlb-cle-min-2026-09-11,mlb-cle-min-2026-09-11|spread|-1.5|34335425540608288213186036468853638755476435292903472323009410797556674595875,spread,True
mlb-cle-min-2026-09-11,mlb-cle-min-2026-09-11|spread|-1.5|34335425540608288213186036468853638755476435292903472323009410797556674595875,spread,True
mlb-cle-min-2026-09-11,mlb-cle-min-2026-09-11|spread|-1.5|34335425540608288213186036468853638755476435292903472323009410797556674595875,spread,False
mlb-cle-min-2026-09-11,mlb-cle-min-2026-09-11|spread|-1.5|34335425540608288213186036468853638755476435292903472323009410797556674595875,spread,False
mlb-cle-min-2026-09-11,mlb-cle-min-2026-09-11|spread|-1.5|34335425540608288213186036468853638755476435292903472323009410797556674595875,spread,True
mlb-cle-min-2026-09-11,mlb-cle-min-2026-09-11|spread|-1.5|34335425540608288213186036468853638755476435292903472323009410797556674595875,spread,False
mlb-cle-min-2026-09-11,mlb-cle-min-2026-09-11|spread|-1.5|34335425540608288213186036468853638755476435292903472323009410797556674595875,spread,False
mlb-cle-min-2026-09-11,mlb-cle-min-2026-09-11|spread|-1.5|34335425540608288213186036468853638755476435292903472323009410797556674595875,spread,True
mlb-cle-min-2026-09-11,mlb-cle-min-2026-09-11|spread|-1.5|34335425540608288213186036468853638755476435292903472323009410797556674595875,spread,True
mlb-cle-min-2026-09-11,mlb-cle-min-2026-09-11|spread|-1.5|34335425540608288213186036468853638755476435292903472323009410797556674595875,spread,True
mlb-cle-min-2026-09-11,mlb-cle-min-2026-09-11|spread|-1.5|34335425540608288213186036468853638755476435292903472323009410797556674595875,spread,True
mlb-cle-min-2026-09-11,mlb-cle-min-2026-09-11|spread|-1.5|34335425540608288213186036468853638755476435292903472323009410797556674595875,spread,False
mlb-cle-min-2026-09-11,mlb-cle-min-2026-09-11|spread|-1.5|34335425540608288213186036468853638755476435292903472323009410797556674595875,spread,False
mlb-cle-min-2026-09-11,mlb-cle-min-2026-09-11|spread|-1.5|34335425540608288213186036468853638755476435292903472323009410797556674595875,spread,True
mlb-cle-min-2026-09-11,mlb-cle-min-2026-09-11|spread|-1.5|34335425540608288213186036468853638755476435292903472323009410797556674595875,spread,True
mlb-cle-min-2026-09-11,mlb-cle-min-2026-09-11|spread|-1.5|34335425540608288213186036468853638755476435292903472323009410797556674595875,spread,True
mlb-cle-min-2026-09-11,mlb-cle-min-2026-09-11|spread|-1.5|34335425540608288213186036468853638755476435292903472323009410797556674595875,spread,False
mlb-cle-min-2026-09-11,mlb-cle-min-2026-09-11|spread|-1.5|34335425540608288213186036468853638755476435292903472323009410797556674595875,spread,False
mlb-cle-min-2026-09-11,mlb-cle-min-2026-09-11|spread|-1.5|34335425540608288213186036468853638755476435292903472323009410797556674595875,spread,False
mlb-cle-min-2026-09-11,mlb-cle-min-2026-09-11|spread|-1.5|34335425540608288213186036468853638755476435292903472323009410797556674595875,spread,False
mlb-cle-min-2026-09-11,mlb-cle-min-2026-09-11|spread|-1.5|34335425540608288213186036468853638755476435292903472323009410797556674595875,spread,False
mlb-cle-min-2026-09-11,mlb-cle-min-2026-09-11|spread|-1.5|34335425540608288213186036468853638755476435292903472323009410797556674595875,spread,True
mlb-cle-min-2026-09-11,mlb-cle-min-2026-09-11|spread|-1.5|34335425540608288213186036468853638755476435292903472323009410797556674595875,spread,True
mlb-cle-min-2026-09-11,mlb-cle-min-2026-09-11|spread|-1.5|34335425540608288213186036468853638755476435292903472323009410797556674595875,spread,True
mlb-cle-min-2026-09-11,mlb-cle-min-2026-09-11|spread|-1.5|34335425540608288213186036468853638755476435292903472323009410797556674595875,spread,True
mlb-cle-min-2026-09-11,mlb-cle-min-2026-09-11|spread|-1.5|34335425540608288213186036468853638755476435292903472323009410797556674595875,spread,False
mlb-cle-min-2026-09-11,mlb-cle-min-2026-09-11|spread|-1.5|34335425540608288213186036468853638755476435292903472323009410797556674595875,spread,True
mlb-cle-min-2026-09-11,mlb-cle-min-2026-09-11|spread|-1.5|34335425540608288213186036468853638755476435292903472323009410797556674595875,spread,True
mlb-cle-min-2026-09-11,mlb-cle-min-2026-09-11|spread|-1.5|34335425540608288213186036468853638755476435292903472323009410797556674595875,spread,True
mlb-cle-min-2026-09-11,mlb-cle-min-2026-09-11|spread|-1.5|34335425540608288213186036468853638755476435292903472323009410797556674595875,spread,True
mlb-cle-min-2026-09-11,mlb-cle-min-2026-09-11|spread|-1.5|34335425540608288213186036468853638755476435292903472323009410797556674595875,spread,True
mlb-cle-min-2026-09-11,mlb-cle-min-2026-09-11|spread|-1.5|34335425540608288213186036468853638755476435292903472323009410797556674595875,spread,False
mlb-cle-min-2026-09-11,mlb-cle-min-2026-09-11|spread|-1.5|34335425540608288213186036468853638755476435292903472323009410797556674595875,spread,False
mlb-cle-min-2026-09-11,mlb-cle-min-2026-09-11|spread|-1.5|34335425540608288213186036468853638755476435292903472323009410797556674595875,spread,True
mlb-cle-min-2026-09-11,mlb-cle-min-2026-09-11|spread|-1.5|34335425540608288213186036468853638755476435292903472323009410797556674595875,spread,False
mlb-cle-min-2026-09-11,mlb-cle-min-2026-09-11|spread|-1.5|34335425540608288213186036468853638755476435292903472323009410797556674595875,spread,True
mlb-cle-min-2026-09-11,mlb-cle-min-2026-09-11|spread|-1.5|34335425540608288213186036468853638755476435292903472323009410797556674595875,spread,True
mlb-cle-min-2026-09-11,mlb-cle-min-2026-09-11|spread|-1.5|34335425540608288213186036468853638755476435292903472323009410797556674595875,spread,True
mlb-cle-min-2026-09-11,mlb-cle-min-2026-09-11|spread|-1.5|34335425540608288213186036468853638755476435292903472323009410797556674595875,spread,True
mlb-cle-min-2026-09-11,mlb-cle-min-2026-09-11|spread|-1.5|34335425540608288213186036468853638755476435292903472323009410797556674595875,spread,False
mlb-cle-min-2026-09-11,mlb-cle-min-2026-09-11|spread|-1.5|34335425540608288213186036468853638755476435292903472323009410797556674595875,spread,True
mlb-cle-min-2026-09-11,mlb-cle-min-2026-09-11|spread|-1.5|34335425540608288213186036468853638755476435292903472323009410797556674595875,spread,False
mlb-cle-min-2026-09-11,mlb-cle-min-2026-09-11|spread|-1.5|34335425540608288213186036468853638755476435292903472323009410797556674595875,spread,False
mlb-cle-min-2026-09-11,mlb-cle-min-2026-09-11|spread|-1.5|34335425540608288213186036468853638755476435292903472323009410797556674595875,spread,False
mlb-cle-min-2026-09-11,mlb-cle-min-2026-09-11|spread|-2.5|108181079939004101798674364278679191607555175696491951507286939997206428126619,spread,False
mlb-cle-min-2026-09-11,mlb-cle-min-2026-09-11|spread|-2.5|108181079939004101798674364278679191607555175696491951507286939997206428126619,spread,True
mlb-cle-min-2026-09-11,mlb-cle-min-2026-09-11|spread|-2.5|108181079939004101798674364278679191607555175696491951507286939997206428126619,spread,False
mlb-cle-min-2026-09-11,mlb-cle-min-2026-09-11|spread|-2.5|108181079939004101798674364278679191607555175696491951507286939997206428126619,spread,True
mlb-cle-min-2026-09-11,mlb-cle-min-2026-09-11|spread|-2.5|108181079939004101798674364278679191607555175696491951507286939997206428126619,spread,False
mlb-cle-min-2026-09-11,mlb-cle-min-2026-09-11|spread|-2.5|108181079939004101798674364278679191607555175696491951507286939997206428126619,spread,True
mlb-cle-min-2026-09-11,mlb-cle-min-2026-09-11|spread|-2.5|108181079939004101798674364278679191607555175696491951507286939997206428126619,spread,True
mlb-cle-min-2026-09-11,mlb-cle-min-2026-09-11|spread|-2.5|108181079939004101798674364278679191607555175696491951507286939997206428126619,spread,False
mlb-cle-min-2026-09-11,mlb-cle-min-2026-09-11|spread|-2.5|108181079939004101798674364278679191607555175696491951507286939997206428126619,spread,True
mlb-cle-min-2026-09-11,mlb-cle-min-2026-09-11|spread|-2.5|108181079939004101798674364278679191607555175696491951507286939997206428126619,spread,False
mlb-cle-min-2026-09-11,mlb-cle-min-2026-09-11|spread|-2.5|108181079939004101798674364278679191607555175696491951507286939997206428126619,spread,False
mlb-cle-min-2026-09-11,mlb-cle-min-2026-09-11|spread|-2.5|108181079939004101798674364278679191607555175696491951507286939997206428126619,spread,False
mlb-cle-min-2026-09-11,mlb-cle-min-2026-09-11|spread|-2.5|108181079939004101798674364278679191607555175696491951507286939997206428126619,spread,False
mlb-cle-min-2026-09-11,mlb-cle-min-2026-09-11|spread|-2.5|108181079939004101798674364278679191607555175696491951507286939997206428126619,spread,True
mlb-cle-min-2026-09-11,mlb-cle-min-2026-09-11|spread|-2.5|108181079939004101798674364278679191607555175696491951507286939997206428126619,spread,False
mlb-cle-min-2026-09-11,mlb-cle-min-2026-09-11|spread|-2.5|108181079939004101798674364278679191607555175696491951507286939997206428126619,spread,True
mlb-cle-min-2026-09-11,mlb-cle-min-2026-09-11|spread|-2.5|108181079939004101798674364278679191607555175696491951507286939997206428126619,spread,False
mlb-cle-min-2026-09-11,mlb-cle-min-2026-09-11|spread|-2.5|108181079939004101798674364278679191607555175696491951507286939997206428126619,spread,False
mlb-cle-min-2026-09-11,mlb-cle-min-2026-09-11|spread|-2.5|108181079939004101798674364278679191607555175696491951507286939997206428126619,spread,True
mlb-cle-min-2026-09-11,mlb-cle-min-2026-09-11|spread|-2.5|108181079939004101798674364278679191607555175696491951507286939997206428126619,spread,True
mlb-cle-min-2026-09-11,mlb-cle-min-2026-09-11|spread|-2.5|108181079939004101798674364278679191607555175696491951507286939997206428126619,spread,False
mlb-cle-min-2026-09-11,mlb-cle-min-2026-09-11|spread|-2.5|108181079939004101798674364278679191607555175696491951507286939997206428126619,spread,True
mlb-cle-min-2026-09-11,mlb-cle-min-2026-09-11|spread|-2.5|108181079939004101798674364278679191607555175696491951507286939997206428126619,spread,False
mlb-cle-min-2026-09-11,mlb-cle-min-2026-09-11|spread|-2.5|108181079939004101798674364278679191607555175696491951507286939997206428126619,spread,False
mlb-cle-min-2026-09-11,mlb-cle-min-2026-09-11|spread|-2.5|108181079939004101798674364278679191607555175696491951507286939997206428126619,spread,True
mlb-cle-min-2026-09-11,mlb-cle-min-2026-09-11|spread|-2.5|108181079939004101798674364278679191607555175696491951507286939997206428126619,spread,True
mlb-cle-min-2026-09-11,mlb-cle-min-2026-09-11|spread|-2.5|108181079939004101798674364278679191607555175696491951507286939997206428126619,spread,True
mlb-cle-min-2026-09-11,mlb-cle-min-2026-09-11|spread|-2.5|108181079939004101798674364278679191607555175696491951507286939997206428126619,spread,False
mlb-cle-min-2026-09-11,mlb-cle-min-2026-09-11|spread|-2.5|108181079939004101798674364278679191607555175696491951507286939997206428126619,spread,True
mlb-cle-min-2026-09-11,mlb-cle-min-2026-09-11|spread|-2.5|108181079939004101798674364278679191607555175696491951507286939997206428126619,spread,False
mlb-cle-min-2026-09-11,mlb-cle-min-2026-09-11|spread|-2.5|108181079939004101798674364278679191607555175696491951507286939997206428126619,spread,False
mlb-cle-min-2026-09-11,mlb-cle-min-2026-09-11|spread|-2.5|108181079939004101798674364278679191607555175696491951507286939997206428126619,spread,False
mlb-cle-min-2026-09-11,mlb-cle-min-2026-09-11|spread|-2.5|108181079939004101798674364278679191607555175696491951507286939997206428126619,spread,True
mlb-cle-min-2026-09-11,mlb-cle-min-2026-09-11|spread|-2.5|108181079939004101798674364278679191607555175696491951507286939997206428126619,spread,False
mlb-cle-min-2026-09-11,mlb-cle-min-2026-09-11|spread|-2.5|108181079939004101798674364278679191607555175696491951507286939997206428126619,spread,True
mlb-cle-min-2026-09-11,mlb-cle-min-2026-09-11|spread|-2.5|108181079939004101798674364278679191607555175696491951507286939997206428126619,spread,True
mlb-cle-min-2026-09-11,mlb-cle-min-2026-09-11|spread|-2.5|108181079939004101798674364278679191607555175696491951507286939997206428126619,spread,False
mlb-cle-min-2026-09-11,mlb-cle-min-2026-09-11|spread|-2.5|108181079939004101798674364278679191607555175696491951507286939997206428126619,spread,False
mlb-cle-min-2026-09-11,mlb-cle-min-2026-09-11|spread|-2.5|108181079939004101798674364278679191607555175696491951507286939997206428126619,spread,True
mlb-cle-min-2026-09-11,mlb-cle-min-2026-09-11|spread|-2.5|108181079939004101798674364278679191607555175696491951507286939997206428126619,spread,False
mlb-cle-min-2026-09-11,mlb-cle-min-2026-09-11|spread|-2.5|108181079939004101798674364278679191607555175696491951507286939997206428126619,spread,False
mlb-cle-min-2026-09-11,mlb-cle-min-2026-09-11|spread|-2.5|108181079939004101798674364278679191607555175696491951507286939997206428126619,spread,False
mlb-cle-min-2026-09-11,mlb-cle-min-2026-09-11|spread|-2.5|108181079939004101798674364278679191607555175696491951507286939997206428126619,spread,True
mlb-cle-min-2026-09-11,mlb-cle-min-2026-09-11|spread|-2.5|108181079939004101798674364278679191607555175696491951507286939997206428126619,spread,False
mlb-cle-min-2026-09-11,mlb-cle-min-2026-09-11|spread|-2.5|108181079939004101798674364278679191607555175696491951507286939997206428126619,spread,False
mlb-cle-min-2026-09-11,mlb-cle-min-2026-09-11|spread|-2.5|108181079939004101798674364278679191607555175696491951507286939997206428126619,spread,False
mlb-cle-min-2026-09-11,mlb-cle-min-2026-09-11|spread|-2.5|108181079939004101798674364278679191607555175696491951507286939997206428126619,spread,True
mlb-cle-min-2026-09-11,mlb-cle-min-2026-09-11|spread|-2.5|108181079939004101798674364278679191607555175696491951507286939997206428126619,spread,False
mlb-cle-min-2026-09-11,mlb-cle-min-2026-09-11|spread|-2.5|108181079939004101798674364278679191607555175696491951507286939997206428126619,spread,True
mlb-cle-min-2026-09-11,mlb-cle-min-2026-09-11|spread|-2.5|108181079939004101798674364278679191607555175696491951507286939997206428126619,spread,False
mlb-cle-min-2026-09-11,mlb-cle-min-2026-09-11|spread|-2.5|108181079939004101798674364278679191607555175696491951507286939997206428126619,spread,True
mlb-cle-min-2026-09-11,mlb-cle-min-2026-09-11|spread|-2.5|108181079939004101798674364278679191607555175696491951507286939997206428126619,spread,False
mlb-cle-min-2026-09-11,mlb-cle-min-2026-09-11|spread|-2.5|108181079939004101798674364278679191607555175696491951507286939997206428126619,spread,True
mlb-cle-min-2026-09-11,mlb-cle-min-2026-09-11|spread|-2.5|108181079939004101798674364278679191607555175696491951507286939997206428126619,spread,True
mlb-cle-min-2026-09-11,mlb-cle-min-2026-09-11|spread|-2.5|108181079939004101798674364278679191607555175696491951507286939997206428126619,spread,True
mlb-cle-min-2026-09-11,mlb-cle-min-2026-09-11|spread|-2.5|108181079939004101798674364278679191607555175696491951507286939997206428126619,spread,True
mlb-cle-min-2026-09-11,mlb-cle-min-2026-09-11|spread|-2.5|357452056875882900157693871396272002439707303791129613606581283940299356113,spread,False
mlb-cle-min-2026-09-11,mlb-cle-min-2026-09-11|spread|-2.5|357452056875882900157693871396272002439707303791129613606581283940299356113,spread,False
mlb-cle-min-2026-09-11,mlb-cle-min-2026-09-11|spread|-2.5|357452056875882900157693871396272002439707303791129613606581283940299356113,spread,False
mlb-cle-min-2026-09-11,mlb-cle-min-2026-09-11|spread|-2.5|357452056875882900157693871396272002439707303791129613606581283940299356113,spread,True
mlb-cle-min-2026-09-11,mlb-cle-min-2026-09-11|spread|-2.5|357452056875882900157693871396272002439707303791129613606581283940299356113,spread,True
mlb-cle-min-2026-09-11,mlb-cle-min-2026-09-11|spread|-2.5|357452056875882900157693871396272002439707303791129613606581283940299356113,spread,False
mlb-cle-min-2026-09-11,mlb-cle-min-2026-09-11|spread|-2.5|357452056875882900157693871396272002439707303791129613606581283940299356113,spread,True
mlb-cle-min-2026-09-11,mlb-cle-min-2026-09-11|spread|-2.5|357452056875882900157693871396272002439707303791129613606581283940299356113,spread,False
mlb-cle-min-2026-09-11,mlb-cle-min-2026-09-11|spread|-2.5|357452056875882900157693871396272002439707303791129613606581283940299356113,spread,False
mlb-cle-min-2026-09-11,mlb-cle-min-2026-09-11|spread|-2.5|357452056875882900157693871396272002439707303791129613606581283940299356113,spread,False
mlb-cle-min-2026-09-11,mlb-cle-min-2026-09-11|spread|-2.5|357452056875882900157693871396272002439707303791129613606581283940299356113,spread,True
mlb-cle-min-2026-09-11,mlb-cle-min-2026-09-11|spread|-2.5|357452056875882900157693871396272002439707303791129613606581283940299356113,spread,True
mlb-cle-min-2026-09-11,mlb-cle-min-2026-09-11|spread|-2.5|357452056875882900157693871396272002439707303791129613606581283940299356113,spread,False
mlb-cle-min-2026-09-11,mlb-cle-min-2026-09-11|spread|-2.5|357452056875882900157693871396272002439707303791129613606581283940299356113,spread,True
mlb-cle-min-2026-09-11,mlb-cle-min-2026-09-11|spread|-2.5|357452056875882900157693871396272002439707303791129613606581283940299356113,spread,False
mlb-cle-min-2026-09-11,mlb-cle-min-2026-09-11|spread|-2.5|357452056875882900157693871396272002439707303791129613606581283940299356113,spread,False
mlb-cle-min-2026-09-11,mlb-cle-min-2026-09-11|spread|-2.5|357452056875882900157693871396272002439707303791129613606581283940299356113,spread,True
mlb-cle-min-2026-09-11,mlb-cle-min-2026-09-11|spread|-2.5|357452056875882900157693871396272002439707303791129613606581283940299356113,spread,False
mlb-cle-min-2026-09-11,mlb-cle-min-2026-09-11|spread|-2.5|357452056875882900157693871396272002439707303791129613606581283940299356113,spread,True
mlb-cle-min-2026-09-11,mlb-cle-min-2026-09-11|spread|-2.5|357452056875882900157693871396272002439707303791129613606581283940299356113,spread,False
mlb-cle-min-2026-09-11,mlb-cle-min-2026-09-11|spread|-2.5|357452056875882900157693871396272002439707303791129613606581283940299356113,spread,True
mlb-cle-min-2026-09-11,mlb-cle-min-2026-09-11|spread|-2.5|357452056875882900157693871396272002439707303791129613606581283940299356113,spread,False
mlb-cle-min-2026-09-11,mlb-cle-min-2026-09-11|spread|-2.5|357452056875882900157693871396272002439707303791129613606581283940299356113,spread,False
mlb-cle-min-2026-09-11,mlb-cle-min-2026-09-11|spread|-2.5|357452056875882900157693871396272002439707303791129613606581283940299356113,spread,True
mlb-cle-min-2026-09-11,mlb-cle-min-2026-09-11|spread|-2.5|357452056875882900157693871396272002439707303791129613606581283940299356113,spread,False
mlb-cle-min-2026-09-11,mlb-cle-min-2026-09-11|spread|-2.5|357452056875882900157693871396272002439707303791129613606581283940299356113,spread,False
mlb-cle-min-2026-09-11,mlb-cle-min-2026-09-11|spread|-2.5|357452056875882900157693871396272002439707303791129613606581283940299356113,spread,False
mlb-cle-min-2026-09-11,mlb-cle-min-2026-09-11|spread|-2.5|357452056875882900157693871396272002439707303791129613606581283940299356113,spread,False
mlb-cle-min-2026-09-11,mlb-cle-min-2026-09-11|spread|-2.5|357452056875882900157693871396272002439707303791129613606581283940299356113,spread,True
mlb-cle-min-2026-09-11,mlb-cle-min-2026-09-11|spread|-2.5|357452056875882900157693871396272002439707303791129613606581283940299356113,spread,True
mlb-cle-min-2026-09-11,mlb-cle-min-2026-09-11|spread|-2.5|357452056875882900157693871396272002439707303791129613606581283940299356113,spread,True
mlb-cle-min-2026-09-11,mlb-cle-min-2026-09-11|spread|-2.5|357452056875882900157693871396272002439707303791129613606581283940299356113,spread,True
mlb-cle-min-2026-09-11,mlb-cle-min-2026-09-11|spread|-2.5|357452056875882900157693871396272002439707303791129613606581283940299356113,spread,False
mlb-cle-min-2026-09-11,mlb-cle-min-2026-09-11|spread|-2.5|357452056875882900157693871396272002439707303791129613606581283940299356113,spread,True
mlb-cle-min-2026-09-11,mlb-cle-min-2026-09-11|spread|-2.5|357452056875882900157693871396272002439707303791129613606581283940299356113,spread,False
mlb-cle-min-2026-09-11,mlb-cle-min-2026-09-11|spread|-2.5|357452056875882900157693871396272002439707303791129613606581283940299356113,spread,False
mlb-cle-min-2026-09-11,mlb-cle-min-2026-09-11|spread|-2.5|357452056875882900157693871396272002439707303791129613606581283940299356113,spread,False
mlb-cle-min-2026-09-11,mlb-cle-min-2026-09-11|spread|-2.5|357452056875882900157693871396272002439707303791129613606581283940299356113,spread,True
mlb-cle-min-2026-09-11,mlb-cle-min-2026-09-11|spread|-2.5|357452056875882900157693871396272002439707303791129613606581283940299356113,spread,True
mlb-cle-min-2026-09-11,mlb-cle-min-2026-09-11|spread|-2.5|357452056875882900157693871396272002439707303791129613606581283940299356113,spread,True
mlb-cle-min-2026-09-11,mlb-cle-min-2026-09-11|spread|-2.5|357452056875882900157693871396272002439707303791129613606581283940299356113,spread,True
mlb-cle-min-2026-09-11,mlb-cle-min-2026-09-11|spread|-2.5|357452056875882900157693871396272002439707303791129613606581283940299356113,spread,True
mlb-cle-min-2026-09-11,mlb-cle-min-2026-09-11|spread|-2.5|357452056875882900157693871396272002439707303791129613606581283940299356113,spread,True
mlb-cle-min-2026-09-11,mlb-cle-min-2026-09-11|spread|-2.5|357452056875882900157693871396272002439707303791129613606581283940299356113,spread,True
mlb-cle-min-2026-09-11,mlb-cle-min-2026-09-11|spread|-2.5|357452056875882900157693871396272002439707303791129613606581283940299356113,spread,True
mlb-cle-min-2026-09-11,mlb-cle-min-2026-09-11|spread|-2.5|357452056875882900157693871396272002439707303791129613606581283940299356113,spread,False
mlb-cle-min-2026-09-11,mlb-cle-min-2026-09-11|spread|-2.5|357452056875882900157693871396272002439707303791129613606581283940299356113,spread,False
mlb-cle-min-2026-09-11,mlb-cle-min-2026-09-11|spread|-2.5|357452056875882900157693871396272002439707303791129613606581283940299356113,spread,True
mlb-cle-min-2026-09-11,mlb-cle-min-2026-09-11|spread|-2.5|357452056875882900157693871396272002439707303791129613606581283940299356113,spread,False
mlb-cle-min-2026-09-11,mlb-cle-min-2026-09-11|spread|-2.5|357452056875882900157693871396272002439707303791129613606581283940299356113,spread,True
mlb-cle-min-2026-09-11,mlb-cle-min-2026-09-11|spread|-2.5|357452056875882900157693871396272002439707303791129613606581283940299356113,spread,False
mlb-cle-min-2026-09-11,mlb-cle-min-2026-09-11|spread|-2.5|357452056875882900157693871396272002439707303791129613606581283940299356113,spread,True
mlb-cle-min-2026-09-11,mlb-cle-min-2026-09-11|spread|-2.5|357452056875882900157693871396272002439707303791129613606581283940299356113,spread,False
mlb-cle-min-2026-09-11,mlb-cle-min-2026-09-11|spread|-2.5|357452056875882900157693871396272002439707303791129613606581283940299356113,spread,True
mlb-cle-min-2026-09-11,mlb-cle-min-2026-09-11|spread|-2.5|357452056875882900157693871396272002439707303791129613606581283940299356113,spread,True
mlb-cle-min-2026-09-11,mlb-cle-min-2026-09-11|spread|-2.5|357452056875882900157693871396272002439707303791129613606581283940299356113,spread,True
mlb-cle-min-2026-09-11,mlb-cle-min-2026-09-11|spread|-2.5|357452056875882900157693871396272002439707303791129613606581283940299356113,spread,False
mlb-cle-min-2026-09-11,mlb-cle-min-2026-09-11|spread|-2.5|357452056875882900157693871396272002439707303791129613606581283940299356113,spread,True
mlb-cle-min-2026-09-11,mlb-cle-min-2026-09-11|spread|-2.5|357452056875882900157693871396272002439707303791129613606581283940299356113,spread,True
mlb-cle-min-2026-09-11,mlb-cle-min-2026-09-11|spread|-2.5|357452056875882900157693871396272002439707303791129613606581283940299356113,spread,True
mlb-cle-min-2026-09-11,mlb-cle-min-2026-09-11|spread|-2.5|357452056875882900157693871396272002439707303791129613606581283940299356113,spread,True
mlb-cle-min-2026-09-11,mlb-cle-min-2026-09-11|spread|-2.5|357452056875882900157693871396272002439707303791129613606581283940299356113,spread,False
mlb-cle-min-2026-09-11,mlb-cle-min-2026-09-11|spread|-2.5|357452056875882900157693871396272002439707303791129613606581283940299356113,spread,False
mlb-cle-min-2026-09-11,mlb-cle-min-2026-09-11|spread|-2.5|357452056875882900157693871396272002439707303791129613606581283940299356113,spread,False
mlb-cle-min-2026-09-11,mlb-cle-min-2026-09-11|spread|-2.5|357452056875882900157693871396272002439707303791129613606581283940299356113,spread,True
mlb-cle-min-2026-09-11,mlb-cle-min-2026-09-11|spread|-2.5|357452056875882900157693871396272002439707303791129613606581283940299356113,spread,True
mlb-cle-min-2026-09-11,mlb-cle-min-2026-09-11|spread|-2.5|357452056875882900157693871396272002439707303791129613606581283940299356113,spread,False
mlb-cle-min-2026-09-11,mlb-cle-min-2026-09-11|spread|-2.5|357452056875882900157693871396272002439707303791129613606581283940299356113,spread,False
mlb-cle-min-2026-09-11,mlb-cle-min-2026-09-11|spread|-2.5|357452056875882900157693871396272002439707303791129613606581283940299356113,spread,False
mlb-cle-min-2026-09-11,mlb-cle-min-2026-09-11|spread|-2.5|357452056875882900157693871396272002439707303791129613606581283940299356113,spread,False
mlb-cle-min-2026-09-11,mlb-cle-min-2026-09-11|spread|-2.5|357452056875882900157693871396272002439707303791129613606581283940299356113,spread,False
mlb-cle-min-2026-09-11,mlb-cle-min-2026-09-11|spread|-2.5|357452056875882900157693871396272002439707303791129613606581283940299356113,spread,True
mlb-cle-min-2026-09-11,mlb-cle-min-2026-09-11|spread|-2.5|357452056875882900157693871396272002439707303791129613606581283940299356113,spread,False
mlb-cle-min-2026-09-11,mlb-cle-min-2026-09-11|spread|-2.5|357452056875882900157693871396272002439707303791129613606581283940299356113,spread,True
mlb-cle-min-2026-09-11,mlb-cle-min-2026-09-11|spread|-2.5|357452056875882900157693871396272002439707303791129613606581283940299356113,spread,False
mlb-cle-min-2026-09-11,mlb-cle-min-2026-09-11|spread|-2.5|357452056875882900157693871396272002439707303791129613606581283940299356113,spread,False
mlb-col-det-2026-09-11,mlb-col-det-2026-09-11|moneyline|None|114532502496137932693089688451118145455360814432114926570975463361514518351293,moneyline,True
mlb-col-det-2026-09-11,mlb-col-det-2026-09-11|moneyline|None|114532502496137932693089688451118145455360814432114926570975463361514518351293,moneyline,True
mlb-col-det-2026-09-11,mlb-col-det-2026-09-11|moneyline|None|114532502496137932693089688451118145455360814432114926570975463361514518351293,moneyline,True
mlb-col-det-2026-09-11,mlb-col-det-2026-09-11|moneyline|None|114532502496137932693089688451118145455360814432114926570975463361514518351293,moneyline,False
mlb-col-det-2026-09-11,mlb-col-det-2026-09-11|moneyline|None|114532502496137932693089688451118145455360814432114926570975463361514518351293,moneyline,True
mlb-col-det-2026-09-11,mlb-col-det-2026-09-11|moneyline|None|114532502496137932693089688451118145455360814432114926570975463361514518351293,moneyline,True
mlb-col-det-2026-09-11,mlb-col-det-2026-09-11|moneyline|None|114532502496137932693089688451118145455360814432114926570975463361514518351293,moneyline,False
mlb-col-det-2026-09-11,mlb-col-det-2026-09-11|moneyline|None|114532502496137932693089688451118145455360814432114926570975463361514518351293,moneyline,False
mlb-col-det-2026-09-11,mlb-col-det-2026-09-11|moneyline|None|114532502496137932693089688451118145455360814432114926570975463361514518351293,moneyline,True
mlb-col-det-2026-09-11,mlb-col-det-2026-09-11|moneyline|None|114532502496137932693089688451118145455360814432114926570975463361514518351293,moneyline,False
mlb-col-det-2026-09-11,mlb-col-det-2026-09-11|moneyline|None|114532502496137932693089688451118145455360814432114926570975463361514518351293,moneyline,True
mlb-col-det-2026-09-11,mlb-col-det-2026-09-11|moneyline|None|114532502496137932693089688451118145455360814432114926570975463361514518351293,moneyline,True
mlb-col-det-2026-09-11,mlb-col-det-2026-09-11|moneyline|None|114532502496137932693089688451118145455360814432114926570975463361514518351293,moneyline,False
mlb-col-det-2026-09-11,mlb-col-det-2026-09-11|moneyline|None|114532502496137932693089688451118145455360814432114926570975463361514518351293,moneyline,False
mlb-col-det-2026-09-11,mlb-col-det-2026-09-11|moneyline|None|114532502496137932693089688451118145455360814432114926570975463361514518351293,moneyline,True
mlb-col-det-2026-09-11,mlb-col-det-2026-09-11|moneyline|None|114532502496137932693089688451118145455360814432114926570975463361514518351293,moneyline,True
mlb-col-det-2026-09-11,mlb-col-det-2026-09-11|moneyline|None|114532502496137932693089688451118145455360814432114926570975463361514518351293,moneyline,True
mlb-col-det-2026-09-11,mlb-col-det-2026-09-11|moneyline|None|114532502496137932693089688451118145455360814432114926570975463361514518351293,moneyline,False
mlb-col-det-2026-09-11,mlb-col-det-2026-09-11|moneyline|None|114532502496137932693089688451118145455360814432114926570975463361514518351293,moneyline,True
mlb-col-det-2026-09-11,mlb-col-det-2026-09-11|moneyline|None|114532502496137932693089688451118145455360814432114926570975463361514518351293,moneyline,True
mlb-col-det-2026-09-11,mlb-col-det-2026-09-11|moneyline|None|114532502496137932693089688451118145455360814432114926570975463361514518351293,moneyline,True
mlb-col-det-2026-09-11,mlb-col-det-2026-09-11|moneyline|None|114532502496137932693089688451118145455360814432114926570975463361514518351293,moneyline,True
mlb-col-det-2026-09-11,mlb-col-det-2026-09-11|moneyline|None|114532502496137932693089688451118145455360814432114926570975463361514518351293,moneyline,False
mlb-col-det-2026-09-11,mlb-col-det-2026-09-11|moneyline|None|114532502496137932693089688451118145455360814432114926570975463361514518351293,moneyline,True
mlb-col-det-2026-09-11,mlb-col-det-2026-09-11|moneyline|None|114532502496137932693089688451118145455360814432114926570975463361514518351293,moneyline,False
mlb-col-det-2026-09-11,mlb-col-det-2026-09-11|moneyline|None|114532502496137932693089688451118145455360814432114926570975463361514518351293,moneyline,False
mlb-col-det-2026-09-11,mlb-col-det-2026-09-11|moneyline|None|114532502496137932693089688451118145455360814432114926570975463361514518351293,moneyline,True
mlb-col-det-2026-09-11,mlb-col-det-2026-09-11|moneyline|None|114532502496137932693089688451118145455360814432114926570975463361514518351293,moneyline,False
mlb-col-det-2026-09-11,mlb-col-det-2026-09-11|moneyline|None|114532502496137932693089688451118145455360814432114926570975463361514518351293,moneyline,True
mlb-col-det-2026-09-11,mlb-col-det-2026-09-11|moneyline|None|114532502496137932693089688451118145455360814432114926570975463361514518351293,moneyline,True
mlb-col-det-2026-09-11,mlb-col-det-2026-09-11|moneyline|None|114532502496137932693089688451118145455360814432114926570975463361514518351293,moneyline,True
mlb-col-det-2026-09-11,mlb-col-det-2026-09-11|moneyline|None|114532502496137932693089688451118145455360814432114926570975463361514518351293,moneyline,True
mlb-col-det-2026-09-11,mlb-col-det-2026-09-11|moneyline|None|114532502496137932693089688451118145455360814432114926570975463361514518351293,moneyline,True
mlb-col-det-2026-09-11,mlb-col-det-2026-09-11|moneyline|None|114532502496137932693089688451118145455360814432114926570975463361514518351293,moneyline,True
mlb-col-det-2026-09-11,mlb-col-det-2026-09-11|moneyline|None|114532502496137932693089688451118145455360814432114926570975463361514518351293,moneyline,True
mlb-col-det-2026-09-11,mlb-col-det-2026-09-11|moneyline|None|114532502496137932693089688451118145455360814432114926570975463361514518351293,moneyline,True
mlb-col-det-2026-09-11,mlb-col-det-2026-09-11|moneyline|None|114532502496137932693089688451118145455360814432114926570975463361514518351293,moneyline,False
mlb-col-det-2026-09-11,mlb-col-det-2026-09-11|moneyline|None|114532502496137932693089688451118145455360814432114926570975463361514518351293,moneyline,True
mlb-col-det-2026-09-11,mlb-col-det-2026-09-11|moneyline|None|114532502496137932693089688451118145455360814432114926570975463361514518351293,moneyline,True
mlb-col-det-2026-09-11,mlb-col-det-2026-09-11|moneyline|None|114532502496137932693089688451118145455360814432114926570975463361514518351293,moneyline,False
mlb-col-det-2026-09-11,mlb-col-det-2026-09-11|spread|-1.5|108983951614020320528940043075462685910641443033882605059153509240753003025329,spread,True
mlb-col-det-2026-09-11,mlb-col-det-2026-09-11|spread|-1.5|108983951614020320528940043075462685910641443033882605059153509240753003025329,spread,True
mlb-col-det-2026-09-11,mlb-col-det-2026-09-11|spread|-1.5|108983951614020320528940043075462685910641443033882605059153509240753003025329,spread,True
mlb-col-det-2026-09-11,mlb-col-det-2026-09-11|spread|-1.5|108983951614020320528940043075462685910641443033882605059153509240753003025329,spread,True
mlb-col-det-2026-09-11,mlb-col-det-2026-09-11|spread|-1.5|108983951614020320528940043075462685910641443033882605059153509240753003025329,spread,False
mlb-col-det-2026-09-11,mlb-col-det-2026-09-11|spread|-1.5|108983951614020320528940043075462685910641443033882605059153509240753003025329,spread,True
mlb-col-det-2026-09-11,mlb-col-det-2026-09-11|spread|-1.5|108983951614020320528940043075462685910641443033882605059153509240753003025329,spread,True
mlb-col-det-2026-09-11,mlb-col-det-2026-09-11|spread|-1.5|108983951614020320528940043075462685910641443033882605059153509240753003025329,spread,False
mlb-col-det-2026-09-11,mlb-col-det-2026-09-11|spread|-1.5|108983951614020320528940043075462685910641443033882605059153509240753003025329,spread,True
mlb-col-det-2026-09-11,mlb-col-det-2026-09-11|spread|-1.5|108983951614020320528940043075462685910641443033882605059153509240753003025329,spread,True
mlb-col-det-2026-09-11,mlb-col-det-2026-09-11|spread|-1.5|108983951614020320528940043075462685910641443033882605059153509240753003025329,spread,False
mlb-col-det-2026-09-11,mlb-col-det-2026-09-11|spread|-1.5|108983951614020320528940043075462685910641443033882605059153509240753003025329,spread,False
mlb-col-det-2026-09-11,mlb-col-det-2026-09-11|spread|-1.5|108983951614020320528940043075462685910641443033882605059153509240753003025329,spread,True
mlb-col-det-2026-09-11,mlb-col-det-2026-09-11|spread|-1.5|108983951614020320528940043075462685910641443033882605059153509240753003025329,spread,False
mlb-col-det-2026-09-11,mlb-col-det-2026-09-11|spread|-1.5|108983951614020320528940043075462685910641443033882605059153509240753003025329,spread,False
mlb-col-det-2026-09-11,mlb-col-det-2026-09-11|spread|-1.5|108983951614020320528940043075462685910641443033882605059153509240753003025329,spread,True
mlb-col-det-2026-09-11,mlb-col-det-2026-09-11|spread|-1.5|108983951614020320528940043075462685910641443033882605059153509240753003025329,spread,False
mlb-col-det-2026-09-11,mlb-col-det-2026-09-11|spread|-1.5|108983951614020320528940043075462685910641443033882605059153509240753003025329,spread,True
mlb-col-det-2026-09-11,mlb-col-det-2026-09-11|spread|-1.5|108983951614020320528940043075462685910641443033882605059153509240753003025329,spread,True
mlb-col-det-2026-09-11,mlb-col-det-2026-09-11|spread|-1.5|108983951614020320528940043075462685910641443033882605059153509240753003025329,spread,True
mlb-col-det-2026-09-11,mlb-col-det-2026-09-11|spread|-1.5|108983951614020320528940043075462685910641443033882605059153509240753003025329,spread,False
mlb-col-det-2026-09-11,mlb-col-det-2026-09-11|spread|-1.5|108983951614020320528940043075462685910641443033882605059153509240753003025329,spread,False
mlb-col-det-2026-09-11,mlb-col-det-2026-09-11|spread|-1.5|108983951614020320528940043075462685910641443033882605059153509240753003025329,spread,True
mlb-col-det-2026-09-11,mlb-col-det-2026-09-11|spread|-1.5|108983951614020320528940043075462685910641443033882605059153509240753003025329,spread,False
mlb-col-det-2026-09-11,mlb-col-det-2026-09-11|spread|-1.5|108983951614020320528940043075462685910641443033882605059153509240753003025329,spread,False
mlb-col-det-2026-09-11,mlb-col-det-2026-09-11|spread|-1.5|108983951614020320528940043075462685910641443033882605059153509240753003025329,spread,True
mlb-col-det-2026-09-11,mlb-col-det-2026-09-11|spread|-1.5|108983951614020320528940043075462685910641443033882605059153509240753003025329,spread,True
mlb-col-det-2026-09-11,mlb-col-det-2026-09-11|spread|-1.5|108983951614020320528940043075462685910641443033882605059153509240753003025329,spread,True
mlb-col-det-2026-09-11,mlb-col-det-2026-09-11|spread|-1.5|108983951614020320528940043075462685910641443033882605059153509240753003025329,spread,False
mlb-col-det-2026-09-11,mlb-col-det-2026-09-11|spread|-1.5|108983951614020320528940043075462685910641443033882605059153509240753003025329,spread,True
mlb-col-det-2026-09-11,mlb-col-det-2026-09-11|spread|-1.5|108983951614020320528940043075462685910641443033882605059153509240753003025329,spread,True
mlb-col-det-2026-09-11,mlb-col-det-2026-09-11|spread|-1.5|108983951614020320528940043075462685910641443033882605059153509240753003025329,spread,True
mlb-col-det-2026-09-11,mlb-col-det-2026-09-11|spread|-1.5|108983951614020320528940043075462685910641443033882605059153509240753003025329,spread,True
mlb-col-det-2026-09-11,mlb-col-det-2026-09-11|spread|-1.5|108983951614020320528940043075462685910641443033882605059153509240753003025329,spread,False
mlb-col-det-2026-09-11,mlb-col-det-2026-09-11|spread|-1.5|108983951614020320528940043075462685910641443033882605059153509240753003025329,spread,True
mlb-col-det-2026-09-11,mlb-col-det-2026-09-11|spread|-1.5|108983951614020320528940043075462685910641443033882605059153509240753003025329,spread,True
mlb-col-det-2026-09-11,mlb-col-det-2026-09-11|spread|-1.5|108983951614020320528940043075462685910641443033882605059153509240753003025329,spread,True
mlb-col-det-2026-09-11,mlb-col-det-2026-09-11|spread|-1.5|108983951614020320528940043075462685910641443033882605059153509240753003025329,spread,True
mlb-col-det-2026-09-11,mlb-col-det-2026-09-11|spread|-1.5|108983951614020320528940043075462685910641443033882605059153509240753003025329,spread,True
mlb-col-det-2026-09-11,mlb-col-det-2026-09-11|spread|-1.5|108983951614020320528940043075462685910641443033882605059153509240753003025329,spread,False
mlb-col-det-2026-09-11,mlb-col-det-2026-09-11|spread|-1.5|108983951614020320528940043075462685910641443033882605059153509240753003025329,spread,True
mlb-col-det-2026-09-11,mlb-col-det-2026-09-11|spread|-1.5|108983951614020320528940043075462685910641443033882605059153509240753003025329,spread,True
mlb-col-det-2026-09-11,mlb-col-det-2026-09-11|spread|-1.5|108983951614020320528940043075462685910641443033882605059153509240753003025329,spread,False
mlb-col-det-2026-09-11,mlb-col-det-2026-09-11|spread|-1.5|108983951614020320528940043075462685910641443033882605059153509240753003025329,spread,False
mlb-col-det-2026-09-11,mlb-col-det-2026-09-11|spread|-1.5|108983951614020320528940043075462685910641443033882605059153509240753003025329,spread,False
mlb-col-det-2026-09-11,mlb-col-det-2026-09-11|spread|-1.5|108983951614020320528940043075462685910641443033882605059153509240753003025329,spread,False
mlb-col-det-2026-09-11,mlb-col-det-2026-09-11|spread|-1.5|108983951614020320528940043075462685910641443033882605059153509240753003025329,spread,True
mlb-col-det-2026-09-11,mlb-col-det-2026-09-11|spread|-1.5|108983951614020320528940043075462685910641443033882605059153509240753003025329,spread,False
mlb-col-det-2026-09-11,mlb-col-det-2026-09-11|spread|-1.5|108983951614020320528940043075462685910641443033882605059153509240753003025329,spread,False
mlb-col-det-2026-09-11,mlb-col-det-2026-09-11|spread|-1.5|108983951614020320528940043075462685910641443033882605059153509240753003025329,spread,True
mlb-col-det-2026-09-11,mlb-col-det-2026-09-11|spread|-1.5|108983951614020320528940043075462685910641443033882605059153509240753003025329,spread,False
mlb-col-det-2026-09-11,mlb-col-det-2026-09-11|spread|-1.5|108983951614020320528940043075462685910641443033882605059153509240753003025329,spread,False
mlb-col-det-2026-09-11,mlb-col-det-2026-09-11|spread|-1.5|108983951614020320528940043075462685910641443033882605059153509240753003025329,spread,False
mlb-col-det-2026-09-11,mlb-col-det-2026-09-11|spread|-1.5|70673755498819185941251310721157523964184864036152143306486192610086407821739,spread,True
mlb-col-det-2026-09-11,mlb-col-det-2026-09-11|spread|-1.5|70673755498819185941251310721157523964184864036152143306486192610086407821739,spread,True
mlb-col-det-2026-09-11,mlb-col-det-2026-09-11|spread|-1.5|70673755498819185941251310721157523964184864036152143306486192610086407821739,spread,False
mlb-col-det-2026-09-11,mlb-col-det-2026-09-11|spread|-1.5|70673755498819185941251310721157523964184864036152143306486192610086407821739,spread,True
mlb-col-det-2026-09-11,mlb-col-det-2026-09-11|spread|-1.5|70673755498819185941251310721157523964184864036152143306486192610086407821739,spread,False
mlb-col-det-2026-09-11,mlb-col-det-2026-09-11|spread|-1.5|70673755498819185941251310721157523964184864036152143306486192610086407821739,spread,False
mlb-col-det-2026-09-11,mlb-col-det-2026-09-11|spread|-1.5|70673755498819185941251310721157523964184864036152143306486192610086407821739,spread,True
mlb-col-det-2026-09-11,mlb-col-det-2026-09-11|spread|-1.5|70673755498819185941251310721157523964184864036152143306486192610086407821739,spread,True
mlb-col-det-2026-09-11,mlb-col-det-2026-09-11|spread|-1.5|70673755498819185941251310721157523964184864036152143306486192610086407821739,spread,False
mlb-col-det-2026-09-11,mlb-col-det-2026-09-11|spread|-1.5|70673755498819185941251310721157523964184864036152143306486192610086407821739,spread,False
mlb-col-det-2026-09-11,mlb-col-det-2026-09-11|spread|-1.5|70673755498819185941251310721157523964184864036152143306486192610086407821739,spread,True
mlb-col-det-2026-09-11,mlb-col-det-2026-09-11|spread|-1.5|70673755498819185941251310721157523964184864036152143306486192610086407821739,spread,True
mlb-col-det-2026-09-11,mlb-col-det-2026-09-11|spread|-1.5|70673755498819185941251310721157523964184864036152143306486192610086407821739,spread,True
mlb-col-det-2026-09-11,mlb-col-det-2026-09-11|spread|-1.5|70673755498819185941251310721157523964184864036152143306486192610086407821739,spread,True
mlb-col-det-2026-09-11,mlb-col-det-2026-09-11|spread|-1.5|70673755498819185941251310721157523964184864036152143306486192610086407821739,spread,True
mlb-col-det-2026-09-11,mlb-col-det-2026-09-11|spread|-1.5|70673755498819185941251310721157523964184864036152143306486192610086407821739,spread,False
mlb-col-det-2026-09-11,mlb-col-det-2026-09-11|spread|-1.5|70673755498819185941251310721157523964184864036152143306486192610086407821739,spread,True
mlb-col-det-2026-09-11,mlb-col-det-2026-09-11|spread|-1.5|70673755498819185941251310721157523964184864036152143306486192610086407821739,spread,False
mlb-col-det-2026-09-11,mlb-col-det-2026-09-11|spread|-1.5|70673755498819185941251310721157523964184864036152143306486192610086407821739,spread,True
mlb-col-det-2026-09-11,mlb-col-det-2026-09-11|spread|-1.5|70673755498819185941251310721157523964184864036152143306486192610086407821739,spread,False
mlb-col-det-2026-09-11,mlb-col-det-2026-09-11|spread|-1.5|70673755498819185941251310721157523964184864036152143306486192610086407821739,spread,True
mlb-col-det-2026-09-11,mlb-col-det-2026-09-11|spread|-1.5|70673755498819185941251310721157523964184864036152143306486192610086407821739,spread,True
mlb-col-det-2026-09-11,mlb-col-det-2026-09-11|spread|-1.5|70673755498819185941251310721157523964184864036152143306486192610086407821739,spread,False
mlb-col-det-2026-09-11,mlb-col-det-2026-09-11|spread|-1.5|70673755498819185941251310721157523964184864036152143306486192610086407821739,spread,False
mlb-col-det-2026-09-11,mlb-col-det-2026-09-11|spread|-1.5|70673755498819185941251310721157523964184864036152143306486192610086407821739,spread,False
mlb-col-det-2026-09-11,mlb-col-det-2026-09-11|spread|-1.5|70673755498819185941251310721157523964184864036152143306486192610086407821739,spread,True
mlb-col-det-2026-09-11,mlb-col-det-2026-09-11|spread|-1.5|70673755498819185941251310721157523964184864036152143306486192610086407821739,spread,True
mlb-col-det-2026-09-11,mlb-col-det-2026-09-11|spread|-1.5|70673755498819185941251310721157523964184864036152143306486192610086407821739,spread,False
mlb-col-det-2026-09-11,mlb-col-det-2026-09-11|spread|-1.5|70673755498819185941251310721157523964184864036152143306486192610086407821739,spread,True
mlb-col-det-2026-09-11,mlb-col-det-2026-09-11|spread|-1.5|70673755498819185941251310721157523964184864036152143306486192610086407821739,spread,False
mlb-col-det-2026-09-11,mlb-col-det-2026-09-11|spread|-1.5|70673755498819185941251310721157523964184864036152143306486192610086407821739,spread,False
mlb-col-det-2026-09-11,mlb-col-det-2026-09-11|spread|-1.5|70673755498819185941251310721157523964184864036152143306486192610086407821739,spread,True
mlb-col-det-2026-09-11,mlb-col-det-2026-09-11|spread|-1.5|70673755498819185941251310721157523964184864036152143306486192610086407821739,spread,False
mlb-col-det-2026-09-11,mlb-col-det-2026-09-11|spread|-1.5|70673755498819185941251310721157523964184864036152143306486192610086407821739,spread,False
mlb-col-det-2026-09-11,mlb-col-det-2026-09-11|spread|-1.5|70673755498819185941251310721157523964184864036152143306486192610086407821739,spread,True
mlb-col-det-2026-09-11,mlb-col-det-2026-09-11|spread|-1.5|70673755498819185941251310721157523964184864036152143306486192610086407821739,spread,True
mlb-col-det-2026-09-11,mlb-col-det-2026-09-11|spread|-1.5|70673755498819185941251310721157523964184864036152143306486192610086407821739,spread,False
mlb-col-det-2026-09-11,mlb-col-det-2026-09-11|spread|-1.5|70673755498819185941251310721157523964184864036152143306486192610086407821739,spread,True
mlb-col-det-2026-09-11,mlb-col-det-2026-09-11|spread|-1.5|70673755498819185941251310721157523964184864036152143306486192610086407821739,spread,False
mlb-col-det-2026-09-11,mlb-col-det-2026-09-11|spread|-1.5|70673755498819185941251310721157523964184864036152143306486192610086407821739,spread,False
mlb-col-det-2026-09-11,mlb-col-det-2026-09-11|spread|-1.5|70673755498819185941251310721157523964184864036152143306486192610086407821739,spread,True
mlb-col-det-2026-09-11,mlb-col-det-2026-09-11|spread|-1.5|70673755498819185941251310721157523964184864036152143306486192610086407821739,spread,True
mlb-col-det-2026-09-11,mlb-col-det-2026-09-11|spread|-1.5|70673755498819185941251310721157523964184864036152143306486192610086407821739,spread,False
mlb-col-det-2026-09-11,mlb-col-det-2026-09-11|spread|-1.5|70673755498819185941251310721157523964184864036152143306486192610086407821739,spread,True
mlb-col-det-2026-09-11,mlb-col-det-2026-09-11|spread|-1.5|70673755498819185941251310721157523964184864036152143306486192610086407821739,spread,True
mlb-col-det-2026-09-11,mlb-col-det-2026-09-11|spread|-1.5|70673755498819185941251310721157523964184864036152143306486192610086407821739,spread,True
mlb-col-det-2026-09-11,mlb-col-det-2026-09-11|spread|-1.5|70673755498819185941251310721157523964184864036152143306486192610086407821739,spread,True
mlb-col-det-2026-09-11,mlb-col-det-2026-09-11|spread|-1.5|70673755498819185941251310721157523964184864036152143306486192610086407821739,spread,True
mlb-col-det-2026-09-11,mlb-col-det-2026-09-11|spread|-1.5|70673755498819185941251310721157523964184864036152143306486192610086407821739,spread,True
mlb-col-det-2026-09-11,mlb-col-det-2026-09-11|spread|-1.5|70673755498819185941251310721157523964184864036152143306486192610086407821739,spread,False
mlb-col-det-2026-09-11,mlb-col-det-2026-09-11|spread|-1.5|70673755498819185941251310721157523964184864036152143306486192610086407821739,spread,True
mlb-col-det-2026-09-11,mlb-col-det-2026-09-11|spread|-1.5|70673755498819185941251310721157523964184864036152143306486192610086407821739,spread,False
mlb-col-det-2026-09-11,mlb-col-det-2026-09-11|spread|-1.5|70673755498819185941251310721157523964184864036152143306486192610086407821739,spread,True
mlb-col-det-2026-09-11,mlb-col-det-2026-09-11|spread|-1.5|70673755498819185941251310721157523964184864036152143306486192610086407821739,spread,True
mlb-col-det-2026-09-11,mlb-col-det-2026-09-11|spread|-1.5|70673755498819185941251310721157523964184864036152143306486192610086407821739,spread,False
mlb-col-det-2026-09-11,mlb-col-det-2026-09-11|spread|-1.5|70673755498819185941251310721157523964184864036152143306486192610086407821739,spread,True
mlb-col-det-2026-09-11,mlb-col-det-2026-09-11|spread|-1.5|70673755498819185941251310721157523964184864036152143306486192610086407821739,spread,False
mlb-col-det-2026-09-11,mlb-col-det-2026-09-11|spread|-1.5|70673755498819185941251310721157523964184864036152143306486192610086407821739,spread,False
mlb-col-det-2026-09-11,mlb-col-det-2026-09-11|spread|-1.5|70673755498819185941251310721157523964184864036152143306486192610086407821739,spread,True
mlb-col-det-2026-09-11,mlb-col-det-2026-09-11|spread|-1.5|70673755498819185941251310721157523964184864036152143306486192610086407821739,spread,True
mlb-col-det-2026-09-11,mlb-col-det-2026-09-11|spread|-1.5|70673755498819185941251310721157523964184864036152143306486192610086407821739,spread,False
mlb-col-det-2026-09-11,mlb-col-det-2026-09-11|spread|-1.5|70673755498819185941251310721157523964184864036152143306486192610086407821739,spread,True
mlb-col-det-2026-09-11,mlb-col-det-2026-09-11|spread|-2.5|14272647840769939337389569085997194859958031816392507981061194540346248929400,spread,False
mlb-col-det-2026-09-11,mlb-col-det-2026-09-11|spread|-2.5|14272647840769939337389569085997194859958031816392507981061194540346248929400,spread,False
mlb-col-det-2026-09-11,mlb-col-det-2026-09-11|spread|-2.5|14272647840769939337389569085997194859958031816392507981061194540346248929400,spread,True
mlb-col-det-2026-09-11,mlb-col-det-2026-09-11|spread|-2.5|14272647840769939337389569085997194859958031816392507981061194540346248929400,spread,True
mlb-col-det-2026-09-11,mlb-col-det-2026-09-11|spread|-2.5|14272647840769939337389569085997194859958031816392507981061194540346248929400,spread,False
mlb-col-det-2026-09-11,mlb-col-det-2026-09-11|spread|-2.5|14272647840769939337389569085997194859958031816392507981061194540346248929400,spread,True
mlb-col-det-2026-09-11,mlb-col-det-2026-09-11|spread|-2.5|14272647840769939337389569085997194859958031816392507981061194540346248929400,spread,False
mlb-col-det-2026-09-11,mlb-col-det-2026-09-11|spread|-2.5|14272647840769939337389569085997194859958031816392507981061194540346248929400,spread,True
mlb-col-det-2026-09-11,mlb-col-det-2026-09-11|spread|-2.5|14272647840769939337389569085997194859958031816392507981061194540346248929400,spread,False
mlb-col-det-2026-09-11,mlb-col-det-2026-09-11|spread|-2.5|14272647840769939337389569085997194859958031816392507981061194540346248929400,spread,False
mlb-col-det-2026-09-11,mlb-col-det-2026-09-11|spread|-2.5|14272647840769939337389569085997194859958031816392507981061194540346248929400,spread,False
mlb-col-det-2026-09-11,mlb-col-det-2026-09-11|spread|-2.5|14272647840769939337389569085997194859958031816392507981061194540346248929400,spread,True
mlb-col-det-2026-09-11,mlb-col-det-2026-09-11|spread|-2.5|14272647840769939337389569085997194859958031816392507981061194540346248929400,spread,True
mlb-col-det-2026-09-11,mlb-col-det-2026-09-11|spread|-2.5|14272647840769939337389569085997194859958031816392507981061194540346248929400,spread,True
mlb-col-det-2026-09-11,mlb-col-det-2026-09-11|spread|-2.5|14272647840769939337389569085997194859958031816392507981061194540346248929400,spread,True
mlb-col-det-2026-09-11,mlb-col-det-2026-09-11|spread|-2.5|14272647840769939337389569085997194859958031816392507981061194540346248929400,spread,False
mlb-col-det-2026-09-11,mlb-col-det-2026-09-11|spread|-2.5|14272647840769939337389569085997194859958031816392507981061194540346248929400,spread,True
mlb-col-det-2026-09-11,mlb-col-det-2026-09-11|spread|-2.5|14272647840769939337389569085997194859958031816392507981061194540346248929400,spread,False
mlb-col-det-2026-09-11,mlb-col-det-2026-09-11|spread|-2.5|14272647840769939337389569085997194859958031816392507981061194540346248929400,spread,False
mlb-col-det-2026-09-11,mlb-col-det-2026-09-11|spread|-2.5|14272647840769939337389569085997194859958031816392507981061194540346248929400,spread,True
mlb-col-det-2026-09-11,mlb-col-det-2026-09-11|spread|-2.5|14272647840769939337389569085997194859958031816392507981061194540346248929400,spread,False
mlb-col-det-2026-09-11,mlb-col-det-2026-09-11|spread|-2.5|14272647840769939337389569085997194859958031816392507981061194540346248929400,spread,True
mlb-col-det-2026-09-11,mlb-col-det-2026-09-11|spread|-2.5|14272647840769939337389569085997194859958031816392507981061194540346248929400,spread,False
mlb-col-det-2026-09-11,mlb-col-det-2026-09-11|spread|-2.5|14272647840769939337389569085997194859958031816392507981061194540346248929400,spread,True
mlb-col-det-2026-09-11,mlb-col-det-2026-09-11|spread|-2.5|14272647840769939337389569085997194859958031816392507981061194540346248929400,spread,True
mlb-col-det-2026-09-11,mlb-col-det-2026-09-11|spread|-2.5|14272647840769939337389569085997194859958031816392507981061194540346248929400,spread,False
mlb-col-det-2026-09-11,mlb-col-det-2026-09-11|spread|-2.5|14272647840769939337389569085997194859958031816392507981061194540346248929400,spread,False
mlb-col-det-2026-09-11,mlb-col-det-2026-09-11|spread|-2.5|14272647840769939337389569085997194859958031816392507981061194540346248929400,spread,False
mlb-col-det-2026-09-11,mlb-col-det-2026-09-11|spread|-2.5|14272647840769939337389569085997194859958031816392507981061194540346248929400,spread,True
mlb-col-det-2026-09-11,mlb-col-det-2026-09-11|spread|-2.5|14272647840769939337389569085997194859958031816392507981061194540346248929400,spread,True
mlb-col-det-2026-09-11,mlb-col-det-2026-09-11|spread|-2.5|14272647840769939337389569085997194859958031816392507981061194540346248929400,spread,False
mlb-col-det-2026-09-11,mlb-col-det-2026-09-11|spread|-2.5|14272647840769939337389569085997194859958031816392507981061194540346248929400,spread,True
mlb-col-det-2026-09-11,mlb-col-det-2026-09-11|spread|-2.5|14272647840769939337389569085997194859958031816392507981061194540346248929400,spread,False
mlb-col-det-2026-09-11,mlb-col-det-2026-09-11|spread|-2.5|14272647840769939337389569085997194859958031816392507981061194540346248929400,spread,True
mlb-col-det-2026-09-11,mlb-col-det-2026-09-11|spread|-2.5|14272647840769939337389569085997194859958031816392507981061194540346248929400,spread,True
mlb-col-det-2026-09-11,mlb-col-det-2026-09-11|spread|-2.5|14272647840769939337389569085997194859958031816392507981061194540346248929400,spread,True
mlb-col-det-2026-09-11,mlb-col-det-2026-09-11|spread|-2.5|14272647840769939337389569085997194859958031816392507981061194540346248929400,spread,False
mlb-col-det-2026-09-11,mlb-col-det-2026-09-11|spread|-2.5|14272647840769939337389569085997194859958031816392507981061194540346248929400,spread,False
mlb-col-det-2026-09-11,mlb-col-det-2026-09-11|spread|-2.5|14272647840769939337389569085997194859958031816392507981061194540346248929400,spread,True
mlb-col-det-2026-09-11,mlb-col-det-2026-09-11|spread|-2.5|14272647840769939337389569085997194859958031816392507981061194540346248929400,spread,True
mlb-col-det-2026-09-11,mlb-col-det-2026-09-11|spread|-2.5|14272647840769939337389569085997194859958031816392507981061194540346248929400,spread,True
mlb-col-det-2026-09-11,mlb-col-det-2026-09-11|spread|-2.5|14272647840769939337389569085997194859958031816392507981061194540346248929400,spread,False
mlb-col-det-2026-09-11,mlb-col-det-2026-09-11|spread|-2.5|14272647840769939337389569085997194859958031816392507981061194540346248929400,spread,True
mlb-col-det-2026-09-11,mlb-col-det-2026-09-11|spread|-2.5|14272647840769939337389569085997194859958031816392507981061194540346248929400,spread,False
mlb-col-det-2026-09-11,mlb-col-det-2026-09-11|spread|-2.5|14272647840769939337389569085997194859958031816392507981061194540346248929400,spread,False
mlb-col-det-2026-09-11,mlb-col-det-2026-09-11|spread|-2.5|14272647840769939337389569085997194859958031816392507981061194540346248929400,spread,False
mlb-col-det-2026-09-11,mlb-col-det-2026-09-11|spread|-2.5|14272647840769939337389569085997194859958031816392507981061194540346248929400,spread,False
mlb-col-det-2026-09-11,mlb-col-det-2026-09-11|spread|-2.5|14272647840769939337389569085997194859958031816392507981061194540346248929400,spread,True
mlb-col-det-2026-09-11,mlb-col-det-2026-09-11|spread|-2.5|14272647840769939337389569085997194859958031816392507981061194540346248929400,spread,False
mlb-col-det-2026-09-11,mlb-col-det-2026-09-11|spread|-2.5|14272647840769939337389569085997194859958031816392507981061194540346248929400,spread,False
mlb-col-det-2026-09-11,mlb-col-det-2026-09-11|spread|-2.5|14272647840769939337389569085997194859958031816392507981061194540346248929400,spread,False
mlb-col-det-2026-09-11,mlb-col-det-2026-09-11|spread|-2.5|14272647840769939337389569085997194859958031816392507981061194540346248929400,spread,True
mlb-col-det-2026-09-11,mlb-col-det-2026-09-11|spread|-2.5|14272647840769939337389569085997194859958031816392507981061194540346248929400,spread,True
mlb-col-det-2026-09-11,mlb-col-det-2026-09-11|spread|-2.5|14272647840769939337389569085997194859958031816392507981061194540346248929400,spread,False
mlb-col-det-2026-09-11,mlb-col-det-2026-09-11|spread|-2.5|14272647840769939337389569085997194859958031816392507981061194540346248929400,spread,True
mlb-col-det-2026-09-11,mlb-col-det-2026-09-11|spread|-2.5|14272647840769939337389569085997194859958031816392507981061194540346248929400,spread,True
mlb-col-det-2026-09-11,mlb-col-det-2026-09-11|spread|-2.5|14272647840769939337389569085997194859958031816392507981061194540346248929400,spread,True
mlb-col-det-2026-09-11,mlb-col-det-2026-09-11|spread|-2.5|14272647840769939337389569085997194859958031816392507981061194540346248929400,spread,False
mlb-col-det-2026-09-11,mlb-col-det-2026-09-11|spread|-2.5|14272647840769939337389569085997194859958031816392507981061194540346248929400,spread,True
mlb-col-det-2026-09-11,mlb-col-det-2026-09-11|spread|-2.5|14272647840769939337389569085997194859958031816392507981061194540346248929400,spread,True
mlb-col-det-2026-09-11,mlb-col-det-2026-09-11|spread|-2.5|14272647840769939337389569085997194859958031816392507981061194540346248929400,spread,False
mlb-col-det-2026-09-11,mlb-col-det-2026-09-11|spread|-2.5|14272647840769939337389569085997194859958031816392507981061194540346248929400,spread,False
mlb-col-det-2026-09-11,mlb-col-det-2026-09-11|spread|-2.5|14272647840769939337389569085997194859958031816392507981061194540346248929400,spread,True
mlb-col-det-2026-09-11,mlb-col-det-2026-09-11|spread|-2.5|14272647840769939337389569085997194859958031816392507981061194540346248929400,spread,False
mlb-col-det-2026-09-11,mlb-col-det-2026-09-11|spread|-2.5|14272647840769939337389569085997194859958031816392507981061194540346248929400,spread,True
mlb-col-det-2026-09-11,mlb-col-det-2026-09-11|spread|-2.5|14272647840769939337389569085997194859958031816392507981061194540346248929400,spread,True
mlb-col-det-2026-09-11,mlb-col-det-2026-09-11|spread|-2.5|14272647840769939337389569085997194859958031816392507981061194540346248929400,spread,True
mlb-col-det-2026-09-11,mlb-col-det-2026-09-11|spread|-2.5|14272647840769939337389569085997194859958031816392507981061194540346248929400,spread,False
mlb-col-det-2026-09-11,mlb-col-det-2026-09-11|spread|-2.5|14272647840769939337389569085997194859958031816392507981061194540346248929400,spread,False
mlb-col-det-2026-09-11,mlb-col-det-2026-09-11|spread|-2.5|14272647840769939337389569085997194859958031816392507981061194540346248929400,spread,False
mlb-col-det-2026-09-11,mlb-col-det-2026-09-11|spread|-2.5|14272647840769939337389569085997194859958031816392507981061194540346248929400,spread,False
mlb-col-det-2026-09-11,mlb-col-det-2026-09-11|spread|-2.5|14272647840769939337389569085997194859958031816392507981061194540346248929400,spread,False
mlb-col-det-2026-09-11,mlb-col-det-2026-09-11|spread|-2.5|14272647840769939337389569085997194859958031816392507981061194540346248929400,spread,True
mlb-col-det-2026-09-11,mlb-col-det-2026-09-11|spread|-2.5|14272647840769939337389569085997194859958031816392507981061194540346248929400,spread,False
mlb-col-det-2026-09-11,mlb-col-det-2026-09-11|spread|-2.5|14272647840769939337389569085997194859958031816392507981061194540346248929400,spread,True
mlb-col-det-2026-09-11,mlb-col-det-2026-09-11|spread|-2.5|14272647840769939337389569085997194859958031816392507981061194540346248929400,spread,False
mlb-col-det-2026-09-11,mlb-col-det-2026-09-11|spread|-2.5|14272647840769939337389569085997194859958031816392507981061194540346248929400,spread,True
mlb-col-det-2026-09-11,mlb-col-det-2026-09-11|spread|-2.5|14272647840769939337389569085997194859958031816392507981061194540346248929400,spread,True
mlb-col-det-2026-09-11,mlb-col-det-2026-09-11|spread|-2.5|52654386189664482606955232265145734895519291324719259640681521316804563205398,spread,False
mlb-col-det-2026-09-11,mlb-col-det-2026-09-11|spread|-2.5|52654386189664482606955232265145734895519291324719259640681521316804563205398,spread,False
mlb-col-det-2026-09-11,mlb-col-det-2026-09-11|spread|-2.5|52654386189664482606955232265145734895519291324719259640681521316804563205398,spread,False
mlb-col-det-2026-09-11,mlb-col-det-2026-09-11|spread|-2.5|52654386189664482606955232265145734895519291324719259640681521316804563205398,spread,False
mlb-col-det-2026-09-11,mlb-col-det-2026-09-11|spread|-2.5|52654386189664482606955232265145734895519291324719259640681521316804563205398,spread,True
mlb-col-det-2026-09-11,mlb-col-det-2026-09-11|spread|-2.5|52654386189664482606955232265145734895519291324719259640681521316804563205398,spread,False
mlb-col-det-2026-09-11,mlb-col-det-2026-09-11|spread|-2.5|52654386189664482606955232265145734895519291324719259640681521316804563205398,spread,False
mlb-col-det-2026-09-11,mlb-col-det-2026-09-11|spread|-2.5|52654386189664482606955232265145734895519291324719259640681521316804563205398,spread,True
mlb-col-det-2026-09-11,mlb-col-det-2026-09-11|spread|-2.5|52654386189664482606955232265145734895519291324719259640681521316804563205398,spread,True
mlb-col-det-2026-09-11,mlb-col-det-2026-09-11|spread|-2.5|52654386189664482606955232265145734895519291324719259640681521316804563205398,spread,True
mlb-col-det-2026-09-11,mlb-col-det-2026-09-11|spread|-2.5|52654386189664482606955232265145734895519291324719259640681521316804563205398,spread,True
mlb-col-det-2026-09-11,mlb-col-det-2026-09-11|spread|-2.5|52654386189664482606955232265145734895519291324719259640681521316804563205398,spread,False
mlb-col-det-2026-09-11,mlb-col-det-2026-09-11|spread|-2.5|52654386189664482606955232265145734895519291324719259640681521316804563205398,spread,True
mlb-col-det-2026-09-11,mlb-col-det-2026-09-11|spread|-2.5|52654386189664482606955232265145734895519291324719259640681521316804563205398,spread,True
mlb-col-det-2026-09-11,mlb-col-det-2026-09-11|spread|-2.5|52654386189664482606955232265145734895519291324719259640681521316804563205398,spread,True
mlb-col-det-2026-09-11,mlb-col-det-2026-09-11|spread|-2.5|52654386189664482606955232265145734895519291324719259640681521316804563205398,spread,True
mlb-col-det-2026-09-11,mlb-col-det-2026-09-11|spread|-2.5|52654386189664482606955232265145734895519291324719259640681521316804563205398,spread,True
mlb-col-det-2026-09-11,mlb-col-det-2026-09-11|spread|-2.5|52654386189664482606955232265145734895519291324719259640681521316804563205398,spread,True
mlb-col-det-2026-09-11,mlb-col-det-2026-09-11|spread|-2.5|52654386189664482606955232265145734895519291324719259640681521316804563205398,spread,True
mlb-col-det-2026-09-11,mlb-col-det-2026-09-11|spread|-2.5|52654386189664482606955232265145734895519291324719259640681521316804563205398,spread,True
mlb-col-det-2026-09-11,mlb-col-det-2026-09-11|spread|-2.5|52654386189664482606955232265145734895519291324719259640681521316804563205398,spread,True
mlb-col-det-2026-09-11,mlb-col-det-2026-09-11|spread|-2.5|52654386189664482606955232265145734895519291324719259640681521316804563205398,spread,True
mlb-col-det-2026-09-11,mlb-col-det-2026-09-11|spread|-2.5|52654386189664482606955232265145734895519291324719259640681521316804563205398,spread,True
mlb-col-det-2026-09-11,mlb-col-det-2026-09-11|spread|-2.5|52654386189664482606955232265145734895519291324719259640681521316804563205398,spread,True
mlb-cws-stl-2026-09-11,mlb-cws-stl-2026-09-11|moneyline|None|86491057209653824834858661773572082773551870195814816881004839496594612294730,moneyline,True
mlb-cws-stl-2026-09-11,mlb-cws-stl-2026-09-11|moneyline|None|86491057209653824834858661773572082773551870195814816881004839496594612294730,moneyline,False
mlb-cws-stl-2026-09-11,mlb-cws-stl-2026-09-11|moneyline|None|86491057209653824834858661773572082773551870195814816881004839496594612294730,moneyline,True
mlb-cws-stl-2026-09-11,mlb-cws-stl-2026-09-11|moneyline|None|86491057209653824834858661773572082773551870195814816881004839496594612294730,moneyline,False
mlb-cws-stl-2026-09-11,mlb-cws-stl-2026-09-11|moneyline|None|86491057209653824834858661773572082773551870195814816881004839496594612294730,moneyline,True
mlb-cws-stl-2026-09-11,mlb-cws-stl-2026-09-11|moneyline|None|86491057209653824834858661773572082773551870195814816881004839496594612294730,moneyline,False
mlb-cws-stl-2026-09-11,mlb-cws-stl-2026-09-11|moneyline|None|86491057209653824834858661773572082773551870195814816881004839496594612294730,moneyline,True
mlb-cws-stl-2026-09-11,mlb-cws-stl-2026-09-11|moneyline|None|86491057209653824834858661773572082773551870195814816881004839496594612294730,moneyline,False
mlb-cws-stl-2026-09-11,mlb-cws-stl-2026-09-11|moneyline|None|86491057209653824834858661773572082773551870195814816881004839496594612294730,moneyline,True
mlb-cws-stl-2026-09-11,mlb-cws-stl-2026-09-11|moneyline|None|86491057209653824834858661773572082773551870195814816881004839496594612294730,moneyline,True
mlb-cws-stl-2026-09-11,mlb-cws-stl-2026-09-11|moneyline|None|86491057209653824834858661773572082773551870195814816881004839496594612294730,moneyline,True
mlb-cws-stl-2026-09-11,mlb-cws-stl-2026-09-11|moneyline|None|86491057209653824834858661773572082773551870195814816881004839496594612294730,moneyline,True
mlb-cws-stl-2026-09-11,mlb-cws-stl-2026-09-11|moneyline|None|86491057209653824834858661773572082773551870195814816881004839496594612294730,moneyline,False
mlb-cws-stl-2026-09-11,mlb-cws-stl-2026-09-11|moneyline|None|86491057209653824834858661773572082773551870195814816881004839496594612294730,moneyline,False
mlb-cws-stl-2026-09-11,mlb-cws-stl-2026-09-11|moneyline|None|86491057209653824834858661773572082773551870195814816881004839496594612294730,moneyline,True
mlb-cws-stl-2026-09-11,mlb-cws-stl-2026-09-11|moneyline|None|86491057209653824834858661773572082773551870195814816881004839496594612294730,moneyline,False
mlb-cws-stl-2026-09-11,mlb-cws-stl-2026-09-11|moneyline|None|86491057209653824834858661773572082773551870195814816881004839496594612294730,moneyline,False
mlb-cws-stl-2026-09-11,mlb-cws-stl-2026-09-11|moneyline|None|86491057209653824834858661773572082773551870195814816881004839496594612294730,moneyline,True
mlb-cws-stl-2026-09-11,mlb-cws-stl-2026-09-11|moneyline|None|86491057209653824834858661773572082773551870195814816881004839496594612294730,moneyline,True
mlb-cws-stl-2026-09-11,mlb-cws-stl-2026-09-11|moneyline|None|86491057209653824834858661773572082773551870195814816881004839496594612294730,moneyline,False
mlb-cws-stl-2026-09-11,mlb-cws-stl-2026-09-11|moneyline|None|86491057209653824834858661773572082773551870195814816881004839496594612294730,moneyline,False
mlb-cws-stl-2026-09-11,mlb-cws-stl-2026-09-11|spread|-1.5|49130522526659259920629259785217183721678906244340283661672755506456850412715,spread,False
mlb-cws-stl-2026-09-11,mlb-cws-stl-2026-09-11|spread|-1.5|49130522526659259920629259785217183721678906244340283661672755506456850412715,spread,False
mlb-cws-stl-2026-09-11,mlb-cws-stl-2026-09-11|spread|-1.5|49130522526659259920629259785217183721678906244340283661672755506456850412715,spread,True
mlb-cws-stl-2026-09-11,mlb-cws-stl-2026-09-11|spread|-1.5|49130522526659259920629259785217183721678906244340283661672755506456850412715,spread,True
mlb-cws-stl-2026-09-11,mlb-cws-stl-2026-09-11|spread|-1.5|49130522526659259920629259785217183721678906244340283661672755506456850412715,spread,True
mlb-cws-stl-2026-09-11,mlb-cws-stl-2026-09-11|spread|-1.5|49130522526659259920629259785217183721678906244340283661672755506456850412715,spread,True
mlb-cws-stl-2026-09-11,mlb-cws-stl-2026-09-11|spread|-1.5|49130522526659259920629259785217183721678906244340283661672755506456850412715,spread,False
mlb-cws-stl-2026-09-11,mlb-cws-stl-2026-09-11|spread|-1.5|49130522526659259920629259785217183721678906244340283661672755506456850412715,spread,True
mlb-cws-stl-2026-09-11,mlb-cws-stl-2026-09-11|spread|-1.5|49130522526659259920629259785217183721678906244340283661672755506456850412715,spread,True
mlb-cws-stl-2026-09-11,mlb-cws-stl-2026-09-11|spread|-1.5|49130522526659259920629259785217183721678906244340283661672755506456850412715,spread,True
mlb-cws-stl-2026-09-11,mlb-cws-stl-2026-09-11|spread|-1.5|49130522526659259920629259785217183721678906244340283661672755506456850412715,spread,True
mlb-cws-stl-2026-09-11,mlb-cws-stl-2026-09-11|spread|-1.5|49130522526659259920629259785217183721678906244340283661672755506456850412715,spread,False
mlb-cws-stl-2026-09-11,mlb-cws-stl-2026-09-11|spread|-1.5|49130522526659259920629259785217183721678906244340283661672755506456850412715,spread,False
mlb-cws-stl-2026-09-11,mlb-cws-stl-2026-09-11|spread|-1.5|49130522526659259920629259785217183721678906244340283661672755506456850412715,spread,True
mlb-cws-stl-2026-09-11,mlb-cws-stl-2026-09-11|spread|-1.5|49130522526659259920629259785217183721678906244340283661672755506456850412715,spread,False
mlb-cws-stl-2026-09-11,mlb-cws-stl-2026-09-11|spread|-1.5|49130522526659259920629259785217183721678906244340283661672755506456850412715,spread,False
mlb-cws-stl-2026-09-11,mlb-cws-stl-2026-09-11|spread|-1.5|49130522526659259920629259785217183721678906244340283661672755506456850412715,spread,False
mlb-cws-stl-2026-09-11,mlb-cws-stl-2026-09-11|spread|-1.5|49130522526659259920629259785217183721678906244340283661672755506456850412715,spread,True
mlb-cws-stl-2026-09-11,mlb-cws-stl-2026-09-11|spread|-1.5|49130522526659259920629259785217183721678906244340283661672755506456850412715,spread,True
mlb-cws-stl-2026-09-11,mlb-cws-stl-2026-09-11|spread|-1.5|49130522526659259920629259785217183721678906244340283661672755506456850412715,spread,True
mlb-cws-stl-2026-09-11,mlb-cws-stl-2026-09-11|spread|-1.5|49130522526659259920629259785217183721678906244340283661672755506456850412715,spread,False
mlb-cws-stl-2026-09-11,mlb-cws-stl-2026-09-11|spread|-1.5|49130522526659259920629259785217183721678906244340283661672755506456850412715,spread,False
mlb-cws-stl-2026-09-11,mlb-cws-stl-2026-09-11|spread|-1.5|49130522526659259920629259785217183721678906244340283661672755506456850412715,spread,True
mlb-cws-stl-2026-09-11,mlb-cws-stl-2026-09-11|spread|-1.5|49130522526659259920629259785217183721678906244340283661672755506456850412715,spread,True
mlb-cws-stl-2026-09-11,mlb-cws-stl-2026-09-11|spread|-1.5|49130522526659259920629259785217183721678906244340283661672755506456850412715,spread,True
mlb-cws-stl-2026-09-11,mlb-cws-stl-2026-09-11|spread|-1.5|49130522526659259920629259785217183721678906244340283661672755506456850412715,spread,True
mlb-cws-stl-2026-09-11,mlb-cws-stl-2026-09-11|spread|-1.5|49130522526659259920629259785217183721678906244340283661672755506456850412715,spread,True
mlb-cws-stl-2026-09-11,mlb-cws-stl-2026-09-11|spread|-1.5|49130522526659259920629259785217183721678906244340283661672755506456850412715,spread,True
mlb-cws-stl-2026-09-11,mlb-cws-stl-2026-09-11|spread|-1.5|49130522526659259920629259785217183721678906244340283661672755506456850412715,spread,True
mlb-cws-stl-2026-09-11,mlb-cws-stl-2026-09-11|spread|-1.5|49130522526659259920629259785217183721678906244340283661672755506456850412715,spread,True
mlb-cws-stl-2026-09-11,mlb-cws-stl-2026-09-11|spread|-1.5|49130522526659259920629259785217183721678906244340283661672755506456850412715,spread,False
mlb-cws-stl-2026-09-11,mlb-cws-stl-2026-09-11|spread|-1.5|49130522526659259920629259785217183721678906244340283661672755506456850412715,spread,False
mlb-cws-stl-2026-09-11,mlb-cws-stl-2026-09-11|spread|-1.5|49130522526659259920629259785217183721678906244340283661672755506456850412715,spread,False
mlb-cws-stl-2026-09-11,mlb-cws-stl-2026-09-11|spread|-1.5|49130522526659259920629259785217183721678906244340283661672755506456850412715,spread,False
mlb-cws-stl-2026-09-11,mlb-cws-stl-2026-09-11|spread|-1.5|49130522526659259920629259785217183721678906244340283661672755506456850412715,spread,True
mlb-cws-stl-2026-09-11,mlb-cws-stl-2026-09-11|spread|-1.5|49130522526659259920629259785217183721678906244340283661672755506456850412715,spread,False
mlb-cws-stl-2026-09-11,mlb-cws-stl-2026-09-11|spread|-1.5|49130522526659259920629259785217183721678906244340283661672755506456850412715,spread,True
mlb-cws-stl-2026-09-11,mlb-cws-stl-2026-09-11|spread|-1.5|49130522526659259920629259785217183721678906244340283661672755506456850412715,spread,False
mlb-cws-stl-2026-09-11,mlb-cws-stl-2026-09-11|spread|-1.5|49130522526659259920629259785217183721678906244340283661672755506456850412715,spread,False
mlb-cws-stl-2026-09-11,mlb-cws-stl-2026-09-11|spread|-1.5|49130522526659259920629259785217183721678906244340283661672755506456850412715,spread,False
mlb-cws-stl-2026-09-11,mlb-cws-stl-2026-09-11|spread|-1.5|49130522526659259920629259785217183721678906244340283661672755506456850412715,spread,True
mlb-cws-stl-2026-09-11,mlb-cws-stl-2026-09-11|spread|-1.5|49130522526659259920629259785217183721678906244340283661672755506456850412715,spread,False
mlb-cws-stl-2026-09-11,mlb-cws-stl-2026-09-11|spread|-1.5|49130522526659259920629259785217183721678906244340283661672755506456850412715,spread,True
mlb-cws-stl-2026-09-11,mlb-cws-stl-2026-09-11|spread|-1.5|49130522526659259920629259785217183721678906244340283661672755506456850412715,spread,True
mlb-cws-stl-2026-09-11,mlb-cws-stl-2026-09-11|spread|-1.5|49130522526659259920629259785217183721678906244340283661672755506456850412715,spread,False
mlb-cws-stl-2026-09-11,mlb-cws-stl-2026-09-11|spread|-1.5|49130522526659259920629259785217183721678906244340283661672755506456850412715,spread,False
mlb-cws-stl-2026-09-11,mlb-cws-stl-2026-09-11|spread|-1.5|49130522526659259920629259785217183721678906244340283661672755506456850412715,spread,False
mlb-cws-stl-2026-09-11,mlb-cws-stl-2026-09-11|spread|-1.5|49130522526659259920629259785217183721678906244340283661672755506456850412715,spread,True
mlb-cws-stl-2026-09-11,mlb-cws-stl-2026-09-11|spread|-1.5|49130522526659259920629259785217183721678906244340283661672755506456850412715,spread,False
mlb-cws-stl-2026-09-11,mlb-cws-stl-2026-09-11|spread|-1.5|49130522526659259920629259785217183721678906244340283661672755506456850412715,spread,True
mlb-cws-stl-2026-09-11,mlb-cws-stl-2026-09-11|spread|-1.5|49130522526659259920629259785217183721678906244340283661672755506456850412715,spread,False
mlb-cws-stl-2026-09-11,mlb-cws-stl-2026-09-11|spread|-1.5|49130522526659259920629259785217183721678906244340283661672755506456850412715,spread,True
mlb-cws-stl-2026-09-11,mlb-cws-stl-2026-09-11|spread|-1.5|49130522526659259920629259785217183721678906244340283661672755506456850412715,spread,True
mlb-cws-stl-2026-09-11,mlb-cws-stl-2026-09-11|spread|-1.5|49130522526659259920629259785217183721678906244340283661672755506456850412715,spread,False
mlb-cws-stl-2026-09-11,mlb-cws-stl-2026-09-11|spread|-1.5|49130522526659259920629259785217183721678906244340283661672755506456850412715,spread,True
mlb-cws-stl-2026-09-11,mlb-cws-stl-2026-09-11|spread|-1.5|49130522526659259920629259785217183721678906244340283661672755506456850412715,spread,False
mlb-cws-stl-2026-09-11,mlb-cws-stl-2026-09-11|spread|-1.5|49130522526659259920629259785217183721678906244340283661672755506456850412715,spread,True
mlb-cws-stl-2026-09-11,mlb-cws-stl-2026-09-11|spread|-1.5|49130522526659259920629259785217183721678906244340283661672755506456850412715,spread,False
mlb-cws-stl-2026-09-11,mlb-cws-stl-2026-09-11|spread|-1.5|49130522526659259920629259785217183721678906244340283661672755506456850412715,spread,True
mlb-cws-stl-2026-09-11,mlb-cws-stl-2026-09-11|spread|-1.5|49130522526659259920629259785217183721678906244340283661672755506456850412715,spread,True
mlb-cws-stl-2026-09-11,mlb-cws-stl-2026-09-11|spread|-1.5|49130522526659259920629259785217183721678906244340283661672755506456850412715,spread,True
mlb-cws-stl-2026-09-11,mlb-cws-stl-2026-09-11|spread|-1.5|49130522526659259920629259785217183721678906244340283661672755506456850412715,spread,False
mlb-cws-stl-2026-09-11,mlb-cws-stl-2026-09-11|spread|-1.5|49130522526659259920629259785217183721678906244340283661672755506456850412715,spread,True
mlb-cws-stl-2026-09-11,mlb-cws-stl-2026-09-11|spread|-1.5|49130522526659259920629259785217183721678906244340283661672755506456850412715,spread,False
mlb-cws-stl-2026-09-11,mlb-cws-stl-2026-09-11|spread|-1.5|49130522526659259920629259785217183721678906244340283661672755506456850412715,spread,True
mlb-cws-stl-2026-09-11,mlb-cws-stl-2026-09-11|spread|-1.5|49130522526659259920629259785217183721678906244340283661672755506456850412715,spread,True
mlb-cws-stl-2026-09-11,mlb-cws-stl-2026-09-11|spread|-1.5|49130522526659259920629259785217183721678906244340283661672755506456850412715,spread,True
mlb-cws-stl-2026-09-11,mlb-cws-stl-2026-09-11|spread|-1.5|49130522526659259920629259785217183721678906244340283661672755506456850412715,spread,True
mlb-cws-stl-2026-09-11,mlb-cws-stl-2026-09-11|spread|-1.5|49130522526659259920629259785217183721678906244340283661672755506456850412715,spread,False
mlb-cws-stl-2026-09-11,mlb-cws-stl-2026-09-11|spread|-1.5|49130522526659259920629259785217183721678906244340283661672755506456850412715,spread,True
mlb-cws-stl-2026-09-11,mlb-cws-stl-2026-09-11|spread|-1.5|49130522526659259920629259785217183721678906244340283661672755506456850412715,spread,False
mlb-cws-stl-2026-09-11,mlb-cws-stl-2026-09-11|spread|-1.5|49130522526659259920629259785217183721678906244340283661672755506456850412715,spread,False
mlb-cws-stl-2026-09-11,mlb-cws-stl-2026-09-11|spread|-1.5|49130522526659259920629259785217183721678906244340283661672755506456850412715,spread,True
mlb-cws-stl-2026-09-11,mlb-cws-stl-2026-09-11|spread|-1.5|49130522526659259920629259785217183721678906244340283661672755506456850412715,spread,False
mlb-cws-stl-2026-09-11,mlb-cws-stl-2026-09-11|spread|-1.5|49130522526659259920629259785217183721678906244340283661672755506456850412715,spread,False
mlb-cws-stl-2026-09-11,mlb-cws-stl-2026-09-11|spread|-1.5|49130522526659259920629259785217183721678906244340283661672755506456850412715,spread,True
mlb-cws-stl-2026-09-11,mlb-cws-stl-2026-09-11|spread|-1.5|49130522526659259920629259785217183721678906244340283661672755506456850412715,spread,True
mlb-cws-stl-2026-09-11,mlb-cws-stl-2026-09-11|spread|-1.5|49130522526659259920629259785217183721678906244340283661672755506456850412715,spread,True
mlb-cws-stl-2026-09-11,mlb-cws-stl-2026-09-11|spread|-1.5|49130522526659259920629259785217183721678906244340283661672755506456850412715,spread,False
mlb-cws-stl-2026-09-11,mlb-cws-stl-2026-09-11|spread|-1.5|49130522526659259920629259785217183721678906244340283661672755506456850412715,spread,False
mlb-cws-stl-2026-09-11,mlb-cws-stl-2026-09-11|spread|-1.5|49130522526659259920629259785217183721678906244340283661672755506456850412715,spread,False
mlb-cws-stl-2026-09-11,mlb-cws-stl-2026-09-11|spread|-1.5|49130522526659259920629259785217183721678906244340283661672755506456850412715,spread,False
mlb-cws-stl-2026-09-11,mlb-cws-stl-2026-09-11|spread|-1.5|57692906358746165662844111227318453612980144145880075399410135453588110406328,spread,True
mlb-cws-stl-2026-09-11,mlb-cws-stl-2026-09-11|spread|-1.5|57692906358746165662844111227318453612980144145880075399410135453588110406328,spread,True
mlb-cws-stl-2026-09-11,mlb-cws-stl-2026-09-11|spread|-1.5|57692906358746165662844111227318453612980144145880075399410135453588110406328,spread,False
mlb-cws-stl-2026-09-11,mlb-cws-stl-2026-09-11|spread|-1.5|57692906358746165662844111227318453612980144145880075399410135453588110406328,spread,True
mlb-cws-stl-2026-09-11,mlb-cws-stl-2026-09-11|spread|-1.5|57692906358746165662844111227318453612980144145880075399410135453588110406328,spread,True
mlb-cws-stl-2026-09-11,mlb-cws-stl-2026-09-11|spread|-1.5|57692906358746165662844111227318453612980144145880075399410135453588110406328,spread,False
mlb-cws-stl-2026-09-11,mlb-cws-stl-2026-09-11|spread|-1.5|57692906358746165662844111227318453612980144145880075399410135453588110406328,spread,True
mlb-cws-stl-2026-09-11,mlb-cws-stl-2026-09-11|spread|-1.5|57692906358746165662844111227318453612980144145880075399410135453588110406328,spread,True
mlb-cws-stl-2026-09-11,mlb-cws-stl-2026-09-11|spread|-1.5|57692906358746165662844111227318453612980144145880075399410135453588110406328,spread,True
mlb-cws-stl-2026-09-11,mlb-cws-stl-2026-09-11|spread|-1.5|57692906358746165662844111227318453612980144145880075399410135453588110406328,spread,True
mlb-cws-stl-2026-09-11,mlb-cws-stl-2026-09-11|spread|-1.5|57692906358746165662844111227318453612980144145880075399410135453588110406328,spread,False
mlb-cws-stl-2026-09-11,mlb-cws-stl-2026-09-11|spread|-1.5|57692906358746165662844111227318453612980144145880075399410135453588110406328,spread,False
mlb-cws-stl-2026-09-11,mlb-cws-stl-2026-09-11|spread|-1.5|57692906358746165662844111227318453612980144145880075399410135453588110406328,spread,True
mlb-cws-stl-2026-09-11,mlb-cws-stl-2026-09-11|spread|-1.5|57692906358746165662844111227318453612980144145880075399410135453588110406328,spread,True
mlb-cws-stl-2026-09-11,mlb-cws-stl-2026-09-11|spread|-1.5|57692906358746165662844111227318453612980144145880075399410135453588110406328,spread,True
mlb-cws-stl-2026-09-11,mlb-cws-stl-2026-09-11|spread|-1.5|57692906358746165662844111227318453612980144145880075399410135453588110406328,spread,True
mlb-cws-stl-2026-09-11,mlb-cws-stl-2026-09-11|spread|-1.5|57692906358746165662844111227318453612980144145880075399410135453588110406328,spread,False
mlb-cws-stl-2026-09-11,mlb-cws-stl-2026-09-11|spread|-1.5|57692906358746165662844111227318453612980144145880075399410135453588110406328,spread,True
mlb-cws-stl-2026-09-11,mlb-cws-stl-2026-09-11|spread|-1.5|57692906358746165662844111227318453612980144145880075399410135453588110406328,spread,False
mlb-cws-stl-2026-09-11,mlb-cws-stl-2026-09-11|spread|-1.5|57692906358746165662844111227318453612980144145880075399410135453588110406328,spread,True
mlb-cws-stl-2026-09-11,mlb-cws-stl-2026-09-11|spread|-1.5|57692906358746165662844111227318453612980144145880075399410135453588110406328,spread,True
mlb-cws-stl-2026-09-11,mlb-cws-stl-2026-09-11|spread|-1.5|57692906358746165662844111227318453612980144145880075399410135453588110406328,spread,False
mlb-cws-stl-2026-09-11,mlb-cws-stl-2026-09-11|spread|-1.5|57692906358746165662844111227318453612980144145880075399410135453588110406328,spread,False
mlb-cws-stl-2026-09-11,mlb-cws-stl-2026-09-11|spread|-1.5|57692906358746165662844111227318453612980144145880075399410135453588110406328,spread,False
mlb-cws-stl-2026-09-11,mlb-cws-stl-2026-09-11|spread|-1.5|57692906358746165662844111227318453612980144145880075399410135453588110406328,spread,True
mlb-cws-stl-2026-09-11,mlb-cws-stl-2026-09-11|spread|-1.5|57692906358746165662844111227318453612980144145880075399410135453588110406328,spread,False
mlb-cws-stl-2026-09-11,mlb-cws-stl-2026-09-11|spread|-1.5|57692906358746165662844111227318453612980144145880075399410135453588110406328,spread,True
mlb-cws-stl-2026-09-11,mlb-cws-stl-2026-09-11|spread|-1.5|57692906358746165662844111227318453612980144145880075399410135453588110406328,spread,False
mlb-cws-stl-2026-09-11,mlb-cws-stl-2026-09-11|spread|-1.5|57692906358746165662844111227318453612980144145880075399410135453588110406328,spread,False
mlb-cws-stl-2026-09-11,mlb-cws-stl-2026-09-11|spread|-1.5|57692906358746165662844111227318453612980144145880075399410135453588110406328,spread,False
mlb-cws-stl-2026-09-11,mlb-cws-stl-2026-09-11|spread|-1.5|57692906358746165662844111227318453612980144145880075399410135453588110406328,spread,True
mlb-cws-stl-2026-09-11,mlb-cws-stl-2026-09-11|spread|-1.5|57692906358746165662844111227318453612980144145880075399410135453588110406328,spread,True
mlb-cws-stl-2026-09-11,mlb-cws-stl-2026-09-11|spread|-1.5|57692906358746165662844111227318453612980144145880075399410135453588110406328,spread,False
mlb-cws-stl-2026-09-11,mlb-cws-stl-2026-09-11|spread|-1.5|57692906358746165662844111227318453612980144145880075399410135453588110406328,spread,True
mlb-cws-stl-2026-09-11,mlb-cws-stl-2026-09-11|spread|-1.5|57692906358746165662844111227318453612980144145880075399410135453588110406328,spread,True
mlb-cws-stl-2026-09-11,mlb-cws-stl-2026-09-11|spread|-1.5|57692906358746165662844111227318453612980144145880075399410135453588110406328,spread,False
mlb-cws-stl-2026-09-11,mlb-cws-stl-2026-09-11|spread|-1.5|57692906358746165662844111227318453612980144145880075399410135453588110406328,spread,False
mlb-cws-stl-2026-09-11,mlb-cws-stl-2026-09-11|spread|-1.5|57692906358746165662844111227318453612980144145880075399410135453588110406328,spread,True
mlb-cws-stl-2026-09-11,mlb-cws-stl-2026-09-11|spread|-1.5|57692906358746165662844111227318453612980144145880075399410135453588110406328,spread,False
mlb-cws-stl-2026-09-11,mlb-cws-stl-2026-09-11|spread|-1.5|57692906358746165662844111227318453612980144145880075399410135453588110406328,spread,False
mlb-cws-stl-2026-09-11,mlb-cws-stl-2026-09-11|spread|-1.5|57692906358746165662844111227318453612980144145880075399410135453588110406328,spread,True
mlb-cws-stl-2026-09-11,mlb-cws-stl-2026-09-11|spread|-1.5|57692906358746165662844111227318453612980144145880075399410135453588110406328,spread,False
mlb-cws-stl-2026-09-11,mlb-cws-stl-2026-09-11|spread|-1.5|57692906358746165662844111227318453612980144145880075399410135453588110406328,spread,True
mlb-cws-stl-2026-09-11,mlb-cws-stl-2026-09-11|spread|-1.5|57692906358746165662844111227318453612980144145880075399410135453588110406328,spread,False
mlb-cws-stl-2026-09-11,mlb-cws-stl-2026-09-11|spread|-1.5|57692906358746165662844111227318453612980144145880075399410135453588110406328,spread,False
mlb-cws-stl-2026-09-11,mlb-cws-stl-2026-09-11|spread|-1.5|57692906358746165662844111227318453612980144145880075399410135453588110406328,spread,True
mlb-cws-stl-2026-09-11,mlb-cws-stl-2026-09-11|spread|-1.5|57692906358746165662844111227318453612980144145880075399410135453588110406328,spread,False
mlb-cws-stl-2026-09-11,mlb-cws-stl-2026-09-11|spread|-1.5|57692906358746165662844111227318453612980144145880075399410135453588110406328,spread,False
mlb-cws-stl-2026-09-11,mlb-cws-stl-2026-09-11|spread|-1.5|57692906358746165662844111227318453612980144145880075399410135453588110406328,spread,False
mlb-cws-stl-2026-09-11,mlb-cws-stl-2026-09-11|spread|-1.5|57692906358746165662844111227318453612980144145880075399410135453588110406328,spread,True
mlb-cws-stl-2026-09-11,mlb-cws-stl-2026-09-11|spread|-1.5|57692906358746165662844111227318453612980144145880075399410135453588110406328,spread,False
mlb-cws-stl-2026-09-11,mlb-cws-stl-2026-09-11|spread|-1.5|57692906358746165662844111227318453612980144145880075399410135453588110406328,spread,True
mlb-cws-stl-2026-09-11,mlb-cws-stl-2026-09-11|spread|-1.5|57692906358746165662844111227318453612980144145880075399410135453588110406328,spread,False
mlb-cws-stl-2026-09-11,mlb-cws-stl-2026-09-11|spread|-1.5|57692906358746165662844111227318453612980144145880075399410135453588110406328,spread,True
mlb-cws-stl-2026-09-11,mlb-cws-stl-2026-09-11|spread|-1.5|57692906358746165662844111227318453612980144145880075399410135453588110406328,spread,True
mlb-cws-stl-2026-09-11,mlb-cws-stl-2026-09-11|spread|-1.5|57692906358746165662844111227318453612980144145880075399410135453588110406328,spread,False
mlb-cws-stl-2026-09-11,mlb-cws-stl-2026-09-11|spread|-1.5|57692906358746165662844111227318453612980144145880075399410135453588110406328,spread,False
mlb-cws-stl-2026-09-11,mlb-cws-stl-2026-09-11|spread|-1.5|57692906358746165662844111227318453612980144145880075399410135453588110406328,spread,False
mlb-cws-stl-2026-09-11,mlb-cws-stl-2026-09-11|spread|-1.5|57692906358746165662844111227318453612980144145880075399410135453588110406328,spread,True
mlb-cws-stl-2026-09-11,mlb-cws-stl-2026-09-11|spread|-1.5|57692906358746165662844111227318453612980144145880075399410135453588110406328,spread,False
mlb-cws-stl-2026-09-11,mlb-cws-stl-2026-09-11|spread|-1.5|57692906358746165662844111227318453612980144145880075399410135453588110406328,spread,False
mlb-cws-stl-2026-09-11,mlb-cws-stl-2026-09-11|spread|-1.5|57692906358746165662844111227318453612980144145880075399410135453588110406328,spread,True
mlb-cws-stl-2026-09-11,mlb-cws-stl-2026-09-11|spread|-1.5|57692906358746165662844111227318453612980144145880075399410135453588110406328,spread,False
mlb-cws-stl-2026-09-11,mlb-cws-stl-2026-09-11|spread|-1.5|57692906358746165662844111227318453612980144145880075399410135453588110406328,spread,True
mlb-cws-stl-2026-09-11,mlb-cws-stl-2026-09-11|spread|-1.5|57692906358746165662844111227318453612980144145880075399410135453588110406328,spread,False
mlb-cws-stl-2026-09-11,mlb-cws-stl-2026-09-11|spread|-2.5|30833696666519776702078206772710704201728986099306369797203310617308458406852,spread,False
mlb-cws-stl-2026-09-11,mlb-cws-stl-2026-09-11|spread|-2.5|30833696666519776702078206772710704201728986099306369797203310617308458406852,spread,False
mlb-cws-stl-2026-09-11,mlb-cws-stl-2026-09-11|spread|-2.5|30833696666519776702078206772710704201728986099306369797203310617308458406852,spread,True
mlb-cws-stl-2026-09-11,mlb-cws-stl-2026-09-11|spread|-2.5|30833696666519776702078206772710704201728986099306369797203310617308458406852,spread,False
mlb-cws-stl-2026-09-11,mlb-cws-stl-2026-09-11|spread|-2.5|30833696666519776702078206772710704201728986099306369797203310617308458406852,spread,True
mlb-cws-stl-2026-09-11,mlb-cws-stl-2026-09-11|spread|-2.5|30833696666519776702078206772710704201728986099306369797203310617308458406852,spread,True
mlb-cws-stl-2026-09-11,mlb-cws-stl-2026-09-11|spread|-2.5|30833696666519776702078206772710704201728986099306369797203310617308458406852,spread,True
mlb-cws-stl-2026-09-11,mlb-cws-stl-2026-09-11|spread|-2.5|30833696666519776702078206772710704201728986099306369797203310617308458406852,spread,True
mlb-cws-stl-2026-09-11,mlb-cws-stl-2026-09-11|spread|-2.5|30833696666519776702078206772710704201728986099306369797203310617308458406852,spread,False
mlb-cws-stl-2026-09-11,mlb-cws-stl-2026-09-11|spread|-2.5|30833696666519776702078206772710704201728986099306369797203310617308458406852,spread,False
mlb-cws-stl-2026-09-11,mlb-cws-stl-2026-09-11|spread|-2.5|30833696666519776702078206772710704201728986099306369797203310617308458406852,spread,True
mlb-cws-stl-2026-09-11,mlb-cws-stl-2026-09-11|spread|-2.5|30833696666519776702078206772710704201728986099306369797203310617308458406852,spread,False
mlb-cws-stl-2026-09-11,mlb-cws-stl-2026-09-11|spread|-2.5|30833696666519776702078206772710704201728986099306369797203310617308458406852,spread,True
mlb-cws-stl-2026-09-11,mlb-cws-stl-2026-09-11|spread|-2.5|30833696666519776702078206772710704201728986099306369797203310617308458406852,spread,True
mlb-cws-stl-2026-09-11,mlb-cws-stl-2026-09-11|spread|-2.5|30833696666519776702078206772710704201728986099306369797203310617308458406852,spread,True
mlb-cws-stl-2026-09-11,mlb-cws-stl-2026-09-11|spread|-2.5|30833696666519776702078206772710704201728986099306369797203310617308458406852,spread,True
mlb-cws-stl-2026-09-11,mlb-cws-stl-2026-09-11|spread|-2.5|30833696666519776702078206772710704201728986099306369797203310617308458406852,spread,True
mlb-cws-stl-2026-09-11,mlb-cws-stl-2026-09-11|spread|-2.5|30833696666519776702078206772710704201728986099306369797203310617308458406852,spread,False
mlb-cws-stl-2026-09-11,mlb-cws-stl-2026-09-11|spread|-2.5|30833696666519776702078206772710704201728986099306369797203310617308458406852,spread,True
mlb-cws-stl-2026-09-11,mlb-cws-stl-2026-09-11|spread|-2.5|30833696666519776702078206772710704201728986099306369797203310617308458406852,spread,True
mlb-cws-stl-2026-09-11,mlb-cws-stl-2026-09-11|spread|-2.5|30833696666519776702078206772710704201728986099306369797203310617308458406852,spread,False
mlb-cws-stl-2026-09-11,mlb-cws-stl-2026-09-11|spread|-2.5|30833696666519776702078206772710704201728986099306369797203310617308458406852,spread,False
mlb-cws-stl-2026-09-11,mlb-cws-stl-2026-09-11|spread|-2.5|30833696666519776702078206772710704201728986099306369797203310617308458406852,spread,False
mlb-cws-stl-2026-09-11,mlb-cws-stl-2026-09-11|spread|-2.5|30833696666519776702078206772710704201728986099306369797203310617308458406852,spread,False
mlb-cws-stl-2026-09-11,mlb-cws-stl-2026-09-11|spread|-2.5|30833696666519776702078206772710704201728986099306369797203310617308458406852,spread,True
mlb-cws-stl-2026-09-11,mlb-cws-stl-2026-09-11|spread|-2.5|30833696666519776702078206772710704201728986099306369797203310617308458406852,spread,False
mlb-cws-stl-2026-09-11,mlb-cws-stl-2026-09-11|spread|-2.5|30833696666519776702078206772710704201728986099306369797203310617308458406852,spread,False
mlb-cws-stl-2026-09-11,mlb-cws-stl-2026-09-11|spread|-2.5|30833696666519776702078206772710704201728986099306369797203310617308458406852,spread,False
mlb-cws-stl-2026-09-11,mlb-cws-stl-2026-09-11|spread|-2.5|30833696666519776702078206772710704201728986099306369797203310617308458406852,spread,True
mlb-cws-stl-2026-09-11,mlb-cws-stl-2026-09-11|spread|-2.5|30833696666519776702078206772710704201728986099306369797203310617308458406852,spread,True
mlb-cws-stl-2026-09-11,mlb-cws-stl-2026-09-11|spread|-2.5|30833696666519776702078206772710704201728986099306369797203310617308458406852,spread,True
mlb-cws-stl-2026-09-11,mlb-cws-stl-2026-09-11|spread|-2.5|30833696666519776702078206772710704201728986099306369797203310617308458406852,spread,True
mlb-cws-stl-2026-09-11,mlb-cws-stl-2026-09-11|spread|-2.5|30833696666519776702078206772710704201728986099306369797203310617308458406852,spread,False
mlb-cws-stl-2026-09-11,mlb-cws-stl-2026-09-11|spread|-2.5|30833696666519776702078206772710704201728986099306369797203310617308458406852,spread,True
mlb-cws-stl-2026-09-11,mlb-cws-stl-2026-09-11|spread|-2.5|30833696666519776702078206772710704201728986099306369797203310617308458406852,spread,True
mlb-cws-stl-2026-09-11,mlb-cws-stl-2026-09-11|spread|-2.5|30833696666519776702078206772710704201728986099306369797203310617308458406852,spread,True
mlb-cws-stl-2026-09-11,mlb-cws-stl-2026-09-11|spread|-2.5|30833696666519776702078206772710704201728986099306369797203310617308458406852,spread,False
mlb-cws-stl-2026-09-11,mlb-cws-stl-2026-09-11|spread|-2.5|30833696666519776702078206772710704201728986099306369797203310617308458406852,spread,True
mlb-cws-stl-2026-09-11,mlb-cws-stl-2026-09-11|spread|-2.5|30833696666519776702078206772710704201728986099306369797203310617308458406852,spread,True
mlb-cws-stl-2026-09-11,mlb-cws-stl-2026-09-11|spread|-2.5|30833696666519776702078206772710704201728986099306369797203310617308458406852,spread,False
mlb-cws-stl-2026-09-11,mlb-cws-stl-2026-09-11|spread|-2.5|30833696666519776702078206772710704201728986099306369797203310617308458406852,spread,True
mlb-cws-stl-2026-09-11,mlb-cws-stl-2026-09-11|spread|-2.5|30833696666519776702078206772710704201728986099306369797203310617308458406852,spread,True
mlb-cws-stl-2026-09-11,mlb-cws-stl-2026-09-11|spread|-2.5|30833696666519776702078206772710704201728986099306369797203310617308458406852,spread,False
mlb-cws-stl-2026-09-11,mlb-cws-stl-2026-09-11|spread|-2.5|30833696666519776702078206772710704201728986099306369797203310617308458406852,spread,True
mlb-cws-stl-2026-09-11,mlb-cws-stl-2026-09-11|spread|-2.5|30833696666519776702078206772710704201728986099306369797203310617308458406852,spread,False
mlb-cws-stl-2026-09-11,mlb-cws-stl-2026-09-11|spread|-2.5|30833696666519776702078206772710704201728986099306369797203310617308458406852,spread,False
mlb-cws-stl-2026-09-11,mlb-cws-stl-2026-09-11|spread|-2.5|30833696666519776702078206772710704201728986099306369797203310617308458406852,spread,True
mlb-cws-stl-2026-09-11,mlb-cws-stl-2026-09-11|spread|-2.5|30833696666519776702078206772710704201728986099306369797203310617308458406852,spread,True
mlb-cws-stl-2026-09-11,mlb-cws-stl-2026-09-11|spread|-2.5|30833696666519776702078206772710704201728986099306369797203310617308458406852,spread,True
mlb-cws-stl-2026-09-11,mlb-cws-stl-2026-09-11|spread|-2.5|30833696666519776702078206772710704201728986099306369797203310617308458406852,spread,True
mlb-cws-stl-2026-09-11,mlb-cws-stl-2026-09-11|spread|-2.5|30833696666519776702078206772710704201728986099306369797203310617308458406852,spread,False
mlb-cws-stl-2026-09-11,mlb-cws-stl-2026-09-11|spread|-2.5|30833696666519776702078206772710704201728986099306369797203310617308458406852,spread,True
mlb-cws-stl-2026-09-11,mlb-cws-stl-2026-09-11|spread|-2.5|30833696666519776702078206772710704201728986099306369797203310617308458406852,spread,True
mlb-cws-stl-2026-09-11,mlb-cws-stl-2026-09-11|spread|-2.5|30833696666519776702078206772710704201728986099306369797203310617308458406852,spread,False
mlb-cws-stl-2026-09-11,mlb-cws-stl-2026-09-11|spread|-2.5|30833696666519776702078206772710704201728986099306369797203310617308458406852,spread,False
mlb-cws-stl-2026-09-11,mlb-cws-stl-2026-09-11|spread|-2.5|30833696666519776702078206772710704201728986099306369797203310617308458406852,spread,False
mlb-cws-stl-2026-09-11,mlb-cws-stl-2026-09-11|spread|-2.5|30833696666519776702078206772710704201728986099306369797203310617308458406852,spread,False
mlb-cws-stl-2026-09-11,mlb-cws-stl-2026-09-11|spread|-2.5|30833696666519776702078206772710704201728986099306369797203310617308458406852,spread,False
mlb-cws-stl-2026-09-11,mlb-cws-stl-2026-09-11|spread|-2.5|30833696666519776702078206772710704201728986099306369797203310617308458406852,spread,True
mlb-cws-stl-2026-09-11,mlb-cws-stl-2026-09-11|spread|-2.5|30833696666519776702078206772710704201728986099306369797203310617308458406852,spread,True
mlb-cws-stl-2026-09-11,mlb-cws-stl-2026-09-11|spread|-2.5|30833696666519776702078206772710704201728986099306369797203310617308458406852,spread,False
mlb-cws-stl-2026-09-11,mlb-cws-stl-2026-09-11|spread|-2.5|30833696666519776702078206772710704201728986099306369797203310617308458406852,spread,True
mlb-cws-stl-2026-09-11,mlb-cws-stl-2026-09-11|spread|-2.5|30833696666519776702078206772710704201728986099306369797203310617308458406852,spread,False
mlb-cws-stl-2026-09-11,mlb-cws-stl-2026-09-11|spread|-2.5|30833696666519776702078206772710704201728986099306369797203310617308458406852,spread,True
mlb-cws-stl-2026-09-11,mlb-cws-stl-2026-09-11|spread|-2.5|30833696666519776702078206772710704201728986099306369797203310617308458406852,spread,False
mlb-cws-stl-2026-09-11,mlb-cws-stl-2026-09-11|spread|-2.5|30833696666519776702078206772710704201728986099306369797203310617308458406852,spread,True
mlb-cws-stl-2026-09-11,mlb-cws-stl-2026-09-11|spread|-2.5|30833696666519776702078206772710704201728986099306369797203310617308458406852,spread,True
mlb-cws-stl-2026-09-11,mlb-cws-stl-2026-09-11|spread|-2.5|30833696666519776702078206772710704201728986099306369797203310617308458406852,spread,True
mlb-cws-stl-2026-09-11,mlb-cws-stl-2026-09-11|spread|-2.5|30833696666519776702078206772710704201728986099306369797203310617308458406852,spread,False
mlb-cws-stl-2026-09-11,mlb-cws-stl-2026-09-11|spread|-2.5|30833696666519776702078206772710704201728986099306369797203310617308458406852,spread,False
mlb-cws-stl-2026-09-11,mlb-cws-stl-2026-09-11|spread|-2.5|30833696666519776702078206772710704201728986099306369797203310617308458406852,spread,True
mlb-cws-stl-2026-09-11,mlb-cws-stl-2026-09-11|spread|-2.5|30833696666519776702078206772710704201728986099306369797203310617308458406852,spread,True
mlb-cws-stl-2026-09-11,mlb-cws-stl-2026-09-11|spread|-2.5|30833696666519776702078206772710704201728986099306369797203310617308458406852,spread,False
mlb-cws-stl-2026-09-11,mlb-cws-stl-2026-09-11|spread|-2.5|30833696666519776702078206772710704201728986099306369797203310617308458406852,spread,False
mlb-cws-stl-2026-09-11,mlb-cws-stl-2026-09-11|spread|-2.5|30833696666519776702078206772710704201728986099306369797203310617308458406852,spread,True
mlb-cws-stl-2026-09-11,mlb-cws-stl-2026-09-11|spread|-2.5|30833696666519776702078206772710704201728986099306369797203310617308458406852,spread,False
mlb-cws-stl-2026-09-11,mlb-cws-stl-2026-09-11|spread|-2.5|30833696666519776702078206772710704201728986099306369797203310617308458406852,spread,False
mlb-cws-stl-2026-09-11,mlb-cws-stl-2026-09-11|spread|-2.5|30833696666519776702078206772710704201728986099306369797203310617308458406852,spread,False
mlb-cws-stl-2026-09-11,mlb-cws-stl-2026-09-11|spread|-2.5|30833696666519776702078206772710704201728986099306369797203310617308458406852,spread,True
mlb-cws-stl-2026-09-11,mlb-cws-stl-2026-09-11|spread|-2.5|30833696666519776702078206772710704201728986099306369797203310617308458406852,spread,True
mlb-cws-stl-2026-09-11,mlb-cws-stl-2026-09-11|spread|-2.5|30833696666519776702078206772710704201728986099306369797203310617308458406852,spread,False
mlb-cws-stl-2026-09-11,mlb-cws-stl-2026-09-11|spread|-2.5|30833696666519776702078206772710704201728986099306369797203310617308458406852,spread,True
mlb-cws-stl-2026-09-11,mlb-cws-stl-2026-09-11|spread|-2.5|30833696666519776702078206772710704201728986099306369797203310617308458406852,spread,False
mlb-cws-stl-2026-09-11,mlb-cws-stl-2026-09-11|spread|-2.5|30833696666519776702078206772710704201728986099306369797203310617308458406852,spread,False
mlb-cws-stl-2026-09-11,mlb-cws-stl-2026-09-11|spread|-2.5|30833696666519776702078206772710704201728986099306369797203310617308458406852,spread,False
mlb-cws-stl-2026-09-11,mlb-cws-stl-2026-09-11|spread|-2.5|30833696666519776702078206772710704201728986099306369797203310617308458406852,spread,True
mlb-cws-stl-2026-09-11,mlb-cws-stl-2026-09-11|spread|-2.5|30833696666519776702078206772710704201728986099306369797203310617308458406852,spread,True
mlb-cws-stl-2026-09-11,mlb-cws-stl-2026-09-11|spread|-2.5|30833696666519776702078206772710704201728986099306369797203310617308458406852,spread,False
mlb-cws-stl-2026-09-11,mlb-cws-stl-2026-09-11|spread|-2.5|30833696666519776702078206772710704201728986099306369797203310617308458406852,spread,False
mlb-cws-stl-2026-09-11,mlb-cws-stl-2026-09-11|spread|-2.5|30833696666519776702078206772710704201728986099306369797203310617308458406852,spread,True
mlb-cws-stl-2026-09-11,mlb-cws-stl-2026-09-11|spread|-2.5|30833696666519776702078206772710704201728986099306369797203310617308458406852,spread,False
mlb-cws-stl-2026-09-11,mlb-cws-stl-2026-09-11|spread|-2.5|30833696666519776702078206772710704201728986099306369797203310617308458406852,spread,False
mlb-cws-stl-2026-09-11,mlb-cws-stl-2026-09-11|spread|-2.5|30833696666519776702078206772710704201728986099306369797203310617308458406852,spread,False
mlb-cws-stl-2026-09-11,mlb-cws-stl-2026-09-11|spread|-2.5|30833696666519776702078206772710704201728986099306369797203310617308458406852,spread,False
mlb-cws-stl-2026-09-11,mlb-cws-stl-2026-09-11|spread|-2.5|30833696666519776702078206772710704201728986099306369797203310617308458406852,spread,True
mlb-cws-stl-2026-09-11,mlb-cws-stl-2026-09-11|spread|-2.5|30833696666519776702078206772710704201728986099306369797203310617308458406852,spread,True
mlb-cws-stl-2026-09-11,mlb-cws-stl-2026-09-11|spread|-2.5|30833696666519776702078206772710704201728986099306369797203310617308458406852,spread,False
mlb-cws-stl-2026-09-11,mlb-cws-stl-2026-09-11|spread|-2.5|76020504606224441101523576293504587293527128915250782754748168121950797105946,spread,True
mlb-cws-stl-2026-09-11,mlb-cws-stl-2026-09-11|spread|-2.5|76020504606224441101523576293504587293527128915250782754748168121950797105946,spread,True
mlb-cws-stl-2026-09-11,mlb-cws-stl-2026-09-11|spread|-2.5|76020504606224441101523576293504587293527128915250782754748168121950797105946,spread,False
mlb-cws-stl-2026-09-11,mlb-cws-stl-2026-09-11|spread|-2.5|76020504606224441101523576293504587293527128915250782754748168121950797105946,spread,False
mlb-cws-stl-2026-09-11,mlb-cws-stl-2026-09-11|spread|-2.5|76020504606224441101523576293504587293527128915250782754748168121950797105946,spread,True
mlb-cws-stl-2026-09-11,mlb-cws-stl-2026-09-11|spread|-2.5|76020504606224441101523576293504587293527128915250782754748168121950797105946,spread,False
mlb-cws-stl-2026-09-11,mlb-cws-stl-2026-09-11|spread|-2.5|76020504606224441101523576293504587293527128915250782754748168121950797105946,spread,True
mlb-cws-stl-2026-09-11,mlb-cws-stl-2026-09-11|spread|-2.5|76020504606224441101523576293504587293527128915250782754748168121950797105946,spread,False
mlb-cws-stl-2026-09-11,mlb-cws-stl-2026-09-11|spread|-2.5|76020504606224441101523576293504587293527128915250782754748168121950797105946,spread,True
mlb-cws-stl-2026-09-11,mlb-cws-stl-2026-09-11|spread|-2.5|76020504606224441101523576293504587293527128915250782754748168121950797105946,spread,True
mlb-cws-stl-2026-09-11,mlb-cws-stl-2026-09-11|spread|-2.5|76020504606224441101523576293504587293527128915250782754748168121950797105946,spread,True
mlb-cws-stl-2026-09-11,mlb-cws-stl-2026-09-11|spread|-2.5|76020504606224441101523576293504587293527128915250782754748168121950797105946,spread,False
mlb-cws-stl-2026-09-11,mlb-cws-stl-2026-09-11|spread|-2.5|76020504606224441101523576293504587293527128915250782754748168121950797105946,spread,True
mlb-cws-stl-2026-09-11,mlb-cws-stl-2026-09-11|spread|-2.5|76020504606224441101523576293504587293527128915250782754748168121950797105946,spread,True
mlb-cws-stl-2026-09-11,mlb-cws-stl-2026-09-11|spread|-2.5|76020504606224441101523576293504587293527128915250782754748168121950797105946,spread,False
mlb-cws-stl-2026-09-11,mlb-cws-stl-2026-09-11|spread|-2.5|76020504606224441101523576293504587293527128915250782754748168121950797105946,spread,True
mlb-cws-stl-2026-09-11,mlb-cws-stl-2026-09-11|spread|-2.5|76020504606224441101523576293504587293527128915250782754748168121950797105946,spread,True
mlb-cws-stl-2026-09-11,mlb-cws-stl-2026-09-11|spread|-2.5|76020504606224441101523576293504587293527128915250782754748168121950797105946,spread,False
mlb-cws-stl-2026-09-11,mlb-cws-stl-2026-09-11|spread|-2.5|76020504606224441101523576293504587293527128915250782754748168121950797105946,spread,False
mlb-cws-stl-2026-09-11,mlb-cws-stl-2026-09-11|spread|-2.5|76020504606224441101523576293504587293527128915250782754748168121950797105946,spread,True
mlb-cws-stl-2026-09-11,mlb-cws-stl-2026-09-11|spread|-2.5|76020504606224441101523576293504587293527128915250782754748168121950797105946,spread,True
mlb-cws-stl-2026-09-11,mlb-cws-stl-2026-09-11|spread|-2.5|76020504606224441101523576293504587293527128915250782754748168121950797105946,spread,False
mlb-cws-stl-2026-09-11,mlb-cws-stl-2026-09-11|spread|-2.5|76020504606224441101523576293504587293527128915250782754748168121950797105946,spread,True
mlb-cws-stl-2026-09-11,mlb-cws-stl-2026-09-11|spread|-2.5|76020504606224441101523576293504587293527128915250782754748168121950797105946,spread,True
mlb-cws-stl-2026-09-11,mlb-cws-stl-2026-09-11|spread|-2.5|76020504606224441101523576293504587293527128915250782754748168121950797105946,spread,True
mlb-cws-stl-2026-09-11,mlb-cws-stl-2026-09-11|spread|-2.5|76020504606224441101523576293504587293527128915250782754748168121950797105946,spread,False
mlb-cws-stl-2026-09-11,mlb-cws-stl-2026-09-11|spread|-2.5|76020504606224441101523576293504587293527128915250782754748168121950797105946,spread,False
mlb-cws-stl-2026-09-11,mlb-cws-stl-2026-09-11|spread|-2.5|76020504606224441101523576293504587293527128915250782754748168121950797105946,spread,False
mlb-cws-stl-2026-09-11,mlb-cws-stl-2026-09-11|spread|-2.5|76020504606224441101523576293504587293527128915250782754748168121950797105946,spread,False
mlb-cws-stl-2026-09-11,mlb-cws-stl-2026-09-11|spread|-2.5|76020504606224441101523576293504587293527128915250782754748168121950797105946,spread,True
mlb-cws-stl-2026-09-11,mlb-cws-stl-2026-09-11|spread|-2.5|76020504606224441101523576293504587293527128915250782754748168121950797105946,spread,False
mlb-cws-stl-2026-09-11,mlb-cws-stl-2026-09-11|spread|-2.5|76020504606224441101523576293504587293527128915250782754748168121950797105946,spread,False
mlb-cws-stl-2026-09-11,mlb-cws-stl-2026-09-11|spread|-2.5|76020504606224441101523576293504587293527128915250782754748168121950797105946,spread,True
mlb-cws-stl-2026-09-11,mlb-cws-stl-2026-09-11|spread|-2.5|76020504606224441101523576293504587293527128915250782754748168121950797105946,spread,False
mlb-cws-stl-2026-09-11,mlb-cws-stl-2026-09-11|spread|-2.5|76020504606224441101523576293504587293527128915250782754748168121950797105946,spread,False
mlb-cws-stl-2026-09-11,mlb-cws-stl-2026-09-11|spread|-2.5|76020504606224441101523576293504587293527128915250782754748168121950797105946,spread,False
mlb-cws-stl-2026-09-11,mlb-cws-stl-2026-09-11|spread|-2.5|76020504606224441101523576293504587293527128915250782754748168121950797105946,spread,False
mlb-cws-stl-2026-09-11,mlb-cws-stl-2026-09-11|spread|-2.5|76020504606224441101523576293504587293527128915250782754748168121950797105946,spread,False
mlb-cws-stl-2026-09-11,mlb-cws-stl-2026-09-11|spread|-2.5|76020504606224441101523576293504587293527128915250782754748168121950797105946,spread,False
mlb-cws-stl-2026-09-11,mlb-cws-stl-2026-09-11|spread|-2.5|76020504606224441101523576293504587293527128915250782754748168121950797105946,spread,False
mlb-cws-stl-2026-09-11,mlb-cws-stl-2026-09-11|spread|-2.5|76020504606224441101523576293504587293527128915250782754748168121950797105946,spread,False
mlb-hou-tb-2026-09-11,mlb-hou-tb-2026-09-11|moneyline|None|92053914103760710336074569621249233187382135630969107259349612482752873529527,moneyline,False
mlb-hou-tb-2026-09-11,mlb-hou-tb-2026-09-11|moneyline|None|92053914103760710336074569621249233187382135630969107259349612482752873529527,moneyline,True
mlb-hou-tb-2026-09-11,mlb-hou-tb-2026-09-11|moneyline|None|92053914103760710336074569621249233187382135630969107259349612482752873529527,moneyline,False
mlb-hou-tb-2026-09-11,mlb-hou-tb-2026-09-11|moneyline|None|92053914103760710336074569621249233187382135630969107259349612482752873529527,moneyline,True
mlb-hou-tb-2026-09-11,mlb-hou-tb-2026-09-11|moneyline|None|92053914103760710336074569621249233187382135630969107259349612482752873529527,moneyline,True
mlb-hou-tb-2026-09-11,mlb-hou-tb-2026-09-11|moneyline|None|92053914103760710336074569621249233187382135630969107259349612482752873529527,moneyline,False
mlb-hou-tb-2026-09-11,mlb-hou-tb-2026-09-11|moneyline|None|92053914103760710336074569621249233187382135630969107259349612482752873529527,moneyline,True
mlb-hou-tb-2026-09-11,mlb-hou-tb-2026-09-11|moneyline|None|92053914103760710336074569621249233187382135630969107259349612482752873529527,moneyline,True
mlb-hou-tb-2026-09-11,mlb-hou-tb-2026-09-11|moneyline|None|92053914103760710336074569621249233187382135630969107259349612482752873529527,moneyline,True
mlb-hou-tb-2026-09-11,mlb-hou-tb-2026-09-11|moneyline|None|92053914103760710336074569621249233187382135630969107259349612482752873529527,moneyline,True
mlb-hou-tb-2026-09-11,mlb-hou-tb-2026-09-11|moneyline|None|92053914103760710336074569621249233187382135630969107259349612482752873529527,moneyline,True
mlb-hou-tb-2026-09-11,mlb-hou-tb-2026-09-11|moneyline|None|92053914103760710336074569621249233187382135630969107259349612482752873529527,moneyline,True
mlb-hou-tb-2026-09-11,mlb-hou-tb-2026-09-11|moneyline|None|92053914103760710336074569621249233187382135630969107259349612482752873529527,moneyline,True
mlb-hou-tb-2026-09-11,mlb-hou-tb-2026-09-11|moneyline|None|92053914103760710336074569621249233187382135630969107259349612482752873529527,moneyline,True
mlb-hou-tb-2026-09-11,mlb-hou-tb-2026-09-11|moneyline|None|92053914103760710336074569621249233187382135630969107259349612482752873529527,moneyline,True
mlb-hou-tb-2026-09-11,mlb-hou-tb-2026-09-11|moneyline|None|92053914103760710336074569621249233187382135630969107259349612482752873529527,moneyline,True
mlb-hou-tb-2026-09-11,mlb-hou-tb-2026-09-11|moneyline|None|92053914103760710336074569621249233187382135630969107259349612482752873529527,moneyline,True
mlb-hou-tb-2026-09-11,mlb-hou-tb-2026-09-11|moneyline|None|92053914103760710336074569621249233187382135630969107259349612482752873529527,moneyline,False
mlb-hou-tb-2026-09-11,mlb-hou-tb-2026-09-11|moneyline|None|92053914103760710336074569621249233187382135630969107259349612482752873529527,moneyline,False
mlb-hou-tb-2026-09-11,mlb-hou-tb-2026-09-11|moneyline|None|92053914103760710336074569621249233187382135630969107259349612482752873529527,moneyline,True
mlb-hou-tb-2026-09-11,mlb-hou-tb-2026-09-11|moneyline|None|92053914103760710336074569621249233187382135630969107259349612482752873529527,moneyline,True
mlb-hou-tb-2026-09-11,mlb-hou-tb-2026-09-11|moneyline|None|92053914103760710336074569621249233187382135630969107259349612482752873529527,moneyline,False
mlb-hou-tb-2026-09-11,mlb-hou-tb-2026-09-11|moneyline|None|92053914103760710336074569621249233187382135630969107259349612482752873529527,moneyline,True
mlb-hou-tb-2026-09-11,mlb-hou-tb-2026-09-11|moneyline|None|92053914103760710336074569621249233187382135630969107259349612482752873529527,moneyline,True
mlb-hou-tb-2026-09-11,mlb-hou-tb-2026-09-11|moneyline|None|92053914103760710336074569621249233187382135630969107259349612482752873529527,moneyline,False
mlb-hou-tb-2026-09-11,mlb-hou-tb-2026-09-11|moneyline|None|92053914103760710336074569621249233187382135630969107259349612482752873529527,moneyline,True
mlb-hou-tb-2026-09-11,mlb-hou-tb-2026-09-11|moneyline|None|92053914103760710336074569621249233187382135630969107259349612482752873529527,moneyline,True
mlb-hou-tb-2026-09-11,mlb-hou-tb-2026-09-11|moneyline|None|92053914103760710336074569621249233187382135630969107259349612482752873529527,moneyline,False
mlb-hou-tb-2026-09-11,mlb-hou-tb-2026-09-11|moneyline|None|92053914103760710336074569621249233187382135630969107259349612482752873529527,moneyline,True
mlb-hou-tb-2026-09-11,mlb-hou-tb-2026-09-11|moneyline|None|92053914103760710336074569621249233187382135630969107259349612482752873529527,moneyline,True
mlb-hou-tb-2026-09-11,mlb-hou-tb-2026-09-11|moneyline|None|92053914103760710336074569621249233187382135630969107259349612482752873529527,moneyline,False
mlb-hou-tb-2026-09-11,mlb-hou-tb-2026-09-11|moneyline|None|92053914103760710336074569621249233187382135630969107259349612482752873529527,moneyline,True
mlb-hou-tb-2026-09-11,mlb-hou-tb-2026-09-11|moneyline|None|92053914103760710336074569621249233187382135630969107259349612482752873529527,moneyline,True
mlb-hou-tb-2026-09-11,mlb-hou-tb-2026-09-11|moneyline|None|92053914103760710336074569621249233187382135630969107259349612482752873529527,moneyline,True
mlb-hou-tb-2026-09-11,mlb-hou-tb-2026-09-11|moneyline|None|92053914103760710336074569621249233187382135630969107259349612482752873529527,moneyline,True
mlb-hou-tb-2026-09-11,mlb-hou-tb-2026-09-11|moneyline|None|92053914103760710336074569621249233187382135630969107259349612482752873529527,moneyline,True
mlb-hou-tb-2026-09-11,mlb-hou-tb-2026-09-11|moneyline|None|92053914103760710336074569621249233187382135630969107259349612482752873529527,moneyline,False
mlb-hou-tb-2026-09-11,mlb-hou-tb-2026-09-11|moneyline|None|92053914103760710336074569621249233187382135630969107259349612482752873529527,moneyline,True
mlb-hou-tb-2026-09-11,mlb-hou-tb-2026-09-11|spread|-1.5|68629134577691502530702589316402741373153837211051847866192536978759929409840,spread,False
mlb-hou-tb-2026-09-11,mlb-hou-tb-2026-09-11|spread|-1.5|68629134577691502530702589316402741373153837211051847866192536978759929409840,spread,True
mlb-hou-tb-2026-09-11,mlb-hou-tb-2026-09-11|spread|-1.5|68629134577691502530702589316402741373153837211051847866192536978759929409840,spread,True
mlb-hou-tb-2026-09-11,mlb-hou-tb-2026-09-11|spread|-1.5|68629134577691502530702589316402741373153837211051847866192536978759929409840,spread,True
mlb-hou-tb-2026-09-11,mlb-hou-tb-2026-09-11|spread|-1.5|68629134577691502530702589316402741373153837211051847866192536978759929409840,spread,True
mlb-hou-tb-2026-09-11,mlb-hou-tb-2026-09-11|spread|-1.5|68629134577691502530702589316402741373153837211051847866192536978759929409840,spread,True
mlb-hou-tb-2026-09-11,mlb-hou-tb-2026-09-11|spread|-1.5|68629134577691502530702589316402741373153837211051847866192536978759929409840,spread,True
mlb-hou-tb-2026-09-11,mlb-hou-tb-2026-09-11|spread|-1.5|68629134577691502530702589316402741373153837211051847866192536978759929409840,spread,False
mlb-hou-tb-2026-09-11,mlb-hou-tb-2026-09-11|spread|-1.5|68629134577691502530702589316402741373153837211051847866192536978759929409840,spread,False
mlb-hou-tb-2026-09-11,mlb-hou-tb-2026-09-11|spread|-1.5|68629134577691502530702589316402741373153837211051847866192536978759929409840,spread,False
mlb-hou-tb-2026-09-11,mlb-hou-tb-2026-09-11|spread|-1.5|68629134577691502530702589316402741373153837211051847866192536978759929409840,spread,True
mlb-hou-tb-2026-09-11,mlb-hou-tb-2026-09-11|spread|-1.5|68629134577691502530702589316402741373153837211051847866192536978759929409840,spread,False
mlb-hou-tb-2026-09-11,mlb-hou-tb-2026-09-11|spread|-1.5|68629134577691502530702589316402741373153837211051847866192536978759929409840,spread,True
mlb-hou-tb-2026-09-11,mlb-hou-tb-2026-09-11|spread|-1.5|68629134577691502530702589316402741373153837211051847866192536978759929409840,spread,False
mlb-hou-tb-2026-09-11,mlb-hou-tb-2026-09-11|spread|-1.5|68629134577691502530702589316402741373153837211051847866192536978759929409840,spread,True
mlb-hou-tb-2026-09-11,mlb-hou-tb-2026-09-11|spread|-1.5|68629134577691502530702589316402741373153837211051847866192536978759929409840,spread,False
mlb-hou-tb-2026-09-11,mlb-hou-tb-2026-09-11|spread|-1.5|68629134577691502530702589316402741373153837211051847866192536978759929409840,spread,True
mlb-hou-tb-2026-09-11,mlb-hou-tb-2026-09-11|spread|-1.5|68629134577691502530702589316402741373153837211051847866192536978759929409840,spread,True
mlb-hou-tb-2026-09-11,mlb-hou-tb-2026-09-11|spread|-1.5|68629134577691502530702589316402741373153837211051847866192536978759929409840,spread,False
mlb-hou-tb-2026-09-11,mlb-hou-tb-2026-09-11|spread|-1.5|68629134577691502530702589316402741373153837211051847866192536978759929409840,spread,False
mlb-hou-tb-2026-09-11,mlb-hou-tb-2026-09-11|spread|-1.5|68629134577691502530702589316402741373153837211051847866192536978759929409840,spread,False
mlb-hou-tb-2026-09-11,mlb-hou-tb-2026-09-11|spread|-1.5|68629134577691502530702589316402741373153837211051847866192536978759929409840,spread,False
mlb-hou-tb-2026-09-11,mlb-hou-tb-2026-09-11|spread|-1.5|68629134577691502530702589316402741373153837211051847866192536978759929409840,spread,False
mlb-hou-tb-2026-09-11,mlb-hou-tb-2026-09-11|spread|-1.5|68629134577691502530702589316402741373153837211051847866192536978759929409840,spread,True
mlb-hou-tb-2026-09-11,mlb-hou-tb-2026-09-11|spread|-1.5|68629134577691502530702589316402741373153837211051847866192536978759929409840,spread,False
mlb-hou-tb-2026-09-11,mlb-hou-tb-2026-09-11|spread|-1.5|68629134577691502530702589316402741373153837211051847866192536978759929409840,spread,True
mlb-hou-tb-2026-09-11,mlb-hou-tb-2026-09-11|spread|-1.5|68629134577691502530702589316402741373153837211051847866192536978759929409840,spread,True
mlb-hou-tb-2026-09-11,mlb-hou-tb-2026-09-11|spread|-1.5|68629134577691502530702589316402741373153837211051847866192536978759929409840,spread,True
mlb-hou-tb-2026-09-11,mlb-hou-tb-2026-09-11|spread|-1.5|68629134577691502530702589316402741373153837211051847866192536978759929409840,spread,True
mlb-hou-tb-2026-09-11,mlb-hou-tb-2026-09-11|spread|-1.5|68629134577691502530702589316402741373153837211051847866192536978759929409840,spread,True
mlb-hou-tb-2026-09-11,mlb-hou-tb-2026-09-11|spread|-1.5|68629134577691502530702589316402741373153837211051847866192536978759929409840,spread,False
mlb-hou-tb-2026-09-11,mlb-hou-tb-2026-09-11|spread|-1.5|68629134577691502530702589316402741373153837211051847866192536978759929409840,spread,True
mlb-hou-tb-2026-09-11,mlb-hou-tb-2026-09-11|spread|-1.5|68629134577691502530702589316402741373153837211051847866192536978759929409840,spread,False
mlb-hou-tb-2026-09-11,mlb-hou-tb-2026-09-11|spread|-1.5|68629134577691502530702589316402741373153837211051847866192536978759929409840,spread,False
mlb-hou-tb-2026-09-11,mlb-hou-tb-2026-09-11|spread|-1.5|68629134577691502530702589316402741373153837211051847866192536978759929409840,spread,False
mlb-hou-tb-2026-09-11,mlb-hou-tb-2026-09-11|spread|-1.5|68629134577691502530702589316402741373153837211051847866192536978759929409840,spread,True
mlb-hou-tb-2026-09-11,mlb-hou-tb-2026-09-11|spread|-1.5|68629134577691502530702589316402741373153837211051847866192536978759929409840,spread,True
mlb-hou-tb-2026-09-11,mlb-hou-tb-2026-09-11|spread|-1.5|68629134577691502530702589316402741373153837211051847866192536978759929409840,spread,True
mlb-hou-tb-2026-09-11,mlb-hou-tb-2026-09-11|spread|-1.5|68629134577691502530702589316402741373153837211051847866192536978759929409840,spread,False
mlb-hou-tb-2026-09-11,mlb-hou-tb-2026-09-11|spread|-1.5|68629134577691502530702589316402741373153837211051847866192536978759929409840,spread,True
mlb-hou-tb-2026-09-11,mlb-hou-tb-2026-09-11|spread|-1.5|68629134577691502530702589316402741373153837211051847866192536978759929409840,spread,True
mlb-hou-tb-2026-09-11,mlb-hou-tb-2026-09-11|spread|-1.5|68629134577691502530702589316402741373153837211051847866192536978759929409840,spread,False
mlb-hou-tb-2026-09-11,mlb-hou-tb-2026-09-11|spread|-1.5|68629134577691502530702589316402741373153837211051847866192536978759929409840,spread,True
mlb-hou-tb-2026-09-11,mlb-hou-tb-2026-09-11|spread|-1.5|68629134577691502530702589316402741373153837211051847866192536978759929409840,spread,True
mlb-hou-tb-2026-09-11,mlb-hou-tb-2026-09-11|spread|-1.5|68629134577691502530702589316402741373153837211051847866192536978759929409840,spread,True
mlb-hou-tb-2026-09-11,mlb-hou-tb-2026-09-11|spread|-1.5|68629134577691502530702589316402741373153837211051847866192536978759929409840,spread,True
mlb-hou-tb-2026-09-11,mlb-hou-tb-2026-09-11|spread|-1.5|68629134577691502530702589316402741373153837211051847866192536978759929409840,spread,True
mlb-hou-tb-2026-09-11,mlb-hou-tb-2026-09-11|spread|-1.5|68629134577691502530702589316402741373153837211051847866192536978759929409840,spread,False
mlb-hou-tb-2026-09-11,mlb-hou-tb-2026-09-11|spread|-1.5|68629134577691502530702589316402741373153837211051847866192536978759929409840,spread,True
mlb-hou-tb-2026-09-11,mlb-hou-tb-2026-09-11|spread|-1.5|68629134577691502530702589316402741373153837211051847866192536978759929409840,spread,False
mlb-hou-tb-2026-09-11,mlb-hou-tb-2026-09-11|spread|-1.5|68629134577691502530702589316402741373153837211051847866192536978759929409840,spread,False
mlb-hou-tb-2026-09-11,mlb-hou-tb-2026-09-11|spread|-1.5|68629134577691502530702589316402741373153837211051847866192536978759929409840,spread,True
mlb-hou-tb-2026-09-11,mlb-hou-tb-2026-09-11|spread|-1.5|68629134577691502530702589316402741373153837211051847866192536978759929409840,spread,False
mlb-hou-tb-2026-09-11,mlb-hou-tb-2026-09-11|spread|-1.5|68629134577691502530702589316402741373153837211051847866192536978759929409840,spread,True
mlb-hou-tb-2026-09-11,mlb-hou-tb-2026-09-11|spread|-1.5|68629134577691502530702589316402741373153837211051847866192536978759929409840,spread,False
mlb-hou-tb-2026-09-11,mlb-hou-tb-2026-09-11|spread|-1.5|68629134577691502530702589316402741373153837211051847866192536978759929409840,spread,False
mlb-hou-tb-2026-09-11,mlb-hou-tb-2026-09-11|spread|-1.5|68629134577691502530702589316402741373153837211051847866192536978759929409840,spread,True
mlb-hou-tb-2026-09-11,mlb-hou-tb-2026-09-11|spread|-1.5|68629134577691502530702589316402741373153837211051847866192536978759929409840,spread,False
mlb-hou-tb-2026-09-11,mlb-hou-tb-2026-09-11|spread|-1.5|68629134577691502530702589316402741373153837211051847866192536978759929409840,spread,True
mlb-hou-tb-2026-09-11,mlb-hou-tb-2026-09-11|spread|-1.5|68629134577691502530702589316402741373153837211051847866192536978759929409840,spread,True
mlb-hou-tb-2026-09-11,mlb-hou-tb-2026-09-11|spread|-1.5|68629134577691502530702589316402741373153837211051847866192536978759929409840,spread,False
mlb-hou-tb-2026-09-11,mlb-hou-tb-2026-09-11|spread|-1.5|68629134577691502530702589316402741373153837211051847866192536978759929409840,spread,False
mlb-hou-tb-2026-09-11,mlb-hou-tb-2026-09-11|spread|-1.5|68629134577691502530702589316402741373153837211051847866192536978759929409840,spread,True
mlb-hou-tb-2026-09-11,mlb-hou-tb-2026-09-11|spread|-1.5|68629134577691502530702589316402741373153837211051847866192536978759929409840,spread,True
mlb-hou-tb-2026-09-11,mlb-hou-tb-2026-09-11|spread|-1.5|68629134577691502530702589316402741373153837211051847866192536978759929409840,spread,False
mlb-hou-tb-2026-09-11,mlb-hou-tb-2026-09-11|spread|-1.5|68629134577691502530702589316402741373153837211051847866192536978759929409840,spread,False
mlb-hou-tb-2026-09-11,mlb-hou-tb-2026-09-11|spread|-1.5|68629134577691502530702589316402741373153837211051847866192536978759929409840,spread,False
mlb-hou-tb-2026-09-11,mlb-hou-tb-2026-09-11|spread|-1.5|78581598927960150595529250864490728135425877155755916335014438622870006574489,spread,False
mlb-hou-tb-2026-09-11,mlb-hou-tb-2026-09-11|spread|-1.5|78581598927960150595529250864490728135425877155755916335014438622870006574489,spread,False
mlb-hou-tb-2026-09-11,mlb-hou-tb-2026-09-11|spread|-1.5|78581598927960150595529250864490728135425877155755916335014438622870006574489,spread,True
mlb-hou-tb-2026-09-11,mlb-hou-tb-2026-09-11|spread|-1.5|78581598927960150595529250864490728135425877155755916335014438622870006574489,spread,False
mlb-hou-tb-2026-09-11,mlb-hou-tb-2026-09-11|spread|-1.5|78581598927960150595529250864490728135425877155755916335014438622870006574489,spread,False
mlb-hou-tb-2026-09-11,mlb-hou-tb-2026-09-11|spread|-1.5|78581598927960150595529250864490728135425877155755916335014438622870006574489,spread,False
mlb-hou-tb-2026-09-11,mlb-hou-tb-2026-09-11|spread|-1.5|78581598927960150595529250864490728135425877155755916335014438622870006574489,spread,False
mlb-hou-tb-2026-09-11,mlb-hou-tb-2026-09-11|spread|-1.5|78581598927960150595529250864490728135425877155755916335014438622870006574489,spread,True
mlb-hou-tb-2026-09-11,mlb-hou-tb-2026-09-11|spread|-1.5|78581598927960150595529250864490728135425877155755916335014438622870006574489,spread,False
mlb-hou-tb-2026-09-11,mlb-hou-tb-2026-09-11|spread|-1.5|78581598927960150595529250864490728135425877155755916335014438622870006574489,spread,True
mlb-hou-tb-2026-09-11,mlb-hou-tb-2026-09-11|spread|-1.5|78581598927960150595529250864490728135425877155755916335014438622870006574489,spread,False
mlb-hou-tb-2026-09-11,mlb-hou-tb-2026-09-11|spread|-1.5|78581598927960150595529250864490728135425877155755916335014438622870006574489,spread,False
mlb-hou-tb-2026-09-11,mlb-hou-tb-2026-09-11|spread|-1.5|78581598927960150595529250864490728135425877155755916335014438622870006574489,spread,False
mlb-hou-tb-2026-09-11,mlb-hou-tb-2026-09-11|spread|-1.5|78581598927960150595529250864490728135425877155755916335014438622870006574489,spread,False
mlb-hou-tb-2026-09-11,mlb-hou-tb-2026-09-11|spread|-1.5|78581598927960150595529250864490728135425877155755916335014438622870006574489,spread,False
mlb-hou-tb-2026-09-11,mlb-hou-tb-2026-09-11|spread|-1.5|78581598927960150595529250864490728135425877155755916335014438622870006574489,spread,False
mlb-hou-tb-2026-09-11,mlb-hou-tb-2026-09-11|spread|-1.5|78581598927960150595529250864490728135425877155755916335014438622870006574489,spread,True
mlb-hou-tb-2026-09-11,mlb-hou-tb-2026-09-11|spread|-1.5|78581598927960150595529250864490728135425877155755916335014438622870006574489,spread,False
mlb-hou-tb-2026-09-11,mlb-hou-tb-2026-09-11|spread|-1.5|78581598927960150595529250864490728135425877155755916335014438622870006574489,spread,False
mlb-hou-tb-2026-09-11,mlb-hou-tb-2026-09-11|spread|-1.5|78581598927960150595529250864490728135425877155755916335014438622870006574489,spread,False
mlb-hou-tb-2026-09-11,mlb-hou-tb-2026-09-11|spread|-1.5|78581598927960150595529250864490728135425877155755916335014438622870006574489,spread,False
mlb-hou-tb-2026-09-11,mlb-hou-tb-2026-09-11|spread|-1.5|78581598927960150595529250864490728135425877155755916335014438622870006574489,spread,False
mlb-hou-tb-2026-09-11,mlb-hou-tb-2026-09-11|spread|-1.5|78581598927960150595529250864490728135425877155755916335014438622870006574489,spread,True
mlb-hou-tb-2026-09-11,mlb-hou-tb-2026-09-11|spread|-1.5|78581598927960150595529250864490728135425877155755916335014438622870006574489,spread,False
mlb-hou-tb-2026-09-11,mlb-hou-tb-2026-09-11|spread|-1.5|78581598927960150595529250864490728135425877155755916335014438622870006574489,spread,False
mlb-hou-tb-2026-09-11,mlb-hou-tb-2026-09-11|spread|-1.5|78581598927960150595529250864490728135425877155755916335014438622870006574489,spread,True
mlb-hou-tb-2026-09-11,mlb-hou-tb-2026-09-11|spread|-1.5|78581598927960150595529250864490728135425877155755916335014438622870006574489,spread,True
mlb-hou-tb-2026-09-11,mlb-hou-tb-2026-09-11|spread|-1.5|78581598927960150595529250864490728135425877155755916335014438622870006574489,spread,False
mlb-hou-tb-2026-09-11,mlb-hou-tb-2026-09-11|spread|-1.5|78581598927960150595529250864490728135425877155755916335014438622870006574489,spread,True
mlb-hou-tb-2026-09-11,mlb-hou-tb-2026-09-11|spread|-1.5|78581598927960150595529250864490728135425877155755916335014438622870006574489,spread,True
mlb-hou-tb-2026-09-11,mlb-hou-tb-2026-09-11|spread|-1.5|78581598927960150595529250864490728135425877155755916335014438622870006574489,spread,False
mlb-hou-tb-2026-09-11,mlb-hou-tb-2026-09-11|spread|-1.5|78581598927960150595529250864490728135425877155755916335014438622870006574489,spread,False
mlb-hou-tb-2026-09-11,mlb-hou-tb-2026-09-11|spread|-1.5|78581598927960150595529250864490728135425877155755916335014438622870006574489,spread,False
mlb-hou-tb-2026-09-11,mlb-hou-tb-2026-09-11|spread|-1.5|78581598927960150595529250864490728135425877155755916335014438622870006574489,spread,True
mlb-hou-tb-2026-09-11,mlb-hou-tb-2026-09-11|spread|-1.5|78581598927960150595529250864490728135425877155755916335014438622870006574489,spread,False
mlb-hou-tb-2026-09-11,mlb-hou-tb-2026-09-11|spread|-1.5|78581598927960150595529250864490728135425877155755916335014438622870006574489,spread,True
mlb-hou-tb-2026-09-11,mlb-hou-tb-2026-09-11|spread|-1.5|78581598927960150595529250864490728135425877155755916335014438622870006574489,spread,False
mlb-hou-tb-2026-09-11,mlb-hou-tb-2026-09-11|spread|-1.5|78581598927960150595529250864490728135425877155755916335014438622870006574489,spread,True
mlb-hou-tb-2026-09-11,mlb-hou-tb-2026-09-11|spread|-1.5|78581598927960150595529250864490728135425877155755916335014438622870006574489,spread,False
mlb-hou-tb-2026-09-11,mlb-hou-tb-2026-09-11|spread|-1.5|78581598927960150595529250864490728135425877155755916335014438622870006574489,spread,False
mlb-hou-tb-2026-09-11,mlb-hou-tb-2026-09-11|spread|-1.5|78581598927960150595529250864490728135425877155755916335014438622870006574489,spread,True
mlb-hou-tb-2026-09-11,mlb-hou-tb-2026-09-11|spread|-1.5|78581598927960150595529250864490728135425877155755916335014438622870006574489,spread,True
mlb-hou-tb-2026-09-11,mlb-hou-tb-2026-09-11|spread|-1.5|78581598927960150595529250864490728135425877155755916335014438622870006574489,spread,True
mlb-hou-tb-2026-09-11,mlb-hou-tb-2026-09-11|spread|-1.5|78581598927960150595529250864490728135425877155755916335014438622870006574489,spread,True
mlb-hou-tb-2026-09-11,mlb-hou-tb-2026-09-11|spread|-1.5|78581598927960150595529250864490728135425877155755916335014438622870006574489,spread,True
mlb-hou-tb-2026-09-11,mlb-hou-tb-2026-09-11|spread|-1.5|78581598927960150595529250864490728135425877155755916335014438622870006574489,spread,False
mlb-hou-tb-2026-09-11,mlb-hou-tb-2026-09-11|spread|-1.5|78581598927960150595529250864490728135425877155755916335014438622870006574489,spread,False
mlb-hou-tb-2026-09-11,mlb-hou-tb-2026-09-11|spread|-1.5|78581598927960150595529250864490728135425877155755916335014438622870006574489,spread,False
mlb-hou-tb-2026-09-11,mlb-hou-tb-2026-09-11|spread|-1.5|78581598927960150595529250864490728135425877155755916335014438622870006574489,spread,True
mlb-hou-tb-2026-09-11,mlb-hou-tb-2026-09-11|spread|-1.5|78581598927960150595529250864490728135425877155755916335014438622870006574489,spread,False
mlb-hou-tb-2026-09-11,mlb-hou-tb-2026-09-11|spread|-1.5|78581598927960150595529250864490728135425877155755916335014438622870006574489,spread,False
mlb-hou-tb-2026-09-11,mlb-hou-tb-2026-09-11|spread|-1.5|78581598927960150595529250864490728135425877155755916335014438622870006574489,spread,False
mlb-hou-tb-2026-09-11,mlb-hou-tb-2026-09-11|spread|-1.5|78581598927960150595529250864490728135425877155755916335014438622870006574489,spread,False
mlb-hou-tb-2026-09-11,mlb-hou-tb-2026-09-11|spread|-1.5|78581598927960150595529250864490728135425877155755916335014438622870006574489,spread,False
mlb-hou-tb-2026-09-11,mlb-hou-tb-2026-09-11|spread|-1.5|78581598927960150595529250864490728135425877155755916335014438622870006574489,spread,False
mlb-hou-tb-2026-09-11,mlb-hou-tb-2026-09-11|spread|-1.5|78581598927960150595529250864490728135425877155755916335014438622870006574489,spread,False
mlb-hou-tb-2026-09-11,mlb-hou-tb-2026-09-11|spread|-1.5|78581598927960150595529250864490728135425877155755916335014438622870006574489,spread,True
mlb-hou-tb-2026-09-11,mlb-hou-tb-2026-09-11|spread|-1.5|78581598927960150595529250864490728135425877155755916335014438622870006574489,spread,True
mlb-hou-tb-2026-09-11,mlb-hou-tb-2026-09-11|spread|-1.5|78581598927960150595529250864490728135425877155755916335014438622870006574489,spread,False
mlb-hou-tb-2026-09-11,mlb-hou-tb-2026-09-11|spread|-1.5|78581598927960150595529250864490728135425877155755916335014438622870006574489,spread,True
mlb-hou-tb-2026-09-11,mlb-hou-tb-2026-09-11|spread|-1.5|78581598927960150595529250864490728135425877155755916335014438622870006574489,spread,True
mlb-hou-tb-2026-09-11,mlb-hou-tb-2026-09-11|spread|-1.5|78581598927960150595529250864490728135425877155755916335014438622870006574489,spread,False
mlb-hou-tb-2026-09-11,mlb-hou-tb-2026-09-11|spread|-1.5|78581598927960150595529250864490728135425877155755916335014438622870006574489,spread,True
mlb-hou-tb-2026-09-11,mlb-hou-tb-2026-09-11|spread|-1.5|78581598927960150595529250864490728135425877155755916335014438622870006574489,spread,True
mlb-hou-tb-2026-09-11,mlb-hou-tb-2026-09-11|spread|-2.5|111162172997256188482132348576009189520926011436823334781491023008308699826383,spread,True
mlb-hou-tb-2026-09-11,mlb-hou-tb-2026-09-11|spread|-2.5|111162172997256188482132348576009189520926011436823334781491023008308699826383,spread,True
mlb-hou-tb-2026-09-11,mlb-hou-tb-2026-09-11|spread|-2.5|111162172997256188482132348576009189520926011436823334781491023008308699826383,spread,False
mlb-hou-tb-2026-09-11,mlb-hou-tb-2026-09-11|spread|-2.5|111162172997256188482132348576009189520926011436823334781491023008308699826383,spread,False
mlb-hou-tb-2026-09-11,mlb-hou-tb-2026-09-11|spread|-2.5|111162172997256188482132348576009189520926011436823334781491023008308699826383,spread,False
mlb-hou-tb-2026-09-11,mlb-hou-tb-2026-09-11|spread|-2.5|111162172997256188482132348576009189520926011436823334781491023008308699826383,spread,True
mlb-hou-tb-2026-09-11,mlb-hou-tb-2026-09-11|spread|-2.5|111162172997256188482132348576009189520926011436823334781491023008308699826383,spread,True
mlb-hou-tb-2026-09-11,mlb-hou-tb-2026-09-11|spread|-2.5|111162172997256188482132348576009189520926011436823334781491023008308699826383,spread,True
mlb-hou-tb-2026-09-11,mlb-hou-tb-2026-09-11|spread|-2.5|111162172997256188482132348576009189520926011436823334781491023008308699826383,spread,False
mlb-hou-tb-2026-09-11,mlb-hou-tb-2026-09-11|spread|-2.5|111162172997256188482132348576009189520926011436823334781491023008308699826383,spread,False
mlb-hou-tb-2026-09-11,mlb-hou-tb-2026-09-11|spread|-2.5|111162172997256188482132348576009189520926011436823334781491023008308699826383,spread,True
mlb-hou-tb-2026-09-11,mlb-hou-tb-2026-09-11|spread|-2.5|111162172997256188482132348576009189520926011436823334781491023008308699826383,spread,False
mlb-hou-tb-2026-09-11,mlb-hou-tb-2026-09-11|spread|-2.5|111162172997256188482132348576009189520926011436823334781491023008308699826383,spread,True
mlb-hou-tb-2026-09-11,mlb-hou-tb-2026-09-11|spread|-2.5|111162172997256188482132348576009189520926011436823334781491023008308699826383,spread,True
mlb-hou-tb-2026-09-11,mlb-hou-tb-2026-09-11|spread|-2.5|111162172997256188482132348576009189520926011436823334781491023008308699826383,spread,True
mlb-hou-tb-2026-09-11,mlb-hou-tb-2026-09-11|spread|-2.5|111162172997256188482132348576009189520926011436823334781491023008308699826383,spread,False
mlb-hou-tb-2026-09-11,mlb-hou-tb-2026-09-11|spread|-2.5|111162172997256188482132348576009189520926011436823334781491023008308699826383,spread,True
mlb-hou-tb-2026-09-11,mlb-hou-tb-2026-09-11|spread|-2.5|111162172997256188482132348576009189520926011436823334781491023008308699826383,spread,True
mlb-hou-tb-2026-09-11,mlb-hou-tb-2026-09-11|spread|-2.5|111162172997256188482132348576009189520926011436823334781491023008308699826383,spread,True
mlb-hou-tb-2026-09-11,mlb-hou-tb-2026-09-11|spread|-2.5|111162172997256188482132348576009189520926011436823334781491023008308699826383,spread,False
mlb-hou-tb-2026-09-11,mlb-hou-tb-2026-09-11|spread|-2.5|111162172997256188482132348576009189520926011436823334781491023008308699826383,spread,True
mlb-hou-tb-2026-09-11,mlb-hou-tb-2026-09-11|spread|-2.5|111162172997256188482132348576009189520926011436823334781491023008308699826383,spread,False
mlb-hou-tb-2026-09-11,mlb-hou-tb-2026-09-11|spread|-2.5|111162172997256188482132348576009189520926011436823334781491023008308699826383,spread,False
mlb-hou-tb-2026-09-11,mlb-hou-tb-2026-09-11|spread|-2.5|111162172997256188482132348576009189520926011436823334781491023008308699826383,spread,True
mlb-hou-tb-2026-09-11,mlb-hou-tb-2026-09-11|spread|-2.5|111162172997256188482132348576009189520926011436823334781491023008308699826383,spread,True
mlb-hou-tb-2026-09-11,mlb-hou-tb-2026-09-11|spread|-2.5|111162172997256188482132348576009189520926011436823334781491023008308699826383,spread,False
mlb-hou-tb-2026-09-11,mlb-hou-tb-2026-09-11|spread|-2.5|111162172997256188482132348576009189520926011436823334781491023008308699826383,spread,True
mlb-hou-tb-2026-09-11,mlb-hou-tb-2026-09-11|spread|-2.5|111162172997256188482132348576009189520926011436823334781491023008308699826383,spread,True
mlb-hou-tb-2026-09-11,mlb-hou-tb-2026-09-11|spread|-2.5|111162172997256188482132348576009189520926011436823334781491023008308699826383,spread,False
mlb-hou-tb-2026-09-11,mlb-hou-tb-2026-09-11|spread|-2.5|111162172997256188482132348576009189520926011436823334781491023008308699826383,spread,True
mlb-hou-tb-2026-09-11,mlb-hou-tb-2026-09-11|spread|-2.5|111162172997256188482132348576009189520926011436823334781491023008308699826383,spread,False
mlb-hou-tb-2026-09-11,mlb-hou-tb-2026-09-11|spread|-2.5|111162172997256188482132348576009189520926011436823334781491023008308699826383,spread,False
mlb-hou-tb-2026-09-11,mlb-hou-tb-2026-09-11|spread|-2.5|111162172997256188482132348576009189520926011436823334781491023008308699826383,spread,True
mlb-hou-tb-2026-09-11,mlb-hou-tb-2026-09-11|spread|-2.5|111162172997256188482132348576009189520926011436823334781491023008308699826383,spread,True
mlb-hou-tb-2026-09-11,mlb-hou-tb-2026-09-11|spread|-2.5|111162172997256188482132348576009189520926011436823334781491023008308699826383,spread,False
mlb-hou-tb-2026-09-11,mlb-hou-tb-2026-09-11|spread|-2.5|111162172997256188482132348576009189520926011436823334781491023008308699826383,spread,True
mlb-hou-tb-2026-09-11,mlb-hou-tb-2026-09-11|spread|-2.5|111162172997256188482132348576009189520926011436823334781491023008308699826383,spread,True
mlb-hou-tb-2026-09-11,mlb-hou-tb-2026-09-11|spread|-2.5|111162172997256188482132348576009189520926011436823334781491023008308699826383,spread,True
mlb-hou-tb-2026-09-11,mlb-hou-tb-2026-09-11|spread|-2.5|111162172997256188482132348576009189520926011436823334781491023008308699826383,spread,True
mlb-hou-tb-2026-09-11,mlb-hou-tb-2026-09-11|spread|-2.5|111162172997256188482132348576009189520926011436823334781491023008308699826383,spread,False
mlb-hou-tb-2026-09-11,mlb-hou-tb-2026-09-11|spread|-2.5|111162172997256188482132348576009189520926011436823334781491023008308699826383,spread,False
mlb-hou-tb-2026-09-11,mlb-hou-tb-2026-09-11|spread|-2.5|111162172997256188482132348576009189520926011436823334781491023008308699826383,spread,True
mlb-hou-tb-2026-09-11,mlb-hou-tb-2026-09-11|spread|-2.5|111162172997256188482132348576009189520926011436823334781491023008308699826383,spread,False
mlb-hou-tb-2026-09-11,mlb-hou-tb-2026-09-11|spread|-2.5|111162172997256188482132348576009189520926011436823334781491023008308699826383,spread,True
mlb-hou-tb-2026-09-11,mlb-hou-tb-2026-09-11|spread|-2.5|111162172997256188482132348576009189520926011436823334781491023008308699826383,spread,True
mlb-hou-tb-2026-09-11,mlb-hou-tb-2026-09-11|spread|-2.5|111162172997256188482132348576009189520926011436823334781491023008308699826383,spread,False
mlb-hou-tb-2026-09-11,mlb-hou-tb-2026-09-11|spread|-2.5|111162172997256188482132348576009189520926011436823334781491023008308699826383,spread,False
mlb-hou-tb-2026-09-11,mlb-hou-tb-2026-09-11|spread|-2.5|111162172997256188482132348576009189520926011436823334781491023008308699826383,spread,False
mlb-hou-tb-2026-09-11,mlb-hou-tb-2026-09-11|spread|-2.5|111162172997256188482132348576009189520926011436823334781491023008308699826383,spread,False
mlb-hou-tb-2026-09-11,mlb-hou-tb-2026-09-11|spread|-2.5|111162172997256188482132348576009189520926011436823334781491023008308699826383,spread,True
mlb-hou-tb-2026-09-11,mlb-hou-tb-2026-09-11|spread|-2.5|111162172997256188482132348576009189520926011436823334781491023008308699826383,spread,True
mlb-hou-tb-2026-09-11,mlb-hou-tb-2026-09-11|spread|-2.5|111162172997256188482132348576009189520926011436823334781491023008308699826383,spread,False
mlb-hou-tb-2026-09-11,mlb-hou-tb-2026-09-11|spread|-2.5|111162172997256188482132348576009189520926011436823334781491023008308699826383,spread,True
mlb-hou-tb-2026-09-11,mlb-hou-tb-2026-09-11|spread|-2.5|111162172997256188482132348576009189520926011436823334781491023008308699826383,spread,False
mlb-hou-tb-2026-09-11,mlb-hou-tb-2026-09-11|spread|-2.5|111162172997256188482132348576009189520926011436823334781491023008308699826383,spread,False
mlb-hou-tb-2026-09-11,mlb-hou-tb-2026-09-11|spread|-2.5|3643717031769261609682625092354458101294599642877046098944782429183410887229,spread,True
mlb-hou-tb-2026-09-11,mlb-hou-tb-2026-09-11|spread|-2.5|3643717031769261609682625092354458101294599642877046098944782429183410887229,spread,False
mlb-hou-tb-2026-09-11,mlb-hou-tb-2026-09-11|spread|-2.5|3643717031769261609682625092354458101294599642877046098944782429183410887229,spread,False
mlb-hou-tb-2026-09-11,mlb-hou-tb-2026-09-11|spread|-2.5|3643717031769261609682625092354458101294599642877046098944782429183410887229,spread,False
mlb-hou-tb-2026-09-11,mlb-hou-tb-2026-09-11|spread|-2.5|3643717031769261609682625092354458101294599642877046098944782429183410887229,spread,True
mlb-hou-tb-2026-09-11,mlb-hou-tb-2026-09-11|spread|-2.5|3643717031769261609682625092354458101294599642877046098944782429183410887229,spread,False
mlb-hou-tb-2026-09-11,mlb-hou-tb-2026-09-11|spread|-2.5|3643717031769261609682625092354458101294599642877046098944782429183410887229,spread,False
mlb-hou-tb-2026-09-11,mlb-hou-tb-2026-09-11|spread|-2.5|3643717031769261609682625092354458101294599642877046098944782429183410887229,spread,False
mlb-hou-tb-2026-09-11,mlb-hou-tb-2026-09-11|spread|-2.5|3643717031769261609682625092354458101294599642877046098944782429183410887229,spread,True
mlb-hou-tb-2026-09-11,mlb-hou-tb-2026-09-11|spread|-2.5|3643717031769261609682625092354458101294599642877046098944782429183410887229,spread,True
mlb-hou-tb-2026-09-11,mlb-hou-tb-2026-09-11|spread|-2.5|3643717031769261609682625092354458101294599642877046098944782429183410887229,spread,False
mlb-hou-tb-2026-09-11,mlb-hou-tb-2026-09-11|spread|-2.5|3643717031769261609682625092354458101294599642877046098944782429183410887229,spread,True
mlb-hou-tb-2026-09-11,mlb-hou-tb-2026-09-11|spread|-2.5|3643717031769261609682625092354458101294599642877046098944782429183410887229,spread,True
mlb-hou-tb-2026-09-11,mlb-hou-tb-2026-09-11|spread|-2.5|3643717031769261609682625092354458101294599642877046098944782429183410887229,spread,False
mlb-hou-tb-2026-09-11,mlb-hou-tb-2026-09-11|spread|-2.5|3643717031769261609682625092354458101294599642877046098944782429183410887229,spread,False
mlb-hou-tb-2026-09-11,mlb-hou-tb-2026-09-11|spread|-2.5|3643717031769261609682625092354458101294599642877046098944782429183410887229,spread,False
mlb-hou-tb-2026-09-11,mlb-hou-tb-2026-09-11|spread|-2.5|3643717031769261609682625092354458101294599642877046098944782429183410887229,spread,False
mlb-hou-tb-2026-09-11,mlb-hou-tb-2026-09-11|spread|-2.5|3643717031769261609682625092354458101294599642877046098944782429183410887229,spread,True
mlb-hou-tb-2026-09-11,mlb-hou-tb-2026-09-11|spread|-2.5|3643717031769261609682625092354458101294599642877046098944782429183410887229,spread,True
mlb-hou-tb-2026-09-11,mlb-hou-tb-2026-09-11|spread|-2.5|3643717031769261609682625092354458101294599642877046098944782429183410887229,spread,True
mlb-hou-tb-2026-09-11,mlb-hou-tb-2026-09-11|spread|-2.5|3643717031769261609682625092354458101294599642877046098944782429183410887229,spread,False
mlb-hou-tb-2026-09-11,mlb-hou-tb-2026-09-11|spread|-2.5|3643717031769261609682625092354458101294599642877046098944782429183410887229,spread,True
mlb-hou-tb-2026-09-11,mlb-hou-tb-2026-09-11|spread|-2.5|3643717031769261609682625092354458101294599642877046098944782429183410887229,spread,False
mlb-hou-tb-2026-09-11,mlb-hou-tb-2026-09-11|spread|-2.5|3643717031769261609682625092354458101294599642877046098944782429183410887229,spread,True
mlb-hou-tb-2026-09-11,mlb-hou-tb-2026-09-11|spread|-2.5|3643717031769261609682625092354458101294599642877046098944782429183410887229,spread,True
mlb-hou-tb-2026-09-11,mlb-hou-tb-2026-09-11|spread|-2.5|3643717031769261609682625092354458101294599642877046098944782429183410887229,spread,False
mlb-hou-tb-2026-09-11,mlb-hou-tb-2026-09-11|spread|-2.5|3643717031769261609682625092354458101294599642877046098944782429183410887229,spread,False
mlb-hou-tb-2026-09-11,mlb-hou-tb-2026-09-11|spread|-2.5|3643717031769261609682625092354458101294599642877046098944782429183410887229,spread,True
mlb-hou-tb-2026-09-11,mlb-hou-tb-2026-09-11|spread|-2.5|3643717031769261609682625092354458101294599642877046098944782429183410887229,spread,True
mlb-hou-tb-2026-09-11,mlb-hou-tb-2026-09-11|spread|-2.5|3643717031769261609682625092354458101294599642877046098944782429183410887229,spread,False
mlb-hou-tb-2026-09-11,mlb-hou-tb-2026-09-11|spread|-2.5|3643717031769261609682625092354458101294599642877046098944782429183410887229,spread,True
mlb-hou-tb-2026-09-11,mlb-hou-tb-2026-09-11|spread|-2.5|3643717031769261609682625092354458101294599642877046098944782429183410887229,spread,True
mlb-hou-tb-2026-09-11,mlb-hou-tb-2026-09-11|spread|-2.5|3643717031769261609682625092354458101294599642877046098944782429183410887229,spread,False
mlb-hou-tb-2026-09-11,mlb-hou-tb-2026-09-11|spread|-2.5|3643717031769261609682625092354458101294599642877046098944782429183410887229,spread,True
mlb-hou-tb-2026-09-11,mlb-hou-tb-2026-09-11|spread|-2.5|3643717031769261609682625092354458101294599642877046098944782429183410887229,spread,True
mlb-hou-tb-2026-09-11,mlb-hou-tb-2026-09-11|spread|-2.5|3643717031769261609682625092354458101294599642877046098944782429183410887229,spread,False
mlb-hou-tb-2026-09-11,mlb-hou-tb-2026-09-11|spread|-2.5|3643717031769261609682625092354458101294599642877046098944782429183410887229,spread,True
mlb-hou-tb-2026-09-11,mlb-hou-tb-2026-09-11|spread|-2.5|3643717031769261609682625092354458101294599642877046098944782429183410887229,spread,True
mlb-hou-tb-2026-09-11,mlb-hou-tb-2026-09-11|spread|-2.5|3643717031769261609682625092354458101294599642877046098944782429183410887229,spread,False
mlb-hou-tb-2026-09-11,mlb-hou-tb-2026-09-11|spread|-2.5|3643717031769261609682625092354458101294599642877046098944782429183410887229,spread,True
mlb-hou-tb-2026-09-11,mlb-hou-tb-2026-09-11|spread|-2.5|3643717031769261609682625092354458101294599642877046098944782429183410887229,spread,False
mlb-hou-tb-2026-09-11,mlb-hou-tb-2026-09-11|spread|-2.5|3643717031769261609682625092354458101294599642877046098944782429183410887229,spread,True
mlb-hou-tb-2026-09-11,mlb-hou-tb-2026-09-11|spread|-2.5|3643717031769261609682625092354458101294599642877046098944782429183410887229,spread,False
mlb-hou-tb-2026-09-11,mlb-hou-tb-2026-09-11|spread|-2.5|3643717031769261609682625092354458101294599642877046098944782429183410887229,spread,True
mlb-hou-tb-2026-09-11,mlb-hou-tb-2026-09-11|spread|-2.5|3643717031769261609682625092354458101294599642877046098944782429183410887229,spread,False
mlb-hou-tb-2026-09-11,mlb-hou-tb-2026-09-11|spread|-2.5|3643717031769261609682625092354458101294599642877046098944782429183410887229,spread,False
mlb-hou-tb-2026-09-11,mlb-hou-tb-2026-09-11|spread|-2.5|3643717031769261609682625092354458101294599642877046098944782429183410887229,spread,True
mlb-hou-tb-2026-09-11,mlb-hou-tb-2026-09-11|spread|-2.5|3643717031769261609682625092354458101294599642877046098944782429183410887229,spread,True
mlb-hou-tb-2026-09-11,mlb-hou-tb-2026-09-11|spread|-2.5|3643717031769261609682625092354458101294599642877046098944782429183410887229,spread,True
mlb-hou-tb-2026-09-11,mlb-hou-tb-2026-09-11|spread|-2.5|3643717031769261609682625092354458101294599642877046098944782429183410887229,spread,False
mlb-hou-tb-2026-09-11,mlb-hou-tb-2026-09-11|spread|-2.5|3643717031769261609682625092354458101294599642877046098944782429183410887229,spread,False
mlb-hou-tb-2026-09-11,mlb-hou-tb-2026-09-11|spread|-2.5|3643717031769261609682625092354458101294599642877046098944782429183410887229,spread,False
mlb-hou-tb-2026-09-11,mlb-hou-tb-2026-09-11|spread|-2.5|3643717031769261609682625092354458101294599642877046098944782429183410887229,spread,True
mlb-hou-tb-2026-09-11,mlb-hou-tb-2026-09-11|spread|-2.5|3643717031769261609682625092354458101294599642877046098944782429183410887229,spread,False
mlb-hou-tb-2026-09-11,mlb-hou-tb-2026-09-11|spread|-2.5|3643717031769261609682625092354458101294599642877046098944782429183410887229,spread,True
mlb-hou-tb-2026-09-11,mlb-hou-tb-2026-09-11|spread|-2.5|3643717031769261609682625092354458101294599642877046098944782429183410887229,spread,False
mlb-kc-bos-2026-09-11,mlb-kc-bos-2026-09-11|moneyline|None|30405502466268309215684803501213130157972453130129494566675040477304802989422,moneyline,True
mlb-kc-bos-2026-09-11,mlb-kc-bos-2026-09-11|moneyline|None|30405502466268309215684803501213130157972453130129494566675040477304802989422,moneyline,True
mlb-kc-bos-2026-09-11,mlb-kc-bos-2026-09-11|moneyline|None|30405502466268309215684803501213130157972453130129494566675040477304802989422,moneyline,True
mlb-kc-bos-2026-09-11,mlb-kc-bos-2026-09-11|moneyline|None|30405502466268309215684803501213130157972453130129494566675040477304802989422,moneyline,False
mlb-kc-bos-2026-09-11,mlb-kc-bos-2026-09-11|moneyline|None|30405502466268309215684803501213130157972453130129494566675040477304802989422,moneyline,False
mlb-kc-bos-2026-09-11,mlb-kc-bos-2026-09-11|moneyline|None|30405502466268309215684803501213130157972453130129494566675040477304802989422,moneyline,True
mlb-kc-bos-2026-09-11,mlb-kc-bos-2026-09-11|moneyline|None|30405502466268309215684803501213130157972453130129494566675040477304802989422,moneyline,False
mlb-kc-bos-2026-09-11,mlb-kc-bos-2026-09-11|moneyline|None|30405502466268309215684803501213130157972453130129494566675040477304802989422,moneyline,True
mlb-kc-bos-2026-09-11,mlb-kc-bos-2026-09-11|moneyline|None|30405502466268309215684803501213130157972453130129494566675040477304802989422,moneyline,True
mlb-kc-bos-2026-09-11,mlb-kc-bos-2026-09-11|moneyline|None|30405502466268309215684803501213130157972453130129494566675040477304802989422,moneyline,True
mlb-kc-bos-2026-09-11,mlb-kc-bos-2026-09-11|moneyline|None|30405502466268309215684803501213130157972453130129494566675040477304802989422,moneyline,False
mlb-kc-bos-2026-09-11,mlb-kc-bos-2026-09-11|moneyline|None|30405502466268309215684803501213130157972453130129494566675040477304802989422,moneyline,True
mlb-kc-bos-2026-09-11,mlb-kc-bos-2026-09-11|moneyline|None|30405502466268309215684803501213130157972453130129494566675040477304802989422,moneyline,True
mlb-kc-bos-2026-09-11,mlb-kc-bos-2026-09-11|moneyline|None|30405502466268309215684803501213130157972453130129494566675040477304802989422,moneyline,True
mlb-kc-bos-2026-09-11,mlb-kc-bos-2026-09-11|moneyline|None|30405502466268309215684803501213130157972453130129494566675040477304802989422,moneyline,True
mlb-kc-bos-2026-09-11,mlb-kc-bos-2026-09-11|moneyline|None|30405502466268309215684803501213130157972453130129494566675040477304802989422,moneyline,True
mlb-kc-bos-2026-09-11,mlb-kc-bos-2026-09-11|moneyline|None|30405502466268309215684803501213130157972453130129494566675040477304802989422,moneyline,True
mlb-kc-bos-2026-09-11,mlb-kc-bos-2026-09-11|moneyline|None|30405502466268309215684803501213130157972453130129494566675040477304802989422,moneyline,True
mlb-kc-bos-2026-09-11,mlb-kc-bos-2026-09-11|moneyline|None|30405502466268309215684803501213130157972453130129494566675040477304802989422,moneyline,True
mlb-kc-bos-2026-09-11,mlb-kc-bos-2026-09-11|moneyline|None|30405502466268309215684803501213130157972453130129494566675040477304802989422,moneyline,True
mlb-kc-bos-2026-09-11,mlb-kc-bos-2026-09-11|moneyline|None|30405502466268309215684803501213130157972453130129494566675040477304802989422,moneyline,False
mlb-kc-bos-2026-09-11,mlb-kc-bos-2026-09-11|moneyline|None|30405502466268309215684803501213130157972453130129494566675040477304802989422,moneyline,True
mlb-kc-bos-2026-09-11,mlb-kc-bos-2026-09-11|moneyline|None|30405502466268309215684803501213130157972453130129494566675040477304802989422,moneyline,False
mlb-kc-bos-2026-09-11,mlb-kc-bos-2026-09-11|moneyline|None|30405502466268309215684803501213130157972453130129494566675040477304802989422,moneyline,False
mlb-kc-bos-2026-09-11,mlb-kc-bos-2026-09-11|moneyline|None|30405502466268309215684803501213130157972453130129494566675040477304802989422,moneyline,False
mlb-kc-bos-2026-09-11,mlb-kc-bos-2026-09-11|moneyline|None|30405502466268309215684803501213130157972453130129494566675040477304802989422,moneyline,True
mlb-kc-bos-2026-09-11,mlb-kc-bos-2026-09-11|moneyline|None|30405502466268309215684803501213130157972453130129494566675040477304802989422,moneyline,True
mlb-kc-bos-2026-09-11,mlb-kc-bos-2026-09-11|moneyline|None|30405502466268309215684803501213130157972453130129494566675040477304802989422,moneyline,True
mlb-kc-bos-2026-09-11,mlb-kc-bos-2026-09-11|moneyline|None|30405502466268309215684803501213130157972453130129494566675040477304802989422,moneyline,False
mlb-kc-bos-2026-09-11,mlb-kc-bos-2026-09-11|moneyline|None|30405502466268309215684803501213130157972453130129494566675040477304802989422,moneyline,True
mlb-kc-bos-2026-09-11,mlb-kc-bos-2026-09-11|moneyline|None|30405502466268309215684803501213130157972453130129494566675040477304802989422,moneyline,True
mlb-kc-bos-2026-09-11,mlb-kc-bos-2026-09-11|moneyline|None|30405502466268309215684803501213130157972453130129494566675040477304802989422,moneyline,False
mlb-kc-bos-2026-09-11,mlb-kc-bos-2026-09-11|moneyline|None|30405502466268309215684803501213130157972453130129494566675040477304802989422,moneyline,False
mlb-kc-bos-2026-09-11,mlb-kc-bos-2026-09-11|moneyline|None|30405502466268309215684803501213130157972453130129494566675040477304802989422,moneyline,False
mlb-kc-bos-2026-09-11,mlb-kc-bos-2026-09-11|moneyline|None|30405502466268309215684803501213130157972453130129494566675040477304802989422,moneyline,False
mlb-kc-bos-2026-09-11,mlb-kc-bos-2026-09-11|moneyline|None|30405502466268309215684803501213130157972453130129494566675040477304802989422,moneyline,False
mlb-kc-bos-2026-09-11,mlb-kc-bos-2026-09-11|moneyline|None|30405502466268309215684803501213130157972453130129494566675040477304802989422,moneyline,True
mlb-kc-bos-2026-09-11,mlb-kc-bos-2026-09-11|moneyline|None|30405502466268309215684803501213130157972453130129494566675040477304802989422,moneyline,True
mlb-kc-bos-2026-09-11,mlb-kc-bos-2026-09-11|moneyline|None|30405502466268309215684803501213130157972453130129494566675040477304802989422,moneyline,True
mlb-kc-bos-2026-09-11,mlb-kc-bos-2026-09-11|moneyline|None|30405502466268309215684803501213130157972453130129494566675040477304802989422,moneyline,True
mlb-kc-bos-2026-09-11,mlb-kc-bos-2026-09-11|moneyline|None|30405502466268309215684803501213130157972453130129494566675040477304802989422,moneyline,False
mlb-kc-bos-2026-09-11,mlb-kc-bos-2026-09-11|moneyline|None|30405502466268309215684803501213130157972453130129494566675040477304802989422,moneyline,True
mlb-kc-bos-2026-09-11,mlb-kc-bos-2026-09-11|moneyline|None|30405502466268309215684803501213130157972453130129494566675040477304802989422,moneyline,False
mlb-kc-bos-2026-09-11,mlb-kc-bos-2026-09-11|moneyline|None|30405502466268309215684803501213130157972453130129494566675040477304802989422,moneyline,True
mlb-kc-bos-2026-09-11,mlb-kc-bos-2026-09-11|moneyline|None|30405502466268309215684803501213130157972453130129494566675040477304802989422,moneyline,False
mlb-kc-bos-2026-09-11,mlb-kc-bos-2026-09-11|moneyline|None|30405502466268309215684803501213130157972453130129494566675040477304802989422,moneyline,True
mlb-kc-bos-2026-09-11,mlb-kc-bos-2026-09-11|spread|-1.5|51447811410707847606686233363733344457289272026653437207619033607744490045724,spread,True
mlb-kc-bos-2026-09-11,mlb-kc-bos-2026-09-11|spread|-1.5|51447811410707847606686233363733344457289272026653437207619033607744490045724,spread,False
mlb-kc-bos-2026-09-11,mlb-kc-bos-2026-09-11|spread|-1.5|51447811410707847606686233363733344457289272026653437207619033607744490045724,spread,False
mlb-kc-bos-2026-09-11,mlb-kc-bos-2026-09-11|spread|-1.5|51447811410707847606686233363733344457289272026653437207619033607744490045724,spread,True
mlb-kc-bos-2026-09-11,mlb-kc-bos-2026-09-11|spread|-1.5|51447811410707847606686233363733344457289272026653437207619033607744490045724,spread,True
mlb-kc-bos-2026-09-11,mlb-kc-bos-2026-09-11|spread|-1.5|51447811410707847606686233363733344457289272026653437207619033607744490045724,spread,True
mlb-kc-bos-2026-09-11,mlb-kc-bos-2026-09-11|spread|-1.5|51447811410707847606686233363733344457289272026653437207619033607744490045724,spread,True
mlb-kc-bos-2026-09-11,mlb-kc-bos-2026-09-11|spread|-1.5|51447811410707847606686233363733344457289272026653437207619033607744490045724,spread,False
mlb-kc-bos-2026-09-11,mlb-kc-bos-2026-09-11|spread|-1.5|51447811410707847606686233363733344457289272026653437207619033607744490045724,spread,False
mlb-kc-bos-2026-09-11,mlb-kc-bos-2026-09-11|spread|-1.5|51447811410707847606686233363733344457289272026653437207619033607744490045724,spread,True
mlb-kc-bos-2026-09-11,mlb-kc-bos-2026-09-11|spread|-1.5|51447811410707847606686233363733344457289272026653437207619033607744490045724,spread,False
mlb-kc-bos-2026-09-11,mlb-kc-bos-2026-09-11|spread|-1.5|51447811410707847606686233363733344457289272026653437207619033607744490045724,spread,True
mlb-kc-bos-2026-09-11,mlb-kc-bos-2026-09-11|spread|-1.5|51447811410707847606686233363733344457289272026653437207619033607744490045724,spread,False
mlb-kc-bos-2026-09-11,mlb-kc-bos-2026-09-11|spread|-1.5|51447811410707847606686233363733344457289272026653437207619033607744490045724,spread,False
mlb-kc-bos-2026-09-11,mlb-kc-bos-2026-09-11|spread|-1.5|51447811410707847606686233363733344457289272026653437207619033607744490045724,spread,False
mlb-kc-bos-2026-09-11,mlb-kc-bos-2026-09-11|spread|-1.5|51447811410707847606686233363733344457289272026653437207619033607744490045724,spread,False
mlb-kc-bos-2026-09-11,mlb-kc-bos-2026-09-11|spread|-1.5|51447811410707847606686233363733344457289272026653437207619033607744490045724,spread,False
mlb-kc-bos-2026-09-11,mlb-kc-bos-2026-09-11|spread|-1.5|51447811410707847606686233363733344457289272026653437207619033607744490045724,spread,True
mlb-kc-bos-2026-09-11,mlb-kc-bos-2026-09-11|spread|-1.5|51447811410707847606686233363733344457289272026653437207619033607744490045724,spread,True
mlb-kc-bos-2026-09-11,mlb-kc-bos-2026-09-11|spread|-1.5|51447811410707847606686233363733344457289272026653437207619033607744490045724,spread,True
mlb-kc-bos-2026-09-11,mlb-kc-bos-2026-09-11|spread|-1.5|51447811410707847606686233363733344457289272026653437207619033607744490045724,spread,False
mlb-kc-bos-2026-09-11,mlb-kc-bos-2026-09-11|spread|-1.5|51447811410707847606686233363733344457289272026653437207619033607744490045724,spread,True
mlb-kc-bos-2026-09-11,mlb-kc-bos-2026-09-11|spread|-1.5|51447811410707847606686233363733344457289272026653437207619033607744490045724,spread,True
mlb-kc-bos-2026-09-11,mlb-kc-bos-2026-09-11|spread|-1.5|51447811410707847606686233363733344457289272026653437207619033607744490045724,spread,True
mlb-kc-bos-2026-09-11,mlb-kc-bos-2026-09-11|spread|-1.5|51447811410707847606686233363733344457289272026653437207619033607744490045724,spread,True
mlb-kc-bos-2026-09-11,mlb-kc-bos-2026-09-11|spread|-1.5|51447811410707847606686233363733344457289272026653437207619033607744490045724,spread,False
mlb-kc-bos-2026-09-11,mlb-kc-bos-2026-09-11|spread|-1.5|51447811410707847606686233363733344457289272026653437207619033607744490045724,spread,False
mlb-kc-bos-2026-09-11,mlb-kc-bos-2026-09-11|spread|-1.5|51447811410707847606686233363733344457289272026653437207619033607744490045724,spread,False
mlb-kc-bos-2026-09-11,mlb-kc-bos-2026-09-11|spread|-1.5|51447811410707847606686233363733344457289272026653437207619033607744490045724,spread,False
mlb-kc-bos-2026-09-11,mlb-kc-bos-2026-09-11|spread|-1.5|51447811410707847606686233363733344457289272026653437207619033607744490045724,spread,False
mlb-kc-bos-2026-09-11,mlb-kc-bos-2026-09-11|spread|-1.5|51447811410707847606686233363733344457289272026653437207619033607744490045724,spread,False
mlb-kc-bos-2026-09-11,mlb-kc-bos-2026-09-11|spread|-1.5|51447811410707847606686233363733344457289272026653437207619033607744490045724,spread,False
mlb-kc-bos-2026-09-11,mlb-kc-bos-2026-09-11|spread|-1.5|51447811410707847606686233363733344457289272026653437207619033607744490045724,spread,True
mlb-kc-bos-2026-09-11,mlb-kc-bos-2026-09-11|spread|-1.5|51447811410707847606686233363733344457289272026653437207619033607744490045724,spread,True
mlb-kc-bos-2026-09-11,mlb-kc-bos-2026-09-11|spread|-1.5|51447811410707847606686233363733344457289272026653437207619033607744490045724,spread,False
mlb-kc-bos-2026-09-11,mlb-kc-bos-2026-09-11|spread|-1.5|51447811410707847606686233363733344457289272026653437207619033607744490045724,spread,False
mlb-kc-bos-2026-09-11,mlb-kc-bos-2026-09-11|spread|-1.5|51447811410707847606686233363733344457289272026653437207619033607744490045724,spread,True
mlb-kc-bos-2026-09-11,mlb-kc-bos-2026-09-11|spread|-1.5|51447811410707847606686233363733344457289272026653437207619033607744490045724,spread,True
mlb-kc-bos-2026-09-11,mlb-kc-bos-2026-09-11|spread|-1.5|51447811410707847606686233363733344457289272026653437207619033607744490045724,spread,True
mlb-kc-bos-2026-09-11,mlb-kc-bos-2026-09-11|spread|-1.5|51447811410707847606686233363733344457289272026653437207619033607744490045724,spread,False
mlb-kc-bos-2026-09-11,mlb-kc-bos-2026-09-11|spread|-1.5|51447811410707847606686233363733344457289272026653437207619033607744490045724,spread,False
mlb-kc-bos-2026-09-11,mlb-kc-bos-2026-09-11|spread|-1.5|51447811410707847606686233363733344457289272026653437207619033607744490045724,spread,False
mlb-kc-bos-2026-09-11,mlb-kc-bos-2026-09-11|spread|-1.5|51447811410707847606686233363733344457289272026653437207619033607744490045724,spread,False
mlb-kc-bos-2026-09-11,mlb-kc-bos-2026-09-11|spread|-1.5|51447811410707847606686233363733344457289272026653437207619033607744490045724,spread,True
mlb-kc-bos-2026-09-11,mlb-kc-bos-2026-09-11|spread|-1.5|51447811410707847606686233363733344457289272026653437207619033607744490045724,spread,False
mlb-kc-bos-2026-09-11,mlb-kc-bos-2026-09-11|spread|-1.5|51447811410707847606686233363733344457289272026653437207619033607744490045724,spread,False
mlb-kc-bos-2026-09-11,mlb-kc-bos-2026-09-11|spread|-1.5|51447811410707847606686233363733344457289272026653437207619033607744490045724,spread,True
mlb-kc-bos-2026-09-11,mlb-kc-bos-2026-09-11|spread|-1.5|51447811410707847606686233363733344457289272026653437207619033607744490045724,spread,False
mlb-kc-bos-2026-09-11,mlb-kc-bos-2026-09-11|spread|-1.5|51447811410707847606686233363733344457289272026653437207619033607744490045724,spread,False
mlb-kc-bos-2026-09-11,mlb-kc-bos-2026-09-11|spread|-1.5|51447811410707847606686233363733344457289272026653437207619033607744490045724,spread,False
mlb-kc-bos-2026-09-11,mlb-kc-bos-2026-09-11|spread|-1.5|51447811410707847606686233363733344457289272026653437207619033607744490045724,spread,False
mlb-kc-bos-2026-09-11,mlb-kc-bos-2026-09-11|spread|-1.5|51447811410707847606686233363733344457289272026653437207619033607744490045724,spread,False
mlb-kc-bos-2026-09-11,mlb-kc-bos-2026-09-11|spread|-1.5|51447811410707847606686233363733344457289272026653437207619033607744490045724,spread,False
mlb-kc-bos-2026-09-11,mlb-kc-bos-2026-09-11|spread|-1.5|51447811410707847606686233363733344457289272026653437207619033607744490045724,spread,False
mlb-kc-bos-2026-09-11,mlb-kc-bos-2026-09-11|spread|-1.5|51447811410707847606686233363733344457289272026653437207619033607744490045724,spread,False
mlb-kc-bos-2026-09-11,mlb-kc-bos-2026-09-11|spread|-1.5|51447811410707847606686233363733344457289272026653437207619033607744490045724,spread,True
mlb-kc-bos-2026-09-11,mlb-kc-bos-2026-09-11|spread|-1.5|51447811410707847606686233363733344457289272026653437207619033607744490045724,spread,True
mlb-kc-bos-2026-09-11,mlb-kc-bos-2026-09-11|spread|-1.5|51447811410707847606686233363733344457289272026653437207619033607744490045724,spread,False
mlb-kc-bos-2026-09-11,mlb-kc-bos-2026-09-11|spread|-1.5|51447811410707847606686233363733344457289272026653437207619033607744490045724,spread,False
mlb-kc-bos-2026-09-11,mlb-kc-bos-2026-09-11|spread|-1.5|51447811410707847606686233363733344457289272026653437207619033607744490045724,spread,True
mlb-kc-bos-2026-09-11,mlb-kc-bos-2026-09-11|spread|-1.5|51447811410707847606686233363733344457289272026653437207619033607744490045724,spread,True
mlb-kc-bos-2026-09-11,mlb-kc-bos-2026-09-11|spread|-1.5|51447811410707847606686233363733344457289272026653437207619033607744490045724,spread,True
mlb-kc-bos-2026-09-11,mlb-kc-bos-2026-09-11|spread|-1.5|51447811410707847606686233363733344457289272026653437207619033607744490045724,spread,True
mlb-kc-bos-2026-09-11,mlb-kc-bos-2026-09-11|spread|-1.5|51447811410707847606686233363733344457289272026653437207619033607744490045724,spread,False
mlb-kc-bos-2026-09-11,mlb-kc-bos-2026-09-11|spread|-1.5|51447811410707847606686233363733344457289272026653437207619033607744490045724,spread,False
mlb-kc-bos-2026-09-11,mlb-kc-bos-2026-09-11|spread|-1.5|51447811410707847606686233363733344457289272026653437207619033607744490045724,spread,True
mlb-kc-bos-2026-09-11,mlb-kc-bos-2026-09-11|spread|-1.5|51447811410707847606686233363733344457289272026653437207619033607744490045724,spread,False
mlb-kc-bos-2026-09-11,mlb-kc-bos-2026-09-11|spread|-1.5|51447811410707847606686233363733344457289272026653437207619033607744490045724,spread,False
mlb-kc-bos-2026-09-11,mlb-kc-bos-2026-09-11|spread|-1.5|51447811410707847606686233363733344457289272026653437207619033607744490045724,spread,False
mlb-kc-bos-2026-09-11,mlb-kc-bos-2026-09-11|spread|-1.5|51447811410707847606686233363733344457289272026653437207619033607744490045724,spread,False
mlb-kc-bos-2026-09-11,mlb-kc-bos-2026-09-11|spread|-1.5|51447811410707847606686233363733344457289272026653437207619033607744490045724,spread,False
mlb-kc-bos-2026-09-11,mlb-kc-bos-2026-09-11|spread|-1.5|51447811410707847606686233363733344457289272026653437207619033607744490045724,spread,False
mlb-kc-bos-2026-09-11,mlb-kc-bos-2026-09-11|spread|-1.5|51447811410707847606686233363733344457289272026653437207619033607744490045724,spread,False
mlb-kc-bos-2026-09-11,mlb-kc-bos-2026-09-11|spread|-1.5|51447811410707847606686233363733344457289272026653437207619033607744490045724,spread,True
mlb-kc-bos-2026-09-11,mlb-kc-bos-2026-09-11|spread|-1.5|51447811410707847606686233363733344457289272026653437207619033607744490045724,spread,True
mlb-kc-bos-2026-09-11,mlb-kc-bos-2026-09-11|spread|-1.5|51447811410707847606686233363733344457289272026653437207619033607744490045724,spread,True
mlb-kc-bos-2026-09-11,mlb-kc-bos-2026-09-11|spread|-1.5|51447811410707847606686233363733344457289272026653437207619033607744490045724,spread,True
mlb-kc-bos-2026-09-11,mlb-kc-bos-2026-09-11|spread|-1.5|51447811410707847606686233363733344457289272026653437207619033607744490045724,spread,False
mlb-kc-bos-2026-09-11,mlb-kc-bos-2026-09-11|spread|-1.5|51447811410707847606686233363733344457289272026653437207619033607744490045724,spread,True
mlb-kc-bos-2026-09-11,mlb-kc-bos-2026-09-11|spread|-1.5|51447811410707847606686233363733344457289272026653437207619033607744490045724,spread,False
mlb-kc-bos-2026-09-11,mlb-kc-bos-2026-09-11|spread|-1.5|51447811410707847606686233363733344457289272026653437207619033607744490045724,spread,True
mlb-kc-bos-2026-09-11,mlb-kc-bos-2026-09-11|spread|-1.5|51447811410707847606686233363733344457289272026653437207619033607744490045724,spread,False
mlb-kc-bos-2026-09-11,mlb-kc-bos-2026-09-11|spread|-1.5|51447811410707847606686233363733344457289272026653437207619033607744490045724,spread,False
mlb-kc-bos-2026-09-11,mlb-kc-bos-2026-09-11|spread|-1.5|51447811410707847606686233363733344457289272026653437207619033607744490045724,spread,True
mlb-kc-bos-2026-09-11,mlb-kc-bos-2026-09-11|spread|-1.5|51447811410707847606686233363733344457289272026653437207619033607744490045724,spread,True
mlb-kc-bos-2026-09-11,mlb-kc-bos-2026-09-11|spread|-1.5|97740290159108911730339203876230583898787803338432297315308491742800280413386,spread,True
mlb-kc-bos-2026-09-11,mlb-kc-bos-2026-09-11|spread|-1.5|97740290159108911730339203876230583898787803338432297315308491742800280413386,spread,False
mlb-kc-bos-2026-09-11,mlb-kc-bos-2026-09-11|spread|-1.5|97740290159108911730339203876230583898787803338432297315308491742800280413386,spread,False
mlb-kc-bos-2026-09-11,mlb-kc-bos-2026-09-11|spread|-1.5|97740290159108911730339203876230583898787803338432297315308491742800280413386,spread,False
mlb-kc-bos-2026-09-11,mlb-kc-bos-2026-09-11|spread|-1.5|97740290159108911730339203876230583898787803338432297315308491742800280413386,spread,False
mlb-kc-bos-2026-09-11,mlb-kc-bos-2026-09-11|spread|-1.5|97740290159108911730339203876230583898787803338432297315308491742800280413386,spread,True
mlb-kc-bos-2026-09-11,mlb-kc-bos-2026-09-11|spread|-1.5|97740290159108911730339203876230583898787803338432297315308491742800280413386,spread,False
mlb-kc-bos-2026-09-11,mlb-kc-bos-2026-09-11|spread|-1.5|97740290159108911730339203876230583898787803338432297315308491742800280413386,spread,False
mlb-kc-bos-2026-09-11,mlb-kc-bos-2026-09-11|spread|-1.5|97740290159108911730339203876230583898787803338432297315308491742800280413386,spread,True
mlb-kc-bos-2026-09-11,mlb-kc-bos-2026-09-11|spread|-1.5|97740290159108911730339203876230583898787803338432297315308491742800280413386,spread,False
mlb-kc-bos-2026-09-11,mlb-kc-bos-2026-09-11|spread|-1.5|97740290159108911730339203876230583898787803338432297315308491742800280413386,spread,False
mlb-kc-bos-2026-09-11,mlb-kc-bos-2026-09-11|spread|-1.5|97740290159108911730339203876230583898787803338432297315308491742800280413386,spread,True
mlb-kc-bos-2026-09-11,mlb-kc-bos-2026-09-11|spread|-1.5|97740290159108911730339203876230583898787803338432297315308491742800280413386,spread,False
mlb-kc-bos-2026-09-11,mlb-kc-bos-2026-09-11|spread|-1.5|97740290159108911730339203876230583898787803338432297315308491742800280413386,spread,True
mlb-kc-bos-2026-09-11,mlb-kc-bos-2026-09-11|spread|-1.5|97740290159108911730339203876230583898787803338432297315308491742800280413386,spread,False
mlb-kc-bos-2026-09-11,mlb-kc-bos-2026-09-11|spread|-1.5|97740290159108911730339203876230583898787803338432297315308491742800280413386,spread,True
mlb-kc-bos-2026-09-11,mlb-kc-bos-2026-09-11|spread|-1.5|97740290159108911730339203876230583898787803338432297315308491742800280413386,spread,False
mlb-kc-bos-2026-09-11,mlb-kc-bos-2026-09-11|spread|-1.5|97740290159108911730339203876230583898787803338432297315308491742800280413386,spread,True
mlb-kc-bos-2026-09-11,mlb-kc-bos-2026-09-11|spread|-1.5|97740290159108911730339203876230583898787803338432297315308491742800280413386,spread,True
mlb-kc-bos-2026-09-11,mlb-kc-bos-2026-09-11|spread|-1.5|97740290159108911730339203876230583898787803338432297315308491742800280413386,spread,True
mlb-kc-bos-2026-09-11,mlb-kc-bos-2026-09-11|spread|-1.5|97740290159108911730339203876230583898787803338432297315308491742800280413386,spread,False
mlb-kc-bos-2026-09-11,mlb-kc-bos-2026-09-11|spread|-1.5|97740290159108911730339203876230583898787803338432297315308491742800280413386,spread,True
mlb-kc-bos-2026-09-11,mlb-kc-bos-2026-09-11|spread|-1.5|97740290159108911730339203876230583898787803338432297315308491742800280413386,spread,True
mlb-kc-bos-2026-09-11,mlb-kc-bos-2026-09-11|spread|-1.5|97740290159108911730339203876230583898787803338432297315308491742800280413386,spread,True
mlb-kc-bos-2026-09-11,mlb-kc-bos-2026-09-11|spread|-1.5|97740290159108911730339203876230583898787803338432297315308491742800280413386,spread,True
mlb-kc-bos-2026-09-11,mlb-kc-bos-2026-09-11|spread|-1.5|97740290159108911730339203876230583898787803338432297315308491742800280413386,spread,True
mlb-kc-bos-2026-09-11,mlb-kc-bos-2026-09-11|spread|-1.5|97740290159108911730339203876230583898787803338432297315308491742800280413386,spread,True
mlb-kc-bos-2026-09-11,mlb-kc-bos-2026-09-11|spread|-1.5|97740290159108911730339203876230583898787803338432297315308491742800280413386,spread,False
mlb-kc-bos-2026-09-11,mlb-kc-bos-2026-09-11|spread|-1.5|97740290159108911730339203876230583898787803338432297315308491742800280413386,spread,False
mlb-kc-bos-2026-09-11,mlb-kc-bos-2026-09-11|spread|-1.5|97740290159108911730339203876230583898787803338432297315308491742800280413386,spread,False
mlb-kc-bos-2026-09-11,mlb-kc-bos-2026-09-11|spread|-1.5|97740290159108911730339203876230583898787803338432297315308491742800280413386,spread,False
mlb-kc-bos-2026-09-11,mlb-kc-bos-2026-09-11|spread|-1.5|97740290159108911730339203876230583898787803338432297315308491742800280413386,spread,True
mlb-kc-bos-2026-09-11,mlb-kc-bos-2026-09-11|spread|-1.5|97740290159108911730339203876230583898787803338432297315308491742800280413386,spread,True
mlb-kc-bos-2026-09-11,mlb-kc-bos-2026-09-11|spread|-1.5|97740290159108911730339203876230583898787803338432297315308491742800280413386,spread,True
mlb-kc-bos-2026-09-11,mlb-kc-bos-2026-09-11|spread|-1.5|97740290159108911730339203876230583898787803338432297315308491742800280413386,spread,True
mlb-kc-bos-2026-09-11,mlb-kc-bos-2026-09-11|spread|-1.5|97740290159108911730339203876230583898787803338432297315308491742800280413386,spread,False
mlb-kc-bos-2026-09-11,mlb-kc-bos-2026-09-11|spread|-1.5|97740290159108911730339203876230583898787803338432297315308491742800280413386,spread,True
mlb-kc-bos-2026-09-11,mlb-kc-bos-2026-09-11|spread|-1.5|97740290159108911730339203876230583898787803338432297315308491742800280413386,spread,False
mlb-kc-bos-2026-09-11,mlb-kc-bos-2026-09-11|spread|-1.5|97740290159108911730339203876230583898787803338432297315308491742800280413386,spread,True
mlb-kc-bos-2026-09-11,mlb-kc-bos-2026-09-11|spread|-1.5|97740290159108911730339203876230583898787803338432297315308491742800280413386,spread,True
mlb-kc-bos-2026-09-11,mlb-kc-bos-2026-09-11|spread|-1.5|97740290159108911730339203876230583898787803338432297315308491742800280413386,spread,False
mlb-kc-bos-2026-09-11,mlb-kc-bos-2026-09-11|spread|-1.5|97740290159108911730339203876230583898787803338432297315308491742800280413386,spread,True
mlb-kc-bos-2026-09-11,mlb-kc-bos-2026-09-11|spread|-1.5|97740290159108911730339203876230583898787803338432297315308491742800280413386,spread,True
mlb-kc-bos-2026-09-11,mlb-kc-bos-2026-09-11|spread|-1.5|97740290159108911730339203876230583898787803338432297315308491742800280413386,spread,True
mlb-kc-bos-2026-09-11,mlb-kc-bos-2026-09-11|spread|-1.5|97740290159108911730339203876230583898787803338432297315308491742800280413386,spread,True
mlb-kc-bos-2026-09-11,mlb-kc-bos-2026-09-11|spread|-1.5|97740290159108911730339203876230583898787803338432297315308491742800280413386,spread,False
mlb-kc-bos-2026-09-11,mlb-kc-bos-2026-09-11|spread|-1.5|97740290159108911730339203876230583898787803338432297315308491742800280413386,spread,True
mlb-kc-bos-2026-09-11,mlb-kc-bos-2026-09-11|spread|-1.5|97740290159108911730339203876230583898787803338432297315308491742800280413386,spread,False
mlb-kc-bos-2026-09-11,mlb-kc-bos-2026-09-11|spread|-1.5|97740290159108911730339203876230583898787803338432297315308491742800280413386,spread,False
mlb-kc-bos-2026-09-11,mlb-kc-bos-2026-09-11|spread|-1.5|97740290159108911730339203876230583898787803338432297315308491742800280413386,spread,True
mlb-kc-bos-2026-09-11,mlb-kc-bos-2026-09-11|spread|-1.5|97740290159108911730339203876230583898787803338432297315308491742800280413386,spread,True
mlb-kc-bos-2026-09-11,mlb-kc-bos-2026-09-11|spread|-1.5|97740290159108911730339203876230583898787803338432297315308491742800280413386,spread,True
mlb-kc-bos-2026-09-11,mlb-kc-bos-2026-09-11|spread|-1.5|97740290159108911730339203876230583898787803338432297315308491742800280413386,spread,False
mlb-kc-bos-2026-09-11,mlb-kc-bos-2026-09-11|spread|-1.5|97740290159108911730339203876230583898787803338432297315308491742800280413386,spread,False
mlb-kc-bos-2026-09-11,mlb-kc-bos-2026-09-11|spread|-1.5|97740290159108911730339203876230583898787803338432297315308491742800280413386,spread,True
mlb-kc-bos-2026-09-11,mlb-kc-bos-2026-09-11|spread|-1.5|97740290159108911730339203876230583898787803338432297315308491742800280413386,spread,False
mlb-kc-bos-2026-09-11,mlb-kc-bos-2026-09-11|spread|-1.5|97740290159108911730339203876230583898787803338432297315308491742800280413386,spread,False
mlb-kc-bos-2026-09-11,mlb-kc-bos-2026-09-11|spread|-1.5|97740290159108911730339203876230583898787803338432297315308491742800280413386,spread,True
mlb-kc-bos-2026-09-11,mlb-kc-bos-2026-09-11|spread|-1.5|97740290159108911730339203876230583898787803338432297315308491742800280413386,spread,True
mlb-kc-bos-2026-09-11,mlb-kc-bos-2026-09-11|spread|-1.5|97740290159108911730339203876230583898787803338432297315308491742800280413386,spread,True
mlb-kc-bos-2026-09-11,mlb-kc-bos-2026-09-11|spread|-1.5|97740290159108911730339203876230583898787803338432297315308491742800280413386,spread,True
mlb-kc-bos-2026-09-11,mlb-kc-bos-2026-09-11|spread|-1.5|97740290159108911730339203876230583898787803338432297315308491742800280413386,spread,True
mlb-kc-bos-2026-09-11,mlb-kc-bos-2026-09-11|spread|-1.5|97740290159108911730339203876230583898787803338432297315308491742800280413386,spread,True
mlb-kc-bos-2026-09-11,mlb-kc-bos-2026-09-11|spread|-1.5|97740290159108911730339203876230583898787803338432297315308491742800280413386,spread,True
mlb-kc-bos-2026-09-11,mlb-kc-bos-2026-09-11|spread|-1.5|97740290159108911730339203876230583898787803338432297315308491742800280413386,spread,False
mlb-kc-bos-2026-09-11,mlb-kc-bos-2026-09-11|spread|-1.5|97740290159108911730339203876230583898787803338432297315308491742800280413386,spread,False
mlb-kc-bos-2026-09-11,mlb-kc-bos-2026-09-11|spread|-2.5|59241557195898201497679199904389086386681963147750385497338871556810503837203,spread,True
mlb-kc-bos-2026-09-11,mlb-kc-bos-2026-09-11|spread|-2.5|59241557195898201497679199904389086386681963147750385497338871556810503837203,spread,True
mlb-kc-bos-2026-09-11,mlb-kc-bos-2026-09-11|spread|-2.5|59241557195898201497679199904389086386681963147750385497338871556810503837203,spread,True
mlb-kc-bos-2026-09-11,mlb-kc-bos-2026-09-11|spread|-2.5|59241557195898201497679199904389086386681963147750385497338871556810503837203,spread,True
mlb-kc-bos-2026-09-11,mlb-kc-bos-2026-09-11|spread|-2.5|59241557195898201497679199904389086386681963147750385497338871556810503837203,spread,True
mlb-kc-bos-2026-09-11,mlb-kc-bos-2026-09-11|spread|-2.5|59241557195898201497679199904389086386681963147750385497338871556810503837203,spread,False
mlb-kc-bos-2026-09-11,mlb-kc-bos-2026-09-11|spread|-2.5|59241557195898201497679199904389086386681963147750385497338871556810503837203,spread,False
mlb-kc-bos-2026-09-11,mlb-kc-bos-2026-09-11|spread|-2.5|59241557195898201497679199904389086386681963147750385497338871556810503837203,spread,True
mlb-kc-bos-2026-09-11,mlb-kc-bos-2026-09-11|spread|-2.5|59241557195898201497679199904389086386681963147750385497338871556810503837203,spread,False
mlb-kc-bos-2026-09-11,mlb-kc-bos-2026-09-11|spread|-2.5|59241557195898201497679199904389086386681963147750385497338871556810503837203,spread,True
mlb-kc-bos-2026-09-11,mlb-kc-bos-2026-09-11|spread|-2.5|59241557195898201497679199904389086386681963147750385497338871556810503837203,spread,False
mlb-kc-bos-2026-09-11,mlb-kc-bos-2026-09-11|spread|-2.5|59241557195898201497679199904389086386681963147750385497338871556810503837203,spread,False
mlb-kc-bos-2026-09-11,mlb-kc-bos-2026-09-11|spread|-2.5|59241557195898201497679199904389086386681963147750385497338871556810503837203,spread,True
mlb-kc-bos-2026-09-11,mlb-kc-bos-2026-09-11|spread|-2.5|59241557195898201497679199904389086386681963147750385497338871556810503837203,spread,True
mlb-kc-bos-2026-09-11,mlb-kc-bos-2026-09-11|spread|-2.5|59241557195898201497679199904389086386681963147750385497338871556810503837203,spread,False
mlb-kc-bos-2026-09-11,mlb-kc-bos-2026-09-11|spread|-2.5|59241557195898201497679199904389086386681963147750385497338871556810503837203,spread,False
mlb-kc-bos-2026-09-11,mlb-kc-bos-2026-09-11|spread|-2.5|59241557195898201497679199904389086386681963147750385497338871556810503837203,spread,True
mlb-kc-bos-2026-09-11,mlb-kc-bos-2026-09-11|spread|-2.5|59241557195898201497679199904389086386681963147750385497338871556810503837203,spread,False
mlb-kc-bos-2026-09-11,mlb-kc-bos-2026-09-11|spread|-2.5|59241557195898201497679199904389086386681963147750385497338871556810503837203,spread,True
mlb-kc-bos-2026-09-11,mlb-kc-bos-2026-09-11|spread|-2.5|59241557195898201497679199904389086386681963147750385497338871556810503837203,spread,False
mlb-kc-bos-2026-09-11,mlb-kc-bos-2026-09-11|spread|-2.5|59241557195898201497679199904389086386681963147750385497338871556810503837203,spread,True
mlb-kc-bos-2026-09-11,mlb-kc-bos-2026-09-11|spread|-2.5|59241557195898201497679199904389086386681963147750385497338871556810503837203,spread,False
mlb-kc-bos-2026-09-11,mlb-kc-bos-2026-09-11|spread|-2.5|59241557195898201497679199904389086386681963147750385497338871556810503837203,spread,True
mlb-kc-bos-2026-09-11,mlb-kc-bos-2026-09-11|spread|-2.5|59241557195898201497679199904389086386681963147750385497338871556810503837203,spread,True
mlb-kc-bos-2026-09-11,mlb-kc-bos-2026-09-11|spread|-2.5|59241557195898201497679199904389086386681963147750385497338871556810503837203,spread,False
mlb-kc-bos-2026-09-11,mlb-kc-bos-2026-09-11|spread|-2.5|59241557195898201497679199904389086386681963147750385497338871556810503837203,spread,False
mlb-kc-bos-2026-09-11,mlb-kc-bos-2026-09-11|spread|-2.5|59241557195898201497679199904389086386681963147750385497338871556810503837203,spread,False
mlb-kc-bos-2026-09-11,mlb-kc-bos-2026-09-11|spread|-2.5|59241557195898201497679199904389086386681963147750385497338871556810503837203,spread,False
mlb-kc-bos-2026-09-11,mlb-kc-bos-2026-09-11|spread|-2.5|59241557195898201497679199904389086386681963147750385497338871556810503837203,spread,False
mlb-kc-bos-2026-09-11,mlb-kc-bos-2026-09-11|spread|-2.5|59241557195898201497679199904389086386681963147750385497338871556810503837203,spread,True
mlb-kc-bos-2026-09-11,mlb-kc-bos-2026-09-11|spread|-2.5|59241557195898201497679199904389086386681963147750385497338871556810503837203,spread,False
mlb-kc-bos-2026-09-11,mlb-kc-bos-2026-09-11|spread|-2.5|59241557195898201497679199904389086386681963147750385497338871556810503837203,spread,False
mlb-kc-bos-2026-09-11,mlb-kc-bos-2026-09-11|spread|-2.5|59241557195898201497679199904389086386681963147750385497338871556810503837203,spread,True
mlb-kc-bos-2026-09-11,mlb-kc-bos-2026-09-11|spread|-2.5|59241557195898201497679199904389086386681963147750385497338871556810503837203,spread,False
mlb-kc-bos-2026-09-11,mlb-kc-bos-2026-09-11|spread|-2.5|59241557195898201497679199904389086386681963147750385497338871556810503837203,spread,True
mlb-kc-bos-2026-09-11,mlb-kc-bos-2026-09-11|spread|-2.5|59241557195898201497679199904389086386681963147750385497338871556810503837203,spread,False
mlb-kc-bos-2026-09-11,mlb-kc-bos-2026-09-11|spread|-2.5|59241557195898201497679199904389086386681963147750385497338871556810503837203,spread,False
mlb-kc-bos-2026-09-11,mlb-kc-bos-2026-09-11|spread|-2.5|59241557195898201497679199904389086386681963147750385497338871556810503837203,spread,False
mlb-kc-bos-2026-09-11,mlb-kc-bos-2026-09-11|spread|-2.5|59241557195898201497679199904389086386681963147750385497338871556810503837203,spread,False
mlb-kc-bos-2026-09-11,mlb-kc-bos-2026-09-11|spread|-2.5|59241557195898201497679199904389086386681963147750385497338871556810503837203,spread,True
mlb-kc-bos-2026-09-11,mlb-kc-bos-2026-09-11|spread|-2.5|59241557195898201497679199904389086386681963147750385497338871556810503837203,spread,False
mlb-kc-bos-2026-09-11,mlb-kc-bos-2026-09-11|spread|-2.5|59241557195898201497679199904389086386681963147750385497338871556810503837203,spread,True
mlb-kc-bos-2026-09-11,mlb-kc-bos-2026-09-11|spread|-2.5|59241557195898201497679199904389086386681963147750385497338871556810503837203,spread,True
mlb-kc-bos-2026-09-11,mlb-kc-bos-2026-09-11|spread|-2.5|59241557195898201497679199904389086386681963147750385497338871556810503837203,spread,True
mlb-kc-bos-2026-09-11,mlb-kc-bos-2026-09-11|spread|-2.5|59241557195898201497679199904389086386681963147750385497338871556810503837203,spread,False
mlb-kc-bos-2026-09-11,mlb-kc-bos-2026-09-11|spread|-2.5|59241557195898201497679199904389086386681963147750385497338871556810503837203,spread,True
mlb-kc-bos-2026-09-11,mlb-kc-bos-2026-09-11|spread|-2.5|59241557195898201497679199904389086386681963147750385497338871556810503837203,spread,True
mlb-kc-bos-2026-09-11,mlb-kc-bos-2026-09-11|spread|-2.5|59241557195898201497679199904389086386681963147750385497338871556810503837203,spread,True
mlb-kc-bos-2026-09-11,mlb-kc-bos-2026-09-11|spread|-2.5|59241557195898201497679199904389086386681963147750385497338871556810503837203,spread,False
mlb-kc-bos-2026-09-11,mlb-kc-bos-2026-09-11|spread|-2.5|59241557195898201497679199904389086386681963147750385497338871556810503837203,spread,False
mlb-kc-bos-2026-09-11,mlb-kc-bos-2026-09-11|spread|-2.5|59241557195898201497679199904389086386681963147750385497338871556810503837203,spread,True
mlb-kc-bos-2026-09-11,mlb-kc-bos-2026-09-11|spread|-2.5|59241557195898201497679199904389086386681963147750385497338871556810503837203,spread,True
mlb-kc-bos-2026-09-11,mlb-kc-bos-2026-09-11|spread|-2.5|59241557195898201497679199904389086386681963147750385497338871556810503837203,spread,False
mlb-kc-bos-2026-09-11,mlb-kc-bos-2026-09-11|spread|-2.5|59241557195898201497679199904389086386681963147750385497338871556810503837203,spread,True
mlb-kc-bos-2026-09-11,mlb-kc-bos-2026-09-11|spread|-2.5|59241557195898201497679199904389086386681963147750385497338871556810503837203,spread,False
mlb-kc-bos-2026-09-11,mlb-kc-bos-2026-09-11|spread|-2.5|59241557195898201497679199904389086386681963147750385497338871556810503837203,spread,True
mlb-kc-bos-2026-09-11,mlb-kc-bos-2026-09-11|spread|-2.5|59241557195898201497679199904389086386681963147750385497338871556810503837203,spread,True
mlb-kc-bos-2026-09-11,mlb-kc-bos-2026-09-11|spread|-2.5|59241557195898201497679199904389086386681963147750385497338871556810503837203,spread,True
mlb-kc-bos-2026-09-11,mlb-kc-bos-2026-09-11|spread|-2.5|59241557195898201497679199904389086386681963147750385497338871556810503837203,spread,False
mlb-kc-bos-2026-09-11,mlb-kc-bos-2026-09-11|spread|-2.5|59241557195898201497679199904389086386681963147750385497338871556810503837203,spread,False
mlb-kc-bos-2026-09-11,mlb-kc-bos-2026-09-11|spread|-2.5|59241557195898201497679199904389086386681963147750385497338871556810503837203,spread,True
mlb-kc-bos-2026-09-11,mlb-kc-bos-2026-09-11|spread|-2.5|59241557195898201497679199904389086386681963147750385497338871556810503837203,spread,True
mlb-kc-bos-2026-09-11,mlb-kc-bos-2026-09-11|spread|-2.5|59241557195898201497679199904389086386681963147750385497338871556810503837203,spread,False
mlb-kc-bos-2026-09-11,mlb-kc-bos-2026-09-11|spread|-2.5|59241557195898201497679199904389086386681963147750385497338871556810503837203,spread,False
mlb-kc-bos-2026-09-11,mlb-kc-bos-2026-09-11|spread|-2.5|59241557195898201497679199904389086386681963147750385497338871556810503837203,spread,True
mlb-kc-bos-2026-09-11,mlb-kc-bos-2026-09-11|spread|-2.5|59241557195898201497679199904389086386681963147750385497338871556810503837203,spread,True
mlb-kc-bos-2026-09-11,mlb-kc-bos-2026-09-11|spread|-2.5|59241557195898201497679199904389086386681963147750385497338871556810503837203,spread,True
mlb-kc-bos-2026-09-11,mlb-kc-bos-2026-09-11|spread|-2.5|59241557195898201497679199904389086386681963147750385497338871556810503837203,spread,True
mlb-kc-bos-2026-09-11,mlb-kc-bos-2026-09-11|spread|-2.5|59241557195898201497679199904389086386681963147750385497338871556810503837203,spread,False
mlb-kc-bos-2026-09-11,mlb-kc-bos-2026-09-11|spread|-2.5|59241557195898201497679199904389086386681963147750385497338871556810503837203,spread,True
mlb-kc-bos-2026-09-11,mlb-kc-bos-2026-09-11|spread|-2.5|59241557195898201497679199904389086386681963147750385497338871556810503837203,spread,True
mlb-kc-bos-2026-09-11,mlb-kc-bos-2026-09-11|spread|-2.5|59241557195898201497679199904389086386681963147750385497338871556810503837203,spread,False
mlb-kc-bos-2026-09-11,mlb-kc-bos-2026-09-11|spread|-2.5|59241557195898201497679199904389086386681963147750385497338871556810503837203,spread,True
mlb-kc-bos-2026-09-11,mlb-kc-bos-2026-09-11|spread|-2.5|59241557195898201497679199904389086386681963147750385497338871556810503837203,spread,True
mlb-kc-bos-2026-09-11,mlb-kc-bos-2026-09-11|spread|-2.5|64639775304538020620647109603842264532114074774058994789963258452142391105498,spread,False
mlb-kc-bos-2026-09-11,mlb-kc-bos-2026-09-11|spread|-2.5|64639775304538020620647109603842264532114074774058994789963258452142391105498,spread,True
mlb-kc-bos-2026-09-11,mlb-kc-bos-2026-09-11|spread|-2.5|64639775304538020620647109603842264532114074774058994789963258452142391105498,spread,True
mlb-kc-bos-2026-09-11,mlb-kc-bos-2026-09-11|spread|-2.5|64639775304538020620647109603842264532114074774058994789963258452142391105498,spread,True
mlb-kc-bos-2026-09-11,mlb-kc-bos-2026-09-11|spread|-2.5|64639775304538020620647109603842264532114074774058994789963258452142391105498,spread,False
mlb-kc-bos-2026-09-11,mlb-kc-bos-2026-09-11|spread|-2.5|64639775304538020620647109603842264532114074774058994789963258452142391105498,spread,False
mlb-kc-bos-2026-09-11,mlb-kc-bos-2026-09-11|spread|-2.5|64639775304538020620647109603842264532114074774058994789963258452142391105498,spread,False
mlb-kc-bos-2026-09-11,mlb-kc-bos-2026-09-11|spread|-2.5|64639775304538020620647109603842264532114074774058994789963258452142391105498,spread,True
mlb-kc-bos-2026-09-11,mlb-kc-bos-2026-09-11|spread|-2.5|64639775304538020620647109603842264532114074774058994789963258452142391105498,spread,True
mlb-kc-bos-2026-09-11,mlb-kc-bos-2026-09-11|spread|-2.5|64639775304538020620647109603842264532114074774058994789963258452142391105498,spread,False
mlb-kc-bos-2026-09-11,mlb-kc-bos-2026-09-11|spread|-2.5|64639775304538020620647109603842264532114074774058994789963258452142391105498,spread,True
mlb-kc-bos-2026-09-11,mlb-kc-bos-2026-09-11|spread|-2.5|64639775304538020620647109603842264532114074774058994789963258452142391105498,spread,False
mlb-kc-bos-2026-09-11,mlb-kc-bos-2026-09-11|spread|-2.5|64639775304538020620647109603842264532114074774058994789963258452142391105498,spread,False
mlb-kc-bos-2026-09-11,mlb-kc-bos-2026-09-11|spread|-2.5|64639775304538020620647109603842264532114074774058994789963258452142391105498,spread,True
mlb-kc-bos-2026-09-11,mlb-kc-bos-2026-09-11|spread|-2.5|64639775304538020620647109603842264532114074774058994789963258452142391105498,spread,False
mlb-kc-bos-2026-09-11,mlb-kc-bos-2026-09-11|spread|-2.5|64639775304538020620647109603842264532114074774058994789963258452142391105498,spread,False
mlb-kc-bos-2026-09-11,mlb-kc-bos-2026-09-11|spread|-2.5|64639775304538020620647109603842264532114074774058994789963258452142391105498,spread,False
mlb-kc-bos-2026-09-11,mlb-kc-bos-2026-09-11|spread|-2.5|64639775304538020620647109603842264532114074774058994789963258452142391105498,spread,True
mlb-kc-bos-2026-09-11,mlb-kc-bos-2026-09-11|spread|-2.5|64639775304538020620647109603842264532114074774058994789963258452142391105498,spread,False
mlb-kc-bos-2026-09-11,mlb-kc-bos-2026-09-11|spread|-2.5|64639775304538020620647109603842264532114074774058994789963258452142391105498,spread,True
mlb-kc-bos-2026-09-11,mlb-kc-bos-2026-09-11|spread|-2.5|64639775304538020620647109603842264532114074774058994789963258452142391105498,spread,False
mlb-kc-bos-2026-09-11,mlb-kc-bos-2026-09-11|spread|-2.5|64639775304538020620647109603842264532114074774058994789963258452142391105498,spread,False
mlb-kc-bos-2026-09-11,mlb-kc-bos-2026-09-11|spread|-2.5|64639775304538020620647109603842264532114074774058994789963258452142391105498,spread,False
mlb-kc-bos-2026-09-11,mlb-kc-bos-2026-09-11|spread|-2.5|64639775304538020620647109603842264532114074774058994789963258452142391105498,spread,False
mlb-kc-bos-2026-09-11,mlb-kc-bos-2026-09-11|spread|-2.5|64639775304538020620647109603842264532114074774058994789963258452142391105498,spread,True
mlb-kc-bos-2026-09-11,mlb-kc-bos-2026-09-11|spread|-2.5|64639775304538020620647109603842264532114074774058994789963258452142391105498,spread,True
mlb-kc-bos-2026-09-11,mlb-kc-bos-2026-09-11|spread|-2.5|64639775304538020620647109603842264532114074774058994789963258452142391105498,spread,False
mlb-kc-bos-2026-09-11,mlb-kc-bos-2026-09-11|spread|-2.5|64639775304538020620647109603842264532114074774058994789963258452142391105498,spread,False
mlb-kc-bos-2026-09-11,mlb-kc-bos-2026-09-11|spread|-2.5|64639775304538020620647109603842264532114074774058994789963258452142391105498,spread,False
mlb-kc-bos-2026-09-11,mlb-kc-bos-2026-09-11|spread|-2.5|64639775304538020620647109603842264532114074774058994789963258452142391105498,spread,False
mlb-kc-bos-2026-09-11,mlb-kc-bos-2026-09-11|spread|-2.5|64639775304538020620647109603842264532114074774058994789963258452142391105498,spread,True
mlb-kc-bos-2026-09-11,mlb-kc-bos-2026-09-11|spread|-2.5|64639775304538020620647109603842264532114074774058994789963258452142391105498,spread,False
mlb-kc-bos-2026-09-11,mlb-kc-bos-2026-09-11|spread|-2.5|64639775304538020620647109603842264532114074774058994789963258452142391105498,spread,False
mlb-kc-bos-2026-09-11,mlb-kc-bos-2026-09-11|spread|-2.5|64639775304538020620647109603842264532114074774058994789963258452142391105498,spread,True
mlb-kc-bos-2026-09-11,mlb-kc-bos-2026-09-11|spread|-2.5|64639775304538020620647109603842264532114074774058994789963258452142391105498,spread,True
mlb-kc-bos-2026-09-11,mlb-kc-bos-2026-09-11|spread|-2.5|64639775304538020620647109603842264532114074774058994789963258452142391105498,spread,True
mlb-kc-bos-2026-09-11,mlb-kc-bos-2026-09-11|spread|-2.5|64639775304538020620647109603842264532114074774058994789963258452142391105498,spread,False
mlb-kc-bos-2026-09-11,mlb-kc-bos-2026-09-11|spread|-2.5|64639775304538020620647109603842264532114074774058994789963258452142391105498,spread,True
mlb-kc-bos-2026-09-11,mlb-kc-bos-2026-09-11|spread|-2.5|64639775304538020620647109603842264532114074774058994789963258452142391105498,spread,False
mlb-kc-bos-2026-09-11,mlb-kc-bos-2026-09-11|spread|-2.5|64639775304538020620647109603842264532114074774058994789963258452142391105498,spread,True
mlb-kc-bos-2026-09-11,mlb-kc-bos-2026-09-11|spread|-2.5|64639775304538020620647109603842264532114074774058994789963258452142391105498,spread,False
mlb-kc-bos-2026-09-11,mlb-kc-bos-2026-09-11|spread|-2.5|64639775304538020620647109603842264532114074774058994789963258452142391105498,spread,True
mlb-kc-bos-2026-09-11,mlb-kc-bos-2026-09-11|spread|-2.5|64639775304538020620647109603842264532114074774058994789963258452142391105498,spread,True
mlb-kc-bos-2026-09-11,mlb-kc-bos-2026-09-11|spread|-2.5|64639775304538020620647109603842264532114074774058994789963258452142391105498,spread,False
mlb-kc-bos-2026-09-11,mlb-kc-bos-2026-09-11|spread|-2.5|64639775304538020620647109603842264532114074774058994789963258452142391105498,spread,False
mlb-kc-bos-2026-09-11,mlb-kc-bos-2026-09-11|spread|-2.5|64639775304538020620647109603842264532114074774058994789963258452142391105498,spread,True
mlb-kc-bos-2026-09-11,mlb-kc-bos-2026-09-11|spread|-2.5|64639775304538020620647109603842264532114074774058994789963258452142391105498,spread,True
mlb-kc-bos-2026-09-11,mlb-kc-bos-2026-09-11|spread|-2.5|64639775304538020620647109603842264532114074774058994789963258452142391105498,spread,True
mlb-kc-bos-2026-09-11,mlb-kc-bos-2026-09-11|spread|-2.5|64639775304538020620647109603842264532114074774058994789963258452142391105498,spread,False
mlb-kc-bos-2026-09-11,mlb-kc-bos-2026-09-11|spread|-2.5|64639775304538020620647109603842264532114074774058994789963258452142391105498,spread,True
mlb-laa-wsh-2026-09-11,mlb-laa-wsh-2026-09-11|moneyline|None|54629298416765988631520853078162888581416376784540008375343163682964232809572,moneyline,True
mlb-laa-wsh-2026-09-11,mlb-laa-wsh-2026-09-11|moneyline|None|54629298416765988631520853078162888581416376784540008375343163682964232809572,moneyline,True
mlb-laa-wsh-2026-09-11,mlb-laa-wsh-2026-09-11|moneyline|None|54629298416765988631520853078162888581416376784540008375343163682964232809572,moneyline,True
mlb-laa-wsh-2026-09-11,mlb-laa-wsh-2026-09-11|moneyline|None|54629298416765988631520853078162888581416376784540008375343163682964232809572,moneyline,True
mlb-laa-wsh-2026-09-11,mlb-laa-wsh-2026-09-11|moneyline|None|54629298416765988631520853078162888581416376784540008375343163682964232809572,moneyline,False
mlb-laa-wsh-2026-09-11,mlb-laa-wsh-2026-09-11|moneyline|None|54629298416765988631520853078162888581416376784540008375343163682964232809572,moneyline,False
mlb-laa-wsh-2026-09-11,mlb-laa-wsh-2026-09-11|moneyline|None|54629298416765988631520853078162888581416376784540008375343163682964232809572,moneyline,False
mlb-laa-wsh-2026-09-11,mlb-laa-wsh-2026-09-11|moneyline|None|54629298416765988631520853078162888581416376784540008375343163682964232809572,moneyline,True
mlb-laa-wsh-2026-09-11,mlb-laa-wsh-2026-09-11|moneyline|None|54629298416765988631520853078162888581416376784540008375343163682964232809572,moneyline,True
mlb-laa-wsh-2026-09-11,mlb-laa-wsh-2026-09-11|moneyline|None|54629298416765988631520853078162888581416376784540008375343163682964232809572,moneyline,True
mlb-laa-wsh-2026-09-11,mlb-laa-wsh-2026-09-11|moneyline|None|54629298416765988631520853078162888581416376784540008375343163682964232809572,moneyline,True
mlb-laa-wsh-2026-09-11,mlb-laa-wsh-2026-09-11|moneyline|None|54629298416765988631520853078162888581416376784540008375343163682964232809572,moneyline,True
mlb-laa-wsh-2026-09-11,mlb-laa-wsh-2026-09-11|moneyline|None|54629298416765988631520853078162888581416376784540008375343163682964232809572,moneyline,True
mlb-laa-wsh-2026-09-11,mlb-laa-wsh-2026-09-11|moneyline|None|54629298416765988631520853078162888581416376784540008375343163682964232809572,moneyline,True
mlb-laa-wsh-2026-09-11,mlb-laa-wsh-2026-09-11|moneyline|None|54629298416765988631520853078162888581416376784540008375343163682964232809572,moneyline,True
mlb-laa-wsh-2026-09-11,mlb-laa-wsh-2026-09-11|moneyline|None|54629298416765988631520853078162888581416376784540008375343163682964232809572,moneyline,True
mlb-laa-wsh-2026-09-11,mlb-laa-wsh-2026-09-11|moneyline|None|54629298416765988631520853078162888581416376784540008375343163682964232809572,moneyline,False
mlb-laa-wsh-2026-09-11,mlb-laa-wsh-2026-09-11|moneyline|None|54629298416765988631520853078162888581416376784540008375343163682964232809572,moneyline,True
mlb-laa-wsh-2026-09-11,mlb-laa-wsh-2026-09-11|moneyline|None|54629298416765988631520853078162888581416376784540008375343163682964232809572,moneyline,False
mlb-laa-wsh-2026-09-11,mlb-laa-wsh-2026-09-11|moneyline|None|54629298416765988631520853078162888581416376784540008375343163682964232809572,moneyline,False
mlb-laa-wsh-2026-09-11,mlb-laa-wsh-2026-09-11|moneyline|None|54629298416765988631520853078162888581416376784540008375343163682964232809572,moneyline,False
mlb-laa-wsh-2026-09-11,mlb-laa-wsh-2026-09-11|moneyline|None|54629298416765988631520853078162888581416376784540008375343163682964232809572,moneyline,True
mlb-laa-wsh-2026-09-11,mlb-laa-wsh-2026-09-11|moneyline|None|54629298416765988631520853078162888581416376784540008375343163682964232809572,moneyline,False
mlb-laa-wsh-2026-09-11,mlb-laa-wsh-2026-09-11|moneyline|None|54629298416765988631520853078162888581416376784540008375343163682964232809572,moneyline,False
mlb-laa-wsh-2026-09-11,mlb-laa-wsh-2026-09-11|moneyline|None|54629298416765988631520853078162888581416376784540008375343163682964232809572,moneyline,True
mlb-laa-wsh-2026-09-11,mlb-laa-wsh-2026-09-11|moneyline|None|54629298416765988631520853078162888581416376784540008375343163682964232809572,moneyline,True
mlb-laa-wsh-2026-09-11,mlb-laa-wsh-2026-09-11|moneyline|None|54629298416765988631520853078162888581416376784540008375343163682964232809572,moneyline,False
mlb-laa-wsh-2026-09-11,mlb-laa-wsh-2026-09-11|moneyline|None|54629298416765988631520853078162888581416376784540008375343163682964232809572,moneyline,False
mlb-laa-wsh-2026-09-11,mlb-laa-wsh-2026-09-11|moneyline|None|54629298416765988631520853078162888581416376784540008375343163682964232809572,moneyline,False
mlb-laa-wsh-2026-09-11,mlb-laa-wsh-2026-09-11|moneyline|None|54629298416765988631520853078162888581416376784540008375343163682964232809572,moneyline,True
mlb-laa-wsh-2026-09-11,mlb-laa-wsh-2026-09-11|moneyline|None|54629298416765988631520853078162888581416376784540008375343163682964232809572,moneyline,True
mlb-laa-wsh-2026-09-11,mlb-laa-wsh-2026-09-11|moneyline|None|54629298416765988631520853078162888581416376784540008375343163682964232809572,moneyline,False
mlb-laa-wsh-2026-09-11,mlb-laa-wsh-2026-09-11|moneyline|None|54629298416765988631520853078162888581416376784540008375343163682964232809572,moneyline,True
mlb-laa-wsh-2026-09-11,mlb-laa-wsh-2026-09-11|moneyline|None|54629298416765988631520853078162888581416376784540008375343163682964232809572,moneyline,False
mlb-laa-wsh-2026-09-11,mlb-laa-wsh-2026-09-11|moneyline|None|54629298416765988631520853078162888581416376784540008375343163682964232809572,moneyline,False
mlb-laa-wsh-2026-09-11,mlb-laa-wsh-2026-09-11|moneyline|None|54629298416765988631520853078162888581416376784540008375343163682964232809572,moneyline,True
mlb-laa-wsh-2026-09-11,mlb-laa-wsh-2026-09-11|moneyline|None|54629298416765988631520853078162888581416376784540008375343163682964232809572,moneyline,False
mlb-laa-wsh-2026-09-11,mlb-laa-wsh-2026-09-11|moneyline|None|54629298416765988631520853078162888581416376784540008375343163682964232809572,moneyline,True
mlb-laa-wsh-2026-09-11,mlb-laa-wsh-2026-09-11|moneyline|None|54629298416765988631520853078162888581416376784540008375343163682964232809572,moneyline,False
mlb-laa-wsh-2026-09-11,mlb-laa-wsh-2026-09-11|moneyline|None|54629298416765988631520853078162888581416376784540008375343163682964232809572,moneyline,False
mlb-laa-wsh-2026-09-11,mlb-laa-wsh-2026-09-11|moneyline|None|54629298416765988631520853078162888581416376784540008375343163682964232809572,moneyline,False
mlb-laa-wsh-2026-09-11,mlb-laa-wsh-2026-09-11|moneyline|None|54629298416765988631520853078162888581416376784540008375343163682964232809572,moneyline,True
mlb-laa-wsh-2026-09-11,mlb-laa-wsh-2026-09-11|moneyline|None|54629298416765988631520853078162888581416376784540008375343163682964232809572,moneyline,False
mlb-laa-wsh-2026-09-11,mlb-laa-wsh-2026-09-11|spread|-1.5|107359583259148852342326750987734313115601698470759879418726462708523292633379,spread,True
mlb-laa-wsh-2026-09-11,mlb-laa-wsh-2026-09-11|spread|-1.5|107359583259148852342326750987734313115601698470759879418726462708523292633379,spread,False
mlb-laa-wsh-2026-09-11,mlb-laa-wsh-2026-09-11|spread|-1.5|107359583259148852342326750987734313115601698470759879418726462708523292633379,spread,True
mlb-laa-wsh-2026-09-11,mlb-laa-wsh-2026-09-11|spread|-1.5|107359583259148852342326750987734313115601698470759879418726462708523292633379,spread,True
mlb-laa-wsh-2026-09-11,mlb-laa-wsh-2026-09-11|spread|-1.5|107359583259148852342326750987734313115601698470759879418726462708523292633379,spread,False
mlb-laa-wsh-2026-09-11,mlb-laa-wsh-2026-09-11|spread|-1.5|107359583259148852342326750987734313115601698470759879418726462708523292633379,spread,False
mlb-laa-wsh-2026-09-11,mlb-laa-wsh-2026-09-11|spread|-1.5|107359583259148852342326750987734313115601698470759879418726462708523292633379,spread,False
mlb-laa-wsh-2026-09-11,mlb-laa-wsh-2026-09-11|spread|-1.5|107359583259148852342326750987734313115601698470759879418726462708523292633379,spread,True
mlb-laa-wsh-2026-09-11,mlb-laa-wsh-2026-09-11|spread|-1.5|107359583259148852342326750987734313115601698470759879418726462708523292633379,spread,False
mlb-laa-wsh-2026-09-11,mlb-laa-wsh-2026-09-11|spread|-1.5|107359583259148852342326750987734313115601698470759879418726462708523292633379,spread,True
mlb-laa-wsh-2026-09-11,mlb-laa-wsh-2026-09-11|spread|-1.5|107359583259148852342326750987734313115601698470759879418726462708523292633379,spread,True
mlb-laa-wsh-2026-09-11,mlb-laa-wsh-2026-09-11|spread|-1.5|107359583259148852342326750987734313115601698470759879418726462708523292633379,spread,False
mlb-laa-wsh-2026-09-11,mlb-laa-wsh-2026-09-11|spread|-1.5|107359583259148852342326750987734313115601698470759879418726462708523292633379,spread,False
mlb-laa-wsh-2026-09-11,mlb-laa-wsh-2026-09-11|spread|-1.5|107359583259148852342326750987734313115601698470759879418726462708523292633379,spread,True
mlb-laa-wsh-2026-09-11,mlb-laa-wsh-2026-09-11|spread|-1.5|107359583259148852342326750987734313115601698470759879418726462708523292633379,spread,True
mlb-laa-wsh-2026-09-11,mlb-laa-wsh-2026-09-11|spread|-1.5|107359583259148852342326750987734313115601698470759879418726462708523292633379,spread,True
mlb-laa-wsh-2026-09-11,mlb-laa-wsh-2026-09-11|spread|-1.5|107359583259148852342326750987734313115601698470759879418726462708523292633379,spread,False
mlb-laa-wsh-2026-09-11,mlb-laa-wsh-2026-09-11|spread|-1.5|107359583259148852342326750987734313115601698470759879418726462708523292633379,spread,False
mlb-laa-wsh-2026-09-11,mlb-laa-wsh-2026-09-11|spread|-1.5|107359583259148852342326750987734313115601698470759879418726462708523292633379,spread,True
mlb-laa-wsh-2026-09-11,mlb-laa-wsh-2026-09-11|spread|-1.5|107359583259148852342326750987734313115601698470759879418726462708523292633379,spread,True
mlb-laa-wsh-2026-09-11,mlb-laa-wsh-2026-09-11|spread|-1.5|107359583259148852342326750987734313115601698470759879418726462708523292633379,spread,True
mlb-laa-wsh-2026-09-11,mlb-laa-wsh-2026-09-11|spread|-1.5|107359583259148852342326750987734313115601698470759879418726462708523292633379,spread,False
mlb-laa-wsh-2026-09-11,mlb-laa-wsh-2026-09-11|spread|-1.5|107359583259148852342326750987734313115601698470759879418726462708523292633379,spread,False
mlb-laa-wsh-2026-09-11,mlb-laa-wsh-2026-09-11|spread|-1.5|107359583259148852342326750987734313115601698470759879418726462708523292633379,spread,True
mlb-laa-wsh-2026-09-11,mlb-laa-wsh-2026-09-11|spread|-1.5|107359583259148852342326750987734313115601698470759879418726462708523292633379,spread,True
mlb-laa-wsh-2026-09-11,mlb-laa-wsh-2026-09-11|spread|-1.5|107359583259148852342326750987734313115601698470759879418726462708523292633379,spread,True
mlb-laa-wsh-2026-09-11,mlb-laa-wsh-2026-09-11|spread|-1.5|107359583259148852342326750987734313115601698470759879418726462708523292633379,spread,False
mlb-laa-wsh-2026-09-11,mlb-laa-wsh-2026-09-11|spread|-1.5|107359583259148852342326750987734313115601698470759879418726462708523292633379,spread,False
mlb-laa-wsh-2026-09-11,mlb-laa-wsh-2026-09-11|spread|-1.5|107359583259148852342326750987734313115601698470759879418726462708523292633379,spread,True
mlb-laa-wsh-2026-09-11,mlb-laa-wsh-2026-09-11|spread|-1.5|107359583259148852342326750987734313115601698470759879418726462708523292633379,spread,False
mlb-laa-wsh-2026-09-11,mlb-laa-wsh-2026-09-11|spread|-1.5|107359583259148852342326750987734313115601698470759879418726462708523292633379,spread,False
mlb-laa-wsh-2026-09-11,mlb-laa-wsh-2026-09-11|spread|-1.5|107359583259148852342326750987734313115601698470759879418726462708523292633379,spread,True
mlb-laa-wsh-2026-09-11,mlb-laa-wsh-2026-09-11|spread|-1.5|107359583259148852342326750987734313115601698470759879418726462708523292633379,spread,True
mlb-laa-wsh-2026-09-11,mlb-laa-wsh-2026-09-11|spread|-1.5|107359583259148852342326750987734313115601698470759879418726462708523292633379,spread,True
mlb-laa-wsh-2026-09-11,mlb-laa-wsh-2026-09-11|spread|-1.5|107359583259148852342326750987734313115601698470759879418726462708523292633379,spread,False
mlb-laa-wsh-2026-09-11,mlb-laa-wsh-2026-09-11|spread|-1.5|107359583259148852342326750987734313115601698470759879418726462708523292633379,spread,False
mlb-laa-wsh-2026-09-11,mlb-laa-wsh-2026-09-11|spread|-1.5|107359583259148852342326750987734313115601698470759879418726462708523292633379,spread,True
mlb-laa-wsh-2026-09-11,mlb-laa-wsh-2026-09-11|spread|-1.5|107359583259148852342326750987734313115601698470759879418726462708523292633379,spread,False
mlb-laa-wsh-2026-09-11,mlb-laa-wsh-2026-09-11|spread|-1.5|107359583259148852342326750987734313115601698470759879418726462708523292633379,spread,True
mlb-laa-wsh-2026-09-11,mlb-laa-wsh-2026-09-11|spread|-1.5|107359583259148852342326750987734313115601698470759879418726462708523292633379,spread,False
mlb-laa-wsh-2026-09-11,mlb-laa-wsh-2026-09-11|spread|-1.5|107359583259148852342326750987734313115601698470759879418726462708523292633379,spread,False
mlb-laa-wsh-2026-09-11,mlb-laa-wsh-2026-09-11|spread|-1.5|107359583259148852342326750987734313115601698470759879418726462708523292633379,spread,True
mlb-laa-wsh-2026-09-11,mlb-laa-wsh-2026-09-11|spread|-1.5|107359583259148852342326750987734313115601698470759879418726462708523292633379,spread,True
mlb-laa-wsh-2026-09-11,mlb-laa-wsh-2026-09-11|spread|-1.5|107359583259148852342326750987734313115601698470759879418726462708523292633379,spread,False
mlb-laa-wsh-2026-09-11,mlb-laa-wsh-2026-09-11|spread|-1.5|107359583259148852342326750987734313115601698470759879418726462708523292633379,spread,False
mlb-laa-wsh-2026-09-11,mlb-laa-wsh-2026-09-11|spread|-1.5|107359583259148852342326750987734313115601698470759879418726462708523292633379,spread,True
mlb-laa-wsh-2026-09-11,mlb-laa-wsh-2026-09-11|spread|-1.5|107359583259148852342326750987734313115601698470759879418726462708523292633379,spread,True
mlb-laa-wsh-2026-09-11,mlb-laa-wsh-2026-09-11|spread|-1.5|107359583259148852342326750987734313115601698470759879418726462708523292633379,spread,True
mlb-laa-wsh-2026-09-11,mlb-laa-wsh-2026-09-11|spread|-1.5|107359583259148852342326750987734313115601698470759879418726462708523292633379,spread,True
mlb-laa-wsh-2026-09-11,mlb-laa-wsh-2026-09-11|spread|-1.5|107359583259148852342326750987734313115601698470759879418726462708523292633379,spread,False
mlb-laa-wsh-2026-09-11,mlb-laa-wsh-2026-09-11|spread|-1.5|107359583259148852342326750987734313115601698470759879418726462708523292633379,spread,True
mlb-laa-wsh-2026-09-11,mlb-laa-wsh-2026-09-11|spread|-1.5|107359583259148852342326750987734313115601698470759879418726462708523292633379,spread,True
mlb-laa-wsh-2026-09-11,mlb-laa-wsh-2026-09-11|spread|-1.5|107359583259148852342326750987734313115601698470759879418726462708523292633379,spread,False
mlb-laa-wsh-2026-09-11,mlb-laa-wsh-2026-09-11|spread|-1.5|107359583259148852342326750987734313115601698470759879418726462708523292633379,spread,True
mlb-laa-wsh-2026-09-11,mlb-laa-wsh-2026-09-11|spread|-1.5|107359583259148852342326750987734313115601698470759879418726462708523292633379,spread,True
mlb-laa-wsh-2026-09-11,mlb-laa-wsh-2026-09-11|spread|-1.5|107359583259148852342326750987734313115601698470759879418726462708523292633379,spread,True
mlb-laa-wsh-2026-09-11,mlb-laa-wsh-2026-09-11|spread|-1.5|107359583259148852342326750987734313115601698470759879418726462708523292633379,spread,True
mlb-laa-wsh-2026-09-11,mlb-laa-wsh-2026-09-11|spread|-1.5|107359583259148852342326750987734313115601698470759879418726462708523292633379,spread,False
mlb-laa-wsh-2026-09-11,mlb-laa-wsh-2026-09-11|spread|-1.5|107359583259148852342326750987734313115601698470759879418726462708523292633379,spread,True
mlb-laa-wsh-2026-09-11,mlb-laa-wsh-2026-09-11|spread|-1.5|107359583259148852342326750987734313115601698470759879418726462708523292633379,spread,True
mlb-laa-wsh-2026-09-11,mlb-laa-wsh-2026-09-11|spread|-1.5|107359583259148852342326750987734313115601698470759879418726462708523292633379,spread,True
mlb-laa-wsh-2026-09-11,mlb-laa-wsh-2026-09-11|spread|-1.5|107359583259148852342326750987734313115601698470759879418726462708523292633379,spread,False
mlb-laa-wsh-2026-09-11,mlb-laa-wsh-2026-09-11|spread|-1.5|107359583259148852342326750987734313115601698470759879418726462708523292633379,spread,False
mlb-laa-wsh-2026-09-11,mlb-laa-wsh-2026-09-11|spread|-1.5|107359583259148852342326750987734313115601698470759879418726462708523292633379,spread,False
mlb-laa-wsh-2026-09-11,mlb-laa-wsh-2026-09-11|spread|-1.5|107359583259148852342326750987734313115601698470759879418726462708523292633379,spread,True
mlb-laa-wsh-2026-09-11,mlb-laa-wsh-2026-09-11|spread|-1.5|107359583259148852342326750987734313115601698470759879418726462708523292633379,spread,True
mlb-laa-wsh-2026-09-11,mlb-laa-wsh-2026-09-11|spread|-1.5|107359583259148852342326750987734313115601698470759879418726462708523292633379,spread,False
mlb-laa-wsh-2026-09-11,mlb-laa-wsh-2026-09-11|spread|-1.5|107359583259148852342326750987734313115601698470759879418726462708523292633379,spread,False
mlb-laa-wsh-2026-09-11,mlb-laa-wsh-2026-09-11|spread|-1.5|107359583259148852342326750987734313115601698470759879418726462708523292633379,spread,False
mlb-laa-wsh-2026-09-11,mlb-laa-wsh-2026-09-11|spread|-1.5|107359583259148852342326750987734313115601698470759879418726462708523292633379,spread,False
mlb-laa-wsh-2026-09-11,mlb-laa-wsh-2026-09-11|spread|-1.5|107359583259148852342326750987734313115601698470759879418726462708523292633379,spread,True
mlb-laa-wsh-2026-09-11,mlb-laa-wsh-2026-09-11|spread|-1.5|107359583259148852342326750987734313115601698470759879418726462708523292633379,spread,False
mlb-laa-wsh-2026-09-11,mlb-laa-wsh-2026-09-11|spread|-1.5|107359583259148852342326750987734313115601698470759879418726462708523292633379,spread,True
mlb-laa-wsh-2026-09-11,mlb-laa-wsh-2026-09-11|spread|-1.5|107359583259148852342326750987734313115601698470759879418726462708523292633379,spread,True
mlb-laa-wsh-2026-09-11,mlb-laa-wsh-2026-09-11|spread|-1.5|107359583259148852342326750987734313115601698470759879418726462708523292633379,spread,False
mlb-laa-wsh-2026-09-11,mlb-laa-wsh-2026-09-11|spread|-1.5|107359583259148852342326750987734313115601698470759879418726462708523292633379,spread,False
mlb-laa-wsh-2026-09-11,mlb-laa-wsh-2026-09-11|spread|-1.5|107359583259148852342326750987734313115601698470759879418726462708523292633379,spread,False
mlb-laa-wsh-2026-09-11,mlb-laa-wsh-2026-09-11|spread|-1.5|107359583259148852342326750987734313115601698470759879418726462708523292633379,spread,True
mlb-laa-wsh-2026-09-11,mlb-laa-wsh-2026-09-11|spread|-1.5|107359583259148852342326750987734313115601698470759879418726462708523292633379,spread,True
mlb-laa-wsh-2026-09-11,mlb-laa-wsh-2026-09-11|spread|-1.5|107359583259148852342326750987734313115601698470759879418726462708523292633379,spread,True
mlb-laa-wsh-2026-09-11,mlb-laa-wsh-2026-09-11|spread|-1.5|107359583259148852342326750987734313115601698470759879418726462708523292633379,spread,True
mlb-laa-wsh-2026-09-11,mlb-laa-wsh-2026-09-11|spread|-1.5|107359583259148852342326750987734313115601698470759879418726462708523292633379,spread,False
mlb-laa-wsh-2026-09-11,mlb-laa-wsh-2026-09-11|spread|-1.5|107359583259148852342326750987734313115601698470759879418726462708523292633379,spread,False
mlb-laa-wsh-2026-09-11,mlb-laa-wsh-2026-09-11|spread|-1.5|107359583259148852342326750987734313115601698470759879418726462708523292633379,spread,False
mlb-laa-wsh-2026-09-11,mlb-laa-wsh-2026-09-11|spread|-1.5|107359583259148852342326750987734313115601698470759879418726462708523292633379,spread,False
mlb-laa-wsh-2026-09-11,mlb-laa-wsh-2026-09-11|spread|-1.5|79226707010556115349048947614370633644222123118243662701501591074936372296305,spread,False
mlb-laa-wsh-2026-09-11,mlb-laa-wsh-2026-09-11|spread|-1.5|79226707010556115349048947614370633644222123118243662701501591074936372296305,spread,True
mlb-laa-wsh-2026-09-11,mlb-laa-wsh-2026-09-11|spread|-1.5|79226707010556115349048947614370633644222123118243662701501591074936372296305,spread,False
mlb-laa-wsh-2026-09-11,mlb-laa-wsh-2026-09-11|spread|-1.5|79226707010556115349048947614370633644222123118243662701501591074936372296305,spread,True
mlb-laa-wsh-2026-09-11,mlb-laa-wsh-2026-09-11|spread|-1.5|79226707010556115349048947614370633644222123118243662701501591074936372296305,spread,True
mlb-laa-wsh-2026-09-11,mlb-laa-wsh-2026-09-11|spread|-1.5|79226707010556115349048947614370633644222123118243662701501591074936372296305,spread,True
mlb-laa-wsh-2026-09-11,mlb-laa-wsh-2026-09-11|spread|-1.5|79226707010556115349048947614370633644222123118243662701501591074936372296305,spread,True
mlb-laa-wsh-2026-09-11,mlb-laa-wsh-2026-09-11|spread|-1.5|79226707010556115349048947614370633644222123118243662701501591074936372296305,spread,False
mlb-laa-wsh-2026-09-11,mlb-laa-wsh-2026-09-11|spread|-1.5|79226707010556115349048947614370633644222123118243662701501591074936372296305,spread,True
mlb-laa-wsh-2026-09-11,mlb-laa-wsh-2026-09-11|spread|-1.5|79226707010556115349048947614370633644222123118243662701501591074936372296305,spread,True
mlb-laa-wsh-2026-09-11,mlb-laa-wsh-2026-09-11|spread|-1.5|79226707010556115349048947614370633644222123118243662701501591074936372296305,spread,True
mlb-laa-wsh-2026-09-11,mlb-laa-wsh-2026-09-11|spread|-1.5|79226707010556115349048947614370633644222123118243662701501591074936372296305,spread,True
mlb-laa-wsh-2026-09-11,mlb-laa-wsh-2026-09-11|spread|-1.5|79226707010556115349048947614370633644222123118243662701501591074936372296305,spread,True
mlb-laa-wsh-2026-09-11,mlb-laa-wsh-2026-09-11|spread|-1.5|79226707010556115349048947614370633644222123118243662701501591074936372296305,spread,True
mlb-laa-wsh-2026-09-11,mlb-laa-wsh-2026-09-11|spread|-1.5|79226707010556115349048947614370633644222123118243662701501591074936372296305,spread,False
mlb-laa-wsh-2026-09-11,mlb-laa-wsh-2026-09-11|spread|-1.5|79226707010556115349048947614370633644222123118243662701501591074936372296305,spread,True
mlb-laa-wsh-2026-09-11,mlb-laa-wsh-2026-09-11|spread|-1.5|79226707010556115349048947614370633644222123118243662701501591074936372296305,spread,True
mlb-laa-wsh-2026-09-11,mlb-laa-wsh-2026-09-11|spread|-1.5|79226707010556115349048947614370633644222123118243662701501591074936372296305,spread,True
mlb-laa-wsh-2026-09-11,mlb-laa-wsh-2026-09-11|spread|-1.5|79226707010556115349048947614370633644222123118243662701501591074936372296305,spread,True
mlb-laa-wsh-2026-09-11,mlb-laa-wsh-2026-09-11|spread|-1.5|79226707010556115349048947614370633644222123118243662701501591074936372296305,spread,True
mlb-laa-wsh-2026-09-11,mlb-laa-wsh-2026-09-11|spread|-1.5|79226707010556115349048947614370633644222123118243662701501591074936372296305,spread,True
mlb-laa-wsh-2026-09-11,mlb-laa-wsh-2026-09-11|spread|-1.5|79226707010556115349048947614370633644222123118243662701501591074936372296305,spread,True
mlb-laa-wsh-2026-09-11,mlb-laa-wsh-2026-09-11|spread|-1.5|79226707010556115349048947614370633644222123118243662701501591074936372296305,spread,True
mlb-laa-wsh-2026-09-11,mlb-laa-wsh-2026-09-11|spread|-1.5|79226707010556115349048947614370633644222123118243662701501591074936372296305,spread,False
mlb-laa-wsh-2026-09-11,mlb-laa-wsh-2026-09-11|spread|-1.5|79226707010556115349048947614370633644222123118243662701501591074936372296305,spread,False
mlb-laa-wsh-2026-09-11,mlb-laa-wsh-2026-09-11|spread|-1.5|79226707010556115349048947614370633644222123118243662701501591074936372296305,spread,True
mlb-laa-wsh-2026-09-11,mlb-laa-wsh-2026-09-11|spread|-1.5|79226707010556115349048947614370633644222123118243662701501591074936372296305,spread,False
mlb-laa-wsh-2026-09-11,mlb-laa-wsh-2026-09-11|spread|-1.5|79226707010556115349048947614370633644222123118243662701501591074936372296305,spread,True
mlb-laa-wsh-2026-09-11,mlb-laa-wsh-2026-09-11|spread|-1.5|79226707010556115349048947614370633644222123118243662701501591074936372296305,spread,True
mlb-laa-wsh-2026-09-11,mlb-laa-wsh-2026-09-11|spread|-1.5|79226707010556115349048947614370633644222123118243662701501591074936372296305,spread,True
mlb-laa-wsh-2026-09-11,mlb-laa-wsh-2026-09-11|spread|-1.5|79226707010556115349048947614370633644222123118243662701501591074936372296305,spread,False
mlb-laa-wsh-2026-09-11,mlb-laa-wsh-2026-09-11|spread|-1.5|79226707010556115349048947614370633644222123118243662701501591074936372296305,spread,False
mlb-laa-wsh-2026-09-11,mlb-laa-wsh-2026-09-11|spread|-1.5|79226707010556115349048947614370633644222123118243662701501591074936372296305,spread,True
mlb-laa-wsh-2026-09-11,mlb-laa-wsh-2026-09-11|spread|-1.5|79226707010556115349048947614370633644222123118243662701501591074936372296305,spread,True
mlb-laa-wsh-2026-09-11,mlb-laa-wsh-2026-09-11|spread|-1.5|79226707010556115349048947614370633644222123118243662701501591074936372296305,spread,False
mlb-laa-wsh-2026-09-11,mlb-laa-wsh-2026-09-11|spread|-1.5|79226707010556115349048947614370633644222123118243662701501591074936372296305,spread,True
mlb-laa-wsh-2026-09-11,mlb-laa-wsh-2026-09-11|spread|-1.5|79226707010556115349048947614370633644222123118243662701501591074936372296305,spread,False
mlb-laa-wsh-2026-09-11,mlb-laa-wsh-2026-09-11|spread|-1.5|79226707010556115349048947614370633644222123118243662701501591074936372296305,spread,False
mlb-laa-wsh-2026-09-11,mlb-laa-wsh-2026-09-11|spread|-1.5|79226707010556115349048947614370633644222123118243662701501591074936372296305,spread,True
mlb-laa-wsh-2026-09-11,mlb-laa-wsh-2026-09-11|spread|-1.5|79226707010556115349048947614370633644222123118243662701501591074936372296305,spread,False
mlb-laa-wsh-2026-09-11,mlb-laa-wsh-2026-09-11|spread|-1.5|79226707010556115349048947614370633644222123118243662701501591074936372296305,spread,False
mlb-laa-wsh-2026-09-11,mlb-laa-wsh-2026-09-11|spread|-1.5|79226707010556115349048947614370633644222123118243662701501591074936372296305,spread,True
mlb-laa-wsh-2026-09-11,mlb-laa-wsh-2026-09-11|spread|-1.5|79226707010556115349048947614370633644222123118243662701501591074936372296305,spread,False
mlb-laa-wsh-2026-09-11,mlb-laa-wsh-2026-09-11|spread|-1.5|79226707010556115349048947614370633644222123118243662701501591074936372296305,spread,True
mlb-laa-wsh-2026-09-11,mlb-laa-wsh-2026-09-11|spread|-1.5|79226707010556115349048947614370633644222123118243662701501591074936372296305,spread,True
mlb-laa-wsh-2026-09-11,mlb-laa-wsh-2026-09-11|spread|-1.5|79226707010556115349048947614370633644222123118243662701501591074936372296305,spread,True
mlb-laa-wsh-2026-09-11,mlb-laa-wsh-2026-09-11|spread|-1.5|79226707010556115349048947614370633644222123118243662701501591074936372296305,spread,False
mlb-laa-wsh-2026-09-11,mlb-laa-wsh-2026-09-11|spread|-1.5|79226707010556115349048947614370633644222123118243662701501591074936372296305,spread,True
mlb-laa-wsh-2026-09-11,mlb-laa-wsh-2026-09-11|spread|-1.5|79226707010556115349048947614370633644222123118243662701501591074936372296305,spread,True
mlb-laa-wsh-2026-09-11,mlb-laa-wsh-2026-09-11|spread|-1.5|79226707010556115349048947614370633644222123118243662701501591074936372296305,spread,True
mlb-laa-wsh-2026-09-11,mlb-laa-wsh-2026-09-11|spread|-1.5|79226707010556115349048947614370633644222123118243662701501591074936372296305,spread,False
mlb-laa-wsh-2026-09-11,mlb-laa-wsh-2026-09-11|spread|-1.5|79226707010556115349048947614370633644222123118243662701501591074936372296305,spread,False
mlb-laa-wsh-2026-09-11,mlb-laa-wsh-2026-09-11|spread|-1.5|79226707010556115349048947614370633644222123118243662701501591074936372296305,spread,False
mlb-laa-wsh-2026-09-11,mlb-laa-wsh-2026-09-11|spread|-1.5|79226707010556115349048947614370633644222123118243662701501591074936372296305,spread,True
mlb-laa-wsh-2026-09-11,mlb-laa-wsh-2026-09-11|spread|-1.5|79226707010556115349048947614370633644222123118243662701501591074936372296305,spread,True
mlb-laa-wsh-2026-09-11,mlb-laa-wsh-2026-09-11|spread|-1.5|79226707010556115349048947614370633644222123118243662701501591074936372296305,spread,True
mlb-laa-wsh-2026-09-11,mlb-laa-wsh-2026-09-11|spread|-1.5|79226707010556115349048947614370633644222123118243662701501591074936372296305,spread,True
mlb-laa-wsh-2026-09-11,mlb-laa-wsh-2026-09-11|spread|-1.5|79226707010556115349048947614370633644222123118243662701501591074936372296305,spread,False
mlb-laa-wsh-2026-09-11,mlb-laa-wsh-2026-09-11|spread|-1.5|79226707010556115349048947614370633644222123118243662701501591074936372296305,spread,True
mlb-laa-wsh-2026-09-11,mlb-laa-wsh-2026-09-11|spread|-1.5|79226707010556115349048947614370633644222123118243662701501591074936372296305,spread,True
mlb-laa-wsh-2026-09-11,mlb-laa-wsh-2026-09-11|spread|-1.5|79226707010556115349048947614370633644222123118243662701501591074936372296305,spread,True
mlb-laa-wsh-2026-09-11,mlb-laa-wsh-2026-09-11|spread|-1.5|79226707010556115349048947614370633644222123118243662701501591074936372296305,spread,True
mlb-laa-wsh-2026-09-11,mlb-laa-wsh-2026-09-11|spread|-1.5|79226707010556115349048947614370633644222123118243662701501591074936372296305,spread,False
mlb-laa-wsh-2026-09-11,mlb-laa-wsh-2026-09-11|spread|-1.5|79226707010556115349048947614370633644222123118243662701501591074936372296305,spread,False
mlb-laa-wsh-2026-09-11,mlb-laa-wsh-2026-09-11|spread|-1.5|79226707010556115349048947614370633644222123118243662701501591074936372296305,spread,False
mlb-laa-wsh-2026-09-11,mlb-laa-wsh-2026-09-11|spread|-1.5|79226707010556115349048947614370633644222123118243662701501591074936372296305,spread,False
mlb-laa-wsh-2026-09-11,mlb-laa-wsh-2026-09-11|spread|-1.5|79226707010556115349048947614370633644222123118243662701501591074936372296305,spread,False
mlb-laa-wsh-2026-09-11,mlb-laa-wsh-2026-09-11|spread|-1.5|79226707010556115349048947614370633644222123118243662701501591074936372296305,spread,False
mlb-laa-wsh-2026-09-11,mlb-laa-wsh-2026-09-11|spread|-2.5|57381331124661909064618171335893454443179983591257478102877631476338772799385,spread,True
mlb-laa-wsh-2026-09-11,mlb-laa-wsh-2026-09-11|spread|-2.5|57381331124661909064618171335893454443179983591257478102877631476338772799385,spread,False
mlb-laa-wsh-2026-09-11,mlb-laa-wsh-2026-09-11|spread|-2.5|57381331124661909064618171335893454443179983591257478102877631476338772799385,spread,False
mlb-laa-wsh-2026-09-11,mlb-laa-wsh-2026-09-11|spread|-2.5|57381331124661909064618171335893454443179983591257478102877631476338772799385,spread,True
mlb-laa-wsh-2026-09-11,mlb-laa-wsh-2026-09-11|spread|-2.5|57381331124661909064618171335893454443179983591257478102877631476338772799385,spread,False
mlb-laa-wsh-2026-09-11,mlb-laa-wsh-2026-09-11|spread|-2.5|57381331124661909064618171335893454443179983591257478102877631476338772799385,spread,True
mlb-laa-wsh-2026-09-11,mlb-laa-wsh-2026-09-11|spread|-2.5|57381331124661909064618171335893454443179983591257478102877631476338772799385,spread,False
mlb-laa-wsh-2026-09-11,mlb-laa-wsh-2026-09-11|spread|-2.5|57381331124661909064618171335893454443179983591257478102877631476338772799385,spread,True
mlb-laa-wsh-2026-09-11,mlb-laa-wsh-2026-09-11|spread|-2.5|57381331124661909064618171335893454443179983591257478102877631476338772799385,spread,False
mlb-laa-wsh-2026-09-11,mlb-laa-wsh-2026-09-11|spread|-2.5|57381331124661909064618171335893454443179983591257478102877631476338772799385,spread,True
mlb-laa-wsh-2026-09-11,mlb-laa-wsh-2026-09-11|spread|-2.5|57381331124661909064618171335893454443179983591257478102877631476338772799385,spread,False
mlb-laa-wsh-2026-09-11,mlb-laa-wsh-2026-09-11|spread|-2.5|57381331124661909064618171335893454443179983591257478102877631476338772799385,spread,False
mlb-laa-wsh-2026-09-11,mlb-laa-wsh-2026-09-11|spread|-2.5|57381331124661909064618171335893454443179983591257478102877631476338772799385,spread,False
mlb-laa-wsh-2026-09-11,mlb-laa-wsh-2026-09-11|spread|-2.5|57381331124661909064618171335893454443179983591257478102877631476338772799385,spread,False
mlb-laa-wsh-2026-09-11,mlb-laa-wsh-2026-09-11|spread|-2.5|57381331124661909064618171335893454443179983591257478102877631476338772799385,spread,True
mlb-laa-wsh-2026-09-11,mlb-laa-wsh-2026-09-11|spread|-2.5|57381331124661909064618171335893454443179983591257478102877631476338772799385,spread,True
mlb-laa-wsh-2026-09-11,mlb-laa-wsh-2026-09-11|spread|-2.5|57381331124661909064618171335893454443179983591257478102877631476338772799385,spread,True
mlb-laa-wsh-2026-09-11,mlb-laa-wsh-2026-09-11|spread|-2.5|57381331124661909064618171335893454443179983591257478102877631476338772799385,spread,True
mlb-laa-wsh-2026-09-11,mlb-laa-wsh-2026-09-11|spread|-2.5|57381331124661909064618171335893454443179983591257478102877631476338772799385,spread,False
mlb-laa-wsh-2026-09-11,mlb-laa-wsh-2026-09-11|spread|-2.5|57381331124661909064618171335893454443179983591257478102877631476338772799385,spread,True
mlb-laa-wsh-2026-09-11,mlb-laa-wsh-2026-09-11|spread|-2.5|57381331124661909064618171335893454443179983591257478102877631476338772799385,spread,True
mlb-laa-wsh-2026-09-11,mlb-laa-wsh-2026-09-11|spread|-2.5|57381331124661909064618171335893454443179983591257478102877631476338772799385,spread,True
mlb-laa-wsh-2026-09-11,mlb-laa-wsh-2026-09-11|spread|-2.5|57381331124661909064618171335893454443179983591257478102877631476338772799385,spread,True
mlb-laa-wsh-2026-09-11,mlb-laa-wsh-2026-09-11|spread|-2.5|57381331124661909064618171335893454443179983591257478102877631476338772799385,spread,True
mlb-laa-wsh-2026-09-11,mlb-laa-wsh-2026-09-11|spread|-2.5|57381331124661909064618171335893454443179983591257478102877631476338772799385,spread,True
mlb-laa-wsh-2026-09-11,mlb-laa-wsh-2026-09-11|spread|-2.5|57381331124661909064618171335893454443179983591257478102877631476338772799385,spread,False
mlb-laa-wsh-2026-09-11,mlb-laa-wsh-2026-09-11|spread|-2.5|57381331124661909064618171335893454443179983591257478102877631476338772799385,spread,True
mlb-laa-wsh-2026-09-11,mlb-laa-wsh-2026-09-11|spread|-2.5|57381331124661909064618171335893454443179983591257478102877631476338772799385,spread,False
mlb-laa-wsh-2026-09-11,mlb-laa-wsh-2026-09-11|spread|-2.5|57381331124661909064618171335893454443179983591257478102877631476338772799385,spread,False
mlb-laa-wsh-2026-09-11,mlb-laa-wsh-2026-09-11|spread|-2.5|57381331124661909064618171335893454443179983591257478102877631476338772799385,spread,False
mlb-laa-wsh-2026-09-11,mlb-laa-wsh-2026-09-11|spread|-2.5|57381331124661909064618171335893454443179983591257478102877631476338772799385,spread,False
mlb-laa-wsh-2026-09-11,mlb-laa-wsh-2026-09-11|spread|-2.5|57381331124661909064618171335893454443179983591257478102877631476338772799385,spread,True
mlb-laa-wsh-2026-09-11,mlb-laa-wsh-2026-09-11|spread|-2.5|57381331124661909064618171335893454443179983591257478102877631476338772799385,spread,True
mlb-laa-wsh-2026-09-11,mlb-laa-wsh-2026-09-11|spread|-2.5|57381331124661909064618171335893454443179983591257478102877631476338772799385,spread,True
mlb-laa-wsh-2026-09-11,mlb-laa-wsh-2026-09-11|spread|-2.5|57381331124661909064618171335893454443179983591257478102877631476338772799385,spread,False
mlb-laa-wsh-2026-09-11,mlb-laa-wsh-2026-09-11|spread|-2.5|57381331124661909064618171335893454443179983591257478102877631476338772799385,spread,False
mlb-laa-wsh-2026-09-11,mlb-laa-wsh-2026-09-11|spread|-2.5|57381331124661909064618171335893454443179983591257478102877631476338772799385,spread,True
mlb-laa-wsh-2026-09-11,mlb-laa-wsh-2026-09-11|spread|-2.5|57381331124661909064618171335893454443179983591257478102877631476338772799385,spread,False
mlb-laa-wsh-2026-09-11,mlb-laa-wsh-2026-09-11|spread|-2.5|57381331124661909064618171335893454443179983591257478102877631476338772799385,spread,True
mlb-laa-wsh-2026-09-11,mlb-laa-wsh-2026-09-11|spread|-2.5|57381331124661909064618171335893454443179983591257478102877631476338772799385,spread,False
mlb-laa-wsh-2026-09-11,mlb-laa-wsh-2026-09-11|spread|-2.5|57381331124661909064618171335893454443179983591257478102877631476338772799385,spread,False
mlb-laa-wsh-2026-09-11,mlb-laa-wsh-2026-09-11|spread|-2.5|57381331124661909064618171335893454443179983591257478102877631476338772799385,spread,True
mlb-laa-wsh-2026-09-11,mlb-laa-wsh-2026-09-11|spread|-2.5|57381331124661909064618171335893454443179983591257478102877631476338772799385,spread,True
mlb-laa-wsh-2026-09-11,mlb-laa-wsh-2026-09-11|spread|-2.5|57381331124661909064618171335893454443179983591257478102877631476338772799385,spread,True
mlb-laa-wsh-2026-09-11,mlb-laa-wsh-2026-09-11|spread|-2.5|57381331124661909064618171335893454443179983591257478102877631476338772799385,spread,False
mlb-laa-wsh-2026-09-11,mlb-laa-wsh-2026-09-11|spread|-2.5|57381331124661909064618171335893454443179983591257478102877631476338772799385,spread,True
mlb-laa-wsh-2026-09-11,mlb-laa-wsh-2026-09-11|spread|-2.5|57381331124661909064618171335893454443179983591257478102877631476338772799385,spread,True
mlb-laa-wsh-2026-09-11,mlb-laa-wsh-2026-09-11|spread|-2.5|57381331124661909064618171335893454443179983591257478102877631476338772799385,spread,False
mlb-laa-wsh-2026-09-11,mlb-laa-wsh-2026-09-11|spread|-2.5|57381331124661909064618171335893454443179983591257478102877631476338772799385,spread,True
mlb-laa-wsh-2026-09-11,mlb-laa-wsh-2026-09-11|spread|-2.5|57381331124661909064618171335893454443179983591257478102877631476338772799385,spread,True
mlb-laa-wsh-2026-09-11,mlb-laa-wsh-2026-09-11|spread|-2.5|77652196379905412173705102904626114185348158795510107328221157977825876648485,spread,True
mlb-laa-wsh-2026-09-11,mlb-laa-wsh-2026-09-11|spread|-2.5|77652196379905412173705102904626114185348158795510107328221157977825876648485,spread,True
mlb-laa-wsh-2026-09-11,mlb-laa-wsh-2026-09-11|spread|-2.5|77652196379905412173705102904626114185348158795510107328221157977825876648485,spread,False
mlb-laa-wsh-2026-09-11,mlb-laa-wsh-2026-09-11|spread|-2.5|77652196379905412173705102904626114185348158795510107328221157977825876648485,spread,True
mlb-laa-wsh-2026-09-11,mlb-laa-wsh-2026-09-11|spread|-2.5|77652196379905412173705102904626114185348158795510107328221157977825876648485,spread,True
mlb-laa-wsh-2026-09-11,mlb-laa-wsh-2026-09-11|spread|-2.5|77652196379905412173705102904626114185348158795510107328221157977825876648485,spread,True
mlb-laa-wsh-2026-09-11,mlb-laa-wsh-2026-09-11|spread|-2.5|77652196379905412173705102904626114185348158795510107328221157977825876648485,spread,True
mlb-laa-wsh-2026-09-11,mlb-laa-wsh-2026-09-11|spread|-2.5|77652196379905412173705102904626114185348158795510107328221157977825876648485,spread,True
mlb-laa-wsh-2026-09-11,mlb-laa-wsh-2026-09-11|spread|-2.5|77652196379905412173705102904626114185348158795510107328221157977825876648485,spread,False
mlb-laa-wsh-2026-09-11,mlb-laa-wsh-2026-09-11|spread|-2.5|77652196379905412173705102904626114185348158795510107328221157977825876648485,spread,True
mlb-laa-wsh-2026-09-11,mlb-laa-wsh-2026-09-11|spread|-2.5|77652196379905412173705102904626114185348158795510107328221157977825876648485,spread,True
mlb-laa-wsh-2026-09-11,mlb-laa-wsh-2026-09-11|spread|-2.5|77652196379905412173705102904626114185348158795510107328221157977825876648485,spread,True
mlb-laa-wsh-2026-09-11,mlb-laa-wsh-2026-09-11|spread|-2.5|77652196379905412173705102904626114185348158795510107328221157977825876648485,spread,True
mlb-laa-wsh-2026-09-11,mlb-laa-wsh-2026-09-11|spread|-2.5|77652196379905412173705102904626114185348158795510107328221157977825876648485,spread,False
mlb-laa-wsh-2026-09-11,mlb-laa-wsh-2026-09-11|spread|-2.5|77652196379905412173705102904626114185348158795510107328221157977825876648485,spread,True
mlb-laa-wsh-2026-09-11,mlb-laa-wsh-2026-09-11|spread|-2.5|77652196379905412173705102904626114185348158795510107328221157977825876648485,spread,True
mlb-laa-wsh-2026-09-11,mlb-laa-wsh-2026-09-11|spread|-2.5|77652196379905412173705102904626114185348158795510107328221157977825876648485,spread,False
mlb-laa-wsh-2026-09-11,mlb-laa-wsh-2026-09-11|spread|-2.5|77652196379905412173705102904626114185348158795510107328221157977825876648485,spread,False
mlb-laa-wsh-2026-09-11,mlb-laa-wsh-2026-09-11|spread|-2.5|77652196379905412173705102904626114185348158795510107328221157977825876648485,spread,True
mlb-laa-wsh-2026-09-11,mlb-laa-wsh-2026-09-11|spread|-2.5|77652196379905412173705102904626114185348158795510107328221157977825876648485,spread,False
mlb-laa-wsh-2026-09-11,mlb-laa-wsh-2026-09-11|spread|-2.5|77652196379905412173705102904626114185348158795510107328221157977825876648485,spread,False
mlb-laa-wsh-2026-09-11,mlb-laa-wsh-2026-09-11|spread|-2.5|77652196379905412173705102904626114185348158795510107328221157977825876648485,spread,True
mlb-laa-wsh-2026-09-11,mlb-laa-wsh-2026-09-11|spread|-2.5|77652196379905412173705102904626114185348158795510107328221157977825876648485,spread,True
mlb-laa-wsh-2026-09-11,mlb-laa-wsh-2026-09-11|spread|-2.5|77652196379905412173705102904626114185348158795510107328221157977825876648485,spread,False
mlb-laa-wsh-2026-09-11,mlb-laa-wsh-2026-09-11|spread|-2.5|77652196379905412173705102904626114185348158795510107328221157977825876648485,spread,False
mlb-laa-wsh-2026-09-11,mlb-laa-wsh-2026-09-11|spread|-2.5|77652196379905412173705102904626114185348158795510107328221157977825876648485,spread,False
mlb-laa-wsh-2026-09-11,mlb-laa-wsh-2026-09-11|spread|-2.5|77652196379905412173705102904626114185348158795510107328221157977825876648485,spread,False
mlb-laa-wsh-2026-09-11,mlb-laa-wsh-2026-09-11|spread|-2.5|77652196379905412173705102904626114185348158795510107328221157977825876648485,spread,False
mlb-laa-wsh-2026-09-11,mlb-laa-wsh-2026-09-11|spread|-2.5|77652196379905412173705102904626114185348158795510107328221157977825876648485,spread,True
mlb-laa-wsh-2026-09-11,mlb-laa-wsh-2026-09-11|spread|-2.5|77652196379905412173705102904626114185348158795510107328221157977825876648485,spread,False
mlb-laa-wsh-2026-09-11,mlb-laa-wsh-2026-09-11|spread|-2.5|77652196379905412173705102904626114185348158795510107328221157977825876648485,spread,True
mlb-laa-wsh-2026-09-11,mlb-laa-wsh-2026-09-11|spread|-2.5|77652196379905412173705102904626114185348158795510107328221157977825876648485,spread,True
mlb-laa-wsh-2026-09-11,mlb-laa-wsh-2026-09-11|spread|-2.5|77652196379905412173705102904626114185348158795510107328221157977825876648485,spread,True
mlb-laa-wsh-2026-09-11,mlb-laa-wsh-2026-09-11|spread|-2.5|77652196379905412173705102904626114185348158795510107328221157977825876648485,spread,True
mlb-laa-wsh-2026-09-11,mlb-laa-wsh-2026-09-11|spread|-2.5|77652196379905412173705102904626114185348158795510107328221157977825876648485,spread,False
mlb-laa-wsh-2026-09-11,mlb-laa-wsh-2026-09-11|spread|-2.5|77652196379905412173705102904626114185348158795510107328221157977825876648485,spread,True
mlb-laa-wsh-2026-09-11,mlb-laa-wsh-2026-09-11|spread|-2.5|77652196379905412173705102904626114185348158795510107328221157977825876648485,spread,True
mlb-laa-wsh-2026-09-11,mlb-laa-wsh-2026-09-11|spread|-2.5|77652196379905412173705102904626114185348158795510107328221157977825876648485,spread,False
mlb-laa-wsh-2026-09-11,mlb-laa-wsh-2026-09-11|spread|-2.5|77652196379905412173705102904626114185348158795510107328221157977825876648485,spread,True
mlb-laa-wsh-2026-09-11,mlb-laa-wsh-2026-09-11|spread|-2.5|77652196379905412173705102904626114185348158795510107328221157977825876648485,spread,True
mlb-laa-wsh-2026-09-11,mlb-laa-wsh-2026-09-11|spread|-2.5|77652196379905412173705102904626114185348158795510107328221157977825876648485,spread,True
mlb-laa-wsh-2026-09-11,mlb-laa-wsh-2026-09-11|spread|-2.5|77652196379905412173705102904626114185348158795510107328221157977825876648485,spread,True
mlb-laa-wsh-2026-09-11,mlb-laa-wsh-2026-09-11|spread|-2.5|77652196379905412173705102904626114185348158795510107328221157977825876648485,spread,True
mlb-laa-wsh-2026-09-11,mlb-laa-wsh-2026-09-11|spread|-2.5|77652196379905412173705102904626114185348158795510107328221157977825876648485,spread,True
mlb-laa-wsh-2026-09-11,mlb-laa-wsh-2026-09-11|spread|-2.5|77652196379905412173705102904626114185348158795510107328221157977825876648485,spread,True
mlb-laa-wsh-2026-09-11,mlb-laa-wsh-2026-09-11|spread|-2.5|77652196379905412173705102904626114185348158795510107328221157977825876648485,spread,True
mlb-laa-wsh-2026-09-11,mlb-laa-wsh-2026-09-11|spread|-2.5|77652196379905412173705102904626114185348158795510107328221157977825876648485,spread,False
mlb-laa-wsh-2026-09-11,mlb-laa-wsh-2026-09-11|spread|-2.5|77652196379905412173705102904626114185348158795510107328221157977825876648485,spread,True
mlb-laa-wsh-2026-09-11,mlb-laa-wsh-2026-09-11|spread|-2.5|77652196379905412173705102904626114185348158795510107328221157977825876648485,spread,True
mlb-laa-wsh-2026-09-11,mlb-laa-wsh-2026-09-11|spread|-2.5|77652196379905412173705102904626114185348158795510107328221157977825876648485,spread,False
mlb-laa-wsh-2026-09-11,mlb-laa-wsh-2026-09-11|spread|-2.5|77652196379905412173705102904626114185348158795510107328221157977825876648485,spread,False
mlb-laa-wsh-2026-09-11,mlb-laa-wsh-2026-09-11|spread|-2.5|77652196379905412173705102904626114185348158795510107328221157977825876648485,spread,True
mlb-laa-wsh-2026-09-11,mlb-laa-wsh-2026-09-11|spread|-2.5|77652196379905412173705102904626114185348158795510107328221157977825876648485,spread,False
mlb-lad-mia-2026-09-11,mlb-lad-mia-2026-09-11|spread|-1.5|112632632428578630060906550081138614055122721431797499957470461767595141257132,spread,True
mlb-lad-mia-2026-09-11,mlb-lad-mia-2026-09-11|spread|-1.5|112632632428578630060906550081138614055122721431797499957470461767595141257132,spread,False
mlb-lad-mia-2026-09-11,mlb-lad-mia-2026-09-11|spread|-1.5|112632632428578630060906550081138614055122721431797499957470461767595141257132,spread,True
mlb-lad-mia-2026-09-11,mlb-lad-mia-2026-09-11|spread|-1.5|112632632428578630060906550081138614055122721431797499957470461767595141257132,spread,True
mlb-lad-mia-2026-09-11,mlb-lad-mia-2026-09-11|spread|-1.5|112632632428578630060906550081138614055122721431797499957470461767595141257132,spread,True
mlb-lad-mia-2026-09-11,mlb-lad-mia-2026-09-11|spread|-1.5|112632632428578630060906550081138614055122721431797499957470461767595141257132,spread,False
mlb-lad-mia-2026-09-11,mlb-lad-mia-2026-09-11|spread|-1.5|112632632428578630060906550081138614055122721431797499957470461767595141257132,spread,True
mlb-lad-mia-2026-09-11,mlb-lad-mia-2026-09-11|spread|-1.5|112632632428578630060906550081138614055122721431797499957470461767595141257132,spread,True
mlb-lad-mia-2026-09-11,mlb-lad-mia-2026-09-11|spread|-1.5|112632632428578630060906550081138614055122721431797499957470461767595141257132,spread,True
mlb-lad-mia-2026-09-11,mlb-lad-mia-2026-09-11|spread|-1.5|112632632428578630060906550081138614055122721431797499957470461767595141257132,spread,False
mlb-lad-mia-2026-09-11,mlb-lad-mia-2026-09-11|spread|-1.5|112632632428578630060906550081138614055122721431797499957470461767595141257132,spread,False
mlb-lad-mia-2026-09-11,mlb-lad-mia-2026-09-11|spread|-1.5|112632632428578630060906550081138614055122721431797499957470461767595141257132,spread,False
mlb-lad-mia-2026-09-11,mlb-lad-mia-2026-09-11|spread|-1.5|112632632428578630060906550081138614055122721431797499957470461767595141257132,spread,False
mlb-lad-mia-2026-09-11,mlb-lad-mia-2026-09-11|spread|-1.5|112632632428578630060906550081138614055122721431797499957470461767595141257132,spread,False
mlb-lad-mia-2026-09-11,mlb-lad-mia-2026-09-11|spread|-1.5|112632632428578630060906550081138614055122721431797499957470461767595141257132,spread,True
mlb-lad-mia-2026-09-11,mlb-lad-mia-2026-09-11|spread|-1.5|112632632428578630060906550081138614055122721431797499957470461767595141257132,spread,False
mlb-lad-mia-2026-09-11,mlb-lad-mia-2026-09-11|spread|-1.5|112632632428578630060906550081138614055122721431797499957470461767595141257132,spread,False
mlb-lad-mia-2026-09-11,mlb-lad-mia-2026-09-11|spread|-1.5|112632632428578630060906550081138614055122721431797499957470461767595141257132,spread,False
mlb-lad-mia-2026-09-11,mlb-lad-mia-2026-09-11|spread|-1.5|112632632428578630060906550081138614055122721431797499957470461767595141257132,spread,True
mlb-lad-mia-2026-09-11,mlb-lad-mia-2026-09-11|spread|-1.5|112632632428578630060906550081138614055122721431797499957470461767595141257132,spread,False
mlb-lad-mia-2026-09-11,mlb-lad-mia-2026-09-11|spread|-1.5|112632632428578630060906550081138614055122721431797499957470461767595141257132,spread,False
mlb-lad-mia-2026-09-11,mlb-lad-mia-2026-09-11|spread|-1.5|112632632428578630060906550081138614055122721431797499957470461767595141257132,spread,False
mlb-lad-mia-2026-09-11,mlb-lad-mia-2026-09-11|spread|-1.5|112632632428578630060906550081138614055122721431797499957470461767595141257132,spread,False
mlb-lad-mia-2026-09-11,mlb-lad-mia-2026-09-11|spread|-1.5|112632632428578630060906550081138614055122721431797499957470461767595141257132,spread,True
mlb-lad-mia-2026-09-11,mlb-lad-mia-2026-09-11|spread|-1.5|112632632428578630060906550081138614055122721431797499957470461767595141257132,spread,True
mlb-lad-mia-2026-09-11,mlb-lad-mia-2026-09-11|spread|-1.5|112632632428578630060906550081138614055122721431797499957470461767595141257132,spread,True
mlb-lad-mia-2026-09-11,mlb-lad-mia-2026-09-11|spread|-1.5|112632632428578630060906550081138614055122721431797499957470461767595141257132,spread,True
mlb-lad-mia-2026-09-11,mlb-lad-mia-2026-09-11|spread|-1.5|112632632428578630060906550081138614055122721431797499957470461767595141257132,spread,False
mlb-lad-mia-2026-09-11,mlb-lad-mia-2026-09-11|spread|-1.5|112632632428578630060906550081138614055122721431797499957470461767595141257132,spread,False
mlb-lad-mia-2026-09-11,mlb-lad-mia-2026-09-11|spread|-1.5|112632632428578630060906550081138614055122721431797499957470461767595141257132,spread,True
mlb-lad-mia-2026-09-11,mlb-lad-mia-2026-09-11|spread|-1.5|112632632428578630060906550081138614055122721431797499957470461767595141257132,spread,False
mlb-lad-mia-2026-09-11,mlb-lad-mia-2026-09-11|spread|-1.5|112632632428578630060906550081138614055122721431797499957470461767595141257132,spread,False
mlb-lad-mia-2026-09-11,mlb-lad-mia-2026-09-11|spread|-1.5|112632632428578630060906550081138614055122721431797499957470461767595141257132,spread,False
mlb-lad-mia-2026-09-11,mlb-lad-mia-2026-09-11|spread|-1.5|112632632428578630060906550081138614055122721431797499957470461767595141257132,spread,True
mlb-lad-mia-2026-09-11,mlb-lad-mia-2026-09-11|spread|-1.5|112632632428578630060906550081138614055122721431797499957470461767595141257132,spread,True
mlb-lad-mia-2026-09-11,mlb-lad-mia-2026-09-11|spread|-1.5|112632632428578630060906550081138614055122721431797499957470461767595141257132,spread,False
mlb-lad-mia-2026-09-11,mlb-lad-mia-2026-09-11|spread|-1.5|112632632428578630060906550081138614055122721431797499957470461767595141257132,spread,False
mlb-lad-mia-2026-09-11,mlb-lad-mia-2026-09-11|spread|-1.5|112632632428578630060906550081138614055122721431797499957470461767595141257132,spread,True
mlb-lad-mia-2026-09-11,mlb-lad-mia-2026-09-11|spread|-1.5|112632632428578630060906550081138614055122721431797499957470461767595141257132,spread,False
mlb-lad-mia-2026-09-11,mlb-lad-mia-2026-09-11|spread|-1.5|112632632428578630060906550081138614055122721431797499957470461767595141257132,spread,False
mlb-lad-mia-2026-09-11,mlb-lad-mia-2026-09-11|spread|-1.5|112632632428578630060906550081138614055122721431797499957470461767595141257132,spread,False
mlb-lad-mia-2026-09-11,mlb-lad-mia-2026-09-11|spread|-1.5|112632632428578630060906550081138614055122721431797499957470461767595141257132,spread,False
mlb-lad-mia-2026-09-11,mlb-lad-mia-2026-09-11|spread|-1.5|112632632428578630060906550081138614055122721431797499957470461767595141257132,spread,True
mlb-lad-mia-2026-09-11,mlb-lad-mia-2026-09-11|spread|-1.5|112632632428578630060906550081138614055122721431797499957470461767595141257132,spread,True
mlb-lad-mia-2026-09-11,mlb-lad-mia-2026-09-11|spread|-1.5|112632632428578630060906550081138614055122721431797499957470461767595141257132,spread,True
mlb-lad-mia-2026-09-11,mlb-lad-mia-2026-09-11|spread|-1.5|112632632428578630060906550081138614055122721431797499957470461767595141257132,spread,True
mlb-lad-mia-2026-09-11,mlb-lad-mia-2026-09-11|spread|-1.5|112632632428578630060906550081138614055122721431797499957470461767595141257132,spread,False
mlb-lad-mia-2026-09-11,mlb-lad-mia-2026-09-11|spread|-1.5|112632632428578630060906550081138614055122721431797499957470461767595141257132,spread,False
mlb-lad-mia-2026-09-11,mlb-lad-mia-2026-09-11|spread|-1.5|112632632428578630060906550081138614055122721431797499957470461767595141257132,spread,False
mlb-lad-mia-2026-09-11,mlb-lad-mia-2026-09-11|spread|-1.5|112632632428578630060906550081138614055122721431797499957470461767595141257132,spread,False
mlb-lad-mia-2026-09-11,mlb-lad-mia-2026-09-11|spread|-1.5|112632632428578630060906550081138614055122721431797499957470461767595141257132,spread,False
mlb-lad-mia-2026-09-11,mlb-lad-mia-2026-09-11|spread|-1.5|112632632428578630060906550081138614055122721431797499957470461767595141257132,spread,False
mlb-lad-mia-2026-09-11,mlb-lad-mia-2026-09-11|spread|-1.5|112632632428578630060906550081138614055122721431797499957470461767595141257132,spread,True
mlb-lad-mia-2026-09-11,mlb-lad-mia-2026-09-11|spread|-1.5|112632632428578630060906550081138614055122721431797499957470461767595141257132,spread,True
mlb-lad-mia-2026-09-11,mlb-lad-mia-2026-09-11|spread|-1.5|112632632428578630060906550081138614055122721431797499957470461767595141257132,spread,True
mlb-lad-mia-2026-09-11,mlb-lad-mia-2026-09-11|spread|-1.5|112632632428578630060906550081138614055122721431797499957470461767595141257132,spread,True
mlb-lad-mia-2026-09-11,mlb-lad-mia-2026-09-11|spread|-1.5|112632632428578630060906550081138614055122721431797499957470461767595141257132,spread,False
mlb-lad-mia-2026-09-11,mlb-lad-mia-2026-09-11|spread|-1.5|112632632428578630060906550081138614055122721431797499957470461767595141257132,spread,True
mlb-lad-mia-2026-09-11,mlb-lad-mia-2026-09-11|spread|-1.5|112632632428578630060906550081138614055122721431797499957470461767595141257132,spread,False
mlb-lad-mia-2026-09-11,mlb-lad-mia-2026-09-11|spread|-1.5|112632632428578630060906550081138614055122721431797499957470461767595141257132,spread,True
mlb-lad-mia-2026-09-11,mlb-lad-mia-2026-09-11|spread|-1.5|112632632428578630060906550081138614055122721431797499957470461767595141257132,spread,True
mlb-lad-mia-2026-09-11,mlb-lad-mia-2026-09-11|spread|-1.5|112632632428578630060906550081138614055122721431797499957470461767595141257132,spread,False
mlb-lad-mia-2026-09-11,mlb-lad-mia-2026-09-11|spread|-1.5|112632632428578630060906550081138614055122721431797499957470461767595141257132,spread,False
mlb-lad-mia-2026-09-11,mlb-lad-mia-2026-09-11|spread|-1.5|112632632428578630060906550081138614055122721431797499957470461767595141257132,spread,True
mlb-lad-mia-2026-09-11,mlb-lad-mia-2026-09-11|spread|-1.5|112632632428578630060906550081138614055122721431797499957470461767595141257132,spread,False
mlb-lad-mia-2026-09-11,mlb-lad-mia-2026-09-11|spread|-1.5|112632632428578630060906550081138614055122721431797499957470461767595141257132,spread,True
mlb-lad-mia-2026-09-11,mlb-lad-mia-2026-09-11|spread|-1.5|112632632428578630060906550081138614055122721431797499957470461767595141257132,spread,False
mlb-lad-mia-2026-09-11,mlb-lad-mia-2026-09-11|spread|-1.5|112632632428578630060906550081138614055122721431797499957470461767595141257132,spread,True
mlb-lad-mia-2026-09-11,mlb-lad-mia-2026-09-11|spread|-1.5|112632632428578630060906550081138614055122721431797499957470461767595141257132,spread,True
mlb-lad-mia-2026-09-11,mlb-lad-mia-2026-09-11|spread|-1.5|112632632428578630060906550081138614055122721431797499957470461767595141257132,spread,True
mlb-lad-mia-2026-09-11,mlb-lad-mia-2026-09-11|spread|-1.5|112632632428578630060906550081138614055122721431797499957470461767595141257132,spread,True
mlb-lad-mia-2026-09-11,mlb-lad-mia-2026-09-11|spread|-1.5|112632632428578630060906550081138614055122721431797499957470461767595141257132,spread,True
mlb-lad-mia-2026-09-11,mlb-lad-mia-2026-09-11|spread|-1.5|75932032291859611331227351347958062527486791498313530087540154552948815106392,spread,True
mlb-lad-mia-2026-09-11,mlb-lad-mia-2026-09-11|spread|-1.5|75932032291859611331227351347958062527486791498313530087540154552948815106392,spread,False
mlb-lad-mia-2026-09-11,mlb-lad-mia-2026-09-11|spread|-1.5|75932032291859611331227351347958062527486791498313530087540154552948815106392,spread,True
mlb-lad-mia-2026-09-11,mlb-lad-mia-2026-09-11|spread|-1.5|75932032291859611331227351347958062527486791498313530087540154552948815106392,spread,True
mlb-lad-mia-2026-09-11,mlb-lad-mia-2026-09-11|spread|-1.5|75932032291859611331227351347958062527486791498313530087540154552948815106392,spread,True
mlb-lad-mia-2026-09-11,mlb-lad-mia-2026-09-11|spread|-1.5|75932032291859611331227351347958062527486791498313530087540154552948815106392,spread,False
mlb-lad-mia-2026-09-11,mlb-lad-mia-2026-09-11|spread|-1.5|75932032291859611331227351347958062527486791498313530087540154552948815106392,spread,False
mlb-lad-mia-2026-09-11,mlb-lad-mia-2026-09-11|spread|-1.5|75932032291859611331227351347958062527486791498313530087540154552948815106392,spread,True
mlb-lad-mia-2026-09-11,mlb-lad-mia-2026-09-11|spread|-1.5|75932032291859611331227351347958062527486791498313530087540154552948815106392,spread,True
mlb-lad-mia-2026-09-11,mlb-lad-mia-2026-09-11|spread|-1.5|75932032291859611331227351347958062527486791498313530087540154552948815106392,spread,True
mlb-lad-mia-2026-09-11,mlb-lad-mia-2026-09-11|spread|-1.5|75932032291859611331227351347958062527486791498313530087540154552948815106392,spread,False
mlb-lad-mia-2026-09-11,mlb-lad-mia-2026-09-11|spread|-1.5|75932032291859611331227351347958062527486791498313530087540154552948815106392,spread,True
mlb-lad-mia-2026-09-11,mlb-lad-mia-2026-09-11|spread|-1.5|75932032291859611331227351347958062527486791498313530087540154552948815106392,spread,True
mlb-lad-mia-2026-09-11,mlb-lad-mia-2026-09-11|spread|-1.5|75932032291859611331227351347958062527486791498313530087540154552948815106392,spread,True
mlb-lad-mia-2026-09-11,mlb-lad-mia-2026-09-11|spread|-1.5|75932032291859611331227351347958062527486791498313530087540154552948815106392,spread,False
mlb-lad-mia-2026-09-11,mlb-lad-mia-2026-09-11|spread|-1.5|75932032291859611331227351347958062527486791498313530087540154552948815106392,spread,True
mlb-lad-mia-2026-09-11,mlb-lad-mia-2026-09-11|spread|-1.5|75932032291859611331227351347958062527486791498313530087540154552948815106392,spread,True
mlb-lad-mia-2026-09-11,mlb-lad-mia-2026-09-11|spread|-1.5|75932032291859611331227351347958062527486791498313530087540154552948815106392,spread,True
mlb-lad-mia-2026-09-11,mlb-lad-mia-2026-09-11|spread|-1.5|75932032291859611331227351347958062527486791498313530087540154552948815106392,spread,True
mlb-lad-mia-2026-09-11,mlb-lad-mia-2026-09-11|spread|-1.5|75932032291859611331227351347958062527486791498313530087540154552948815106392,spread,False
mlb-lad-mia-2026-09-11,mlb-lad-mia-2026-09-11|spread|-1.5|75932032291859611331227351347958062527486791498313530087540154552948815106392,spread,True
mlb-lad-mia-2026-09-11,mlb-lad-mia-2026-09-11|spread|-1.5|75932032291859611331227351347958062527486791498313530087540154552948815106392,spread,True
mlb-lad-mia-2026-09-11,mlb-lad-mia-2026-09-11|spread|-1.5|75932032291859611331227351347958062527486791498313530087540154552948815106392,spread,True
mlb-lad-mia-2026-09-11,mlb-lad-mia-2026-09-11|spread|-1.5|75932032291859611331227351347958062527486791498313530087540154552948815106392,spread,True
mlb-lad-mia-2026-09-11,mlb-lad-mia-2026-09-11|spread|-1.5|75932032291859611331227351347958062527486791498313530087540154552948815106392,spread,True
mlb-lad-mia-2026-09-11,mlb-lad-mia-2026-09-11|spread|-1.5|75932032291859611331227351347958062527486791498313530087540154552948815106392,spread,False
mlb-lad-mia-2026-09-11,mlb-lad-mia-2026-09-11|spread|-1.5|75932032291859611331227351347958062527486791498313530087540154552948815106392,spread,False
mlb-lad-mia-2026-09-11,mlb-lad-mia-2026-09-11|spread|-1.5|75932032291859611331227351347958062527486791498313530087540154552948815106392,spread,False
mlb-lad-mia-2026-09-11,mlb-lad-mia-2026-09-11|spread|-1.5|75932032291859611331227351347958062527486791498313530087540154552948815106392,spread,True
mlb-lad-mia-2026-09-11,mlb-lad-mia-2026-09-11|spread|-1.5|75932032291859611331227351347958062527486791498313530087540154552948815106392,spread,False
mlb-lad-mia-2026-09-11,mlb-lad-mia-2026-09-11|spread|-1.5|75932032291859611331227351347958062527486791498313530087540154552948815106392,spread,False
mlb-lad-mia-2026-09-11,mlb-lad-mia-2026-09-11|spread|-1.5|75932032291859611331227351347958062527486791498313530087540154552948815106392,spread,True
mlb-lad-mia-2026-09-11,mlb-lad-mia-2026-09-11|spread|-1.5|75932032291859611331227351347958062527486791498313530087540154552948815106392,spread,True
mlb-lad-mia-2026-09-11,mlb-lad-mia-2026-09-11|spread|-1.5|75932032291859611331227351347958062527486791498313530087540154552948815106392,spread,True
mlb-lad-mia-2026-09-11,mlb-lad-mia-2026-09-11|spread|-1.5|75932032291859611331227351347958062527486791498313530087540154552948815106392,spread,True
mlb-lad-mia-2026-09-11,mlb-lad-mia-2026-09-11|spread|-1.5|75932032291859611331227351347958062527486791498313530087540154552948815106392,spread,True
mlb-lad-mia-2026-09-11,mlb-lad-mia-2026-09-11|spread|-1.5|75932032291859611331227351347958062527486791498313530087540154552948815106392,spread,True
mlb-lad-mia-2026-09-11,mlb-lad-mia-2026-09-11|spread|-1.5|75932032291859611331227351347958062527486791498313530087540154552948815106392,spread,False
mlb-lad-mia-2026-09-11,mlb-lad-mia-2026-09-11|spread|-1.5|75932032291859611331227351347958062527486791498313530087540154552948815106392,spread,False
mlb-lad-mia-2026-09-11,mlb-lad-mia-2026-09-11|spread|-1.5|75932032291859611331227351347958062527486791498313530087540154552948815106392,spread,True
mlb-lad-mia-2026-09-11,mlb-lad-mia-2026-09-11|spread|-1.5|75932032291859611331227351347958062527486791498313530087540154552948815106392,spread,False
mlb-lad-mia-2026-09-11,mlb-lad-mia-2026-09-11|spread|-1.5|75932032291859611331227351347958062527486791498313530087540154552948815106392,spread,True
mlb-lad-mia-2026-09-11,mlb-lad-mia-2026-09-11|spread|-1.5|75932032291859611331227351347958062527486791498313530087540154552948815106392,spread,True
mlb-lad-mia-2026-09-11,mlb-lad-mia-2026-09-11|spread|-1.5|75932032291859611331227351347958062527486791498313530087540154552948815106392,spread,True
mlb-lad-mia-2026-09-11,mlb-lad-mia-2026-09-11|spread|-1.5|75932032291859611331227351347958062527486791498313530087540154552948815106392,spread,True
mlb-lad-mia-2026-09-11,mlb-lad-mia-2026-09-11|spread|-1.5|75932032291859611331227351347958062527486791498313530087540154552948815106392,spread,True
mlb-lad-mia-2026-09-11,mlb-lad-mia-2026-09-11|spread|-1.5|75932032291859611331227351347958062527486791498313530087540154552948815106392,spread,True
mlb-lad-mia-2026-09-11,mlb-lad-mia-2026-09-11|spread|-1.5|75932032291859611331227351347958062527486791498313530087540154552948815106392,spread,True
mlb-lad-mia-2026-09-11,mlb-lad-mia-2026-09-11|spread|-1.5|75932032291859611331227351347958062527486791498313530087540154552948815106392,spread,False
mlb-lad-mia-2026-09-11,mlb-lad-mia-2026-09-11|spread|-1.5|75932032291859611331227351347958062527486791498313530087540154552948815106392,spread,False
mlb-lad-mia-2026-09-11,mlb-lad-mia-2026-09-11|spread|-1.5|75932032291859611331227351347958062527486791498313530087540154552948815106392,spread,True
mlb-lad-mia-2026-09-11,mlb-lad-mia-2026-09-11|spread|-1.5|75932032291859611331227351347958062527486791498313530087540154552948815106392,spread,False
mlb-lad-mia-2026-09-11,mlb-lad-mia-2026-09-11|spread|-1.5|75932032291859611331227351347958062527486791498313530087540154552948815106392,spread,False
mlb-lad-mia-2026-09-11,mlb-lad-mia-2026-09-11|spread|-1.5|75932032291859611331227351347958062527486791498313530087540154552948815106392,spread,False
mlb-lad-mia-2026-09-11,mlb-lad-mia-2026-09-11|spread|-1.5|75932032291859611331227351347958062527486791498313530087540154552948815106392,spread,False
mlb-lad-mia-2026-09-11,mlb-lad-mia-2026-09-11|spread|-1.5|75932032291859611331227351347958062527486791498313530087540154552948815106392,spread,False
mlb-lad-mia-2026-09-11,mlb-lad-mia-2026-09-11|spread|-1.5|75932032291859611331227351347958062527486791498313530087540154552948815106392,spread,False
mlb-lad-mia-2026-09-11,mlb-lad-mia-2026-09-11|spread|-1.5|75932032291859611331227351347958062527486791498313530087540154552948815106392,spread,True
mlb-lad-mia-2026-09-11,mlb-lad-mia-2026-09-11|spread|-1.5|75932032291859611331227351347958062527486791498313530087540154552948815106392,spread,True
mlb-lad-mia-2026-09-11,mlb-lad-mia-2026-09-11|spread|-1.5|75932032291859611331227351347958062527486791498313530087540154552948815106392,spread,False
mlb-lad-mia-2026-09-11,mlb-lad-mia-2026-09-11|spread|-1.5|75932032291859611331227351347958062527486791498313530087540154552948815106392,spread,False
mlb-lad-mia-2026-09-11,mlb-lad-mia-2026-09-11|spread|-1.5|75932032291859611331227351347958062527486791498313530087540154552948815106392,spread,False
mlb-lad-mia-2026-09-11,mlb-lad-mia-2026-09-11|spread|-1.5|75932032291859611331227351347958062527486791498313530087540154552948815106392,spread,True
mlb-lad-mia-2026-09-11,mlb-lad-mia-2026-09-11|spread|-1.5|75932032291859611331227351347958062527486791498313530087540154552948815106392,spread,False
mlb-lad-mia-2026-09-11,mlb-lad-mia-2026-09-11|spread|-1.5|75932032291859611331227351347958062527486791498313530087540154552948815106392,spread,False
mlb-lad-mia-2026-09-11,mlb-lad-mia-2026-09-11|spread|-1.5|75932032291859611331227351347958062527486791498313530087540154552948815106392,spread,False
mlb-lad-mia-2026-09-11,mlb-lad-mia-2026-09-11|spread|-1.5|75932032291859611331227351347958062527486791498313530087540154552948815106392,spread,True
mlb-lad-mia-2026-09-11,mlb-lad-mia-2026-09-11|spread|-1.5|75932032291859611331227351347958062527486791498313530087540154552948815106392,spread,False
mlb-lad-mia-2026-09-11,mlb-lad-mia-2026-09-11|spread|-1.5|75932032291859611331227351347958062527486791498313530087540154552948815106392,spread,False
mlb-lad-mia-2026-09-11,mlb-lad-mia-2026-09-11|spread|-1.5|75932032291859611331227351347958062527486791498313530087540154552948815106392,spread,False
mlb-lad-mia-2026-09-11,mlb-lad-mia-2026-09-11|spread|-1.5|75932032291859611331227351347958062527486791498313530087540154552948815106392,spread,False
mlb-lad-mia-2026-09-11,mlb-lad-mia-2026-09-11|spread|-1.5|75932032291859611331227351347958062527486791498313530087540154552948815106392,spread,True
mlb-lad-mia-2026-09-11,mlb-lad-mia-2026-09-11|spread|-1.5|75932032291859611331227351347958062527486791498313530087540154552948815106392,spread,True
mlb-lad-mia-2026-09-11,mlb-lad-mia-2026-09-11|spread|-1.5|75932032291859611331227351347958062527486791498313530087540154552948815106392,spread,True
mlb-lad-mia-2026-09-11,mlb-lad-mia-2026-09-11|spread|-1.5|75932032291859611331227351347958062527486791498313530087540154552948815106392,spread,False
mlb-lad-mia-2026-09-11,mlb-lad-mia-2026-09-11|spread|-1.5|75932032291859611331227351347958062527486791498313530087540154552948815106392,spread,True
mlb-lad-mia-2026-09-11,mlb-lad-mia-2026-09-11|spread|-1.5|75932032291859611331227351347958062527486791498313530087540154552948815106392,spread,False
mlb-lad-mia-2026-09-11,mlb-lad-mia-2026-09-11|spread|-1.5|75932032291859611331227351347958062527486791498313530087540154552948815106392,spread,True
mlb-lad-mia-2026-09-11,mlb-lad-mia-2026-09-11|spread|-1.5|75932032291859611331227351347958062527486791498313530087540154552948815106392,spread,False
mlb-lad-mia-2026-09-11,mlb-lad-mia-2026-09-11|spread|-1.5|75932032291859611331227351347958062527486791498313530087540154552948815106392,spread,True
mlb-lad-mia-2026-09-11,mlb-lad-mia-2026-09-11|spread|-1.5|75932032291859611331227351347958062527486791498313530087540154552948815106392,spread,False
mlb-lad-mia-2026-09-11,mlb-lad-mia-2026-09-11|spread|-1.5|75932032291859611331227351347958062527486791498313530087540154552948815106392,spread,False
mlb-lad-mia-2026-09-11,mlb-lad-mia-2026-09-11|spread|-1.5|75932032291859611331227351347958062527486791498313530087540154552948815106392,spread,False
mlb-lad-mia-2026-09-11,mlb-lad-mia-2026-09-11|spread|-1.5|75932032291859611331227351347958062527486791498313530087540154552948815106392,spread,False
mlb-lad-mia-2026-09-11,mlb-lad-mia-2026-09-11|spread|-1.5|75932032291859611331227351347958062527486791498313530087540154552948815106392,spread,False
mlb-lad-mia-2026-09-11,mlb-lad-mia-2026-09-11|spread|-1.5|75932032291859611331227351347958062527486791498313530087540154552948815106392,spread,True
mlb-lad-mia-2026-09-11,mlb-lad-mia-2026-09-11|spread|-1.5|75932032291859611331227351347958062527486791498313530087540154552948815106392,spread,False
mlb-lad-mia-2026-09-11,mlb-lad-mia-2026-09-11|spread|-1.5|75932032291859611331227351347958062527486791498313530087540154552948815106392,spread,True
mlb-lad-mia-2026-09-11,mlb-lad-mia-2026-09-11|spread|-1.5|75932032291859611331227351347958062527486791498313530087540154552948815106392,spread,False
mlb-lad-mia-2026-09-11,mlb-lad-mia-2026-09-11|spread|-1.5|75932032291859611331227351347958062527486791498313530087540154552948815106392,spread,True
mlb-lad-mia-2026-09-11,mlb-lad-mia-2026-09-11|spread|-1.5|75932032291859611331227351347958062527486791498313530087540154552948815106392,spread,True
mlb-lad-mia-2026-09-11,mlb-lad-mia-2026-09-11|spread|-1.5|75932032291859611331227351347958062527486791498313530087540154552948815106392,spread,False
mlb-lad-mia-2026-09-11,mlb-lad-mia-2026-09-11|spread|-1.5|75932032291859611331227351347958062527486791498313530087540154552948815106392,spread,True
mlb-lad-mia-2026-09-11,mlb-lad-mia-2026-09-11|spread|-1.5|75932032291859611331227351347958062527486791498313530087540154552948815106392,spread,True
mlb-lad-mia-2026-09-11,mlb-lad-mia-2026-09-11|spread|-1.5|75932032291859611331227351347958062527486791498313530087540154552948815106392,spread,False
mlb-lad-mia-2026-09-11,mlb-lad-mia-2026-09-11|spread|-1.5|75932032291859611331227351347958062527486791498313530087540154552948815106392,spread,True
mlb-lad-mia-2026-09-11,mlb-lad-mia-2026-09-11|spread|-1.5|75932032291859611331227351347958062527486791498313530087540154552948815106392,spread,True
mlb-lad-mia-2026-09-11,mlb-lad-mia-2026-09-11|spread|-1.5|75932032291859611331227351347958062527486791498313530087540154552948815106392,spread,True
mlb-lad-mia-2026-09-11,mlb-lad-mia-2026-09-11|spread|-1.5|75932032291859611331227351347958062527486791498313530087540154552948815106392,spread,True
mlb-lad-mia-2026-09-11,mlb-lad-mia-2026-09-11|spread|-1.5|75932032291859611331227351347958062527486791498313530087540154552948815106392,spread,False
mlb-lad-mia-2026-09-11,mlb-lad-mia-2026-09-11|spread|-1.5|75932032291859611331227351347958062527486791498313530087540154552948815106392,spread,True
mlb-lad-mia-2026-09-11,mlb-lad-mia-2026-09-11|spread|-1.5|75932032291859611331227351347958062527486791498313530087540154552948815106392,spread,True
mlb-lad-mia-2026-09-11,mlb-lad-mia-2026-09-11|spread|-1.5|75932032291859611331227351347958062527486791498313530087540154552948815106392,spread,True
mlb-lad-mia-2026-09-11,mlb-lad-mia-2026-09-11|spread|-1.5|75932032291859611331227351347958062527486791498313530087540154552948815106392,spread,True
mlb-lad-mia-2026-09-11,mlb-lad-mia-2026-09-11|spread|-1.5|75932032291859611331227351347958062527486791498313530087540154552948815106392,spread,True
mlb-lad-mia-2026-09-11,mlb-lad-mia-2026-09-11|spread|-2.5|54685505341418426676235029970680820920810956050108656506866915781917070076574,spread,True
mlb-lad-mia-2026-09-11,mlb-lad-mia-2026-09-11|spread|-2.5|54685505341418426676235029970680820920810956050108656506866915781917070076574,spread,True
mlb-lad-mia-2026-09-11,mlb-lad-mia-2026-09-11|spread|-2.5|54685505341418426676235029970680820920810956050108656506866915781917070076574,spread,False
mlb-lad-mia-2026-09-11,mlb-lad-mia-2026-09-11|spread|-2.5|54685505341418426676235029970680820920810956050108656506866915781917070076574,spread,False
mlb-lad-mia-2026-09-11,mlb-lad-mia-2026-09-11|spread|-2.5|54685505341418426676235029970680820920810956050108656506866915781917070076574,spread,True
mlb-lad-mia-2026-09-11,mlb-lad-mia-2026-09-11|spread|-2.5|54685505341418426676235029970680820920810956050108656506866915781917070076574,spread,True
mlb-lad-mia-2026-09-11,mlb-lad-mia-2026-09-11|spread|-2.5|54685505341418426676235029970680820920810956050108656506866915781917070076574,spread,False
mlb-lad-mia-2026-09-11,mlb-lad-mia-2026-09-11|spread|-2.5|54685505341418426676235029970680820920810956050108656506866915781917070076574,spread,True
mlb-lad-mia-2026-09-11,mlb-lad-mia-2026-09-11|spread|-2.5|54685505341418426676235029970680820920810956050108656506866915781917070076574,spread,False
mlb-lad-mia-2026-09-11,mlb-lad-mia-2026-09-11|spread|-2.5|54685505341418426676235029970680820920810956050108656506866915781917070076574,spread,True
mlb-lad-mia-2026-09-11,mlb-lad-mia-2026-09-11|spread|-2.5|54685505341418426676235029970680820920810956050108656506866915781917070076574,spread,True
mlb-lad-mia-2026-09-11,mlb-lad-mia-2026-09-11|spread|-2.5|54685505341418426676235029970680820920810956050108656506866915781917070076574,spread,False
mlb-lad-mia-2026-09-11,mlb-lad-mia-2026-09-11|spread|-2.5|54685505341418426676235029970680820920810956050108656506866915781917070076574,spread,True
mlb-lad-mia-2026-09-11,mlb-lad-mia-2026-09-11|spread|-2.5|54685505341418426676235029970680820920810956050108656506866915781917070076574,spread,False
mlb-lad-mia-2026-09-11,mlb-lad-mia-2026-09-11|spread|-2.5|54685505341418426676235029970680820920810956050108656506866915781917070076574,spread,False
mlb-lad-mia-2026-09-11,mlb-lad-mia-2026-09-11|spread|-2.5|54685505341418426676235029970680820920810956050108656506866915781917070076574,spread,True
mlb-lad-mia-2026-09-11,mlb-lad-mia-2026-09-11|spread|-2.5|54685505341418426676235029970680820920810956050108656506866915781917070076574,spread,True
mlb-lad-mia-2026-09-11,mlb-lad-mia-2026-09-11|spread|-2.5|54685505341418426676235029970680820920810956050108656506866915781917070076574,spread,True
mlb-lad-mia-2026-09-11,mlb-lad-mia-2026-09-11|spread|-2.5|54685505341418426676235029970680820920810956050108656506866915781917070076574,spread,False
mlb-lad-mia-2026-09-11,mlb-lad-mia-2026-09-11|spread|-2.5|54685505341418426676235029970680820920810956050108656506866915781917070076574,spread,True
mlb-lad-mia-2026-09-11,mlb-lad-mia-2026-09-11|spread|-2.5|54685505341418426676235029970680820920810956050108656506866915781917070076574,spread,True
mlb-lad-mia-2026-09-11,mlb-lad-mia-2026-09-11|spread|-2.5|54685505341418426676235029970680820920810956050108656506866915781917070076574,spread,False
mlb-lad-mia-2026-09-11,mlb-lad-mia-2026-09-11|spread|-2.5|54685505341418426676235029970680820920810956050108656506866915781917070076574,spread,False
mlb-lad-mia-2026-09-11,mlb-lad-mia-2026-09-11|spread|-2.5|54685505341418426676235029970680820920810956050108656506866915781917070076574,spread,True
mlb-lad-mia-2026-09-11,mlb-lad-mia-2026-09-11|spread|-2.5|54685505341418426676235029970680820920810956050108656506866915781917070076574,spread,False
mlb-lad-mia-2026-09-11,mlb-lad-mia-2026-09-11|spread|-2.5|54685505341418426676235029970680820920810956050108656506866915781917070076574,spread,False
mlb-lad-mia-2026-09-11,mlb-lad-mia-2026-09-11|spread|-2.5|54685505341418426676235029970680820920810956050108656506866915781917070076574,spread,False
mlb-lad-mia-2026-09-11,mlb-lad-mia-2026-09-11|spread|-2.5|54685505341418426676235029970680820920810956050108656506866915781917070076574,spread,False
mlb-lad-mia-2026-09-11,mlb-lad-mia-2026-09-11|spread|-2.5|54685505341418426676235029970680820920810956050108656506866915781917070076574,spread,True
mlb-lad-mia-2026-09-11,mlb-lad-mia-2026-09-11|spread|-2.5|54685505341418426676235029970680820920810956050108656506866915781917070076574,spread,True
mlb-lad-mia-2026-09-11,mlb-lad-mia-2026-09-11|spread|-2.5|54685505341418426676235029970680820920810956050108656506866915781917070076574,spread,True
mlb-lad-mia-2026-09-11,mlb-lad-mia-2026-09-11|spread|-2.5|54685505341418426676235029970680820920810956050108656506866915781917070076574,spread,False
mlb-lad-mia-2026-09-11,mlb-lad-mia-2026-09-11|spread|-2.5|54685505341418426676235029970680820920810956050108656506866915781917070076574,spread,True
mlb-lad-mia-2026-09-11,mlb-lad-mia-2026-09-11|spread|-2.5|54685505341418426676235029970680820920810956050108656506866915781917070076574,spread,False
mlb-lad-mia-2026-09-11,mlb-lad-mia-2026-09-11|spread|-2.5|54685505341418426676235029970680820920810956050108656506866915781917070076574,spread,False
mlb-lad-mia-2026-09-11,mlb-lad-mia-2026-09-11|spread|-2.5|54685505341418426676235029970680820920810956050108656506866915781917070076574,spread,False
mlb-lad-mia-2026-09-11,mlb-lad-mia-2026-09-11|spread|-2.5|54685505341418426676235029970680820920810956050108656506866915781917070076574,spread,False
mlb-lad-mia-2026-09-11,mlb-lad-mia-2026-09-11|spread|-2.5|54685505341418426676235029970680820920810956050108656506866915781917070076574,spread,True
mlb-lad-mia-2026-09-11,mlb-lad-mia-2026-09-11|spread|-2.5|54685505341418426676235029970680820920810956050108656506866915781917070076574,spread,False
mlb-lad-mia-2026-09-11,mlb-lad-mia-2026-09-11|spread|-2.5|54685505341418426676235029970680820920810956050108656506866915781917070076574,spread,False
mlb-lad-mia-2026-09-11,mlb-lad-mia-2026-09-11|spread|-2.5|54685505341418426676235029970680820920810956050108656506866915781917070076574,spread,False
mlb-lad-mia-2026-09-11,mlb-lad-mia-2026-09-11|spread|-2.5|54685505341418426676235029970680820920810956050108656506866915781917070076574,spread,True
mlb-lad-mia-2026-09-11,mlb-lad-mia-2026-09-11|spread|-2.5|54685505341418426676235029970680820920810956050108656506866915781917070076574,spread,False
mlb-lad-mia-2026-09-11,mlb-lad-mia-2026-09-11|spread|-2.5|54685505341418426676235029970680820920810956050108656506866915781917070076574,spread,False
mlb-lad-mia-2026-09-11,mlb-lad-mia-2026-09-11|spread|-2.5|54685505341418426676235029970680820920810956050108656506866915781917070076574,spread,False
mlb-lad-mia-2026-09-11,mlb-lad-mia-2026-09-11|spread|-2.5|54685505341418426676235029970680820920810956050108656506866915781917070076574,spread,False
mlb-lad-mia-2026-09-11,mlb-lad-mia-2026-09-11|spread|-2.5|54685505341418426676235029970680820920810956050108656506866915781917070076574,spread,False
mlb-lad-mia-2026-09-11,mlb-lad-mia-2026-09-11|spread|-2.5|54685505341418426676235029970680820920810956050108656506866915781917070076574,spread,False
mlb-lad-mia-2026-09-11,mlb-lad-mia-2026-09-11|spread|-2.5|54685505341418426676235029970680820920810956050108656506866915781917070076574,spread,False
mlb-lad-mia-2026-09-11,mlb-lad-mia-2026-09-11|spread|-2.5|54685505341418426676235029970680820920810956050108656506866915781917070076574,spread,False
mlb-lad-mia-2026-09-11,mlb-lad-mia-2026-09-11|spread|-2.5|54685505341418426676235029970680820920810956050108656506866915781917070076574,spread,True
mlb-lad-mia-2026-09-11,mlb-lad-mia-2026-09-11|spread|-2.5|54685505341418426676235029970680820920810956050108656506866915781917070076574,spread,False
mlb-lad-mia-2026-09-11,mlb-lad-mia-2026-09-11|spread|-2.5|54685505341418426676235029970680820920810956050108656506866915781917070076574,spread,True
mlb-lad-mia-2026-09-11,mlb-lad-mia-2026-09-11|spread|-2.5|54685505341418426676235029970680820920810956050108656506866915781917070076574,spread,True
mlb-lad-mia-2026-09-11,mlb-lad-mia-2026-09-11|spread|-2.5|54685505341418426676235029970680820920810956050108656506866915781917070076574,spread,False
mlb-lad-mia-2026-09-11,mlb-lad-mia-2026-09-11|spread|-2.5|54685505341418426676235029970680820920810956050108656506866915781917070076574,spread,True
mlb-lad-mia-2026-09-11,mlb-lad-mia-2026-09-11|spread|-2.5|54685505341418426676235029970680820920810956050108656506866915781917070076574,spread,False
mlb-lad-mia-2026-09-11,mlb-lad-mia-2026-09-11|spread|-2.5|54685505341418426676235029970680820920810956050108656506866915781917070076574,spread,False
mlb-lad-mia-2026-09-11,mlb-lad-mia-2026-09-11|spread|-2.5|54685505341418426676235029970680820920810956050108656506866915781917070076574,spread,False
mlb-lad-mia-2026-09-11,mlb-lad-mia-2026-09-11|spread|-2.5|54685505341418426676235029970680820920810956050108656506866915781917070076574,spread,True
mlb-lad-mia-2026-09-11,mlb-lad-mia-2026-09-11|spread|-2.5|54685505341418426676235029970680820920810956050108656506866915781917070076574,spread,True
mlb-lad-mia-2026-09-11,mlb-lad-mia-2026-09-11|spread|-2.5|54685505341418426676235029970680820920810956050108656506866915781917070076574,spread,False
mlb-lad-mia-2026-09-11,mlb-lad-mia-2026-09-11|spread|-2.5|54685505341418426676235029970680820920810956050108656506866915781917070076574,spread,False
mlb-lad-mia-2026-09-11,mlb-lad-mia-2026-09-11|spread|-2.5|54685505341418426676235029970680820920810956050108656506866915781917070076574,spread,False
mlb-lad-mia-2026-09-11,mlb-lad-mia-2026-09-11|spread|-2.5|54685505341418426676235029970680820920810956050108656506866915781917070076574,spread,False
mlb-lad-mia-2026-09-11,mlb-lad-mia-2026-09-11|spread|-2.5|54685505341418426676235029970680820920810956050108656506866915781917070076574,spread,True
mlb-lad-mia-2026-09-11,mlb-lad-mia-2026-09-11|spread|-2.5|54685505341418426676235029970680820920810956050108656506866915781917070076574,spread,True
mlb-lad-mia-2026-09-11,mlb-lad-mia-2026-09-11|spread|-2.5|54685505341418426676235029970680820920810956050108656506866915781917070076574,spread,False
mlb-lad-mia-2026-09-11,mlb-lad-mia-2026-09-11|spread|-2.5|54685505341418426676235029970680820920810956050108656506866915781917070076574,spread,True
mlb-lad-mia-2026-09-11,mlb-lad-mia-2026-09-11|spread|-2.5|54685505341418426676235029970680820920810956050108656506866915781917070076574,spread,True
mlb-lad-mia-2026-09-11,mlb-lad-mia-2026-09-11|spread|-2.5|54685505341418426676235029970680820920810956050108656506866915781917070076574,spread,False
mlb-lad-mia-2026-09-11,mlb-lad-mia-2026-09-11|spread|-2.5|54685505341418426676235029970680820920810956050108656506866915781917070076574,spread,True
mlb-lad-mia-2026-09-11,mlb-lad-mia-2026-09-11|spread|-2.5|54685505341418426676235029970680820920810956050108656506866915781917070076574,spread,True
mlb-lad-mia-2026-09-11,mlb-lad-mia-2026-09-11|spread|-2.5|54685505341418426676235029970680820920810956050108656506866915781917070076574,spread,True
mlb-lad-mia-2026-09-11,mlb-lad-mia-2026-09-11|spread|-2.5|54685505341418426676235029970680820920810956050108656506866915781917070076574,spread,False
mlb-lad-mia-2026-09-11,mlb-lad-mia-2026-09-11|spread|-2.5|54685505341418426676235029970680820920810956050108656506866915781917070076574,spread,True
mlb-lad-mia-2026-09-11,mlb-lad-mia-2026-09-11|spread|-2.5|54685505341418426676235029970680820920810956050108656506866915781917070076574,spread,False
mlb-lad-mia-2026-09-11,mlb-lad-mia-2026-09-11|spread|-2.5|54685505341418426676235029970680820920810956050108656506866915781917070076574,spread,True
mlb-lad-mia-2026-09-11,mlb-lad-mia-2026-09-11|spread|-2.5|54685505341418426676235029970680820920810956050108656506866915781917070076574,spread,False
mlb-lad-mia-2026-09-11,mlb-lad-mia-2026-09-11|spread|-2.5|54685505341418426676235029970680820920810956050108656506866915781917070076574,spread,True
mlb-lad-mia-2026-09-11,mlb-lad-mia-2026-09-11|spread|-2.5|54685505341418426676235029970680820920810956050108656506866915781917070076574,spread,True
mlb-lad-mia-2026-09-11,mlb-lad-mia-2026-09-11|spread|-2.5|54685505341418426676235029970680820920810956050108656506866915781917070076574,spread,True
mlb-lad-mia-2026-09-11,mlb-lad-mia-2026-09-11|spread|-2.5|54685505341418426676235029970680820920810956050108656506866915781917070076574,spread,False
mlb-lad-mia-2026-09-11,mlb-lad-mia-2026-09-11|spread|-2.5|54685505341418426676235029970680820920810956050108656506866915781917070076574,spread,True
mlb-lad-mia-2026-09-11,mlb-lad-mia-2026-09-11|spread|-2.5|54685505341418426676235029970680820920810956050108656506866915781917070076574,spread,True
mlb-lad-mia-2026-09-11,mlb-lad-mia-2026-09-11|spread|-2.5|54685505341418426676235029970680820920810956050108656506866915781917070076574,spread,False
mlb-lad-mia-2026-09-11,mlb-lad-mia-2026-09-11|spread|-2.5|54685505341418426676235029970680820920810956050108656506866915781917070076574,spread,False
mlb-lad-mia-2026-09-11,mlb-lad-mia-2026-09-11|spread|-2.5|54685505341418426676235029970680820920810956050108656506866915781917070076574,spread,True
mlb-lad-mia-2026-09-11,mlb-lad-mia-2026-09-11|spread|-2.5|54685505341418426676235029970680820920810956050108656506866915781917070076574,spread,True
mlb-lad-mia-2026-09-11,mlb-lad-mia-2026-09-11|spread|-2.5|54685505341418426676235029970680820920810956050108656506866915781917070076574,spread,False
mlb-lad-mia-2026-09-11,mlb-lad-mia-2026-09-11|spread|-2.5|54685505341418426676235029970680820920810956050108656506866915781917070076574,spread,True
mlb-lad-mia-2026-09-11,mlb-lad-mia-2026-09-11|spread|-2.5|54685505341418426676235029970680820920810956050108656506866915781917070076574,spread,False
mlb-lad-mia-2026-09-11,mlb-lad-mia-2026-09-11|spread|-2.5|54685505341418426676235029970680820920810956050108656506866915781917070076574,spread,False
mlb-lad-mia-2026-09-11,mlb-lad-mia-2026-09-11|spread|-2.5|54685505341418426676235029970680820920810956050108656506866915781917070076574,spread,False
mlb-lad-mia-2026-09-11,mlb-lad-mia-2026-09-11|spread|-2.5|54685505341418426676235029970680820920810956050108656506866915781917070076574,spread,True
mlb-lad-mia-2026-09-11,mlb-lad-mia-2026-09-11|spread|-2.5|54685505341418426676235029970680820920810956050108656506866915781917070076574,spread,True
mlb-lad-mia-2026-09-11,mlb-lad-mia-2026-09-11|spread|-2.5|54685505341418426676235029970680820920810956050108656506866915781917070076574,spread,True
mlb-lad-mia-2026-09-11,mlb-lad-mia-2026-09-11|spread|-2.5|54685505341418426676235029970680820920810956050108656506866915781917070076574,spread,True
mlb-lad-mia-2026-09-11,mlb-lad-mia-2026-09-11|spread|-2.5|54685505341418426676235029970680820920810956050108656506866915781917070076574,spread,True
mlb-lad-mia-2026-09-11,mlb-lad-mia-2026-09-11|spread|-2.5|54685505341418426676235029970680820920810956050108656506866915781917070076574,spread,True
mlb-lad-mia-2026-09-11,mlb-lad-mia-2026-09-11|spread|-2.5|54685505341418426676235029970680820920810956050108656506866915781917070076574,spread,False
mlb-lad-mia-2026-09-11,mlb-lad-mia-2026-09-11|spread|-2.5|54685505341418426676235029970680820920810956050108656506866915781917070076574,spread,False
mlb-lad-mia-2026-09-11,mlb-lad-mia-2026-09-11|spread|-2.5|54685505341418426676235029970680820920810956050108656506866915781917070076574,spread,False
mlb-lad-mia-2026-09-11,mlb-lad-mia-2026-09-11|spread|-2.5|54685505341418426676235029970680820920810956050108656506866915781917070076574,spread,True
mlb-lad-mia-2026-09-11,mlb-lad-mia-2026-09-11|spread|-2.5|54685505341418426676235029970680820920810956050108656506866915781917070076574,spread,False
mlb-lad-mia-2026-09-11,mlb-lad-mia-2026-09-11|spread|-2.5|54685505341418426676235029970680820920810956050108656506866915781917070076574,spread,False
mlb-lad-mia-2026-09-11,mlb-lad-mia-2026-09-11|spread|-2.5|72801692238172392056639600859625241711725951068887213368797405562414021861815,spread,True
mlb-lad-mia-2026-09-11,mlb-lad-mia-2026-09-11|spread|-2.5|72801692238172392056639600859625241711725951068887213368797405562414021861815,spread,False
mlb-lad-mia-2026-09-11,mlb-lad-mia-2026-09-11|spread|-2.5|72801692238172392056639600859625241711725951068887213368797405562414021861815,spread,True
mlb-lad-mia-2026-09-11,mlb-lad-mia-2026-09-11|spread|-2.5|72801692238172392056639600859625241711725951068887213368797405562414021861815,spread,False
mlb-lad-mia-2026-09-11,mlb-lad-mia-2026-09-11|spread|-2.5|72801692238172392056639600859625241711725951068887213368797405562414021861815,spread,False
mlb-lad-mia-2026-09-11,mlb-lad-mia-2026-09-11|spread|-2.5|72801692238172392056639600859625241711725951068887213368797405562414021861815,spread,False
mlb-lad-mia-2026-09-11,mlb-lad-mia-2026-09-11|spread|-2.5|72801692238172392056639600859625241711725951068887213368797405562414021861815,spread,False
mlb-lad-mia-2026-09-11,mlb-lad-mia-2026-09-11|spread|-2.5|72801692238172392056639600859625241711725951068887213368797405562414021861815,spread,False
mlb-lad-mia-2026-09-11,mlb-lad-mia-2026-09-11|spread|-2.5|72801692238172392056639600859625241711725951068887213368797405562414021861815,spread,False
mlb-lad-mia-2026-09-11,mlb-lad-mia-2026-09-11|spread|-2.5|72801692238172392056639600859625241711725951068887213368797405562414021861815,spread,True
mlb-lad-mia-2026-09-11,mlb-lad-mia-2026-09-11|spread|-2.5|72801692238172392056639600859625241711725951068887213368797405562414021861815,spread,False
mlb-lad-mia-2026-09-11,mlb-lad-mia-2026-09-11|spread|-2.5|72801692238172392056639600859625241711725951068887213368797405562414021861815,spread,False
mlb-lad-mia-2026-09-11,mlb-lad-mia-2026-09-11|spread|-2.5|72801692238172392056639600859625241711725951068887213368797405562414021861815,spread,False
mlb-lad-mia-2026-09-11,mlb-lad-mia-2026-09-11|spread|-2.5|72801692238172392056639600859625241711725951068887213368797405562414021861815,spread,False
mlb-lad-mia-2026-09-11,mlb-lad-mia-2026-09-11|spread|-2.5|72801692238172392056639600859625241711725951068887213368797405562414021861815,spread,False
mlb-lad-mia-2026-09-11,mlb-lad-mia-2026-09-11|spread|-2.5|72801692238172392056639600859625241711725951068887213368797405562414021861815,spread,False
mlb-lad-mia-2026-09-11,mlb-lad-mia-2026-09-11|spread|-2.5|72801692238172392056639600859625241711725951068887213368797405562414021861815,spread,True
mlb-lad-mia-2026-09-11,mlb-lad-mia-2026-09-11|spread|-2.5|72801692238172392056639600859625241711725951068887213368797405562414021861815,spread,True
mlb-lad-mia-2026-09-11,mlb-lad-mia-2026-09-11|spread|-2.5|72801692238172392056639600859625241711725951068887213368797405562414021861815,spread,True
mlb-lad-mia-2026-09-11,mlb-lad-mia-2026-09-11|spread|-2.5|72801692238172392056639600859625241711725951068887213368797405562414021861815,spread,False
mlb-lad-mia-2026-09-11,mlb-lad-mia-2026-09-11|spread|-2.5|72801692238172392056639600859625241711725951068887213368797405562414021861815,spread,False
mlb-lad-mia-2026-09-11,mlb-lad-mia-2026-09-11|spread|-2.5|72801692238172392056639600859625241711725951068887213368797405562414021861815,spread,False
mlb-lad-mia-2026-09-11,mlb-lad-mia-2026-09-11|spread|-2.5|72801692238172392056639600859625241711725951068887213368797405562414021861815,spread,False
mlb-lad-mia-2026-09-11,mlb-lad-mia-2026-09-11|spread|-2.5|72801692238172392056639600859625241711725951068887213368797405562414021861815,spread,False
mlb-lad-mia-2026-09-11,mlb-lad-mia-2026-09-11|spread|-2.5|72801692238172392056639600859625241711725951068887213368797405562414021861815,spread,False
mlb-lad-mia-2026-09-11,mlb-lad-mia-2026-09-11|spread|-2.5|72801692238172392056639600859625241711725951068887213368797405562414021861815,spread,True
mlb-lad-mia-2026-09-11,mlb-lad-mia-2026-09-11|spread|-2.5|72801692238172392056639600859625241711725951068887213368797405562414021861815,spread,True
mlb-lad-mia-2026-09-11,mlb-lad-mia-2026-09-11|spread|-2.5|72801692238172392056639600859625241711725951068887213368797405562414021861815,spread,False
mlb-lad-mia-2026-09-11,mlb-lad-mia-2026-09-11|spread|-2.5|72801692238172392056639600859625241711725951068887213368797405562414021861815,spread,True
mlb-lad-mia-2026-09-11,mlb-lad-mia-2026-09-11|spread|-2.5|72801692238172392056639600859625241711725951068887213368797405562414021861815,spread,False
mlb-lad-mia-2026-09-11,mlb-lad-mia-2026-09-11|spread|-2.5|72801692238172392056639600859625241711725951068887213368797405562414021861815,spread,False
mlb-lad-mia-2026-09-11,mlb-lad-mia-2026-09-11|spread|-2.5|72801692238172392056639600859625241711725951068887213368797405562414021861815,spread,False
mlb-lad-mia-2026-09-11,mlb-lad-mia-2026-09-11|spread|-2.5|72801692238172392056639600859625241711725951068887213368797405562414021861815,spread,True
mlb-lad-mia-2026-09-11,mlb-lad-mia-2026-09-11|spread|-2.5|72801692238172392056639600859625241711725951068887213368797405562414021861815,spread,True
mlb-lad-mia-2026-09-11,mlb-lad-mia-2026-09-11|spread|-2.5|72801692238172392056639600859625241711725951068887213368797405562414021861815,spread,False
mlb-lad-mia-2026-09-11,mlb-lad-mia-2026-09-11|spread|-2.5|72801692238172392056639600859625241711725951068887213368797405562414021861815,spread,True
mlb-lad-mia-2026-09-11,mlb-lad-mia-2026-09-11|spread|-2.5|72801692238172392056639600859625241711725951068887213368797405562414021861815,spread,True
mlb-lad-mia-2026-09-11,mlb-lad-mia-2026-09-11|spread|-2.5|72801692238172392056639600859625241711725951068887213368797405562414021861815,spread,True
mlb-lad-mia-2026-09-11,mlb-lad-mia-2026-09-11|spread|-2.5|72801692238172392056639600859625241711725951068887213368797405562414021861815,spread,False
mlb-lad-mia-2026-09-11,mlb-lad-mia-2026-09-11|spread|-2.5|72801692238172392056639600859625241711725951068887213368797405562414021861815,spread,False
mlb-lad-mia-2026-09-11,mlb-lad-mia-2026-09-11|spread|-2.5|72801692238172392056639600859625241711725951068887213368797405562414021861815,spread,False
mlb-lad-mia-2026-09-11,mlb-lad-mia-2026-09-11|spread|-2.5|72801692238172392056639600859625241711725951068887213368797405562414021861815,spread,True
mlb-lad-mia-2026-09-11,mlb-lad-mia-2026-09-11|spread|-2.5|72801692238172392056639600859625241711725951068887213368797405562414021861815,spread,False
mlb-lad-mia-2026-09-11,mlb-lad-mia-2026-09-11|spread|-2.5|72801692238172392056639600859625241711725951068887213368797405562414021861815,spread,True
mlb-lad-mia-2026-09-11,mlb-lad-mia-2026-09-11|spread|-2.5|72801692238172392056639600859625241711725951068887213368797405562414021861815,spread,True
mlb-lad-mia-2026-09-11,mlb-lad-mia-2026-09-11|spread|-2.5|72801692238172392056639600859625241711725951068887213368797405562414021861815,spread,True
mlb-lad-mia-2026-09-11,mlb-lad-mia-2026-09-11|spread|-2.5|72801692238172392056639600859625241711725951068887213368797405562414021861815,spread,False
mlb-lad-mia-2026-09-11,mlb-lad-mia-2026-09-11|spread|-2.5|72801692238172392056639600859625241711725951068887213368797405562414021861815,spread,True
mlb-lad-mia-2026-09-11,mlb-lad-mia-2026-09-11|spread|-2.5|72801692238172392056639600859625241711725951068887213368797405562414021861815,spread,False
mlb-lad-mia-2026-09-11,mlb-lad-mia-2026-09-11|spread|-2.5|72801692238172392056639600859625241711725951068887213368797405562414021861815,spread,False
mlb-lad-mia-2026-09-11,mlb-lad-mia-2026-09-11|spread|-2.5|72801692238172392056639600859625241711725951068887213368797405562414021861815,spread,False
mlb-lad-mia-2026-09-11,mlb-lad-mia-2026-09-11|spread|-2.5|72801692238172392056639600859625241711725951068887213368797405562414021861815,spread,False
mlb-lad-mia-2026-09-11,mlb-lad-mia-2026-09-11|spread|-2.5|72801692238172392056639600859625241711725951068887213368797405562414021861815,spread,True
mlb-lad-mia-2026-09-11,mlb-lad-mia-2026-09-11|spread|-2.5|72801692238172392056639600859625241711725951068887213368797405562414021861815,spread,True
mlb-lad-mia-2026-09-11,mlb-lad-mia-2026-09-11|spread|-2.5|72801692238172392056639600859625241711725951068887213368797405562414021861815,spread,False
mlb-lad-mia-2026-09-11,mlb-lad-mia-2026-09-11|spread|-2.5|72801692238172392056639600859625241711725951068887213368797405562414021861815,spread,False
mlb-lad-mia-2026-09-11,mlb-lad-mia-2026-09-11|spread|-2.5|72801692238172392056639600859625241711725951068887213368797405562414021861815,spread,True
mlb-lad-mia-2026-09-11,mlb-lad-mia-2026-09-11|spread|-2.5|72801692238172392056639600859625241711725951068887213368797405562414021861815,spread,False
mlb-lad-mia-2026-09-11,mlb-lad-mia-2026-09-11|spread|-2.5|72801692238172392056639600859625241711725951068887213368797405562414021861815,spread,True
mlb-lad-mia-2026-09-11,mlb-lad-mia-2026-09-11|spread|-2.5|72801692238172392056639600859625241711725951068887213368797405562414021861815,spread,False
mlb-lad-mia-2026-09-11,mlb-lad-mia-2026-09-11|spread|-2.5|72801692238172392056639600859625241711725951068887213368797405562414021861815,spread,False
mlb-lad-mia-2026-09-11,mlb-lad-mia-2026-09-11|spread|-2.5|72801692238172392056639600859625241711725951068887213368797405562414021861815,spread,False
mlb-lad-mia-2026-09-11,mlb-lad-mia-2026-09-11|spread|-2.5|72801692238172392056639600859625241711725951068887213368797405562414021861815,spread,True
mlb-lad-mia-2026-09-11,mlb-lad-mia-2026-09-11|spread|-2.5|72801692238172392056639600859625241711725951068887213368797405562414021861815,spread,False
mlb-lad-mia-2026-09-11,mlb-lad-mia-2026-09-11|spread|-2.5|72801692238172392056639600859625241711725951068887213368797405562414021861815,spread,False
mlb-lad-mia-2026-09-11,mlb-lad-mia-2026-09-11|spread|-2.5|72801692238172392056639600859625241711725951068887213368797405562414021861815,spread,True
mlb-lad-mia-2026-09-11,mlb-lad-mia-2026-09-11|spread|-2.5|72801692238172392056639600859625241711725951068887213368797405562414021861815,spread,True
mlb-lad-mia-2026-09-11,mlb-lad-mia-2026-09-11|spread|-2.5|72801692238172392056639600859625241711725951068887213368797405562414021861815,spread,False
mlb-lad-mia-2026-09-11,mlb-lad-mia-2026-09-11|spread|-2.5|72801692238172392056639600859625241711725951068887213368797405562414021861815,spread,True
mlb-lad-mia-2026-09-11,mlb-lad-mia-2026-09-11|spread|-2.5|72801692238172392056639600859625241711725951068887213368797405562414021861815,spread,True
mlb-lad-mia-2026-09-11,mlb-lad-mia-2026-09-11|spread|-2.5|72801692238172392056639600859625241711725951068887213368797405562414021861815,spread,True
mlb-lad-mia-2026-09-11,mlb-lad-mia-2026-09-11|spread|-2.5|72801692238172392056639600859625241711725951068887213368797405562414021861815,spread,False
mlb-lad-mia-2026-09-11,mlb-lad-mia-2026-09-11|spread|-2.5|72801692238172392056639600859625241711725951068887213368797405562414021861815,spread,False
mlb-lad-mia-2026-09-11,mlb-lad-mia-2026-09-11|spread|-2.5|72801692238172392056639600859625241711725951068887213368797405562414021861815,spread,True
mlb-lad-mia-2026-09-11,mlb-lad-mia-2026-09-11|spread|-2.5|72801692238172392056639600859625241711725951068887213368797405562414021861815,spread,False
mlb-nym-nyy-2026-09-11,mlb-nym-nyy-2026-09-11|moneyline|None|66935733084136078185169414311607694924121824072772247769733753351497316406002,moneyline,True
mlb-nym-nyy-2026-09-11,mlb-nym-nyy-2026-09-11|moneyline|None|66935733084136078185169414311607694924121824072772247769733753351497316406002,moneyline,False
mlb-nym-nyy-2026-09-11,mlb-nym-nyy-2026-09-11|moneyline|None|66935733084136078185169414311607694924121824072772247769733753351497316406002,moneyline,False
mlb-nym-nyy-2026-09-11,mlb-nym-nyy-2026-09-11|moneyline|None|66935733084136078185169414311607694924121824072772247769733753351497316406002,moneyline,True
mlb-nym-nyy-2026-09-11,mlb-nym-nyy-2026-09-11|moneyline|None|66935733084136078185169414311607694924121824072772247769733753351497316406002,moneyline,False
mlb-nym-nyy-2026-09-11,mlb-nym-nyy-2026-09-11|moneyline|None|66935733084136078185169414311607694924121824072772247769733753351497316406002,moneyline,True
mlb-nym-nyy-2026-09-11,mlb-nym-nyy-2026-09-11|moneyline|None|66935733084136078185169414311607694924121824072772247769733753351497316406002,moneyline,True
mlb-nym-nyy-2026-09-11,mlb-nym-nyy-2026-09-11|moneyline|None|66935733084136078185169414311607694924121824072772247769733753351497316406002,moneyline,True
mlb-nym-nyy-2026-09-11,mlb-nym-nyy-2026-09-11|moneyline|None|66935733084136078185169414311607694924121824072772247769733753351497316406002,moneyline,True
mlb-nym-nyy-2026-09-11,mlb-nym-nyy-2026-09-11|moneyline|None|66935733084136078185169414311607694924121824072772247769733753351497316406002,moneyline,False
mlb-nym-nyy-2026-09-11,mlb-nym-nyy-2026-09-11|moneyline|None|66935733084136078185169414311607694924121824072772247769733753351497316406002,moneyline,True
mlb-nym-nyy-2026-09-11,mlb-nym-nyy-2026-09-11|moneyline|None|66935733084136078185169414311607694924121824072772247769733753351497316406002,moneyline,True
mlb-nym-nyy-2026-09-11,mlb-nym-nyy-2026-09-11|moneyline|None|66935733084136078185169414311607694924121824072772247769733753351497316406002,moneyline,False
mlb-nym-nyy-2026-09-11,mlb-nym-nyy-2026-09-11|moneyline|None|66935733084136078185169414311607694924121824072772247769733753351497316406002,moneyline,False
mlb-nym-nyy-2026-09-11,mlb-nym-nyy-2026-09-11|spread|-1.5|84209448853520404755289892309142934207103959746450076543885192342621098685198,spread,False
mlb-nym-nyy-2026-09-11,mlb-nym-nyy-2026-09-11|spread|-1.5|84209448853520404755289892309142934207103959746450076543885192342621098685198,spread,False
mlb-nym-nyy-2026-09-11,mlb-nym-nyy-2026-09-11|spread|-1.5|84209448853520404755289892309142934207103959746450076543885192342621098685198,spread,True
mlb-nym-nyy-2026-09-11,mlb-nym-nyy-2026-09-11|spread|-1.5|84209448853520404755289892309142934207103959746450076543885192342621098685198,spread,True
mlb-nym-nyy-2026-09-11,mlb-nym-nyy-2026-09-11|spread|-1.5|84209448853520404755289892309142934207103959746450076543885192342621098685198,spread,False
mlb-nym-nyy-2026-09-11,mlb-nym-nyy-2026-09-11|spread|-1.5|84209448853520404755289892309142934207103959746450076543885192342621098685198,spread,True
mlb-nym-nyy-2026-09-11,mlb-nym-nyy-2026-09-11|spread|-1.5|84209448853520404755289892309142934207103959746450076543885192342621098685198,spread,True
mlb-nym-nyy-2026-09-11,mlb-nym-nyy-2026-09-11|spread|-1.5|84209448853520404755289892309142934207103959746450076543885192342621098685198,spread,False
mlb-nym-nyy-2026-09-11,mlb-nym-nyy-2026-09-11|spread|-1.5|84209448853520404755289892309142934207103959746450076543885192342621098685198,spread,True
mlb-nym-nyy-2026-09-11,mlb-nym-nyy-2026-09-11|spread|-1.5|84209448853520404755289892309142934207103959746450076543885192342621098685198,spread,False
mlb-nym-nyy-2026-09-11,mlb-nym-nyy-2026-09-11|spread|-1.5|84209448853520404755289892309142934207103959746450076543885192342621098685198,spread,False
mlb-nym-nyy-2026-09-11,mlb-nym-nyy-2026-09-11|spread|-1.5|84209448853520404755289892309142934207103959746450076543885192342621098685198,spread,False
mlb-nym-nyy-2026-09-11,mlb-nym-nyy-2026-09-11|spread|-1.5|84209448853520404755289892309142934207103959746450076543885192342621098685198,spread,True
mlb-nym-nyy-2026-09-11,mlb-nym-nyy-2026-09-11|spread|-1.5|84209448853520404755289892309142934207103959746450076543885192342621098685198,spread,False
mlb-nym-nyy-2026-09-11,mlb-nym-nyy-2026-09-11|spread|-1.5|84209448853520404755289892309142934207103959746450076543885192342621098685198,spread,True
mlb-nym-nyy-2026-09-11,mlb-nym-nyy-2026-09-11|spread|-1.5|84209448853520404755289892309142934207103959746450076543885192342621098685198,spread,True
mlb-nym-nyy-2026-09-11,mlb-nym-nyy-2026-09-11|spread|-1.5|84209448853520404755289892309142934207103959746450076543885192342621098685198,spread,True
mlb-nym-nyy-2026-09-11,mlb-nym-nyy-2026-09-11|spread|-1.5|84209448853520404755289892309142934207103959746450076543885192342621098685198,spread,True
mlb-nym-nyy-2026-09-11,mlb-nym-nyy-2026-09-11|spread|-1.5|84209448853520404755289892309142934207103959746450076543885192342621098685198,spread,True
mlb-nym-nyy-2026-09-11,mlb-nym-nyy-2026-09-11|spread|-1.5|84209448853520404755289892309142934207103959746450076543885192342621098685198,spread,True
mlb-nym-nyy-2026-09-11,mlb-nym-nyy-2026-09-11|spread|-1.5|84209448853520404755289892309142934207103959746450076543885192342621098685198,spread,False
mlb-nym-nyy-2026-09-11,mlb-nym-nyy-2026-09-11|spread|-1.5|84209448853520404755289892309142934207103959746450076543885192342621098685198,spread,True
mlb-nym-nyy-2026-09-11,mlb-nym-nyy-2026-09-11|spread|-1.5|84209448853520404755289892309142934207103959746450076543885192342621098685198,spread,True
mlb-nym-nyy-2026-09-11,mlb-nym-nyy-2026-09-11|spread|-1.5|84209448853520404755289892309142934207103959746450076543885192342621098685198,spread,True
mlb-nym-nyy-2026-09-11,mlb-nym-nyy-2026-09-11|spread|-1.5|84209448853520404755289892309142934207103959746450076543885192342621098685198,spread,True
mlb-nym-nyy-2026-09-11,mlb-nym-nyy-2026-09-11|spread|-1.5|84209448853520404755289892309142934207103959746450076543885192342621098685198,spread,True
mlb-nym-nyy-2026-09-11,mlb-nym-nyy-2026-09-11|spread|-1.5|84209448853520404755289892309142934207103959746450076543885192342621098685198,spread,True
mlb-nym-nyy-2026-09-11,mlb-nym-nyy-2026-09-11|spread|-1.5|84209448853520404755289892309142934207103959746450076543885192342621098685198,spread,False
mlb-nym-nyy-2026-09-11,mlb-nym-nyy-2026-09-11|spread|-1.5|84209448853520404755289892309142934207103959746450076543885192342621098685198,spread,False
mlb-nym-nyy-2026-09-11,mlb-nym-nyy-2026-09-11|spread|-1.5|84209448853520404755289892309142934207103959746450076543885192342621098685198,spread,True
mlb-nym-nyy-2026-09-11,mlb-nym-nyy-2026-09-11|spread|-1.5|84209448853520404755289892309142934207103959746450076543885192342621098685198,spread,False
mlb-nym-nyy-2026-09-11,mlb-nym-nyy-2026-09-11|spread|-1.5|90730760206672659131247649524922271241704884657143602880729672381381506264997,spread,False
mlb-nym-nyy-2026-09-11,mlb-nym-nyy-2026-09-11|spread|-1.5|90730760206672659131247649524922271241704884657143602880729672381381506264997,spread,True
mlb-nym-nyy-2026-09-11,mlb-nym-nyy-2026-09-11|spread|-1.5|90730760206672659131247649524922271241704884657143602880729672381381506264997,spread,False
mlb-nym-nyy-2026-09-11,mlb-nym-nyy-2026-09-11|spread|-1.5|90730760206672659131247649524922271241704884657143602880729672381381506264997,spread,False
mlb-nym-nyy-2026-09-11,mlb-nym-nyy-2026-09-11|spread|-1.5|90730760206672659131247649524922271241704884657143602880729672381381506264997,spread,False
mlb-nym-nyy-2026-09-11,mlb-nym-nyy-2026-09-11|spread|-1.5|90730760206672659131247649524922271241704884657143602880729672381381506264997,spread,True
mlb-nym-nyy-2026-09-11,mlb-nym-nyy-2026-09-11|spread|-1.5|90730760206672659131247649524922271241704884657143602880729672381381506264997,spread,True
mlb-nym-nyy-2026-09-11,mlb-nym-nyy-2026-09-11|spread|-1.5|90730760206672659131247649524922271241704884657143602880729672381381506264997,spread,False
mlb-nym-nyy-2026-09-11,mlb-nym-nyy-2026-09-11|spread|-1.5|90730760206672659131247649524922271241704884657143602880729672381381506264997,spread,False
mlb-nym-nyy-2026-09-11,mlb-nym-nyy-2026-09-11|spread|-1.5|90730760206672659131247649524922271241704884657143602880729672381381506264997,spread,True
mlb-nym-nyy-2026-09-11,mlb-nym-nyy-2026-09-11|spread|-1.5|90730760206672659131247649524922271241704884657143602880729672381381506264997,spread,False
mlb-nym-nyy-2026-09-11,mlb-nym-nyy-2026-09-11|spread|-1.5|90730760206672659131247649524922271241704884657143602880729672381381506264997,spread,False
mlb-nym-nyy-2026-09-11,mlb-nym-nyy-2026-09-11|spread|-1.5|90730760206672659131247649524922271241704884657143602880729672381381506264997,spread,False
mlb-nym-nyy-2026-09-11,mlb-nym-nyy-2026-09-11|spread|-1.5|90730760206672659131247649524922271241704884657143602880729672381381506264997,spread,True
mlb-nym-nyy-2026-09-11,mlb-nym-nyy-2026-09-11|spread|-1.5|90730760206672659131247649524922271241704884657143602880729672381381506264997,spread,False
mlb-nym-nyy-2026-09-11,mlb-nym-nyy-2026-09-11|spread|-1.5|90730760206672659131247649524922271241704884657143602880729672381381506264997,spread,True
mlb-nym-nyy-2026-09-11,mlb-nym-nyy-2026-09-11|spread|-1.5|90730760206672659131247649524922271241704884657143602880729672381381506264997,spread,False
mlb-nym-nyy-2026-09-11,mlb-nym-nyy-2026-09-11|spread|-1.5|90730760206672659131247649524922271241704884657143602880729672381381506264997,spread,True
mlb-nym-nyy-2026-09-11,mlb-nym-nyy-2026-09-11|spread|-1.5|90730760206672659131247649524922271241704884657143602880729672381381506264997,spread,True
mlb-nym-nyy-2026-09-11,mlb-nym-nyy-2026-09-11|spread|-1.5|90730760206672659131247649524922271241704884657143602880729672381381506264997,spread,False
mlb-nym-nyy-2026-09-11,mlb-nym-nyy-2026-09-11|spread|-1.5|90730760206672659131247649524922271241704884657143602880729672381381506264997,spread,True
mlb-nym-nyy-2026-09-11,mlb-nym-nyy-2026-09-11|spread|-1.5|90730760206672659131247649524922271241704884657143602880729672381381506264997,spread,False
mlb-nym-nyy-2026-09-11,mlb-nym-nyy-2026-09-11|spread|-1.5|90730760206672659131247649524922271241704884657143602880729672381381506264997,spread,True
mlb-nym-nyy-2026-09-11,mlb-nym-nyy-2026-09-11|spread|-1.5|90730760206672659131247649524922271241704884657143602880729672381381506264997,spread,False
mlb-nym-nyy-2026-09-11,mlb-nym-nyy-2026-09-11|spread|-1.5|90730760206672659131247649524922271241704884657143602880729672381381506264997,spread,True
mlb-nym-nyy-2026-09-11,mlb-nym-nyy-2026-09-11|spread|-1.5|90730760206672659131247649524922271241704884657143602880729672381381506264997,spread,False
mlb-nym-nyy-2026-09-11,mlb-nym-nyy-2026-09-11|spread|-1.5|90730760206672659131247649524922271241704884657143602880729672381381506264997,spread,False
mlb-nym-nyy-2026-09-11,mlb-nym-nyy-2026-09-11|spread|-1.5|90730760206672659131247649524922271241704884657143602880729672381381506264997,spread,False
mlb-nym-nyy-2026-09-11,mlb-nym-nyy-2026-09-11|spread|-1.5|90730760206672659131247649524922271241704884657143602880729672381381506264997,spread,True
mlb-nym-nyy-2026-09-11,mlb-nym-nyy-2026-09-11|spread|-1.5|90730760206672659131247649524922271241704884657143602880729672381381506264997,spread,False
mlb-nym-nyy-2026-09-11,mlb-nym-nyy-2026-09-11|spread|-1.5|90730760206672659131247649524922271241704884657143602880729672381381506264997,spread,True
mlb-nym-nyy-2026-09-11,mlb-nym-nyy-2026-09-11|spread|-1.5|90730760206672659131247649524922271241704884657143602880729672381381506264997,spread,True
mlb-nym-nyy-2026-09-11,mlb-nym-nyy-2026-09-11|spread|-1.5|90730760206672659131247649524922271241704884657143602880729672381381506264997,spread,False
mlb-nym-nyy-2026-09-11,mlb-nym-nyy-2026-09-11|spread|-1.5|90730760206672659131247649524922271241704884657143602880729672381381506264997,spread,True
mlb-nym-nyy-2026-09-11,mlb-nym-nyy-2026-09-11|spread|-1.5|90730760206672659131247649524922271241704884657143602880729672381381506264997,spread,True
mlb-nym-nyy-2026-09-11,mlb-nym-nyy-2026-09-11|spread|-1.5|90730760206672659131247649524922271241704884657143602880729672381381506264997,spread,True
mlb-nym-nyy-2026-09-11,mlb-nym-nyy-2026-09-11|spread|-1.5|90730760206672659131247649524922271241704884657143602880729672381381506264997,spread,False
mlb-nym-nyy-2026-09-11,mlb-nym-nyy-2026-09-11|spread|-1.5|90730760206672659131247649524922271241704884657143602880729672381381506264997,spread,False
mlb-nym-nyy-2026-09-11,mlb-nym-nyy-2026-09-11|spread|-1.5|90730760206672659131247649524922271241704884657143602880729672381381506264997,spread,False
mlb-nym-nyy-2026-09-11,mlb-nym-nyy-2026-09-11|spread|-1.5|90730760206672659131247649524922271241704884657143602880729672381381506264997,spread,False
mlb-nym-nyy-2026-09-11,mlb-nym-nyy-2026-09-11|spread|-1.5|90730760206672659131247649524922271241704884657143602880729672381381506264997,spread,True
mlb-nym-nyy-2026-09-11,mlb-nym-nyy-2026-09-11|spread|-1.5|90730760206672659131247649524922271241704884657143602880729672381381506264997,spread,False
mlb-nym-nyy-2026-09-11,mlb-nym-nyy-2026-09-11|spread|-1.5|90730760206672659131247649524922271241704884657143602880729672381381506264997,spread,False
mlb-nym-nyy-2026-09-11,mlb-nym-nyy-2026-09-11|spread|-1.5|90730760206672659131247649524922271241704884657143602880729672381381506264997,spread,False
mlb-nym-nyy-2026-09-11,mlb-nym-nyy-2026-09-11|spread|-1.5|90730760206672659131247649524922271241704884657143602880729672381381506264997,spread,False
mlb-nym-nyy-2026-09-11,mlb-nym-nyy-2026-09-11|spread|-1.5|90730760206672659131247649524922271241704884657143602880729672381381506264997,spread,False
mlb-nym-nyy-2026-09-11,mlb-nym-nyy-2026-09-11|spread|-1.5|90730760206672659131247649524922271241704884657143602880729672381381506264997,spread,False
mlb-nym-nyy-2026-09-11,mlb-nym-nyy-2026-09-11|spread|-1.5|90730760206672659131247649524922271241704884657143602880729672381381506264997,spread,True
mlb-nym-nyy-2026-09-11,mlb-nym-nyy-2026-09-11|spread|-1.5|90730760206672659131247649524922271241704884657143602880729672381381506264997,spread,True
mlb-nym-nyy-2026-09-11,mlb-nym-nyy-2026-09-11|spread|-1.5|90730760206672659131247649524922271241704884657143602880729672381381506264997,spread,False
mlb-nym-nyy-2026-09-11,mlb-nym-nyy-2026-09-11|spread|-1.5|90730760206672659131247649524922271241704884657143602880729672381381506264997,spread,True
mlb-nym-nyy-2026-09-11,mlb-nym-nyy-2026-09-11|spread|-1.5|90730760206672659131247649524922271241704884657143602880729672381381506264997,spread,False
mlb-nym-nyy-2026-09-11,mlb-nym-nyy-2026-09-11|spread|-1.5|90730760206672659131247649524922271241704884657143602880729672381381506264997,spread,True
mlb-nym-nyy-2026-09-11,mlb-nym-nyy-2026-09-11|spread|-1.5|90730760206672659131247649524922271241704884657143602880729672381381506264997,spread,False
mlb-nym-nyy-2026-09-11,mlb-nym-nyy-2026-09-11|spread|-1.5|90730760206672659131247649524922271241704884657143602880729672381381506264997,spread,False
mlb-nym-nyy-2026-09-11,mlb-nym-nyy-2026-09-11|spread|-1.5|90730760206672659131247649524922271241704884657143602880729672381381506264997,spread,True
mlb-nym-nyy-2026-09-11,mlb-nym-nyy-2026-09-11|spread|-1.5|90730760206672659131247649524922271241704884657143602880729672381381506264997,spread,False
mlb-nym-nyy-2026-09-11,mlb-nym-nyy-2026-09-11|spread|-1.5|90730760206672659131247649524922271241704884657143602880729672381381506264997,spread,True
mlb-nym-nyy-2026-09-11,mlb-nym-nyy-2026-09-11|spread|-1.5|90730760206672659131247649524922271241704884657143602880729672381381506264997,spread,True
mlb-nym-nyy-2026-09-11,mlb-nym-nyy-2026-09-11|spread|-1.5|90730760206672659131247649524922271241704884657143602880729672381381506264997,spread,False
mlb-nym-nyy-2026-09-11,mlb-nym-nyy-2026-09-11|spread|-1.5|90730760206672659131247649524922271241704884657143602880729672381381506264997,spread,False
mlb-nym-nyy-2026-09-11,mlb-nym-nyy-2026-09-11|spread|-1.5|90730760206672659131247649524922271241704884657143602880729672381381506264997,spread,False
mlb-nym-nyy-2026-09-11,mlb-nym-nyy-2026-09-11|spread|-1.5|90730760206672659131247649524922271241704884657143602880729672381381506264997,spread,True
mlb-nym-nyy-2026-09-11,mlb-nym-nyy-2026-09-11|spread|-1.5|90730760206672659131247649524922271241704884657143602880729672381381506264997,spread,False
mlb-nym-nyy-2026-09-11,mlb-nym-nyy-2026-09-11|spread|-1.5|90730760206672659131247649524922271241704884657143602880729672381381506264997,spread,False
mlb-nym-nyy-2026-09-11,mlb-nym-nyy-2026-09-11|spread|-1.5|90730760206672659131247649524922271241704884657143602880729672381381506264997,spread,False
mlb-nym-nyy-2026-09-11,mlb-nym-nyy-2026-09-11|spread|-1.5|90730760206672659131247649524922271241704884657143602880729672381381506264997,spread,False
mlb-nym-nyy-2026-09-11,mlb-nym-nyy-2026-09-11|spread|-1.5|90730760206672659131247649524922271241704884657143602880729672381381506264997,spread,False
mlb-nym-nyy-2026-09-11,mlb-nym-nyy-2026-09-11|spread|-1.5|90730760206672659131247649524922271241704884657143602880729672381381506264997,spread,True
mlb-nym-nyy-2026-09-11,mlb-nym-nyy-2026-09-11|spread|-1.5|90730760206672659131247649524922271241704884657143602880729672381381506264997,spread,False
mlb-nym-nyy-2026-09-11,mlb-nym-nyy-2026-09-11|spread|-1.5|90730760206672659131247649524922271241704884657143602880729672381381506264997,spread,False
mlb-nym-nyy-2026-09-11,mlb-nym-nyy-2026-09-11|spread|-1.5|90730760206672659131247649524922271241704884657143602880729672381381506264997,spread,False
mlb-nym-nyy-2026-09-11,mlb-nym-nyy-2026-09-11|spread|-1.5|90730760206672659131247649524922271241704884657143602880729672381381506264997,spread,True
mlb-nym-nyy-2026-09-11,mlb-nym-nyy-2026-09-11|spread|-1.5|90730760206672659131247649524922271241704884657143602880729672381381506264997,spread,False
mlb-nym-nyy-2026-09-11,mlb-nym-nyy-2026-09-11|spread|-1.5|90730760206672659131247649524922271241704884657143602880729672381381506264997,spread,False
mlb-nym-nyy-2026-09-11,mlb-nym-nyy-2026-09-11|spread|-1.5|90730760206672659131247649524922271241704884657143602880729672381381506264997,spread,False
mlb-nym-nyy-2026-09-11,mlb-nym-nyy-2026-09-11|spread|-1.5|90730760206672659131247649524922271241704884657143602880729672381381506264997,spread,False
mlb-nym-nyy-2026-09-11,mlb-nym-nyy-2026-09-11|spread|-1.5|90730760206672659131247649524922271241704884657143602880729672381381506264997,spread,True
mlb-nym-nyy-2026-09-11,mlb-nym-nyy-2026-09-11|spread|-1.5|90730760206672659131247649524922271241704884657143602880729672381381506264997,spread,True
mlb-nym-nyy-2026-09-11,mlb-nym-nyy-2026-09-11|spread|-1.5|90730760206672659131247649524922271241704884657143602880729672381381506264997,spread,False
mlb-nym-nyy-2026-09-11,mlb-nym-nyy-2026-09-11|spread|-1.5|90730760206672659131247649524922271241704884657143602880729672381381506264997,spread,True
mlb-nym-nyy-2026-09-11,mlb-nym-nyy-2026-09-11|spread|-1.5|90730760206672659131247649524922271241704884657143602880729672381381506264997,spread,False
mlb-nym-nyy-2026-09-11,mlb-nym-nyy-2026-09-11|spread|-1.5|90730760206672659131247649524922271241704884657143602880729672381381506264997,spread,False
mlb-nym-nyy-2026-09-11,mlb-nym-nyy-2026-09-11|spread|-1.5|90730760206672659131247649524922271241704884657143602880729672381381506264997,spread,True
mlb-nym-nyy-2026-09-11,mlb-nym-nyy-2026-09-11|spread|-1.5|90730760206672659131247649524922271241704884657143602880729672381381506264997,spread,True
mlb-nym-nyy-2026-09-11,mlb-nym-nyy-2026-09-11|spread|-1.5|90730760206672659131247649524922271241704884657143602880729672381381506264997,spread,False
mlb-nym-nyy-2026-09-11,mlb-nym-nyy-2026-09-11|spread|-2.5|76151159368304556153050596408773814209621584258161972864264091991984524905312,spread,True
mlb-nym-nyy-2026-09-11,mlb-nym-nyy-2026-09-11|spread|-2.5|76151159368304556153050596408773814209621584258161972864264091991984524905312,spread,True
mlb-nym-nyy-2026-09-11,mlb-nym-nyy-2026-09-11|spread|-2.5|76151159368304556153050596408773814209621584258161972864264091991984524905312,spread,True
mlb-nym-nyy-2026-09-11,mlb-nym-nyy-2026-09-11|spread|-2.5|76151159368304556153050596408773814209621584258161972864264091991984524905312,spread,True
mlb-nym-nyy-2026-09-11,mlb-nym-nyy-2026-09-11|spread|-2.5|76151159368304556153050596408773814209621584258161972864264091991984524905312,spread,False
mlb-nym-nyy-2026-09-11,mlb-nym-nyy-2026-09-11|spread|-2.5|76151159368304556153050596408773814209621584258161972864264091991984524905312,spread,True
mlb-nym-nyy-2026-09-11,mlb-nym-nyy-2026-09-11|spread|-2.5|76151159368304556153050596408773814209621584258161972864264091991984524905312,spread,False
mlb-nym-nyy-2026-09-11,mlb-nym-nyy-2026-09-11|spread|-2.5|76151159368304556153050596408773814209621584258161972864264091991984524905312,spread,False
mlb-nym-nyy-2026-09-11,mlb-nym-nyy-2026-09-11|spread|-2.5|76151159368304556153050596408773814209621584258161972864264091991984524905312,spread,False
mlb-nym-nyy-2026-09-11,mlb-nym-nyy-2026-09-11|spread|-2.5|76151159368304556153050596408773814209621584258161972864264091991984524905312,spread,True
mlb-nym-nyy-2026-09-11,mlb-nym-nyy-2026-09-11|spread|-2.5|76151159368304556153050596408773814209621584258161972864264091991984524905312,spread,True
mlb-nym-nyy-2026-09-11,mlb-nym-nyy-2026-09-11|spread|-2.5|76151159368304556153050596408773814209621584258161972864264091991984524905312,spread,True
mlb-nym-nyy-2026-09-11,mlb-nym-nyy-2026-09-11|spread|-2.5|76151159368304556153050596408773814209621584258161972864264091991984524905312,spread,True
mlb-nym-nyy-2026-09-11,mlb-nym-nyy-2026-09-11|spread|-2.5|76151159368304556153050596408773814209621584258161972864264091991984524905312,spread,True
mlb-nym-nyy-2026-09-11,mlb-nym-nyy-2026-09-11|spread|-2.5|76151159368304556153050596408773814209621584258161972864264091991984524905312,spread,False
mlb-nym-nyy-2026-09-11,mlb-nym-nyy-2026-09-11|spread|-2.5|76151159368304556153050596408773814209621584258161972864264091991984524905312,spread,True
mlb-nym-nyy-2026-09-11,mlb-nym-nyy-2026-09-11|spread|-2.5|76151159368304556153050596408773814209621584258161972864264091991984524905312,spread,True
mlb-nym-nyy-2026-09-11,mlb-nym-nyy-2026-09-11|spread|-2.5|76151159368304556153050596408773814209621584258161972864264091991984524905312,spread,False
mlb-nym-nyy-2026-09-11,mlb-nym-nyy-2026-09-11|spread|-2.5|76151159368304556153050596408773814209621584258161972864264091991984524905312,spread,True
mlb-nym-nyy-2026-09-11,mlb-nym-nyy-2026-09-11|spread|-2.5|76151159368304556153050596408773814209621584258161972864264091991984524905312,spread,True
mlb-nym-nyy-2026-09-11,mlb-nym-nyy-2026-09-11|spread|-2.5|76151159368304556153050596408773814209621584258161972864264091991984524905312,spread,False
mlb-nym-nyy-2026-09-11,mlb-nym-nyy-2026-09-11|spread|-2.5|76151159368304556153050596408773814209621584258161972864264091991984524905312,spread,True
mlb-nym-nyy-2026-09-11,mlb-nym-nyy-2026-09-11|spread|-2.5|76151159368304556153050596408773814209621584258161972864264091991984524905312,spread,False
mlb-nym-nyy-2026-09-11,mlb-nym-nyy-2026-09-11|spread|-2.5|76151159368304556153050596408773814209621584258161972864264091991984524905312,spread,True
mlb-nym-nyy-2026-09-11,mlb-nym-nyy-2026-09-11|spread|-2.5|76151159368304556153050596408773814209621584258161972864264091991984524905312,spread,False
mlb-nym-nyy-2026-09-11,mlb-nym-nyy-2026-09-11|spread|-2.5|76151159368304556153050596408773814209621584258161972864264091991984524905312,spread,True
mlb-nym-nyy-2026-09-11,mlb-nym-nyy-2026-09-11|spread|-2.5|76151159368304556153050596408773814209621584258161972864264091991984524905312,spread,False
mlb-nym-nyy-2026-09-11,mlb-nym-nyy-2026-09-11|spread|-2.5|76151159368304556153050596408773814209621584258161972864264091991984524905312,spread,True
mlb-nym-nyy-2026-09-11,mlb-nym-nyy-2026-09-11|spread|-2.5|76151159368304556153050596408773814209621584258161972864264091991984524905312,spread,False
mlb-nym-nyy-2026-09-11,mlb-nym-nyy-2026-09-11|spread|-2.5|76151159368304556153050596408773814209621584258161972864264091991984524905312,spread,False
mlb-nym-nyy-2026-09-11,mlb-nym-nyy-2026-09-11|spread|-2.5|76151159368304556153050596408773814209621584258161972864264091991984524905312,spread,True
mlb-nym-nyy-2026-09-11,mlb-nym-nyy-2026-09-11|spread|-2.5|76151159368304556153050596408773814209621584258161972864264091991984524905312,spread,False
mlb-nym-nyy-2026-09-11,mlb-nym-nyy-2026-09-11|spread|-2.5|76151159368304556153050596408773814209621584258161972864264091991984524905312,spread,True
mlb-nym-nyy-2026-09-11,mlb-nym-nyy-2026-09-11|spread|-2.5|76151159368304556153050596408773814209621584258161972864264091991984524905312,spread,False
mlb-nym-nyy-2026-09-11,mlb-nym-nyy-2026-09-11|spread|-2.5|76151159368304556153050596408773814209621584258161972864264091991984524905312,spread,False
mlb-nym-nyy-2026-09-11,mlb-nym-nyy-2026-09-11|spread|-2.5|76151159368304556153050596408773814209621584258161972864264091991984524905312,spread,False
mlb-nym-nyy-2026-09-11,mlb-nym-nyy-2026-09-11|spread|-2.5|76151159368304556153050596408773814209621584258161972864264091991984524905312,spread,True
mlb-nym-nyy-2026-09-11,mlb-nym-nyy-2026-09-11|spread|-2.5|76151159368304556153050596408773814209621584258161972864264091991984524905312,spread,True
mlb-nym-nyy-2026-09-11,mlb-nym-nyy-2026-09-11|spread|-2.5|76151159368304556153050596408773814209621584258161972864264091991984524905312,spread,True
mlb-nym-nyy-2026-09-11,mlb-nym-nyy-2026-09-11|spread|-2.5|76151159368304556153050596408773814209621584258161972864264091991984524905312,spread,False
mlb-nym-nyy-2026-09-11,mlb-nym-nyy-2026-09-11|spread|-2.5|76151159368304556153050596408773814209621584258161972864264091991984524905312,spread,False
mlb-nym-nyy-2026-09-11,mlb-nym-nyy-2026-09-11|spread|-2.5|76151159368304556153050596408773814209621584258161972864264091991984524905312,spread,True
mlb-nym-nyy-2026-09-11,mlb-nym-nyy-2026-09-11|spread|-2.5|76151159368304556153050596408773814209621584258161972864264091991984524905312,spread,False
mlb-nym-nyy-2026-09-11,mlb-nym-nyy-2026-09-11|spread|-2.5|76151159368304556153050596408773814209621584258161972864264091991984524905312,spread,True
mlb-nym-nyy-2026-09-11,mlb-nym-nyy-2026-09-11|spread|-2.5|76151159368304556153050596408773814209621584258161972864264091991984524905312,spread,False
mlb-nym-nyy-2026-09-11,mlb-nym-nyy-2026-09-11|spread|-2.5|76151159368304556153050596408773814209621584258161972864264091991984524905312,spread,False
mlb-nym-nyy-2026-09-11,mlb-nym-nyy-2026-09-11|spread|-2.5|76151159368304556153050596408773814209621584258161972864264091991984524905312,spread,False
mlb-nym-nyy-2026-09-11,mlb-nym-nyy-2026-09-11|spread|-2.5|76151159368304556153050596408773814209621584258161972864264091991984524905312,spread,True
mlb-nym-nyy-2026-09-11,mlb-nym-nyy-2026-09-11|spread|-2.5|76151159368304556153050596408773814209621584258161972864264091991984524905312,spread,True
mlb-nym-nyy-2026-09-11,mlb-nym-nyy-2026-09-11|spread|-2.5|76151159368304556153050596408773814209621584258161972864264091991984524905312,spread,True
mlb-nym-nyy-2026-09-11,mlb-nym-nyy-2026-09-11|spread|-2.5|76151159368304556153050596408773814209621584258161972864264091991984524905312,spread,True
mlb-nym-nyy-2026-09-11,mlb-nym-nyy-2026-09-11|spread|-2.5|76151159368304556153050596408773814209621584258161972864264091991984524905312,spread,True
mlb-nym-nyy-2026-09-11,mlb-nym-nyy-2026-09-11|spread|-2.5|99657650591723149332792411406790306926296913984560742517056181136259717711865,spread,False
mlb-nym-nyy-2026-09-11,mlb-nym-nyy-2026-09-11|spread|-2.5|99657650591723149332792411406790306926296913984560742517056181136259717711865,spread,True
mlb-nym-nyy-2026-09-11,mlb-nym-nyy-2026-09-11|spread|-2.5|99657650591723149332792411406790306926296913984560742517056181136259717711865,spread,False
mlb-nym-nyy-2026-09-11,mlb-nym-nyy-2026-09-11|spread|-2.5|99657650591723149332792411406790306926296913984560742517056181136259717711865,spread,True
mlb-nym-nyy-2026-09-11,mlb-nym-nyy-2026-09-11|spread|-2.5|99657650591723149332792411406790306926296913984560742517056181136259717711865,spread,False
mlb-nym-nyy-2026-09-11,mlb-nym-nyy-2026-09-11|spread|-2.5|99657650591723149332792411406790306926296913984560742517056181136259717711865,spread,True
mlb-nym-nyy-2026-09-11,mlb-nym-nyy-2026-09-11|spread|-2.5|99657650591723149332792411406790306926296913984560742517056181136259717711865,spread,False
mlb-nym-nyy-2026-09-11,mlb-nym-nyy-2026-09-11|spread|-2.5|99657650591723149332792411406790306926296913984560742517056181136259717711865,spread,False
mlb-nym-nyy-2026-09-11,mlb-nym-nyy-2026-09-11|spread|-2.5|99657650591723149332792411406790306926296913984560742517056181136259717711865,spread,False
mlb-nym-nyy-2026-09-11,mlb-nym-nyy-2026-09-11|spread|-2.5|99657650591723149332792411406790306926296913984560742517056181136259717711865,spread,True
mlb-nym-nyy-2026-09-11,mlb-nym-nyy-2026-09-11|spread|-2.5|99657650591723149332792411406790306926296913984560742517056181136259717711865,spread,True
mlb-nym-nyy-2026-09-11,mlb-nym-nyy-2026-09-11|spread|-2.5|99657650591723149332792411406790306926296913984560742517056181136259717711865,spread,True
mlb-nym-nyy-2026-09-11,mlb-nym-nyy-2026-09-11|spread|-2.5|99657650591723149332792411406790306926296913984560742517056181136259717711865,spread,True
mlb-nym-nyy-2026-09-11,mlb-nym-nyy-2026-09-11|spread|-2.5|99657650591723149332792411406790306926296913984560742517056181136259717711865,spread,False
mlb-nym-nyy-2026-09-11,mlb-nym-nyy-2026-09-11|spread|-2.5|99657650591723149332792411406790306926296913984560742517056181136259717711865,spread,False
mlb-nym-nyy-2026-09-11,mlb-nym-nyy-2026-09-11|spread|-2.5|99657650591723149332792411406790306926296913984560742517056181136259717711865,spread,False
mlb-nym-nyy-2026-09-11,mlb-nym-nyy-2026-09-11|spread|-2.5|99657650591723149332792411406790306926296913984560742517056181136259717711865,spread,False
mlb-nym-nyy-2026-09-11,mlb-nym-nyy-2026-09-11|spread|-2.5|99657650591723149332792411406790306926296913984560742517056181136259717711865,spread,False
mlb-nym-nyy-2026-09-11,mlb-nym-nyy-2026-09-11|spread|-2.5|99657650591723149332792411406790306926296913984560742517056181136259717711865,spread,True
mlb-nym-nyy-2026-09-11,mlb-nym-nyy-2026-09-11|spread|-2.5|99657650591723149332792411406790306926296913984560742517056181136259717711865,spread,True
mlb-nym-nyy-2026-09-11,mlb-nym-nyy-2026-09-11|spread|-2.5|99657650591723149332792411406790306926296913984560742517056181136259717711865,spread,True
mlb-nym-nyy-2026-09-11,mlb-nym-nyy-2026-09-11|spread|-2.5|99657650591723149332792411406790306926296913984560742517056181136259717711865,spread,False
mlb-nym-nyy-2026-09-11,mlb-nym-nyy-2026-09-11|spread|-2.5|99657650591723149332792411406790306926296913984560742517056181136259717711865,spread,True
mlb-nym-nyy-2026-09-11,mlb-nym-nyy-2026-09-11|spread|-2.5|99657650591723149332792411406790306926296913984560742517056181136259717711865,spread,True
mlb-nym-nyy-2026-09-11,mlb-nym-nyy-2026-09-11|spread|-2.5|99657650591723149332792411406790306926296913984560742517056181136259717711865,spread,True
mlb-nym-nyy-2026-09-11,mlb-nym-nyy-2026-09-11|spread|-2.5|99657650591723149332792411406790306926296913984560742517056181136259717711865,spread,False
mlb-nym-nyy-2026-09-11,mlb-nym-nyy-2026-09-11|spread|-2.5|99657650591723149332792411406790306926296913984560742517056181136259717711865,spread,False
mlb-nym-nyy-2026-09-11,mlb-nym-nyy-2026-09-11|spread|-2.5|99657650591723149332792411406790306926296913984560742517056181136259717711865,spread,True
mlb-nym-nyy-2026-09-11,mlb-nym-nyy-2026-09-11|spread|-2.5|99657650591723149332792411406790306926296913984560742517056181136259717711865,spread,True
mlb-nym-nyy-2026-09-11,mlb-nym-nyy-2026-09-11|spread|-2.5|99657650591723149332792411406790306926296913984560742517056181136259717711865,spread,True
mlb-nym-nyy-2026-09-11,mlb-nym-nyy-2026-09-11|spread|-2.5|99657650591723149332792411406790306926296913984560742517056181136259717711865,spread,True
mlb-nym-nyy-2026-09-11,mlb-nym-nyy-2026-09-11|spread|-2.5|99657650591723149332792411406790306926296913984560742517056181136259717711865,spread,True
mlb-nym-nyy-2026-09-11,mlb-nym-nyy-2026-09-11|spread|-2.5|99657650591723149332792411406790306926296913984560742517056181136259717711865,spread,True
mlb-nym-nyy-2026-09-11,mlb-nym-nyy-2026-09-11|spread|-2.5|99657650591723149332792411406790306926296913984560742517056181136259717711865,spread,False
mlb-nym-nyy-2026-09-11,mlb-nym-nyy-2026-09-11|spread|-2.5|99657650591723149332792411406790306926296913984560742517056181136259717711865,spread,True
mlb-nym-nyy-2026-09-11,mlb-nym-nyy-2026-09-11|spread|-2.5|99657650591723149332792411406790306926296913984560742517056181136259717711865,spread,False
mlb-nym-nyy-2026-09-11,mlb-nym-nyy-2026-09-11|spread|-2.5|99657650591723149332792411406790306926296913984560742517056181136259717711865,spread,False
mlb-nym-nyy-2026-09-11,mlb-nym-nyy-2026-09-11|spread|-2.5|99657650591723149332792411406790306926296913984560742517056181136259717711865,spread,True
mlb-nym-nyy-2026-09-11,mlb-nym-nyy-2026-09-11|spread|-2.5|99657650591723149332792411406790306926296913984560742517056181136259717711865,spread,True
mlb-nym-nyy-2026-09-11,mlb-nym-nyy-2026-09-11|spread|-2.5|99657650591723149332792411406790306926296913984560742517056181136259717711865,spread,False
mlb-nym-nyy-2026-09-11,mlb-nym-nyy-2026-09-11|spread|-2.5|99657650591723149332792411406790306926296913984560742517056181136259717711865,spread,False
mlb-nym-nyy-2026-09-11,mlb-nym-nyy-2026-09-11|spread|-2.5|99657650591723149332792411406790306926296913984560742517056181136259717711865,spread,True
mlb-nym-nyy-2026-09-11,mlb-nym-nyy-2026-09-11|spread|-2.5|99657650591723149332792411406790306926296913984560742517056181136259717711865,spread,False
mlb-nym-nyy-2026-09-11,mlb-nym-nyy-2026-09-11|spread|-2.5|99657650591723149332792411406790306926296913984560742517056181136259717711865,spread,False
mlb-nym-nyy-2026-09-11,mlb-nym-nyy-2026-09-11|spread|-2.5|99657650591723149332792411406790306926296913984560742517056181136259717711865,spread,True
mlb-nym-nyy-2026-09-11,mlb-nym-nyy-2026-09-11|spread|-2.5|99657650591723149332792411406790306926296913984560742517056181136259717711865,spread,True
mlb-nym-nyy-2026-09-11,mlb-nym-nyy-2026-09-11|spread|-2.5|99657650591723149332792411406790306926296913984560742517056181136259717711865,spread,False
mlb-nym-nyy-2026-09-11,mlb-nym-nyy-2026-09-11|spread|-2.5|99657650591723149332792411406790306926296913984560742517056181136259717711865,spread,True
mlb-nym-nyy-2026-09-11,mlb-nym-nyy-2026-09-11|spread|-2.5|99657650591723149332792411406790306926296913984560742517056181136259717711865,spread,True
mlb-nym-nyy-2026-09-11,mlb-nym-nyy-2026-09-11|spread|-2.5|99657650591723149332792411406790306926296913984560742517056181136259717711865,spread,False
mlb-nym-nyy-2026-09-11,mlb-nym-nyy-2026-09-11|spread|-2.5|99657650591723149332792411406790306926296913984560742517056181136259717711865,spread,False
mlb-nym-nyy-2026-09-11,mlb-nym-nyy-2026-09-11|spread|-2.5|99657650591723149332792411406790306926296913984560742517056181136259717711865,spread,True
mlb-nym-nyy-2026-09-11,mlb-nym-nyy-2026-09-11|spread|-2.5|99657650591723149332792411406790306926296913984560742517056181136259717711865,spread,False
mlb-nym-nyy-2026-09-11,mlb-nym-nyy-2026-09-11|spread|-2.5|99657650591723149332792411406790306926296913984560742517056181136259717711865,spread,True
mlb-nym-nyy-2026-09-11,mlb-nym-nyy-2026-09-11|spread|-2.5|99657650591723149332792411406790306926296913984560742517056181136259717711865,spread,True
mlb-nym-nyy-2026-09-11,mlb-nym-nyy-2026-09-11|spread|-2.5|99657650591723149332792411406790306926296913984560742517056181136259717711865,spread,False
mlb-nym-nyy-2026-09-11,mlb-nym-nyy-2026-09-11|spread|-2.5|99657650591723149332792411406790306926296913984560742517056181136259717711865,spread,True
mlb-nym-nyy-2026-09-11,mlb-nym-nyy-2026-09-11|spread|-2.5|99657650591723149332792411406790306926296913984560742517056181136259717711865,spread,False
mlb-nym-nyy-2026-09-11,mlb-nym-nyy-2026-09-11|spread|-2.5|99657650591723149332792411406790306926296913984560742517056181136259717711865,spread,False
mlb-nym-nyy-2026-09-11,mlb-nym-nyy-2026-09-11|spread|-2.5|99657650591723149332792411406790306926296913984560742517056181136259717711865,spread,True
mlb-nym-nyy-2026-09-11,mlb-nym-nyy-2026-09-11|spread|-2.5|99657650591723149332792411406790306926296913984560742517056181136259717711865,spread,True
mlb-nym-nyy-2026-09-11,mlb-nym-nyy-2026-09-11|spread|-2.5|99657650591723149332792411406790306926296913984560742517056181136259717711865,spread,True
mlb-nym-nyy-2026-09-11,mlb-nym-nyy-2026-09-11|spread|-2.5|99657650591723149332792411406790306926296913984560742517056181136259717711865,spread,True
mlb-nym-nyy-2026-09-11,mlb-nym-nyy-2026-09-11|spread|-2.5|99657650591723149332792411406790306926296913984560742517056181136259717711865,spread,True
mlb-nym-nyy-2026-09-11,mlb-nym-nyy-2026-09-11|spread|-2.5|99657650591723149332792411406790306926296913984560742517056181136259717711865,spread,False
mlb-nym-nyy-2026-09-11,mlb-nym-nyy-2026-09-11|spread|-2.5|99657650591723149332792411406790306926296913984560742517056181136259717711865,spread,False
mlb-nym-nyy-2026-09-11,mlb-nym-nyy-2026-09-11|spread|-2.5|99657650591723149332792411406790306926296913984560742517056181136259717711865,spread,False
mlb-nym-nyy-2026-09-11,mlb-nym-nyy-2026-09-11|spread|-2.5|99657650591723149332792411406790306926296913984560742517056181136259717711865,spread,False
mlb-nym-nyy-2026-09-11,mlb-nym-nyy-2026-09-11|spread|-2.5|99657650591723149332792411406790306926296913984560742517056181136259717711865,spread,False
mlb-nym-nyy-2026-09-11,mlb-nym-nyy-2026-09-11|spread|-2.5|99657650591723149332792411406790306926296913984560742517056181136259717711865,spread,False
mlb-nym-nyy-2026-09-11,mlb-nym-nyy-2026-09-11|spread|-2.5|99657650591723149332792411406790306926296913984560742517056181136259717711865,spread,True
mlb-nym-nyy-2026-09-11,mlb-nym-nyy-2026-09-11|spread|-2.5|99657650591723149332792411406790306926296913984560742517056181136259717711865,spread,True
mlb-nym-nyy-2026-09-11,mlb-nym-nyy-2026-09-11|spread|-2.5|99657650591723149332792411406790306926296913984560742517056181136259717711865,spread,False
mlb-nym-nyy-2026-09-11,mlb-nym-nyy-2026-09-11|spread|-2.5|99657650591723149332792411406790306926296913984560742517056181136259717711865,spread,True
mlb-nym-nyy-2026-09-11,mlb-nym-nyy-2026-09-11|spread|-2.5|99657650591723149332792411406790306926296913984560742517056181136259717711865,spread,False
mlb-nym-nyy-2026-09-11,mlb-nym-nyy-2026-09-11|spread|-2.5|99657650591723149332792411406790306926296913984560742517056181136259717711865,spread,False
mlb-nym-nyy-2026-09-11,mlb-nym-nyy-2026-09-11|spread|-2.5|99657650591723149332792411406790306926296913984560742517056181136259717711865,spread,True
mlb-nym-nyy-2026-09-11,mlb-nym-nyy-2026-09-11|spread|-2.5|99657650591723149332792411406790306926296913984560742517056181136259717711865,spread,True
mlb-nym-nyy-2026-09-11,mlb-nym-nyy-2026-09-11|spread|-2.5|99657650591723149332792411406790306926296913984560742517056181136259717711865,spread,True
mlb-nym-nyy-2026-09-11,mlb-nym-nyy-2026-09-11|spread|-2.5|99657650591723149332792411406790306926296913984560742517056181136259717711865,spread,True
mlb-nym-nyy-2026-09-11,mlb-nym-nyy-2026-09-11|spread|-2.5|99657650591723149332792411406790306926296913984560742517056181136259717711865,spread,False
mlb-phi-atl-2026-09-11,mlb-phi-atl-2026-09-11|moneyline|None|82017849222151381821620832662594948469177648180086267484261127355782752392531,moneyline,True
mlb-phi-atl-2026-09-11,mlb-phi-atl-2026-09-11|moneyline|None|82017849222151381821620832662594948469177648180086267484261127355782752392531,moneyline,True
mlb-phi-atl-2026-09-11,mlb-phi-atl-2026-09-11|moneyline|None|82017849222151381821620832662594948469177648180086267484261127355782752392531,moneyline,True
mlb-phi-atl-2026-09-11,mlb-phi-atl-2026-09-11|moneyline|None|82017849222151381821620832662594948469177648180086267484261127355782752392531,moneyline,False
mlb-phi-atl-2026-09-11,mlb-phi-atl-2026-09-11|moneyline|None|82017849222151381821620832662594948469177648180086267484261127355782752392531,moneyline,True
mlb-phi-atl-2026-09-11,mlb-phi-atl-2026-09-11|moneyline|None|82017849222151381821620832662594948469177648180086267484261127355782752392531,moneyline,False
mlb-phi-atl-2026-09-11,mlb-phi-atl-2026-09-11|moneyline|None|82017849222151381821620832662594948469177648180086267484261127355782752392531,moneyline,False
mlb-phi-atl-2026-09-11,mlb-phi-atl-2026-09-11|moneyline|None|82017849222151381821620832662594948469177648180086267484261127355782752392531,moneyline,False
mlb-phi-atl-2026-09-11,mlb-phi-atl-2026-09-11|moneyline|None|82017849222151381821620832662594948469177648180086267484261127355782752392531,moneyline,True
mlb-phi-atl-2026-09-11,mlb-phi-atl-2026-09-11|moneyline|None|82017849222151381821620832662594948469177648180086267484261127355782752392531,moneyline,True
mlb-phi-atl-2026-09-11,mlb-phi-atl-2026-09-11|moneyline|None|82017849222151381821620832662594948469177648180086267484261127355782752392531,moneyline,False
mlb-phi-atl-2026-09-11,mlb-phi-atl-2026-09-11|moneyline|None|82017849222151381821620832662594948469177648180086267484261127355782752392531,moneyline,False
mlb-phi-atl-2026-09-11,mlb-phi-atl-2026-09-11|moneyline|None|82017849222151381821620832662594948469177648180086267484261127355782752392531,moneyline,True
mlb-phi-atl-2026-09-11,mlb-phi-atl-2026-09-11|moneyline|None|82017849222151381821620832662594948469177648180086267484261127355782752392531,moneyline,True
mlb-phi-atl-2026-09-11,mlb-phi-atl-2026-09-11|moneyline|None|82017849222151381821620832662594948469177648180086267484261127355782752392531,moneyline,False
mlb-phi-atl-2026-09-11,mlb-phi-atl-2026-09-11|moneyline|None|82017849222151381821620832662594948469177648180086267484261127355782752392531,moneyline,False
mlb-phi-atl-2026-09-11,mlb-phi-atl-2026-09-11|moneyline|None|82017849222151381821620832662594948469177648180086267484261127355782752392531,moneyline,True
mlb-phi-atl-2026-09-11,mlb-phi-atl-2026-09-11|moneyline|None|82017849222151381821620832662594948469177648180086267484261127355782752392531,moneyline,True
mlb-phi-atl-2026-09-11,mlb-phi-atl-2026-09-11|moneyline|None|82017849222151381821620832662594948469177648180086267484261127355782752392531,moneyline,False
mlb-phi-atl-2026-09-11,mlb-phi-atl-2026-09-11|moneyline|None|82017849222151381821620832662594948469177648180086267484261127355782752392531,moneyline,True
mlb-phi-atl-2026-09-11,mlb-phi-atl-2026-09-11|moneyline|None|82017849222151381821620832662594948469177648180086267484261127355782752392531,moneyline,True
mlb-phi-atl-2026-09-11,mlb-phi-atl-2026-09-11|moneyline|None|82017849222151381821620832662594948469177648180086267484261127355782752392531,moneyline,True
mlb-phi-atl-2026-09-11,mlb-phi-atl-2026-09-11|moneyline|None|82017849222151381821620832662594948469177648180086267484261127355782752392531,moneyline,True
mlb-phi-atl-2026-09-11,mlb-phi-atl-2026-09-11|moneyline|None|82017849222151381821620832662594948469177648180086267484261127355782752392531,moneyline,True
mlb-phi-atl-2026-09-11,mlb-phi-atl-2026-09-11|moneyline|None|82017849222151381821620832662594948469177648180086267484261127355782752392531,moneyline,True
mlb-phi-atl-2026-09-11,mlb-phi-atl-2026-09-11|moneyline|None|82017849222151381821620832662594948469177648180086267484261127355782752392531,moneyline,False
mlb-phi-atl-2026-09-11,mlb-phi-atl-2026-09-11|moneyline|None|82017849222151381821620832662594948469177648180086267484261127355782752392531,moneyline,False
mlb-phi-atl-2026-09-11,mlb-phi-atl-2026-09-11|moneyline|None|82017849222151381821620832662594948469177648180086267484261127355782752392531,moneyline,False
mlb-phi-atl-2026-09-11,mlb-phi-atl-2026-09-11|moneyline|None|82017849222151381821620832662594948469177648180086267484261127355782752392531,moneyline,False
mlb-phi-atl-2026-09-11,mlb-phi-atl-2026-09-11|moneyline|None|82017849222151381821620832662594948469177648180086267484261127355782752392531,moneyline,True
mlb-phi-atl-2026-09-11,mlb-phi-atl-2026-09-11|moneyline|None|82017849222151381821620832662594948469177648180086267484261127355782752392531,moneyline,True
mlb-phi-atl-2026-09-11,mlb-phi-atl-2026-09-11|moneyline|None|82017849222151381821620832662594948469177648180086267484261127355782752392531,moneyline,False
mlb-phi-atl-2026-09-11,mlb-phi-atl-2026-09-11|moneyline|None|82017849222151381821620832662594948469177648180086267484261127355782752392531,moneyline,True
mlb-phi-atl-2026-09-11,mlb-phi-atl-2026-09-11|moneyline|None|82017849222151381821620832662594948469177648180086267484261127355782752392531,moneyline,True
mlb-phi-atl-2026-09-11,mlb-phi-atl-2026-09-11|moneyline|None|82017849222151381821620832662594948469177648180086267484261127355782752392531,moneyline,False
mlb-phi-atl-2026-09-11,mlb-phi-atl-2026-09-11|moneyline|None|82017849222151381821620832662594948469177648180086267484261127355782752392531,moneyline,True
mlb-phi-atl-2026-09-11,mlb-phi-atl-2026-09-11|moneyline|None|82017849222151381821620832662594948469177648180086267484261127355782752392531,moneyline,True
mlb-phi-atl-2026-09-11,mlb-phi-atl-2026-09-11|moneyline|None|82017849222151381821620832662594948469177648180086267484261127355782752392531,moneyline,True
mlb-phi-atl-2026-09-11,mlb-phi-atl-2026-09-11|moneyline|None|82017849222151381821620832662594948469177648180086267484261127355782752392531,moneyline,False
mlb-phi-atl-2026-09-11,mlb-phi-atl-2026-09-11|moneyline|None|82017849222151381821620832662594948469177648180086267484261127355782752392531,moneyline,True
mlb-phi-atl-2026-09-11,mlb-phi-atl-2026-09-11|moneyline|None|82017849222151381821620832662594948469177648180086267484261127355782752392531,moneyline,True
mlb-phi-atl-2026-09-11,mlb-phi-atl-2026-09-11|moneyline|None|82017849222151381821620832662594948469177648180086267484261127355782752392531,moneyline,True
mlb-phi-atl-2026-09-11,mlb-phi-atl-2026-09-11|moneyline|None|82017849222151381821620832662594948469177648180086267484261127355782752392531,moneyline,False
mlb-phi-atl-2026-09-11,mlb-phi-atl-2026-09-11|moneyline|None|82017849222151381821620832662594948469177648180086267484261127355782752392531,moneyline,False
mlb-phi-atl-2026-09-11,mlb-phi-atl-2026-09-11|moneyline|None|82017849222151381821620832662594948469177648180086267484261127355782752392531,moneyline,True
mlb-phi-atl-2026-09-11,mlb-phi-atl-2026-09-11|moneyline|None|82017849222151381821620832662594948469177648180086267484261127355782752392531,moneyline,False
mlb-phi-atl-2026-09-11,mlb-phi-atl-2026-09-11|moneyline|None|82017849222151381821620832662594948469177648180086267484261127355782752392531,moneyline,False
mlb-phi-atl-2026-09-11,mlb-phi-atl-2026-09-11|moneyline|None|82017849222151381821620832662594948469177648180086267484261127355782752392531,moneyline,False
mlb-phi-atl-2026-09-11,mlb-phi-atl-2026-09-11|moneyline|None|82017849222151381821620832662594948469177648180086267484261127355782752392531,moneyline,True
mlb-phi-atl-2026-09-11,mlb-phi-atl-2026-09-11|moneyline|None|82017849222151381821620832662594948469177648180086267484261127355782752392531,moneyline,False
mlb-phi-atl-2026-09-11,mlb-phi-atl-2026-09-11|moneyline|None|82017849222151381821620832662594948469177648180086267484261127355782752392531,moneyline,True
mlb-phi-atl-2026-09-11,mlb-phi-atl-2026-09-11|moneyline|None|82017849222151381821620832662594948469177648180086267484261127355782752392531,moneyline,False
mlb-phi-atl-2026-09-11,mlb-phi-atl-2026-09-11|moneyline|None|82017849222151381821620832662594948469177648180086267484261127355782752392531,moneyline,True
mlb-phi-atl-2026-09-11,mlb-phi-atl-2026-09-11|spread|-1.5|16492331444203504904136959933735926517944185300002729881281982902413000412696,spread,True
mlb-phi-atl-2026-09-11,mlb-phi-atl-2026-09-11|spread|-1.5|16492331444203504904136959933735926517944185300002729881281982902413000412696,spread,False
mlb-phi-atl-2026-09-11,mlb-phi-atl-2026-09-11|spread|-1.5|16492331444203504904136959933735926517944185300002729881281982902413000412696,spread,False
mlb-phi-atl-2026-09-11,mlb-phi-atl-2026-09-11|spread|-1.5|16492331444203504904136959933735926517944185300002729881281982902413000412696,spread,True
mlb-phi-atl-2026-09-11,mlb-phi-atl-2026-09-11|spread|-1.5|16492331444203504904136959933735926517944185300002729881281982902413000412696,spread,False
mlb-phi-atl-2026-09-11,mlb-phi-atl-2026-09-11|spread|-1.5|16492331444203504904136959933735926517944185300002729881281982902413000412696,spread,True
mlb-phi-atl-2026-09-11,mlb-phi-atl-2026-09-11|spread|-1.5|16492331444203504904136959933735926517944185300002729881281982902413000412696,spread,False
mlb-phi-atl-2026-09-11,mlb-phi-atl-2026-09-11|spread|-1.5|16492331444203504904136959933735926517944185300002729881281982902413000412696,spread,True
mlb-phi-atl-2026-09-11,mlb-phi-atl-2026-09-11|spread|-1.5|16492331444203504904136959933735926517944185300002729881281982902413000412696,spread,False
mlb-phi-atl-2026-09-11,mlb-phi-atl-2026-09-11|spread|-1.5|16492331444203504904136959933735926517944185300002729881281982902413000412696,spread,False
mlb-phi-atl-2026-09-11,mlb-phi-atl-2026-09-11|spread|-1.5|16492331444203504904136959933735926517944185300002729881281982902413000412696,spread,True
mlb-phi-atl-2026-09-11,mlb-phi-atl-2026-09-11|spread|-1.5|16492331444203504904136959933735926517944185300002729881281982902413000412696,spread,False
mlb-phi-atl-2026-09-11,mlb-phi-atl-2026-09-11|spread|-1.5|16492331444203504904136959933735926517944185300002729881281982902413000412696,spread,True
mlb-phi-atl-2026-09-11,mlb-phi-atl-2026-09-11|spread|-1.5|16492331444203504904136959933735926517944185300002729881281982902413000412696,spread,True
mlb-phi-atl-2026-09-11,mlb-phi-atl-2026-09-11|spread|-1.5|16492331444203504904136959933735926517944185300002729881281982902413000412696,spread,False
mlb-phi-atl-2026-09-11,mlb-phi-atl-2026-09-11|spread|-1.5|16492331444203504904136959933735926517944185300002729881281982902413000412696,spread,True
mlb-phi-atl-2026-09-11,mlb-phi-atl-2026-09-11|spread|-1.5|16492331444203504904136959933735926517944185300002729881281982902413000412696,spread,False
mlb-phi-atl-2026-09-11,mlb-phi-atl-2026-09-11|spread|-1.5|16492331444203504904136959933735926517944185300002729881281982902413000412696,spread,True
mlb-phi-atl-2026-09-11,mlb-phi-atl-2026-09-11|spread|-1.5|16492331444203504904136959933735926517944185300002729881281982902413000412696,spread,True
mlb-phi-atl-2026-09-11,mlb-phi-atl-2026-09-11|spread|-1.5|16492331444203504904136959933735926517944185300002729881281982902413000412696,spread,True
mlb-phi-atl-2026-09-11,mlb-phi-atl-2026-09-11|spread|-1.5|16492331444203504904136959933735926517944185300002729881281982902413000412696,spread,False
mlb-phi-atl-2026-09-11,mlb-phi-atl-2026-09-11|spread|-1.5|16492331444203504904136959933735926517944185300002729881281982902413000412696,spread,True
mlb-phi-atl-2026-09-11,mlb-phi-atl-2026-09-11|spread|-1.5|16492331444203504904136959933735926517944185300002729881281982902413000412696,spread,False
mlb-phi-atl-2026-09-11,mlb-phi-atl-2026-09-11|spread|-1.5|16492331444203504904136959933735926517944185300002729881281982902413000412696,spread,False
mlb-phi-atl-2026-09-11,mlb-phi-atl-2026-09-11|spread|-1.5|16492331444203504904136959933735926517944185300002729881281982902413000412696,spread,False
mlb-phi-atl-2026-09-11,mlb-phi-atl-2026-09-11|spread|-1.5|16492331444203504904136959933735926517944185300002729881281982902413000412696,spread,False
mlb-phi-atl-2026-09-11,mlb-phi-atl-2026-09-11|spread|-1.5|16492331444203504904136959933735926517944185300002729881281982902413000412696,spread,True
mlb-phi-atl-2026-09-11,mlb-phi-atl-2026-09-11|spread|-1.5|16492331444203504904136959933735926517944185300002729881281982902413000412696,spread,False
mlb-phi-atl-2026-09-11,mlb-phi-atl-2026-09-11|spread|-1.5|16492331444203504904136959933735926517944185300002729881281982902413000412696,spread,False
mlb-phi-atl-2026-09-11,mlb-phi-atl-2026-09-11|spread|-1.5|16492331444203504904136959933735926517944185300002729881281982902413000412696,spread,True
mlb-phi-atl-2026-09-11,mlb-phi-atl-2026-09-11|spread|-1.5|16492331444203504904136959933735926517944185300002729881281982902413000412696,spread,True
mlb-phi-atl-2026-09-11,mlb-phi-atl-2026-09-11|spread|-1.5|16492331444203504904136959933735926517944185300002729881281982902413000412696,spread,False
mlb-phi-atl-2026-09-11,mlb-phi-atl-2026-09-11|spread|-1.5|16492331444203504904136959933735926517944185300002729881281982902413000412696,spread,False
mlb-phi-atl-2026-09-11,mlb-phi-atl-2026-09-11|spread|-1.5|16492331444203504904136959933735926517944185300002729881281982902413000412696,spread,False
mlb-phi-atl-2026-09-11,mlb-phi-atl-2026-09-11|spread|-1.5|16492331444203504904136959933735926517944185300002729881281982902413000412696,spread,True
mlb-phi-atl-2026-09-11,mlb-phi-atl-2026-09-11|spread|-1.5|16492331444203504904136959933735926517944185300002729881281982902413000412696,spread,True
mlb-phi-atl-2026-09-11,mlb-phi-atl-2026-09-11|spread|-1.5|16492331444203504904136959933735926517944185300002729881281982902413000412696,spread,False
mlb-phi-atl-2026-09-11,mlb-phi-atl-2026-09-11|spread|-1.5|16492331444203504904136959933735926517944185300002729881281982902413000412696,spread,False
mlb-phi-atl-2026-09-11,mlb-phi-atl-2026-09-11|spread|-1.5|16492331444203504904136959933735926517944185300002729881281982902413000412696,spread,True
mlb-phi-atl-2026-09-11,mlb-phi-atl-2026-09-11|spread|-1.5|16492331444203504904136959933735926517944185300002729881281982902413000412696,spread,True
mlb-phi-atl-2026-09-11,mlb-phi-atl-2026-09-11|spread|-1.5|16492331444203504904136959933735926517944185300002729881281982902413000412696,spread,False
mlb-phi-atl-2026-09-11,mlb-phi-atl-2026-09-11|spread|-1.5|16492331444203504904136959933735926517944185300002729881281982902413000412696,spread,False
mlb-phi-atl-2026-09-11,mlb-phi-atl-2026-09-11|spread|-1.5|16492331444203504904136959933735926517944185300002729881281982902413000412696,spread,False
mlb-phi-atl-2026-09-11,mlb-phi-atl-2026-09-11|spread|-1.5|16492331444203504904136959933735926517944185300002729881281982902413000412696,spread,False
mlb-phi-atl-2026-09-11,mlb-phi-atl-2026-09-11|spread|-1.5|16492331444203504904136959933735926517944185300002729881281982902413000412696,spread,False
mlb-phi-atl-2026-09-11,mlb-phi-atl-2026-09-11|spread|-1.5|16492331444203504904136959933735926517944185300002729881281982902413000412696,spread,True
mlb-phi-atl-2026-09-11,mlb-phi-atl-2026-09-11|spread|-1.5|16492331444203504904136959933735926517944185300002729881281982902413000412696,spread,True
mlb-phi-atl-2026-09-11,mlb-phi-atl-2026-09-11|spread|-1.5|16492331444203504904136959933735926517944185300002729881281982902413000412696,spread,True
mlb-phi-atl-2026-09-11,mlb-phi-atl-2026-09-11|spread|-1.5|16492331444203504904136959933735926517944185300002729881281982902413000412696,spread,True
mlb-phi-atl-2026-09-11,mlb-phi-atl-2026-09-11|spread|-1.5|16492331444203504904136959933735926517944185300002729881281982902413000412696,spread,True
mlb-phi-atl-2026-09-11,mlb-phi-atl-2026-09-11|spread|-1.5|16492331444203504904136959933735926517944185300002729881281982902413000412696,spread,True
mlb-phi-atl-2026-09-11,mlb-phi-atl-2026-09-11|spread|-1.5|16492331444203504904136959933735926517944185300002729881281982902413000412696,spread,True
mlb-phi-atl-2026-09-11,mlb-phi-atl-2026-09-11|spread|-1.5|16492331444203504904136959933735926517944185300002729881281982902413000412696,spread,True
mlb-phi-atl-2026-09-11,mlb-phi-atl-2026-09-11|spread|-1.5|16492331444203504904136959933735926517944185300002729881281982902413000412696,spread,True
mlb-phi-atl-2026-09-11,mlb-phi-atl-2026-09-11|spread|-1.5|16492331444203504904136959933735926517944185300002729881281982902413000412696,spread,True
mlb-phi-atl-2026-09-11,mlb-phi-atl-2026-09-11|spread|-1.5|16492331444203504904136959933735926517944185300002729881281982902413000412696,spread,True
mlb-phi-atl-2026-09-11,mlb-phi-atl-2026-09-11|spread|-1.5|16492331444203504904136959933735926517944185300002729881281982902413000412696,spread,False
mlb-phi-atl-2026-09-11,mlb-phi-atl-2026-09-11|spread|-1.5|16492331444203504904136959933735926517944185300002729881281982902413000412696,spread,False
mlb-phi-atl-2026-09-11,mlb-phi-atl-2026-09-11|spread|-1.5|16492331444203504904136959933735926517944185300002729881281982902413000412696,spread,False
mlb-phi-atl-2026-09-11,mlb-phi-atl-2026-09-11|spread|-1.5|16492331444203504904136959933735926517944185300002729881281982902413000412696,spread,True
mlb-phi-atl-2026-09-11,mlb-phi-atl-2026-09-11|spread|-1.5|16492331444203504904136959933735926517944185300002729881281982902413000412696,spread,False
mlb-phi-atl-2026-09-11,mlb-phi-atl-2026-09-11|spread|-1.5|16492331444203504904136959933735926517944185300002729881281982902413000412696,spread,True
mlb-phi-atl-2026-09-11,mlb-phi-atl-2026-09-11|spread|-1.5|16492331444203504904136959933735926517944185300002729881281982902413000412696,spread,False
mlb-phi-atl-2026-09-11,mlb-phi-atl-2026-09-11|spread|-1.5|16492331444203504904136959933735926517944185300002729881281982902413000412696,spread,False
mlb-phi-atl-2026-09-11,mlb-phi-atl-2026-09-11|spread|-1.5|16492331444203504904136959933735926517944185300002729881281982902413000412696,spread,False
mlb-phi-atl-2026-09-11,mlb-phi-atl-2026-09-11|spread|-1.5|16492331444203504904136959933735926517944185300002729881281982902413000412696,spread,False
mlb-phi-atl-2026-09-11,mlb-phi-atl-2026-09-11|spread|-1.5|16492331444203504904136959933735926517944185300002729881281982902413000412696,spread,True
mlb-phi-atl-2026-09-11,mlb-phi-atl-2026-09-11|spread|-1.5|16492331444203504904136959933735926517944185300002729881281982902413000412696,spread,False
mlb-phi-atl-2026-09-11,mlb-phi-atl-2026-09-11|spread|-1.5|16492331444203504904136959933735926517944185300002729881281982902413000412696,spread,True
mlb-phi-atl-2026-09-11,mlb-phi-atl-2026-09-11|spread|-1.5|16492331444203504904136959933735926517944185300002729881281982902413000412696,spread,True
mlb-phi-atl-2026-09-11,mlb-phi-atl-2026-09-11|spread|-1.5|16492331444203504904136959933735926517944185300002729881281982902413000412696,spread,True
mlb-phi-atl-2026-09-11,mlb-phi-atl-2026-09-11|spread|-1.5|16492331444203504904136959933735926517944185300002729881281982902413000412696,spread,True
mlb-phi-atl-2026-09-11,mlb-phi-atl-2026-09-11|spread|-1.5|16492331444203504904136959933735926517944185300002729881281982902413000412696,spread,False
mlb-phi-atl-2026-09-11,mlb-phi-atl-2026-09-11|spread|-1.5|16492331444203504904136959933735926517944185300002729881281982902413000412696,spread,False
mlb-phi-atl-2026-09-11,mlb-phi-atl-2026-09-11|spread|-1.5|16492331444203504904136959933735926517944185300002729881281982902413000412696,spread,False
mlb-phi-atl-2026-09-11,mlb-phi-atl-2026-09-11|spread|-1.5|16492331444203504904136959933735926517944185300002729881281982902413000412696,spread,True
mlb-phi-atl-2026-09-11,mlb-phi-atl-2026-09-11|spread|-1.5|16492331444203504904136959933735926517944185300002729881281982902413000412696,spread,True
mlb-phi-atl-2026-09-11,mlb-phi-atl-2026-09-11|spread|-1.5|16492331444203504904136959933735926517944185300002729881281982902413000412696,spread,False
mlb-phi-atl-2026-09-11,mlb-phi-atl-2026-09-11|spread|-1.5|16492331444203504904136959933735926517944185300002729881281982902413000412696,spread,False
mlb-phi-atl-2026-09-11,mlb-phi-atl-2026-09-11|spread|-1.5|16492331444203504904136959933735926517944185300002729881281982902413000412696,spread,True
mlb-phi-atl-2026-09-11,mlb-phi-atl-2026-09-11|spread|-1.5|16492331444203504904136959933735926517944185300002729881281982902413000412696,spread,False
mlb-phi-atl-2026-09-11,mlb-phi-atl-2026-09-11|spread|-1.5|16492331444203504904136959933735926517944185300002729881281982902413000412696,spread,True
mlb-phi-atl-2026-09-11,mlb-phi-atl-2026-09-11|spread|-1.5|16492331444203504904136959933735926517944185300002729881281982902413000412696,spread,False
mlb-phi-atl-2026-09-11,mlb-phi-atl-2026-09-11|spread|-1.5|16492331444203504904136959933735926517944185300002729881281982902413000412696,spread,False
mlb-phi-atl-2026-09-11,mlb-phi-atl-2026-09-11|spread|-1.5|16492331444203504904136959933735926517944185300002729881281982902413000412696,spread,True
mlb-phi-atl-2026-09-11,mlb-phi-atl-2026-09-11|spread|-1.5|16492331444203504904136959933735926517944185300002729881281982902413000412696,spread,True
mlb-phi-atl-2026-09-11,mlb-phi-atl-2026-09-11|spread|-1.5|16492331444203504904136959933735926517944185300002729881281982902413000412696,spread,False
mlb-phi-atl-2026-09-11,mlb-phi-atl-2026-09-11|spread|-1.5|16492331444203504904136959933735926517944185300002729881281982902413000412696,spread,True
mlb-phi-atl-2026-09-11,mlb-phi-atl-2026-09-11|spread|-1.5|16492331444203504904136959933735926517944185300002729881281982902413000412696,spread,False
mlb-phi-atl-2026-09-11,mlb-phi-atl-2026-09-11|spread|-1.5|16492331444203504904136959933735926517944185300002729881281982902413000412696,spread,False
mlb-phi-atl-2026-09-11,mlb-phi-atl-2026-09-11|spread|-1.5|16492331444203504904136959933735926517944185300002729881281982902413000412696,spread,True
mlb-phi-atl-2026-09-11,mlb-phi-atl-2026-09-11|spread|-1.5|16492331444203504904136959933735926517944185300002729881281982902413000412696,spread,True
mlb-phi-atl-2026-09-11,mlb-phi-atl-2026-09-11|spread|-1.5|16492331444203504904136959933735926517944185300002729881281982902413000412696,spread,False
mlb-phi-atl-2026-09-11,mlb-phi-atl-2026-09-11|spread|-1.5|16492331444203504904136959933735926517944185300002729881281982902413000412696,spread,False
mlb-phi-atl-2026-09-11,mlb-phi-atl-2026-09-11|spread|-1.5|16492331444203504904136959933735926517944185300002729881281982902413000412696,spread,True
mlb-phi-atl-2026-09-11,mlb-phi-atl-2026-09-11|spread|-1.5|54563860496520994604864013800897702590446322972653380501528538175807936489410,spread,False
mlb-phi-atl-2026-09-11,mlb-phi-atl-2026-09-11|spread|-1.5|54563860496520994604864013800897702590446322972653380501528538175807936489410,spread,False
mlb-phi-atl-2026-09-11,mlb-phi-atl-2026-09-11|spread|-1.5|54563860496520994604864013800897702590446322972653380501528538175807936489410,spread,False
mlb-phi-atl-2026-09-11,mlb-phi-atl-2026-09-11|spread|-1.5|54563860496520994604864013800897702590446322972653380501528538175807936489410,spread,False
mlb-phi-atl-2026-09-11,mlb-phi-atl-2026-09-11|spread|-1.5|54563860496520994604864013800897702590446322972653380501528538175807936489410,spread,False
mlb-phi-atl-2026-09-11,mlb-phi-atl-2026-09-11|spread|-1.5|54563860496520994604864013800897702590446322972653380501528538175807936489410,spread,True
mlb-phi-atl-2026-09-11,mlb-phi-atl-2026-09-11|spread|-1.5|54563860496520994604864013800897702590446322972653380501528538175807936489410,spread,False
mlb-phi-atl-2026-09-11,mlb-phi-atl-2026-09-11|spread|-1.5|54563860496520994604864013800897702590446322972653380501528538175807936489410,spread,True
mlb-phi-atl-2026-09-11,mlb-phi-atl-2026-09-11|spread|-1.5|54563860496520994604864013800897702590446322972653380501528538175807936489410,spread,True
mlb-phi-atl-2026-09-11,mlb-phi-atl-2026-09-11|spread|-1.5|54563860496520994604864013800897702590446322972653380501528538175807936489410,spread,True
mlb-phi-atl-2026-09-11,mlb-phi-atl-2026-09-11|spread|-1.5|54563860496520994604864013800897702590446322972653380501528538175807936489410,spread,False
mlb-phi-atl-2026-09-11,mlb-phi-atl-2026-09-11|spread|-1.5|54563860496520994604864013800897702590446322972653380501528538175807936489410,spread,True
mlb-phi-atl-2026-09-11,mlb-phi-atl-2026-09-11|spread|-1.5|54563860496520994604864013800897702590446322972653380501528538175807936489410,spread,True
mlb-phi-atl-2026-09-11,mlb-phi-atl-2026-09-11|spread|-1.5|54563860496520994604864013800897702590446322972653380501528538175807936489410,spread,True
mlb-phi-atl-2026-09-11,mlb-phi-atl-2026-09-11|spread|-1.5|54563860496520994604864013800897702590446322972653380501528538175807936489410,spread,False
mlb-phi-atl-2026-09-11,mlb-phi-atl-2026-09-11|spread|-1.5|54563860496520994604864013800897702590446322972653380501528538175807936489410,spread,True
mlb-phi-atl-2026-09-11,mlb-phi-atl-2026-09-11|spread|-1.5|54563860496520994604864013800897702590446322972653380501528538175807936489410,spread,True
mlb-phi-atl-2026-09-11,mlb-phi-atl-2026-09-11|spread|-1.5|54563860496520994604864013800897702590446322972653380501528538175807936489410,spread,True
mlb-phi-atl-2026-09-11,mlb-phi-atl-2026-09-11|spread|-1.5|54563860496520994604864013800897702590446322972653380501528538175807936489410,spread,True
mlb-phi-atl-2026-09-11,mlb-phi-atl-2026-09-11|spread|-1.5|54563860496520994604864013800897702590446322972653380501528538175807936489410,spread,True
mlb-phi-atl-2026-09-11,mlb-phi-atl-2026-09-11|spread|-1.5|54563860496520994604864013800897702590446322972653380501528538175807936489410,spread,True
mlb-phi-atl-2026-09-11,mlb-phi-atl-2026-09-11|spread|-1.5|54563860496520994604864013800897702590446322972653380501528538175807936489410,spread,True
mlb-phi-atl-2026-09-11,mlb-phi-atl-2026-09-11|spread|-1.5|54563860496520994604864013800897702590446322972653380501528538175807936489410,spread,False
mlb-phi-atl-2026-09-11,mlb-phi-atl-2026-09-11|spread|-1.5|54563860496520994604864013800897702590446322972653380501528538175807936489410,spread,False
mlb-phi-atl-2026-09-11,mlb-phi-atl-2026-09-11|spread|-1.5|54563860496520994604864013800897702590446322972653380501528538175807936489410,spread,True
mlb-phi-atl-2026-09-11,mlb-phi-atl-2026-09-11|spread|-1.5|54563860496520994604864013800897702590446322972653380501528538175807936489410,spread,True
mlb-phi-atl-2026-09-11,mlb-phi-atl-2026-09-11|spread|-1.5|54563860496520994604864013800897702590446322972653380501528538175807936489410,spread,False
mlb-phi-atl-2026-09-11,mlb-phi-atl-2026-09-11|spread|-1.5|54563860496520994604864013800897702590446322972653380501528538175807936489410,spread,True
mlb-phi-atl-2026-09-11,mlb-phi-atl-2026-09-11|spread|-1.5|54563860496520994604864013800897702590446322972653380501528538175807936489410,spread,True
mlb-phi-atl-2026-09-11,mlb-phi-atl-2026-09-11|spread|-1.5|54563860496520994604864013800897702590446322972653380501528538175807936489410,spread,True
mlb-phi-atl-2026-09-11,mlb-phi-atl-2026-09-11|spread|-1.5|54563860496520994604864013800897702590446322972653380501528538175807936489410,spread,True
mlb-phi-atl-2026-09-11,mlb-phi-atl-2026-09-11|spread|-1.5|54563860496520994604864013800897702590446322972653380501528538175807936489410,spread,False
mlb-phi-atl-2026-09-11,mlb-phi-atl-2026-09-11|spread|-1.5|54563860496520994604864013800897702590446322972653380501528538175807936489410,spread,False
mlb-phi-atl-2026-09-11,mlb-phi-atl-2026-09-11|spread|-1.5|54563860496520994604864013800897702590446322972653380501528538175807936489410,spread,True
mlb-phi-atl-2026-09-11,mlb-phi-atl-2026-09-11|spread|-1.5|54563860496520994604864013800897702590446322972653380501528538175807936489410,spread,True
mlb-phi-atl-2026-09-11,mlb-phi-atl-2026-09-11|spread|-1.5|54563860496520994604864013800897702590446322972653380501528538175807936489410,spread,False
mlb-phi-atl-2026-09-11,mlb-phi-atl-2026-09-11|spread|-1.5|54563860496520994604864013800897702590446322972653380501528538175807936489410,spread,True
mlb-phi-atl-2026-09-11,mlb-phi-atl-2026-09-11|spread|-1.5|54563860496520994604864013800897702590446322972653380501528538175807936489410,spread,False
mlb-phi-atl-2026-09-11,mlb-phi-atl-2026-09-11|spread|-1.5|54563860496520994604864013800897702590446322972653380501528538175807936489410,spread,False
mlb-phi-atl-2026-09-11,mlb-phi-atl-2026-09-11|spread|-1.5|54563860496520994604864013800897702590446322972653380501528538175807936489410,spread,False
mlb-phi-atl-2026-09-11,mlb-phi-atl-2026-09-11|spread|-1.5|54563860496520994604864013800897702590446322972653380501528538175807936489410,spread,True
mlb-phi-atl-2026-09-11,mlb-phi-atl-2026-09-11|spread|-1.5|54563860496520994604864013800897702590446322972653380501528538175807936489410,spread,False
mlb-phi-atl-2026-09-11,mlb-phi-atl-2026-09-11|spread|-1.5|54563860496520994604864013800897702590446322972653380501528538175807936489410,spread,True
mlb-phi-atl-2026-09-11,mlb-phi-atl-2026-09-11|spread|-1.5|54563860496520994604864013800897702590446322972653380501528538175807936489410,spread,False
mlb-phi-atl-2026-09-11,mlb-phi-atl-2026-09-11|spread|-1.5|54563860496520994604864013800897702590446322972653380501528538175807936489410,spread,False
mlb-phi-atl-2026-09-11,mlb-phi-atl-2026-09-11|spread|-1.5|54563860496520994604864013800897702590446322972653380501528538175807936489410,spread,True
mlb-phi-atl-2026-09-11,mlb-phi-atl-2026-09-11|spread|-1.5|54563860496520994604864013800897702590446322972653380501528538175807936489410,spread,False
mlb-phi-atl-2026-09-11,mlb-phi-atl-2026-09-11|spread|-1.5|54563860496520994604864013800897702590446322972653380501528538175807936489410,spread,False
mlb-phi-atl-2026-09-11,mlb-phi-atl-2026-09-11|spread|-1.5|54563860496520994604864013800897702590446322972653380501528538175807936489410,spread,False
mlb-phi-atl-2026-09-11,mlb-phi-atl-2026-09-11|spread|-1.5|54563860496520994604864013800897702590446322972653380501528538175807936489410,spread,False
mlb-phi-atl-2026-09-11,mlb-phi-atl-2026-09-11|spread|-1.5|54563860496520994604864013800897702590446322972653380501528538175807936489410,spread,False
mlb-phi-atl-2026-09-11,mlb-phi-atl-2026-09-11|spread|-1.5|54563860496520994604864013800897702590446322972653380501528538175807936489410,spread,True
mlb-phi-atl-2026-09-11,mlb-phi-atl-2026-09-11|spread|-1.5|54563860496520994604864013800897702590446322972653380501528538175807936489410,spread,False
mlb-phi-atl-2026-09-11,mlb-phi-atl-2026-09-11|spread|-1.5|54563860496520994604864013800897702590446322972653380501528538175807936489410,spread,True
mlb-phi-atl-2026-09-11,mlb-phi-atl-2026-09-11|spread|-1.5|54563860496520994604864013800897702590446322972653380501528538175807936489410,spread,True
mlb-phi-atl-2026-09-11,mlb-phi-atl-2026-09-11|spread|-1.5|54563860496520994604864013800897702590446322972653380501528538175807936489410,spread,False
mlb-phi-atl-2026-09-11,mlb-phi-atl-2026-09-11|spread|-1.5|54563860496520994604864013800897702590446322972653380501528538175807936489410,spread,True
mlb-phi-atl-2026-09-11,mlb-phi-atl-2026-09-11|spread|-1.5|54563860496520994604864013800897702590446322972653380501528538175807936489410,spread,True
mlb-phi-atl-2026-09-11,mlb-phi-atl-2026-09-11|spread|-1.5|54563860496520994604864013800897702590446322972653380501528538175807936489410,spread,False
mlb-phi-atl-2026-09-11,mlb-phi-atl-2026-09-11|spread|-1.5|54563860496520994604864013800897702590446322972653380501528538175807936489410,spread,True
mlb-phi-atl-2026-09-11,mlb-phi-atl-2026-09-11|spread|-1.5|54563860496520994604864013800897702590446322972653380501528538175807936489410,spread,True
mlb-phi-atl-2026-09-11,mlb-phi-atl-2026-09-11|spread|-1.5|54563860496520994604864013800897702590446322972653380501528538175807936489410,spread,True
mlb-phi-atl-2026-09-11,mlb-phi-atl-2026-09-11|spread|-1.5|54563860496520994604864013800897702590446322972653380501528538175807936489410,spread,False
mlb-phi-atl-2026-09-11,mlb-phi-atl-2026-09-11|spread|-1.5|54563860496520994604864013800897702590446322972653380501528538175807936489410,spread,True
mlb-phi-atl-2026-09-11,mlb-phi-atl-2026-09-11|spread|-1.5|54563860496520994604864013800897702590446322972653380501528538175807936489410,spread,True
mlb-phi-atl-2026-09-11,mlb-phi-atl-2026-09-11|spread|-1.5|54563860496520994604864013800897702590446322972653380501528538175807936489410,spread,False
mlb-phi-atl-2026-09-11,mlb-phi-atl-2026-09-11|spread|-1.5|54563860496520994604864013800897702590446322972653380501528538175807936489410,spread,True
mlb-phi-atl-2026-09-11,mlb-phi-atl-2026-09-11|spread|-1.5|54563860496520994604864013800897702590446322972653380501528538175807936489410,spread,False
mlb-phi-atl-2026-09-11,mlb-phi-atl-2026-09-11|spread|-1.5|54563860496520994604864013800897702590446322972653380501528538175807936489410,spread,False
mlb-phi-atl-2026-09-11,mlb-phi-atl-2026-09-11|spread|-1.5|54563860496520994604864013800897702590446322972653380501528538175807936489410,spread,True
mlb-phi-atl-2026-09-11,mlb-phi-atl-2026-09-11|spread|-1.5|54563860496520994604864013800897702590446322972653380501528538175807936489410,spread,True
mlb-phi-atl-2026-09-11,mlb-phi-atl-2026-09-11|spread|-1.5|54563860496520994604864013800897702590446322972653380501528538175807936489410,spread,True
mlb-phi-atl-2026-09-11,mlb-phi-atl-2026-09-11|spread|-1.5|54563860496520994604864013800897702590446322972653380501528538175807936489410,spread,True
mlb-phi-atl-2026-09-11,mlb-phi-atl-2026-09-11|spread|-1.5|54563860496520994604864013800897702590446322972653380501528538175807936489410,spread,False
mlb-phi-atl-2026-09-11,mlb-phi-atl-2026-09-11|spread|-1.5|54563860496520994604864013800897702590446322972653380501528538175807936489410,spread,False
mlb-phi-atl-2026-09-11,mlb-phi-atl-2026-09-11|spread|-1.5|54563860496520994604864013800897702590446322972653380501528538175807936489410,spread,True
mlb-phi-atl-2026-09-11,mlb-phi-atl-2026-09-11|spread|-1.5|54563860496520994604864013800897702590446322972653380501528538175807936489410,spread,False
mlb-phi-atl-2026-09-11,mlb-phi-atl-2026-09-11|spread|-1.5|54563860496520994604864013800897702590446322972653380501528538175807936489410,spread,False
mlb-phi-atl-2026-09-11,mlb-phi-atl-2026-09-11|spread|-1.5|54563860496520994604864013800897702590446322972653380501528538175807936489410,spread,True
mlb-phi-atl-2026-09-11,mlb-phi-atl-2026-09-11|spread|-1.5|54563860496520994604864013800897702590446322972653380501528538175807936489410,spread,False
mlb-phi-atl-2026-09-11,mlb-phi-atl-2026-09-11|spread|-1.5|54563860496520994604864013800897702590446322972653380501528538175807936489410,spread,False
mlb-phi-atl-2026-09-11,mlb-phi-atl-2026-09-11|spread|-1.5|54563860496520994604864013800897702590446322972653380501528538175807936489410,spread,False
mlb-phi-atl-2026-09-11,mlb-phi-atl-2026-09-11|spread|-1.5|54563860496520994604864013800897702590446322972653380501528538175807936489410,spread,True
mlb-phi-atl-2026-09-11,mlb-phi-atl-2026-09-11|spread|-1.5|54563860496520994604864013800897702590446322972653380501528538175807936489410,spread,False
mlb-phi-atl-2026-09-11,mlb-phi-atl-2026-09-11|spread|-1.5|54563860496520994604864013800897702590446322972653380501528538175807936489410,spread,True
mlb-phi-atl-2026-09-11,mlb-phi-atl-2026-09-11|spread|-1.5|54563860496520994604864013800897702590446322972653380501528538175807936489410,spread,False
mlb-phi-atl-2026-09-11,mlb-phi-atl-2026-09-11|spread|-1.5|54563860496520994604864013800897702590446322972653380501528538175807936489410,spread,False
mlb-phi-atl-2026-09-11,mlb-phi-atl-2026-09-11|spread|-1.5|54563860496520994604864013800897702590446322972653380501528538175807936489410,spread,False
mlb-phi-atl-2026-09-11,mlb-phi-atl-2026-09-11|spread|-2.5|39243148849973654733183098787633185482071168583719416481096402357275669393928,spread,False
mlb-phi-atl-2026-09-11,mlb-phi-atl-2026-09-11|spread|-2.5|39243148849973654733183098787633185482071168583719416481096402357275669393928,spread,True
mlb-phi-atl-2026-09-11,mlb-phi-atl-2026-09-11|spread|-2.5|39243148849973654733183098787633185482071168583719416481096402357275669393928,spread,True
mlb-phi-atl-2026-09-11,mlb-phi-atl-2026-09-11|spread|-2.5|39243148849973654733183098787633185482071168583719416481096402357275669393928,spread,False
mlb-phi-atl-2026-09-11,mlb-phi-atl-2026-09-11|spread|-2.5|39243148849973654733183098787633185482071168583719416481096402357275669393928,spread,False
mlb-phi-atl-2026-09-11,mlb-phi-atl-2026-09-11|spread|-2.5|39243148849973654733183098787633185482071168583719416481096402357275669393928,spread,False
mlb-phi-atl-2026-09-11,mlb-phi-atl-2026-09-11|spread|-2.5|39243148849973654733183098787633185482071168583719416481096402357275669393928,spread,True
mlb-phi-atl-2026-09-11,mlb-phi-atl-2026-09-11|spread|-2.5|39243148849973654733183098787633185482071168583719416481096402357275669393928,spread,True
mlb-phi-atl-2026-09-11,mlb-phi-atl-2026-09-11|spread|-2.5|39243148849973654733183098787633185482071168583719416481096402357275669393928,spread,False
mlb-phi-atl-2026-09-11,mlb-phi-atl-2026-09-11|spread|-2.5|39243148849973654733183098787633185482071168583719416481096402357275669393928,spread,False
mlb-phi-atl-2026-09-11,mlb-phi-atl-2026-09-11|spread|-2.5|39243148849973654733183098787633185482071168583719416481096402357275669393928,spread,True
mlb-phi-atl-2026-09-11,mlb-phi-atl-2026-09-11|spread|-2.5|39243148849973654733183098787633185482071168583719416481096402357275669393928,spread,False
mlb-phi-atl-2026-09-11,mlb-phi-atl-2026-09-11|spread|-2.5|39243148849973654733183098787633185482071168583719416481096402357275669393928,spread,True
mlb-phi-atl-2026-09-11,mlb-phi-atl-2026-09-11|spread|-2.5|39243148849973654733183098787633185482071168583719416481096402357275669393928,spread,False
mlb-phi-atl-2026-09-11,mlb-phi-atl-2026-09-11|spread|-2.5|39243148849973654733183098787633185482071168583719416481096402357275669393928,spread,False
mlb-phi-atl-2026-09-11,mlb-phi-atl-2026-09-11|spread|-2.5|39243148849973654733183098787633185482071168583719416481096402357275669393928,spread,False
mlb-phi-atl-2026-09-11,mlb-phi-atl-2026-09-11|spread|-2.5|39243148849973654733183098787633185482071168583719416481096402357275669393928,spread,True
mlb-phi-atl-2026-09-11,mlb-phi-atl-2026-09-11|spread|-2.5|39243148849973654733183098787633185482071168583719416481096402357275669393928,spread,False
mlb-phi-atl-2026-09-11,mlb-phi-atl-2026-09-11|spread|-2.5|39243148849973654733183098787633185482071168583719416481096402357275669393928,spread,True
mlb-phi-atl-2026-09-11,mlb-phi-atl-2026-09-11|spread|-2.5|39243148849973654733183098787633185482071168583719416481096402357275669393928,spread,False
mlb-phi-atl-2026-09-11,mlb-phi-atl-2026-09-11|spread|-2.5|39243148849973654733183098787633185482071168583719416481096402357275669393928,spread,True
mlb-phi-atl-2026-09-11,mlb-phi-atl-2026-09-11|spread|-2.5|39243148849973654733183098787633185482071168583719416481096402357275669393928,spread,False
mlb-phi-atl-2026-09-11,mlb-phi-atl-2026-09-11|spread|-2.5|39243148849973654733183098787633185482071168583719416481096402357275669393928,spread,True
mlb-phi-atl-2026-09-11,mlb-phi-atl-2026-09-11|spread|-2.5|39243148849973654733183098787633185482071168583719416481096402357275669393928,spread,False
mlb-phi-atl-2026-09-11,mlb-phi-atl-2026-09-11|spread|-2.5|39243148849973654733183098787633185482071168583719416481096402357275669393928,spread,True
mlb-phi-atl-2026-09-11,mlb-phi-atl-2026-09-11|spread|-2.5|39243148849973654733183098787633185482071168583719416481096402357275669393928,spread,True
mlb-phi-atl-2026-09-11,mlb-phi-atl-2026-09-11|spread|-2.5|39243148849973654733183098787633185482071168583719416481096402357275669393928,spread,True
mlb-phi-atl-2026-09-11,mlb-phi-atl-2026-09-11|spread|-2.5|39243148849973654733183098787633185482071168583719416481096402357275669393928,spread,False
mlb-phi-atl-2026-09-11,mlb-phi-atl-2026-09-11|spread|-2.5|39243148849973654733183098787633185482071168583719416481096402357275669393928,spread,False
mlb-phi-atl-2026-09-11,mlb-phi-atl-2026-09-11|spread|-2.5|39243148849973654733183098787633185482071168583719416481096402357275669393928,spread,False
mlb-phi-atl-2026-09-11,mlb-phi-atl-2026-09-11|spread|-2.5|39243148849973654733183098787633185482071168583719416481096402357275669393928,spread,False
mlb-phi-atl-2026-09-11,mlb-phi-atl-2026-09-11|spread|-2.5|39243148849973654733183098787633185482071168583719416481096402357275669393928,spread,False
mlb-phi-atl-2026-09-11,mlb-phi-atl-2026-09-11|spread|-2.5|39243148849973654733183098787633185482071168583719416481096402357275669393928,spread,False
mlb-phi-atl-2026-09-11,mlb-phi-atl-2026-09-11|spread|-2.5|39243148849973654733183098787633185482071168583719416481096402357275669393928,spread,False
mlb-phi-atl-2026-09-11,mlb-phi-atl-2026-09-11|spread|-2.5|39243148849973654733183098787633185482071168583719416481096402357275669393928,spread,False
mlb-phi-atl-2026-09-11,mlb-phi-atl-2026-09-11|spread|-2.5|39243148849973654733183098787633185482071168583719416481096402357275669393928,spread,False
mlb-phi-atl-2026-09-11,mlb-phi-atl-2026-09-11|spread|-2.5|39243148849973654733183098787633185482071168583719416481096402357275669393928,spread,True
mlb-phi-atl-2026-09-11,mlb-phi-atl-2026-09-11|spread|-2.5|39243148849973654733183098787633185482071168583719416481096402357275669393928,spread,False
mlb-phi-atl-2026-09-11,mlb-phi-atl-2026-09-11|spread|-2.5|39243148849973654733183098787633185482071168583719416481096402357275669393928,spread,True
mlb-phi-atl-2026-09-11,mlb-phi-atl-2026-09-11|spread|-2.5|39243148849973654733183098787633185482071168583719416481096402357275669393928,spread,False
mlb-phi-atl-2026-09-11,mlb-phi-atl-2026-09-11|spread|-2.5|39243148849973654733183098787633185482071168583719416481096402357275669393928,spread,False
mlb-phi-atl-2026-09-11,mlb-phi-atl-2026-09-11|spread|-2.5|39243148849973654733183098787633185482071168583719416481096402357275669393928,spread,True
mlb-phi-atl-2026-09-11,mlb-phi-atl-2026-09-11|spread|-2.5|39243148849973654733183098787633185482071168583719416481096402357275669393928,spread,True
mlb-phi-atl-2026-09-11,mlb-phi-atl-2026-09-11|spread|-2.5|39243148849973654733183098787633185482071168583719416481096402357275669393928,spread,False
mlb-phi-atl-2026-09-11,mlb-phi-atl-2026-09-11|spread|-2.5|39243148849973654733183098787633185482071168583719416481096402357275669393928,spread,False
mlb-phi-atl-2026-09-11,mlb-phi-atl-2026-09-11|spread|-2.5|39243148849973654733183098787633185482071168583719416481096402357275669393928,spread,True
mlb-phi-atl-2026-09-11,mlb-phi-atl-2026-09-11|spread|-2.5|39243148849973654733183098787633185482071168583719416481096402357275669393928,spread,False
mlb-phi-atl-2026-09-11,mlb-phi-atl-2026-09-11|spread|-2.5|39243148849973654733183098787633185482071168583719416481096402357275669393928,spread,True
mlb-phi-atl-2026-09-11,mlb-phi-atl-2026-09-11|spread|-2.5|39243148849973654733183098787633185482071168583719416481096402357275669393928,spread,False
mlb-phi-atl-2026-09-11,mlb-phi-atl-2026-09-11|spread|-2.5|39243148849973654733183098787633185482071168583719416481096402357275669393928,spread,True
mlb-phi-atl-2026-09-11,mlb-phi-atl-2026-09-11|spread|-2.5|39243148849973654733183098787633185482071168583719416481096402357275669393928,spread,True
mlb-phi-atl-2026-09-11,mlb-phi-atl-2026-09-11|spread|-2.5|39243148849973654733183098787633185482071168583719416481096402357275669393928,spread,True
mlb-phi-atl-2026-09-11,mlb-phi-atl-2026-09-11|spread|-2.5|39243148849973654733183098787633185482071168583719416481096402357275669393928,spread,False
mlb-phi-atl-2026-09-11,mlb-phi-atl-2026-09-11|spread|-2.5|39243148849973654733183098787633185482071168583719416481096402357275669393928,spread,True
mlb-phi-atl-2026-09-11,mlb-phi-atl-2026-09-11|spread|-2.5|39243148849973654733183098787633185482071168583719416481096402357275669393928,spread,False
mlb-phi-atl-2026-09-11,mlb-phi-atl-2026-09-11|spread|-2.5|39243148849973654733183098787633185482071168583719416481096402357275669393928,spread,False
mlb-phi-atl-2026-09-11,mlb-phi-atl-2026-09-11|spread|-2.5|39243148849973654733183098787633185482071168583719416481096402357275669393928,spread,True
mlb-phi-atl-2026-09-11,mlb-phi-atl-2026-09-11|spread|-2.5|39243148849973654733183098787633185482071168583719416481096402357275669393928,spread,True
mlb-phi-atl-2026-09-11,mlb-phi-atl-2026-09-11|spread|-2.5|39243148849973654733183098787633185482071168583719416481096402357275669393928,spread,False
mlb-phi-atl-2026-09-11,mlb-phi-atl-2026-09-11|spread|-2.5|39243148849973654733183098787633185482071168583719416481096402357275669393928,spread,False
mlb-phi-atl-2026-09-11,mlb-phi-atl-2026-09-11|spread|-2.5|39243148849973654733183098787633185482071168583719416481096402357275669393928,spread,False
mlb-phi-atl-2026-09-11,mlb-phi-atl-2026-09-11|spread|-2.5|39243148849973654733183098787633185482071168583719416481096402357275669393928,spread,True
mlb-phi-atl-2026-09-11,mlb-phi-atl-2026-09-11|spread|-2.5|39243148849973654733183098787633185482071168583719416481096402357275669393928,spread,True
mlb-phi-atl-2026-09-11,mlb-phi-atl-2026-09-11|spread|-2.5|39243148849973654733183098787633185482071168583719416481096402357275669393928,spread,True
mlb-phi-atl-2026-09-11,mlb-phi-atl-2026-09-11|spread|-2.5|39243148849973654733183098787633185482071168583719416481096402357275669393928,spread,True
mlb-phi-atl-2026-09-11,mlb-phi-atl-2026-09-11|spread|-2.5|39243148849973654733183098787633185482071168583719416481096402357275669393928,spread,True
mlb-phi-atl-2026-09-11,mlb-phi-atl-2026-09-11|spread|-2.5|39243148849973654733183098787633185482071168583719416481096402357275669393928,spread,True
mlb-phi-atl-2026-09-11,mlb-phi-atl-2026-09-11|spread|-2.5|39243148849973654733183098787633185482071168583719416481096402357275669393928,spread,False
mlb-phi-atl-2026-09-11,mlb-phi-atl-2026-09-11|spread|-2.5|39243148849973654733183098787633185482071168583719416481096402357275669393928,spread,True
mlb-phi-atl-2026-09-11,mlb-phi-atl-2026-09-11|spread|-2.5|39243148849973654733183098787633185482071168583719416481096402357275669393928,spread,False
mlb-phi-atl-2026-09-11,mlb-phi-atl-2026-09-11|spread|-2.5|39243148849973654733183098787633185482071168583719416481096402357275669393928,spread,False
mlb-phi-atl-2026-09-11,mlb-phi-atl-2026-09-11|spread|-2.5|39243148849973654733183098787633185482071168583719416481096402357275669393928,spread,True
mlb-phi-atl-2026-09-11,mlb-phi-atl-2026-09-11|spread|-2.5|39243148849973654733183098787633185482071168583719416481096402357275669393928,spread,False
mlb-phi-atl-2026-09-11,mlb-phi-atl-2026-09-11|spread|-2.5|39243148849973654733183098787633185482071168583719416481096402357275669393928,spread,True
mlb-phi-atl-2026-09-11,mlb-phi-atl-2026-09-11|spread|-2.5|39243148849973654733183098787633185482071168583719416481096402357275669393928,spread,True
mlb-phi-atl-2026-09-11,mlb-phi-atl-2026-09-11|spread|-2.5|39243148849973654733183098787633185482071168583719416481096402357275669393928,spread,True
mlb-phi-atl-2026-09-11,mlb-phi-atl-2026-09-11|spread|-2.5|39243148849973654733183098787633185482071168583719416481096402357275669393928,spread,False
mlb-phi-atl-2026-09-11,mlb-phi-atl-2026-09-11|spread|-2.5|39243148849973654733183098787633185482071168583719416481096402357275669393928,spread,False
mlb-phi-atl-2026-09-11,mlb-phi-atl-2026-09-11|spread|-2.5|39243148849973654733183098787633185482071168583719416481096402357275669393928,spread,False
mlb-phi-atl-2026-09-11,mlb-phi-atl-2026-09-11|spread|-2.5|39243148849973654733183098787633185482071168583719416481096402357275669393928,spread,False
mlb-phi-atl-2026-09-11,mlb-phi-atl-2026-09-11|spread|-2.5|39243148849973654733183098787633185482071168583719416481096402357275669393928,spread,False
mlb-phi-atl-2026-09-11,mlb-phi-atl-2026-09-11|spread|-2.5|39243148849973654733183098787633185482071168583719416481096402357275669393928,spread,False
mlb-phi-atl-2026-09-11,mlb-phi-atl-2026-09-11|spread|-2.5|39243148849973654733183098787633185482071168583719416481096402357275669393928,spread,False
mlb-phi-atl-2026-09-11,mlb-phi-atl-2026-09-11|spread|-2.5|39243148849973654733183098787633185482071168583719416481096402357275669393928,spread,False
mlb-phi-atl-2026-09-11,mlb-phi-atl-2026-09-11|spread|-2.5|55186801413010135884515774167331408340261564790287687698691201757753088151913,spread,True
mlb-phi-atl-2026-09-11,mlb-phi-atl-2026-09-11|spread|-2.5|55186801413010135884515774167331408340261564790287687698691201757753088151913,spread,False
mlb-phi-atl-2026-09-11,mlb-phi-atl-2026-09-11|spread|-2.5|55186801413010135884515774167331408340261564790287687698691201757753088151913,spread,False
mlb-phi-atl-2026-09-11,mlb-phi-atl-2026-09-11|spread|-2.5|55186801413010135884515774167331408340261564790287687698691201757753088151913,spread,True
mlb-phi-atl-2026-09-11,mlb-phi-atl-2026-09-11|spread|-2.5|55186801413010135884515774167331408340261564790287687698691201757753088151913,spread,True
mlb-phi-atl-2026-09-11,mlb-phi-atl-2026-09-11|spread|-2.5|55186801413010135884515774167331408340261564790287687698691201757753088151913,spread,True
mlb-phi-atl-2026-09-11,mlb-phi-atl-2026-09-11|spread|-2.5|55186801413010135884515774167331408340261564790287687698691201757753088151913,spread,False
mlb-phi-atl-2026-09-11,mlb-phi-atl-2026-09-11|spread|-2.5|55186801413010135884515774167331408340261564790287687698691201757753088151913,spread,True
mlb-phi-atl-2026-09-11,mlb-phi-atl-2026-09-11|spread|-2.5|55186801413010135884515774167331408340261564790287687698691201757753088151913,spread,True
mlb-phi-atl-2026-09-11,mlb-phi-atl-2026-09-11|spread|-2.5|55186801413010135884515774167331408340261564790287687698691201757753088151913,spread,True
mlb-phi-atl-2026-09-11,mlb-phi-atl-2026-09-11|spread|-2.5|55186801413010135884515774167331408340261564790287687698691201757753088151913,spread,True
mlb-phi-atl-2026-09-11,mlb-phi-atl-2026-09-11|spread|-2.5|55186801413010135884515774167331408340261564790287687698691201757753088151913,spread,False
mlb-phi-atl-2026-09-11,mlb-phi-atl-2026-09-11|spread|-2.5|55186801413010135884515774167331408340261564790287687698691201757753088151913,spread,True
mlb-phi-atl-2026-09-11,mlb-phi-atl-2026-09-11|spread|-2.5|55186801413010135884515774167331408340261564790287687698691201757753088151913,spread,False
mlb-phi-atl-2026-09-11,mlb-phi-atl-2026-09-11|spread|-2.5|55186801413010135884515774167331408340261564790287687698691201757753088151913,spread,False
mlb-phi-atl-2026-09-11,mlb-phi-atl-2026-09-11|spread|-2.5|55186801413010135884515774167331408340261564790287687698691201757753088151913,spread,True
mlb-phi-atl-2026-09-11,mlb-phi-atl-2026-09-11|spread|-2.5|55186801413010135884515774167331408340261564790287687698691201757753088151913,spread,True
mlb-phi-atl-2026-09-11,mlb-phi-atl-2026-09-11|spread|-2.5|55186801413010135884515774167331408340261564790287687698691201757753088151913,spread,True
mlb-phi-atl-2026-09-11,mlb-phi-atl-2026-09-11|spread|-2.5|55186801413010135884515774167331408340261564790287687698691201757753088151913,spread,True
mlb-phi-atl-2026-09-11,mlb-phi-atl-2026-09-11|spread|-2.5|55186801413010135884515774167331408340261564790287687698691201757753088151913,spread,True
mlb-phi-atl-2026-09-11,mlb-phi-atl-2026-09-11|spread|-2.5|55186801413010135884515774167331408340261564790287687698691201757753088151913,spread,True
mlb-phi-atl-2026-09-11,mlb-phi-atl-2026-09-11|spread|-2.5|55186801413010135884515774167331408340261564790287687698691201757753088151913,spread,True
mlb-phi-atl-2026-09-11,mlb-phi-atl-2026-09-11|spread|-2.5|55186801413010135884515774167331408340261564790287687698691201757753088151913,spread,True
mlb-phi-atl-2026-09-11,mlb-phi-atl-2026-09-11|spread|-2.5|55186801413010135884515774167331408340261564790287687698691201757753088151913,spread,True
mlb-phi-atl-2026-09-11,mlb-phi-atl-2026-09-11|spread|-2.5|55186801413010135884515774167331408340261564790287687698691201757753088151913,spread,True
mlb-phi-atl-2026-09-11,mlb-phi-atl-2026-09-11|spread|-2.5|55186801413010135884515774167331408340261564790287687698691201757753088151913,spread,True
mlb-phi-atl-2026-09-11,mlb-phi-atl-2026-09-11|spread|-2.5|55186801413010135884515774167331408340261564790287687698691201757753088151913,spread,True
mlb-phi-atl-2026-09-11,mlb-phi-atl-2026-09-11|spread|-2.5|55186801413010135884515774167331408340261564790287687698691201757753088151913,spread,False
mlb-phi-atl-2026-09-11,mlb-phi-atl-2026-09-11|spread|-2.5|55186801413010135884515774167331408340261564790287687698691201757753088151913,spread,False
mlb-phi-atl-2026-09-11,mlb-phi-atl-2026-09-11|spread|-2.5|55186801413010135884515774167331408340261564790287687698691201757753088151913,spread,False
mlb-phi-atl-2026-09-11,mlb-phi-atl-2026-09-11|spread|-2.5|55186801413010135884515774167331408340261564790287687698691201757753088151913,spread,False
mlb-phi-atl-2026-09-11,mlb-phi-atl-2026-09-11|spread|-2.5|55186801413010135884515774167331408340261564790287687698691201757753088151913,spread,True
mlb-phi-atl-2026-09-11,mlb-phi-atl-2026-09-11|spread|-2.5|55186801413010135884515774167331408340261564790287687698691201757753088151913,spread,True
mlb-phi-atl-2026-09-11,mlb-phi-atl-2026-09-11|spread|-2.5|55186801413010135884515774167331408340261564790287687698691201757753088151913,spread,False
mlb-phi-atl-2026-09-11,mlb-phi-atl-2026-09-11|spread|-2.5|55186801413010135884515774167331408340261564790287687698691201757753088151913,spread,False
mlb-phi-atl-2026-09-11,mlb-phi-atl-2026-09-11|spread|-2.5|55186801413010135884515774167331408340261564790287687698691201757753088151913,spread,True
mlb-phi-atl-2026-09-11,mlb-phi-atl-2026-09-11|spread|-2.5|55186801413010135884515774167331408340261564790287687698691201757753088151913,spread,True
mlb-phi-atl-2026-09-11,mlb-phi-atl-2026-09-11|spread|-2.5|55186801413010135884515774167331408340261564790287687698691201757753088151913,spread,True
mlb-phi-atl-2026-09-11,mlb-phi-atl-2026-09-11|spread|-2.5|55186801413010135884515774167331408340261564790287687698691201757753088151913,spread,True
mlb-phi-atl-2026-09-11,mlb-phi-atl-2026-09-11|spread|-2.5|55186801413010135884515774167331408340261564790287687698691201757753088151913,spread,True
mlb-phi-atl-2026-09-11,mlb-phi-atl-2026-09-11|spread|-2.5|55186801413010135884515774167331408340261564790287687698691201757753088151913,spread,True
mlb-pit-chc-2026-09-11,mlb-pit-chc-2026-09-11|moneyline|None|87875402712849883709416600974521819746565102002419250776574963799640888997642,moneyline,False
mlb-pit-chc-2026-09-11,mlb-pit-chc-2026-09-11|moneyline|None|87875402712849883709416600974521819746565102002419250776574963799640888997642,moneyline,False
mlb-pit-chc-2026-09-11,mlb-pit-chc-2026-09-11|moneyline|None|87875402712849883709416600974521819746565102002419250776574963799640888997642,moneyline,True
mlb-pit-chc-2026-09-11,mlb-pit-chc-2026-09-11|moneyline|None|87875402712849883709416600974521819746565102002419250776574963799640888997642,moneyline,True
mlb-pit-chc-2026-09-11,mlb-pit-chc-2026-09-11|moneyline|None|87875402712849883709416600974521819746565102002419250776574963799640888997642,moneyline,False
mlb-pit-chc-2026-09-11,mlb-pit-chc-2026-09-11|moneyline|None|87875402712849883709416600974521819746565102002419250776574963799640888997642,moneyline,False
mlb-pit-chc-2026-09-11,mlb-pit-chc-2026-09-11|moneyline|None|87875402712849883709416600974521819746565102002419250776574963799640888997642,moneyline,False
mlb-pit-chc-2026-09-11,mlb-pit-chc-2026-09-11|moneyline|None|87875402712849883709416600974521819746565102002419250776574963799640888997642,moneyline,True
mlb-pit-chc-2026-09-11,mlb-pit-chc-2026-09-11|moneyline|None|87875402712849883709416600974521819746565102002419250776574963799640888997642,moneyline,True
mlb-pit-chc-2026-09-11,mlb-pit-chc-2026-09-11|moneyline|None|87875402712849883709416600974521819746565102002419250776574963799640888997642,moneyline,True
mlb-pit-chc-2026-09-11,mlb-pit-chc-2026-09-11|moneyline|None|87875402712849883709416600974521819746565102002419250776574963799640888997642,moneyline,False
mlb-pit-chc-2026-09-11,mlb-pit-chc-2026-09-11|moneyline|None|87875402712849883709416600974521819746565102002419250776574963799640888997642,moneyline,False
mlb-pit-chc-2026-09-11,mlb-pit-chc-2026-09-11|spread|-1.5|40927528825600739890161779375483801865761334611821927754170917355518297940558,spread,False
mlb-pit-chc-2026-09-11,mlb-pit-chc-2026-09-11|spread|-1.5|40927528825600739890161779375483801865761334611821927754170917355518297940558,spread,False
mlb-pit-chc-2026-09-11,mlb-pit-chc-2026-09-11|spread|-1.5|40927528825600739890161779375483801865761334611821927754170917355518297940558,spread,True
mlb-pit-chc-2026-09-11,mlb-pit-chc-2026-09-11|spread|-1.5|40927528825600739890161779375483801865761334611821927754170917355518297940558,spread,False
mlb-pit-chc-2026-09-11,mlb-pit-chc-2026-09-11|spread|-1.5|40927528825600739890161779375483801865761334611821927754170917355518297940558,spread,True
mlb-pit-chc-2026-09-11,mlb-pit-chc-2026-09-11|spread|-1.5|40927528825600739890161779375483801865761334611821927754170917355518297940558,spread,False
mlb-pit-chc-2026-09-11,mlb-pit-chc-2026-09-11|spread|-1.5|40927528825600739890161779375483801865761334611821927754170917355518297940558,spread,True
mlb-pit-chc-2026-09-11,mlb-pit-chc-2026-09-11|spread|-1.5|40927528825600739890161779375483801865761334611821927754170917355518297940558,spread,False
mlb-pit-chc-2026-09-11,mlb-pit-chc-2026-09-11|spread|-1.5|40927528825600739890161779375483801865761334611821927754170917355518297940558,spread,False
mlb-pit-chc-2026-09-11,mlb-pit-chc-2026-09-11|spread|-1.5|40927528825600739890161779375483801865761334611821927754170917355518297940558,spread,False
mlb-pit-chc-2026-09-11,mlb-pit-chc-2026-09-11|spread|-1.5|40927528825600739890161779375483801865761334611821927754170917355518297940558,spread,False
mlb-pit-chc-2026-09-11,mlb-pit-chc-2026-09-11|spread|-1.5|40927528825600739890161779375483801865761334611821927754170917355518297940558,spread,False
mlb-pit-chc-2026-09-11,mlb-pit-chc-2026-09-11|spread|-1.5|40927528825600739890161779375483801865761334611821927754170917355518297940558,spread,True
mlb-pit-chc-2026-09-11,mlb-pit-chc-2026-09-11|spread|-1.5|40927528825600739890161779375483801865761334611821927754170917355518297940558,spread,True
mlb-pit-chc-2026-09-11,mlb-pit-chc-2026-09-11|spread|-1.5|40927528825600739890161779375483801865761334611821927754170917355518297940558,spread,True
mlb-pit-chc-2026-09-11,mlb-pit-chc-2026-09-11|spread|-1.5|40927528825600739890161779375483801865761334611821927754170917355518297940558,spread,True
mlb-pit-chc-2026-09-11,mlb-pit-chc-2026-09-11|spread|-1.5|40927528825600739890161779375483801865761334611821927754170917355518297940558,spread,False
mlb-pit-chc-2026-09-11,mlb-pit-chc-2026-09-11|spread|-1.5|40927528825600739890161779375483801865761334611821927754170917355518297940558,spread,True
mlb-pit-chc-2026-09-11,mlb-pit-chc-2026-09-11|spread|-1.5|40927528825600739890161779375483801865761334611821927754170917355518297940558,spread,False
mlb-pit-chc-2026-09-11,mlb-pit-chc-2026-09-11|spread|-1.5|40927528825600739890161779375483801865761334611821927754170917355518297940558,spread,True
mlb-pit-chc-2026-09-11,mlb-pit-chc-2026-09-11|spread|-1.5|40927528825600739890161779375483801865761334611821927754170917355518297940558,spread,True
mlb-pit-chc-2026-09-11,mlb-pit-chc-2026-09-11|spread|-1.5|40927528825600739890161779375483801865761334611821927754170917355518297940558,spread,False
mlb-pit-chc-2026-09-11,mlb-pit-chc-2026-09-11|spread|-1.5|40927528825600739890161779375483801865761334611821927754170917355518297940558,spread,True
mlb-pit-chc-2026-09-11,mlb-pit-chc-2026-09-11|spread|-1.5|40927528825600739890161779375483801865761334611821927754170917355518297940558,spread,False
mlb-pit-chc-2026-09-11,mlb-pit-chc-2026-09-11|spread|-1.5|40927528825600739890161779375483801865761334611821927754170917355518297940558,spread,False
mlb-pit-chc-2026-09-11,mlb-pit-chc-2026-09-11|spread|-1.5|40927528825600739890161779375483801865761334611821927754170917355518297940558,spread,False
mlb-pit-chc-2026-09-11,mlb-pit-chc-2026-09-11|spread|-1.5|40927528825600739890161779375483801865761334611821927754170917355518297940558,spread,False
mlb-pit-chc-2026-09-11,mlb-pit-chc-2026-09-11|spread|-1.5|40927528825600739890161779375483801865761334611821927754170917355518297940558,spread,False
mlb-pit-chc-2026-09-11,mlb-pit-chc-2026-09-11|spread|-1.5|40927528825600739890161779375483801865761334611821927754170917355518297940558,spread,True
mlb-pit-chc-2026-09-11,mlb-pit-chc-2026-09-11|spread|-1.5|40927528825600739890161779375483801865761334611821927754170917355518297940558,spread,True
mlb-pit-chc-2026-09-11,mlb-pit-chc-2026-09-11|spread|-1.5|40927528825600739890161779375483801865761334611821927754170917355518297940558,spread,True
mlb-pit-chc-2026-09-11,mlb-pit-chc-2026-09-11|spread|-1.5|40927528825600739890161779375483801865761334611821927754170917355518297940558,spread,True
mlb-pit-chc-2026-09-11,mlb-pit-chc-2026-09-11|spread|-1.5|40927528825600739890161779375483801865761334611821927754170917355518297940558,spread,True
mlb-pit-chc-2026-09-11,mlb-pit-chc-2026-09-11|spread|-1.5|40927528825600739890161779375483801865761334611821927754170917355518297940558,spread,False
mlb-pit-chc-2026-09-11,mlb-pit-chc-2026-09-11|spread|-1.5|40927528825600739890161779375483801865761334611821927754170917355518297940558,spread,True
mlb-pit-chc-2026-09-11,mlb-pit-chc-2026-09-11|spread|-1.5|40927528825600739890161779375483801865761334611821927754170917355518297940558,spread,False
mlb-pit-chc-2026-09-11,mlb-pit-chc-2026-09-11|spread|-1.5|40927528825600739890161779375483801865761334611821927754170917355518297940558,spread,False
mlb-pit-chc-2026-09-11,mlb-pit-chc-2026-09-11|spread|-1.5|40927528825600739890161779375483801865761334611821927754170917355518297940558,spread,True
mlb-pit-chc-2026-09-11,mlb-pit-chc-2026-09-11|spread|-1.5|40927528825600739890161779375483801865761334611821927754170917355518297940558,spread,False
mlb-pit-chc-2026-09-11,mlb-pit-chc-2026-09-11|spread|-1.5|40927528825600739890161779375483801865761334611821927754170917355518297940558,spread,True
mlb-pit-chc-2026-09-11,mlb-pit-chc-2026-09-11|spread|-1.5|40927528825600739890161779375483801865761334611821927754170917355518297940558,spread,False
mlb-pit-chc-2026-09-11,mlb-pit-chc-2026-09-11|spread|-1.5|40927528825600739890161779375483801865761334611821927754170917355518297940558,spread,False
mlb-pit-chc-2026-09-11,mlb-pit-chc-2026-09-11|spread|-1.5|40927528825600739890161779375483801865761334611821927754170917355518297940558,spread,True
mlb-pit-chc-2026-09-11,mlb-pit-chc-2026-09-11|spread|-1.5|40927528825600739890161779375483801865761334611821927754170917355518297940558,spread,False
mlb-pit-chc-2026-09-11,mlb-pit-chc-2026-09-11|spread|-1.5|40927528825600739890161779375483801865761334611821927754170917355518297940558,spread,True
mlb-pit-chc-2026-09-11,mlb-pit-chc-2026-09-11|spread|-1.5|40927528825600739890161779375483801865761334611821927754170917355518297940558,spread,True
mlb-pit-chc-2026-09-11,mlb-pit-chc-2026-09-11|spread|-1.5|40927528825600739890161779375483801865761334611821927754170917355518297940558,spread,True
mlb-pit-chc-2026-09-11,mlb-pit-chc-2026-09-11|spread|-1.5|40927528825600739890161779375483801865761334611821927754170917355518297940558,spread,False
mlb-pit-chc-2026-09-11,mlb-pit-chc-2026-09-11|spread|-1.5|40927528825600739890161779375483801865761334611821927754170917355518297940558,spread,True
mlb-pit-chc-2026-09-11,mlb-pit-chc-2026-09-11|spread|-1.5|40927528825600739890161779375483801865761334611821927754170917355518297940558,spread,False
mlb-pit-chc-2026-09-11,mlb-pit-chc-2026-09-11|spread|-1.5|40927528825600739890161779375483801865761334611821927754170917355518297940558,spread,True
mlb-pit-chc-2026-09-11,mlb-pit-chc-2026-09-11|spread|-1.5|40927528825600739890161779375483801865761334611821927754170917355518297940558,spread,False
mlb-pit-chc-2026-09-11,mlb-pit-chc-2026-09-11|spread|-1.5|40927528825600739890161779375483801865761334611821927754170917355518297940558,spread,False
mlb-pit-chc-2026-09-11,mlb-pit-chc-2026-09-11|spread|-1.5|40927528825600739890161779375483801865761334611821927754170917355518297940558,spread,True
mlb-pit-chc-2026-09-11,mlb-pit-chc-2026-09-11|spread|-1.5|8524168379630651170192355209720868224146945504656896188737750083111341592497,spread,False
mlb-pit-chc-2026-09-11,mlb-pit-chc-2026-09-11|spread|-1.5|8524168379630651170192355209720868224146945504656896188737750083111341592497,spread,False
mlb-pit-chc-2026-09-11,mlb-pit-chc-2026-09-11|spread|-1.5|8524168379630651170192355209720868224146945504656896188737750083111341592497,spread,True
mlb-pit-chc-2026-09-11,mlb-pit-chc-2026-09-11|spread|-1.5|8524168379630651170192355209720868224146945504656896188737750083111341592497,spread,True
mlb-pit-chc-2026-09-11,mlb-pit-chc-2026-09-11|spread|-1.5|8524168379630651170192355209720868224146945504656896188737750083111341592497,spread,False
mlb-pit-chc-2026-09-11,mlb-pit-chc-2026-09-11|spread|-1.5|8524168379630651170192355209720868224146945504656896188737750083111341592497,spread,True
mlb-pit-chc-2026-09-11,mlb-pit-chc-2026-09-11|spread|-1.5|8524168379630651170192355209720868224146945504656896188737750083111341592497,spread,True
mlb-pit-chc-2026-09-11,mlb-pit-chc-2026-09-11|spread|-1.5|8524168379630651170192355209720868224146945504656896188737750083111341592497,spread,True
mlb-pit-chc-2026-09-11,mlb-pit-chc-2026-09-11|spread|-1.5|8524168379630651170192355209720868224146945504656896188737750083111341592497,spread,True
mlb-pit-chc-2026-09-11,mlb-pit-chc-2026-09-11|spread|-1.5|8524168379630651170192355209720868224146945504656896188737750083111341592497,spread,True
mlb-pit-chc-2026-09-11,mlb-pit-chc-2026-09-11|spread|-1.5|8524168379630651170192355209720868224146945504656896188737750083111341592497,spread,False
mlb-pit-chc-2026-09-11,mlb-pit-chc-2026-09-11|spread|-1.5|8524168379630651170192355209720868224146945504656896188737750083111341592497,spread,False
mlb-pit-chc-2026-09-11,mlb-pit-chc-2026-09-11|spread|-1.5|8524168379630651170192355209720868224146945504656896188737750083111341592497,spread,True
mlb-pit-chc-2026-09-11,mlb-pit-chc-2026-09-11|spread|-1.5|8524168379630651170192355209720868224146945504656896188737750083111341592497,spread,False
mlb-pit-chc-2026-09-11,mlb-pit-chc-2026-09-11|spread|-1.5|8524168379630651170192355209720868224146945504656896188737750083111341592497,spread,True
mlb-pit-chc-2026-09-11,mlb-pit-chc-2026-09-11|spread|-1.5|8524168379630651170192355209720868224146945504656896188737750083111341592497,spread,True
mlb-pit-chc-2026-09-11,mlb-pit-chc-2026-09-11|spread|-1.5|8524168379630651170192355209720868224146945504656896188737750083111341592497,spread,True
mlb-pit-chc-2026-09-11,mlb-pit-chc-2026-09-11|spread|-1.5|8524168379630651170192355209720868224146945504656896188737750083111341592497,spread,True
mlb-pit-chc-2026-09-11,mlb-pit-chc-2026-09-11|spread|-1.5|8524168379630651170192355209720868224146945504656896188737750083111341592497,spread,True
mlb-pit-chc-2026-09-11,mlb-pit-chc-2026-09-11|spread|-1.5|8524168379630651170192355209720868224146945504656896188737750083111341592497,spread,True
mlb-pit-chc-2026-09-11,mlb-pit-chc-2026-09-11|spread|-1.5|8524168379630651170192355209720868224146945504656896188737750083111341592497,spread,True
mlb-pit-chc-2026-09-11,mlb-pit-chc-2026-09-11|spread|-1.5|8524168379630651170192355209720868224146945504656896188737750083111341592497,spread,False
mlb-pit-chc-2026-09-11,mlb-pit-chc-2026-09-11|spread|-1.5|8524168379630651170192355209720868224146945504656896188737750083111341592497,spread,True
mlb-pit-chc-2026-09-11,mlb-pit-chc-2026-09-11|spread|-1.5|8524168379630651170192355209720868224146945504656896188737750083111341592497,spread,False
mlb-pit-chc-2026-09-11,mlb-pit-chc-2026-09-11|spread|-1.5|8524168379630651170192355209720868224146945504656896188737750083111341592497,spread,False
mlb-pit-chc-2026-09-11,mlb-pit-chc-2026-09-11|spread|-1.5|8524168379630651170192355209720868224146945504656896188737750083111341592497,spread,True
mlb-pit-chc-2026-09-11,mlb-pit-chc-2026-09-11|spread|-1.5|8524168379630651170192355209720868224146945504656896188737750083111341592497,spread,False
mlb-pit-chc-2026-09-11,mlb-pit-chc-2026-09-11|spread|-1.5|8524168379630651170192355209720868224146945504656896188737750083111341592497,spread,False
mlb-pit-chc-2026-09-11,mlb-pit-chc-2026-09-11|spread|-1.5|8524168379630651170192355209720868224146945504656896188737750083111341592497,spread,False
mlb-pit-chc-2026-09-11,mlb-pit-chc-2026-09-11|spread|-1.5|8524168379630651170192355209720868224146945504656896188737750083111341592497,spread,True
mlb-pit-chc-2026-09-11,mlb-pit-chc-2026-09-11|spread|-1.5|8524168379630651170192355209720868224146945504656896188737750083111341592497,spread,True
mlb-pit-chc-2026-09-11,mlb-pit-chc-2026-09-11|spread|-1.5|8524168379630651170192355209720868224146945504656896188737750083111341592497,spread,False
mlb-pit-chc-2026-09-11,mlb-pit-chc-2026-09-11|spread|-1.5|8524168379630651170192355209720868224146945504656896188737750083111341592497,spread,False
mlb-pit-chc-2026-09-11,mlb-pit-chc-2026-09-11|spread|-1.5|8524168379630651170192355209720868224146945504656896188737750083111341592497,spread,True
mlb-pit-chc-2026-09-11,mlb-pit-chc-2026-09-11|spread|-1.5|8524168379630651170192355209720868224146945504656896188737750083111341592497,spread,False
mlb-pit-chc-2026-09-11,mlb-pit-chc-2026-09-11|spread|-1.5|8524168379630651170192355209720868224146945504656896188737750083111341592497,spread,True
mlb-pit-chc-2026-09-11,mlb-pit-chc-2026-09-11|spread|-1.5|8524168379630651170192355209720868224146945504656896188737750083111341592497,spread,True
mlb-pit-chc-2026-09-11,mlb-pit-chc-2026-09-11|spread|-1.5|8524168379630651170192355209720868224146945504656896188737750083111341592497,spread,False
mlb-pit-chc-2026-09-11,mlb-pit-chc-2026-09-11|spread|-1.5|8524168379630651170192355209720868224146945504656896188737750083111341592497,spread,False
mlb-pit-chc-2026-09-11,mlb-pit-chc-2026-09-11|spread|-1.5|8524168379630651170192355209720868224146945504656896188737750083111341592497,spread,False
mlb-pit-chc-2026-09-11,mlb-pit-chc-2026-09-11|spread|-1.5|8524168379630651170192355209720868224146945504656896188737750083111341592497,spread,False
mlb-pit-chc-2026-09-11,mlb-pit-chc-2026-09-11|spread|-1.5|8524168379630651170192355209720868224146945504656896188737750083111341592497,spread,True
mlb-pit-chc-2026-09-11,mlb-pit-chc-2026-09-11|spread|-2.5|49846044123228209963905303171518742439559540438103707556646482975867151677102,spread,False
mlb-pit-chc-2026-09-11,mlb-pit-chc-2026-09-11|spread|-2.5|49846044123228209963905303171518742439559540438103707556646482975867151677102,spread,False
mlb-pit-chc-2026-09-11,mlb-pit-chc-2026-09-11|spread|-2.5|49846044123228209963905303171518742439559540438103707556646482975867151677102,spread,True
mlb-pit-chc-2026-09-11,mlb-pit-chc-2026-09-11|spread|-2.5|49846044123228209963905303171518742439559540438103707556646482975867151677102,spread,True
mlb-pit-chc-2026-09-11,mlb-pit-chc-2026-09-11|spread|-2.5|49846044123228209963905303171518742439559540438103707556646482975867151677102,spread,True
mlb-pit-chc-2026-09-11,mlb-pit-chc-2026-09-11|spread|-2.5|49846044123228209963905303171518742439559540438103707556646482975867151677102,spread,False
mlb-pit-chc-2026-09-11,mlb-pit-chc-2026-09-11|spread|-2.5|49846044123228209963905303171518742439559540438103707556646482975867151677102,spread,False
mlb-pit-chc-2026-09-11,mlb-pit-chc-2026-09-11|spread|-2.5|49846044123228209963905303171518742439559540438103707556646482975867151677102,spread,True
mlb-pit-chc-2026-09-11,mlb-pit-chc-2026-09-11|spread|-2.5|49846044123228209963905303171518742439559540438103707556646482975867151677102,spread,True
mlb-pit-chc-2026-09-11,mlb-pit-chc-2026-09-11|spread|-2.5|49846044123228209963905303171518742439559540438103707556646482975867151677102,spread,False
mlb-pit-chc-2026-09-11,mlb-pit-chc-2026-09-11|spread|-2.5|49846044123228209963905303171518742439559540438103707556646482975867151677102,spread,False
mlb-pit-chc-2026-09-11,mlb-pit-chc-2026-09-11|spread|-2.5|49846044123228209963905303171518742439559540438103707556646482975867151677102,spread,False
mlb-pit-chc-2026-09-11,mlb-pit-chc-2026-09-11|spread|-2.5|49846044123228209963905303171518742439559540438103707556646482975867151677102,spread,True
mlb-pit-chc-2026-09-11,mlb-pit-chc-2026-09-11|spread|-2.5|49846044123228209963905303171518742439559540438103707556646482975867151677102,spread,True
mlb-pit-chc-2026-09-11,mlb-pit-chc-2026-09-11|spread|-2.5|49846044123228209963905303171518742439559540438103707556646482975867151677102,spread,False
mlb-pit-chc-2026-09-11,mlb-pit-chc-2026-09-11|spread|-2.5|49846044123228209963905303171518742439559540438103707556646482975867151677102,spread,False
mlb-pit-chc-2026-09-11,mlb-pit-chc-2026-09-11|spread|-2.5|49846044123228209963905303171518742439559540438103707556646482975867151677102,spread,True
mlb-pit-chc-2026-09-11,mlb-pit-chc-2026-09-11|spread|-2.5|49846044123228209963905303171518742439559540438103707556646482975867151677102,spread,True
mlb-pit-chc-2026-09-11,mlb-pit-chc-2026-09-11|spread|-2.5|49846044123228209963905303171518742439559540438103707556646482975867151677102,spread,True
mlb-pit-chc-2026-09-11,mlb-pit-chc-2026-09-11|spread|-2.5|49846044123228209963905303171518742439559540438103707556646482975867151677102,spread,True
mlb-pit-chc-2026-09-11,mlb-pit-chc-2026-09-11|spread|-2.5|49846044123228209963905303171518742439559540438103707556646482975867151677102,spread,True
mlb-pit-chc-2026-09-11,mlb-pit-chc-2026-09-11|spread|-2.5|49846044123228209963905303171518742439559540438103707556646482975867151677102,spread,False
mlb-pit-chc-2026-09-11,mlb-pit-chc-2026-09-11|spread|-2.5|49846044123228209963905303171518742439559540438103707556646482975867151677102,spread,False
mlb-pit-chc-2026-09-11,mlb-pit-chc-2026-09-11|spread|-2.5|49846044123228209963905303171518742439559540438103707556646482975867151677102,spread,True
mlb-pit-chc-2026-09-11,mlb-pit-chc-2026-09-11|spread|-2.5|98398775601590197247537467056348177789085741238789454476764915194706722184373,spread,False
mlb-pit-chc-2026-09-11,mlb-pit-chc-2026-09-11|spread|-2.5|98398775601590197247537467056348177789085741238789454476764915194706722184373,spread,False
mlb-pit-chc-2026-09-11,mlb-pit-chc-2026-09-11|spread|-2.5|98398775601590197247537467056348177789085741238789454476764915194706722184373,spread,False
mlb-pit-chc-2026-09-11,mlb-pit-chc-2026-09-11|spread|-2.5|98398775601590197247537467056348177789085741238789454476764915194706722184373,spread,True
mlb-pit-chc-2026-09-11,mlb-pit-chc-2026-09-11|spread|-2.5|98398775601590197247537467056348177789085741238789454476764915194706722184373,spread,True
mlb-pit-chc-2026-09-11,mlb-pit-chc-2026-09-11|spread|-2.5|98398775601590197247537467056348177789085741238789454476764915194706722184373,spread,True
mlb-pit-chc-2026-09-11,mlb-pit-chc-2026-09-11|spread|-2.5|98398775601590197247537467056348177789085741238789454476764915194706722184373,spread,True
mlb-pit-chc-2026-09-11,mlb-pit-chc-2026-09-11|spread|-2.5|98398775601590197247537467056348177789085741238789454476764915194706722184373,spread,True
mlb-pit-chc-2026-09-11,mlb-pit-chc-2026-09-11|spread|-2.5|98398775601590197247537467056348177789085741238789454476764915194706722184373,spread,True
mlb-pit-chc-2026-09-11,mlb-pit-chc-2026-09-11|spread|-2.5|98398775601590197247537467056348177789085741238789454476764915194706722184373,spread,True
mlb-pit-chc-2026-09-11,mlb-pit-chc-2026-09-11|spread|-2.5|98398775601590197247537467056348177789085741238789454476764915194706722184373,spread,True
mlb-pit-chc-2026-09-11,mlb-pit-chc-2026-09-11|spread|-2.5|98398775601590197247537467056348177789085741238789454476764915194706722184373,spread,False
mlb-pit-chc-2026-09-11,mlb-pit-chc-2026-09-11|spread|-2.5|98398775601590197247537467056348177789085741238789454476764915194706722184373,spread,True
mlb-pit-chc-2026-09-11,mlb-pit-chc-2026-09-11|spread|-2.5|98398775601590197247537467056348177789085741238789454476764915194706722184373,spread,True
mlb-pit-chc-2026-09-11,mlb-pit-chc-2026-09-11|spread|-2.5|98398775601590197247537467056348177789085741238789454476764915194706722184373,spread,False
mlb-pit-chc-2026-09-11,mlb-pit-chc-2026-09-11|spread|-2.5|98398775601590197247537467056348177789085741238789454476764915194706722184373,spread,True
mlb-pit-chc-2026-09-11,mlb-pit-chc-2026-09-11|spread|-2.5|98398775601590197247537467056348177789085741238789454476764915194706722184373,spread,False
mlb-pit-chc-2026-09-11,mlb-pit-chc-2026-09-11|spread|-2.5|98398775601590197247537467056348177789085741238789454476764915194706722184373,spread,False
mlb-pit-chc-2026-09-11,mlb-pit-chc-2026-09-11|spread|-2.5|98398775601590197247537467056348177789085741238789454476764915194706722184373,spread,True
mlb-pit-chc-2026-09-11,mlb-pit-chc-2026-09-11|spread|-2.5|98398775601590197247537467056348177789085741238789454476764915194706722184373,spread,True
mlb-pit-chc-2026-09-11,mlb-pit-chc-2026-09-11|spread|-2.5|98398775601590197247537467056348177789085741238789454476764915194706722184373,spread,True
mlb-pit-chc-2026-09-11,mlb-pit-chc-2026-09-11|spread|-2.5|98398775601590197247537467056348177789085741238789454476764915194706722184373,spread,False
mlb-pit-chc-2026-09-11,mlb-pit-chc-2026-09-11|spread|-2.5|98398775601590197247537467056348177789085741238789454476764915194706722184373,spread,True
mlb-pit-chc-2026-09-11,mlb-pit-chc-2026-09-11|spread|-2.5|98398775601590197247537467056348177789085741238789454476764915194706722184373,spread,False
mlb-pit-chc-2026-09-11,mlb-pit-chc-2026-09-11|spread|-2.5|98398775601590197247537467056348177789085741238789454476764915194706722184373,spread,False
mlb-pit-chc-2026-09-11,mlb-pit-chc-2026-09-11|spread|-2.5|98398775601590197247537467056348177789085741238789454476764915194706722184373,spread,False
mlb-pit-chc-2026-09-11,mlb-pit-chc-2026-09-11|spread|-2.5|98398775601590197247537467056348177789085741238789454476764915194706722184373,spread,False
mlb-pit-chc-2026-09-11,mlb-pit-chc-2026-09-11|spread|-2.5|98398775601590197247537467056348177789085741238789454476764915194706722184373,spread,False
mlb-pit-chc-2026-09-11,mlb-pit-chc-2026-09-11|spread|-2.5|98398775601590197247537467056348177789085741238789454476764915194706722184373,spread,False
mlb-pit-chc-2026-09-11,mlb-pit-chc-2026-09-11|spread|-2.5|98398775601590197247537467056348177789085741238789454476764915194706722184373,spread,False
mlb-pit-chc-2026-09-11,mlb-pit-chc-2026-09-11|spread|-2.5|98398775601590197247537467056348177789085741238789454476764915194706722184373,spread,True
mlb-pit-chc-2026-09-11,mlb-pit-chc-2026-09-11|spread|-2.5|98398775601590197247537467056348177789085741238789454476764915194706722184373,spread,True
mlb-pit-chc-2026-09-11,mlb-pit-chc-2026-09-11|spread|-2.5|98398775601590197247537467056348177789085741238789454476764915194706722184373,spread,True
mlb-pit-chc-2026-09-11,mlb-pit-chc-2026-09-11|spread|-2.5|98398775601590197247537467056348177789085741238789454476764915194706722184373,spread,False
mlb-pit-chc-2026-09-11,mlb-pit-chc-2026-09-11|spread|-2.5|98398775601590197247537467056348177789085741238789454476764915194706722184373,spread,False
mlb-pit-chc-2026-09-11,mlb-pit-chc-2026-09-11|spread|-2.5|98398775601590197247537467056348177789085741238789454476764915194706722184373,spread,False
mlb-pit-chc-2026-09-11,mlb-pit-chc-2026-09-11|spread|-2.5|98398775601590197247537467056348177789085741238789454476764915194706722184373,spread,False
mlb-pit-chc-2026-09-11,mlb-pit-chc-2026-09-11|spread|-2.5|98398775601590197247537467056348177789085741238789454476764915194706722184373,spread,True
mlb-pit-chc-2026-09-11,mlb-pit-chc-2026-09-11|spread|-2.5|98398775601590197247537467056348177789085741238789454476764915194706722184373,spread,True
mlb-pit-chc-2026-09-11,mlb-pit-chc-2026-09-11|spread|-2.5|98398775601590197247537467056348177789085741238789454476764915194706722184373,spread,True
mlb-pit-chc-2026-09-11,mlb-pit-chc-2026-09-11|spread|-2.5|98398775601590197247537467056348177789085741238789454476764915194706722184373,spread,False
mlb-pit-chc-2026-09-11,mlb-pit-chc-2026-09-11|spread|-2.5|98398775601590197247537467056348177789085741238789454476764915194706722184373,spread,False
mlb-pit-chc-2026-09-11,mlb-pit-chc-2026-09-11|spread|-2.5|98398775601590197247537467056348177789085741238789454476764915194706722184373,spread,False
mlb-pit-chc-2026-09-11,mlb-pit-chc-2026-09-11|spread|-2.5|98398775601590197247537467056348177789085741238789454476764915194706722184373,spread,True
mlb-pit-chc-2026-09-11,mlb-pit-chc-2026-09-11|spread|-2.5|98398775601590197247537467056348177789085741238789454476764915194706722184373,spread,False
mlb-pit-chc-2026-09-11,mlb-pit-chc-2026-09-11|spread|-2.5|98398775601590197247537467056348177789085741238789454476764915194706722184373,spread,False
mlb-pit-chc-2026-09-11,mlb-pit-chc-2026-09-11|spread|-2.5|98398775601590197247537467056348177789085741238789454476764915194706722184373,spread,False
mlb-pit-chc-2026-09-11,mlb-pit-chc-2026-09-11|spread|-2.5|98398775601590197247537467056348177789085741238789454476764915194706722184373,spread,False
mlb-pit-chc-2026-09-11,mlb-pit-chc-2026-09-11|spread|-2.5|98398775601590197247537467056348177789085741238789454476764915194706722184373,spread,False
mlb-pit-chc-2026-09-11,mlb-pit-chc-2026-09-11|spread|-2.5|98398775601590197247537467056348177789085741238789454476764915194706722184373,spread,True
mlb-pit-chc-2026-09-11,mlb-pit-chc-2026-09-11|spread|-2.5|98398775601590197247537467056348177789085741238789454476764915194706722184373,spread,False
mlb-pit-chc-2026-09-11,mlb-pit-chc-2026-09-11|spread|-2.5|98398775601590197247537467056348177789085741238789454476764915194706722184373,spread,True
mlb-pit-chc-2026-09-11,mlb-pit-chc-2026-09-11|spread|-2.5|98398775601590197247537467056348177789085741238789454476764915194706722184373,spread,True
mlb-pit-chc-2026-09-11,mlb-pit-chc-2026-09-11|spread|-2.5|98398775601590197247537467056348177789085741238789454476764915194706722184373,spread,True
mlb-pit-chc-2026-09-11,mlb-pit-chc-2026-09-11|spread|-2.5|98398775601590197247537467056348177789085741238789454476764915194706722184373,spread,True
mlb-pit-chc-2026-09-11,mlb-pit-chc-2026-09-11|spread|-2.5|98398775601590197247537467056348177789085741238789454476764915194706722184373,spread,False
mlb-pit-chc-2026-09-11,mlb-pit-chc-2026-09-11|spread|-2.5|98398775601590197247537467056348177789085741238789454476764915194706722184373,spread,True
mlb-pit-chc-2026-09-11,mlb-pit-chc-2026-09-11|spread|-2.5|98398775601590197247537467056348177789085741238789454476764915194706722184373,spread,True
mlb-pit-chc-2026-09-11,mlb-pit-chc-2026-09-11|spread|-2.5|98398775601590197247537467056348177789085741238789454476764915194706722184373,spread,False
mlb-pit-chc-2026-09-11,mlb-pit-chc-2026-09-11|spread|-2.5|98398775601590197247537467056348177789085741238789454476764915194706722184373,spread,False
mlb-pit-chc-2026-09-11,mlb-pit-chc-2026-09-11|spread|-2.5|98398775601590197247537467056348177789085741238789454476764915194706722184373,spread,False
mlb-pit-chc-2026-09-11,mlb-pit-chc-2026-09-11|spread|-2.5|98398775601590197247537467056348177789085741238789454476764915194706722184373,spread,False
mlb-pit-chc-2026-09-11,mlb-pit-chc-2026-09-11|spread|-2.5|98398775601590197247537467056348177789085741238789454476764915194706722184373,spread,False
mlb-pit-chc-2026-09-11,mlb-pit-chc-2026-09-11|spread|-2.5|98398775601590197247537467056348177789085741238789454476764915194706722184373,spread,False
mlb-pit-chc-2026-09-11,mlb-pit-chc-2026-09-11|spread|-2.5|98398775601590197247537467056348177789085741238789454476764915194706722184373,spread,False
mlb-pit-chc-2026-09-11,mlb-pit-chc-2026-09-11|spread|-2.5|98398775601590197247537467056348177789085741238789454476764915194706722184373,spread,True
mlb-pit-chc-2026-09-11,mlb-pit-chc-2026-09-11|spread|-2.5|98398775601590197247537467056348177789085741238789454476764915194706722184373,spread,True
mlb-pit-chc-2026-09-11,mlb-pit-chc-2026-09-11|spread|-2.5|98398775601590197247537467056348177789085741238789454476764915194706722184373,spread,True
mlb-pit-chc-2026-09-11,mlb-pit-chc-2026-09-11|spread|-2.5|98398775601590197247537467056348177789085741238789454476764915194706722184373,spread,False
mlb-pit-chc-2026-09-11,mlb-pit-chc-2026-09-11|spread|-2.5|98398775601590197247537467056348177789085741238789454476764915194706722184373,spread,False
mlb-pit-chc-2026-09-11,mlb-pit-chc-2026-09-11|spread|-2.5|98398775601590197247537467056348177789085741238789454476764915194706722184373,spread,True
mlb-pit-chc-2026-09-11,mlb-pit-chc-2026-09-11|spread|-2.5|98398775601590197247537467056348177789085741238789454476764915194706722184373,spread,True
mlb-pit-chc-2026-09-11,mlb-pit-chc-2026-09-11|spread|-2.5|98398775601590197247537467056348177789085741238789454476764915194706722184373,spread,False
mlb-pit-chc-2026-09-11,mlb-pit-chc-2026-09-11|spread|-2.5|98398775601590197247537467056348177789085741238789454476764915194706722184373,spread,False
mlb-pit-chc-2026-09-11,mlb-pit-chc-2026-09-11|spread|-2.5|98398775601590197247537467056348177789085741238789454476764915194706722184373,spread,False
mlb-sd-sf-2026-09-11,mlb-sd-sf-2026-09-11|moneyline|None|16048610262370068586486043004090220388460476204017934071541446203879311263247,moneyline,False
mlb-sd-sf-2026-09-11,mlb-sd-sf-2026-09-11|moneyline|None|16048610262370068586486043004090220388460476204017934071541446203879311263247,moneyline,False
mlb-sd-sf-2026-09-11,mlb-sd-sf-2026-09-11|moneyline|None|16048610262370068586486043004090220388460476204017934071541446203879311263247,moneyline,True
mlb-sd-sf-2026-09-11,mlb-sd-sf-2026-09-11|moneyline|None|16048610262370068586486043004090220388460476204017934071541446203879311263247,moneyline,True
mlb-sd-sf-2026-09-11,mlb-sd-sf-2026-09-11|moneyline|None|16048610262370068586486043004090220388460476204017934071541446203879311263247,moneyline,True
mlb-sd-sf-2026-09-11,mlb-sd-sf-2026-09-11|moneyline|None|16048610262370068586486043004090220388460476204017934071541446203879311263247,moneyline,False
mlb-sd-sf-2026-09-11,mlb-sd-sf-2026-09-11|moneyline|None|16048610262370068586486043004090220388460476204017934071541446203879311263247,moneyline,True
mlb-sd-sf-2026-09-11,mlb-sd-sf-2026-09-11|moneyline|None|16048610262370068586486043004090220388460476204017934071541446203879311263247,moneyline,False
mlb-sd-sf-2026-09-11,mlb-sd-sf-2026-09-11|moneyline|None|16048610262370068586486043004090220388460476204017934071541446203879311263247,moneyline,True
mlb-sd-sf-2026-09-11,mlb-sd-sf-2026-09-11|moneyline|None|16048610262370068586486043004090220388460476204017934071541446203879311263247,moneyline,True
mlb-sd-sf-2026-09-11,mlb-sd-sf-2026-09-11|moneyline|None|16048610262370068586486043004090220388460476204017934071541446203879311263247,moneyline,True
mlb-sd-sf-2026-09-11,mlb-sd-sf-2026-09-11|moneyline|None|16048610262370068586486043004090220388460476204017934071541446203879311263247,moneyline,False
mlb-sd-sf-2026-09-11,mlb-sd-sf-2026-09-11|moneyline|None|16048610262370068586486043004090220388460476204017934071541446203879311263247,moneyline,True
mlb-sd-sf-2026-09-11,mlb-sd-sf-2026-09-11|moneyline|None|16048610262370068586486043004090220388460476204017934071541446203879311263247,moneyline,True
mlb-sd-sf-2026-09-11,mlb-sd-sf-2026-09-11|moneyline|None|16048610262370068586486043004090220388460476204017934071541446203879311263247,moneyline,True
mlb-sd-sf-2026-09-11,mlb-sd-sf-2026-09-11|moneyline|None|16048610262370068586486043004090220388460476204017934071541446203879311263247,moneyline,False
mlb-sd-sf-2026-09-11,mlb-sd-sf-2026-09-11|moneyline|None|16048610262370068586486043004090220388460476204017934071541446203879311263247,moneyline,True
mlb-sd-sf-2026-09-11,mlb-sd-sf-2026-09-11|moneyline|None|16048610262370068586486043004090220388460476204017934071541446203879311263247,moneyline,True
mlb-sd-sf-2026-09-11,mlb-sd-sf-2026-09-11|moneyline|None|16048610262370068586486043004090220388460476204017934071541446203879311263247,moneyline,False
mlb-sd-sf-2026-09-11,mlb-sd-sf-2026-09-11|moneyline|None|16048610262370068586486043004090220388460476204017934071541446203879311263247,moneyline,False
mlb-sd-sf-2026-09-11,mlb-sd-sf-2026-09-11|moneyline|None|16048610262370068586486043004090220388460476204017934071541446203879311263247,moneyline,True
mlb-sd-sf-2026-09-11,mlb-sd-sf-2026-09-11|moneyline|None|16048610262370068586486043004090220388460476204017934071541446203879311263247,moneyline,True
mlb-sd-sf-2026-09-11,mlb-sd-sf-2026-09-11|moneyline|None|16048610262370068586486043004090220388460476204017934071541446203879311263247,moneyline,True
mlb-sd-sf-2026-09-11,mlb-sd-sf-2026-09-11|moneyline|None|16048610262370068586486043004090220388460476204017934071541446203879311263247,moneyline,True
mlb-sd-sf-2026-09-11,mlb-sd-sf-2026-09-11|moneyline|None|16048610262370068586486043004090220388460476204017934071541446203879311263247,moneyline,True
mlb-sd-sf-2026-09-11,mlb-sd-sf-2026-09-11|moneyline|None|16048610262370068586486043004090220388460476204017934071541446203879311263247,moneyline,False
mlb-sd-sf-2026-09-11,mlb-sd-sf-2026-09-11|moneyline|None|16048610262370068586486043004090220388460476204017934071541446203879311263247,moneyline,False
mlb-sd-sf-2026-09-11,mlb-sd-sf-2026-09-11|moneyline|None|16048610262370068586486043004090220388460476204017934071541446203879311263247,moneyline,False
mlb-sd-sf-2026-09-11,mlb-sd-sf-2026-09-11|moneyline|None|16048610262370068586486043004090220388460476204017934071541446203879311263247,moneyline,False
mlb-sd-sf-2026-09-11,mlb-sd-sf-2026-09-11|moneyline|None|16048610262370068586486043004090220388460476204017934071541446203879311263247,moneyline,True
mlb-sd-sf-2026-09-11,mlb-sd-sf-2026-09-11|moneyline|None|16048610262370068586486043004090220388460476204017934071541446203879311263247,moneyline,True
mlb-sd-sf-2026-09-11,mlb-sd-sf-2026-09-11|moneyline|None|16048610262370068586486043004090220388460476204017934071541446203879311263247,moneyline,True
mlb-sd-sf-2026-09-11,mlb-sd-sf-2026-09-11|spread|-1.5|13836271964670329454936273200141937502682957167868381413991822061311922108812,spread,False
mlb-sd-sf-2026-09-11,mlb-sd-sf-2026-09-11|spread|-1.5|13836271964670329454936273200141937502682957167868381413991822061311922108812,spread,False
mlb-sd-sf-2026-09-11,mlb-sd-sf-2026-09-11|spread|-1.5|13836271964670329454936273200141937502682957167868381413991822061311922108812,spread,True
mlb-sd-sf-2026-09-11,mlb-sd-sf-2026-09-11|spread|-1.5|13836271964670329454936273200141937502682957167868381413991822061311922108812,spread,True
mlb-sd-sf-2026-09-11,mlb-sd-sf-2026-09-11|spread|-1.5|13836271964670329454936273200141937502682957167868381413991822061311922108812,spread,False
mlb-sd-sf-2026-09-11,mlb-sd-sf-2026-09-11|spread|-1.5|13836271964670329454936273200141937502682957167868381413991822061311922108812,spread,True
mlb-sd-sf-2026-09-11,mlb-sd-sf-2026-09-11|spread|-1.5|13836271964670329454936273200141937502682957167868381413991822061311922108812,spread,True
mlb-sd-sf-2026-09-11,mlb-sd-sf-2026-09-11|spread|-1.5|13836271964670329454936273200141937502682957167868381413991822061311922108812,spread,False
mlb-sd-sf-2026-09-11,mlb-sd-sf-2026-09-11|spread|-1.5|13836271964670329454936273200141937502682957167868381413991822061311922108812,spread,False
mlb-sd-sf-2026-09-11,mlb-sd-sf-2026-09-11|spread|-1.5|13836271964670329454936273200141937502682957167868381413991822061311922108812,spread,False
mlb-sd-sf-2026-09-11,mlb-sd-sf-2026-09-11|spread|-1.5|13836271964670329454936273200141937502682957167868381413991822061311922108812,spread,False
mlb-sd-sf-2026-09-11,mlb-sd-sf-2026-09-11|spread|-1.5|13836271964670329454936273200141937502682957167868381413991822061311922108812,spread,False
mlb-sd-sf-2026-09-11,mlb-sd-sf-2026-09-11|spread|-1.5|13836271964670329454936273200141937502682957167868381413991822061311922108812,spread,True
mlb-sd-sf-2026-09-11,mlb-sd-sf-2026-09-11|spread|-1.5|13836271964670329454936273200141937502682957167868381413991822061311922108812,spread,True
mlb-sd-sf-2026-09-11,mlb-sd-sf-2026-09-11|spread|-1.5|13836271964670329454936273200141937502682957167868381413991822061311922108812,spread,True
mlb-sd-sf-2026-09-11,mlb-sd-sf-2026-09-11|spread|-1.5|13836271964670329454936273200141937502682957167868381413991822061311922108812,spread,False
mlb-sd-sf-2026-09-11,mlb-sd-sf-2026-09-11|spread|-1.5|13836271964670329454936273200141937502682957167868381413991822061311922108812,spread,True
mlb-sd-sf-2026-09-11,mlb-sd-sf-2026-09-11|spread|-1.5|13836271964670329454936273200141937502682957167868381413991822061311922108812,spread,True
mlb-sd-sf-2026-09-11,mlb-sd-sf-2026-09-11|spread|-1.5|13836271964670329454936273200141937502682957167868381413991822061311922108812,spread,True
mlb-sd-sf-2026-09-11,mlb-sd-sf-2026-09-11|spread|-1.5|13836271964670329454936273200141937502682957167868381413991822061311922108812,spread,False
mlb-sd-sf-2026-09-11,mlb-sd-sf-2026-09-11|spread|-1.5|13836271964670329454936273200141937502682957167868381413991822061311922108812,spread,True
mlb-sd-sf-2026-09-11,mlb-sd-sf-2026-09-11|spread|-1.5|13836271964670329454936273200141937502682957167868381413991822061311922108812,spread,True
mlb-sd-sf-2026-09-11,mlb-sd-sf-2026-09-11|spread|-1.5|13836271964670329454936273200141937502682957167868381413991822061311922108812,spread,True
mlb-sd-sf-2026-09-11,mlb-sd-sf-2026-09-11|spread|-1.5|13836271964670329454936273200141937502682957167868381413991822061311922108812,spread,False
mlb-sd-sf-2026-09-11,mlb-sd-sf-2026-09-11|spread|-1.5|13836271964670329454936273200141937502682957167868381413991822061311922108812,spread,False
mlb-sd-sf-2026-09-11,mlb-sd-sf-2026-09-11|spread|-1.5|13836271964670329454936273200141937502682957167868381413991822061311922108812,spread,True
mlb-sd-sf-2026-09-11,mlb-sd-sf-2026-09-11|spread|-1.5|13836271964670329454936273200141937502682957167868381413991822061311922108812,spread,False
mlb-sd-sf-2026-09-11,mlb-sd-sf-2026-09-11|spread|-1.5|13836271964670329454936273200141937502682957167868381413991822061311922108812,spread,False
mlb-sd-sf-2026-09-11,mlb-sd-sf-2026-09-11|spread|-1.5|13836271964670329454936273200141937502682957167868381413991822061311922108812,spread,True
mlb-sd-sf-2026-09-11,mlb-sd-sf-2026-09-11|spread|-1.5|13836271964670329454936273200141937502682957167868381413991822061311922108812,spread,True
mlb-sd-sf-2026-09-11,mlb-sd-sf-2026-09-11|spread|-1.5|13836271964670329454936273200141937502682957167868381413991822061311922108812,spread,False
mlb-sd-sf-2026-09-11,mlb-sd-sf-2026-09-11|spread|-1.5|13836271964670329454936273200141937502682957167868381413991822061311922108812,spread,True
mlb-sd-sf-2026-09-11,mlb-sd-sf-2026-09-11|spread|-1.5|13836271964670329454936273200141937502682957167868381413991822061311922108812,spread,True
mlb-sd-sf-2026-09-11,mlb-sd-sf-2026-09-11|spread|-1.5|13836271964670329454936273200141937502682957167868381413991822061311922108812,spread,True
mlb-sd-sf-2026-09-11,mlb-sd-sf-2026-09-11|spread|-1.5|13836271964670329454936273200141937502682957167868381413991822061311922108812,spread,True
mlb-sd-sf-2026-09-11,mlb-sd-sf-2026-09-11|spread|-1.5|13836271964670329454936273200141937502682957167868381413991822061311922108812,spread,True
mlb-sd-sf-2026-09-11,mlb-sd-sf-2026-09-11|spread|-1.5|13836271964670329454936273200141937502682957167868381413991822061311922108812,spread,True
mlb-sd-sf-2026-09-11,mlb-sd-sf-2026-09-11|spread|-1.5|13836271964670329454936273200141937502682957167868381413991822061311922108812,spread,False
mlb-sd-sf-2026-09-11,mlb-sd-sf-2026-09-11|spread|-1.5|13836271964670329454936273200141937502682957167868381413991822061311922108812,spread,False
mlb-sd-sf-2026-09-11,mlb-sd-sf-2026-09-11|spread|-1.5|13836271964670329454936273200141937502682957167868381413991822061311922108812,spread,False
mlb-sd-sf-2026-09-11,mlb-sd-sf-2026-09-11|spread|-1.5|13836271964670329454936273200141937502682957167868381413991822061311922108812,spread,False
mlb-sd-sf-2026-09-11,mlb-sd-sf-2026-09-11|spread|-1.5|13836271964670329454936273200141937502682957167868381413991822061311922108812,spread,True
mlb-sd-sf-2026-09-11,mlb-sd-sf-2026-09-11|spread|-1.5|13836271964670329454936273200141937502682957167868381413991822061311922108812,spread,True
mlb-sd-sf-2026-09-11,mlb-sd-sf-2026-09-11|spread|-1.5|13836271964670329454936273200141937502682957167868381413991822061311922108812,spread,True
mlb-sd-sf-2026-09-11,mlb-sd-sf-2026-09-11|spread|-1.5|13836271964670329454936273200141937502682957167868381413991822061311922108812,spread,False
mlb-sd-sf-2026-09-11,mlb-sd-sf-2026-09-11|spread|-1.5|13836271964670329454936273200141937502682957167868381413991822061311922108812,spread,True
mlb-sd-sf-2026-09-11,mlb-sd-sf-2026-09-11|spread|-1.5|13836271964670329454936273200141937502682957167868381413991822061311922108812,spread,True
mlb-sd-sf-2026-09-11,mlb-sd-sf-2026-09-11|spread|-1.5|13836271964670329454936273200141937502682957167868381413991822061311922108812,spread,True
mlb-sd-sf-2026-09-11,mlb-sd-sf-2026-09-11|spread|-1.5|13836271964670329454936273200141937502682957167868381413991822061311922108812,spread,False
mlb-sd-sf-2026-09-11,mlb-sd-sf-2026-09-11|spread|-1.5|13836271964670329454936273200141937502682957167868381413991822061311922108812,spread,False
mlb-sd-sf-2026-09-11,mlb-sd-sf-2026-09-11|spread|-1.5|13836271964670329454936273200141937502682957167868381413991822061311922108812,spread,True
mlb-sd-sf-2026-09-11,mlb-sd-sf-2026-09-11|spread|-1.5|39574591917237469870450225021060414307739921805175278714587916710470034315941,spread,False
mlb-sd-sf-2026-09-11,mlb-sd-sf-2026-09-11|spread|-1.5|39574591917237469870450225021060414307739921805175278714587916710470034315941,spread,False
mlb-sd-sf-2026-09-11,mlb-sd-sf-2026-09-11|spread|-1.5|39574591917237469870450225021060414307739921805175278714587916710470034315941,spread,False
mlb-sd-sf-2026-09-11,mlb-sd-sf-2026-09-11|spread|-1.5|39574591917237469870450225021060414307739921805175278714587916710470034315941,spread,True
mlb-sd-sf-2026-09-11,mlb-sd-sf-2026-09-11|spread|-1.5|39574591917237469870450225021060414307739921805175278714587916710470034315941,spread,True
mlb-sd-sf-2026-09-11,mlb-sd-sf-2026-09-11|spread|-1.5|39574591917237469870450225021060414307739921805175278714587916710470034315941,spread,False
mlb-sd-sf-2026-09-11,mlb-sd-sf-2026-09-11|spread|-1.5|39574591917237469870450225021060414307739921805175278714587916710470034315941,spread,False
mlb-sd-sf-2026-09-11,mlb-sd-sf-2026-09-11|spread|-1.5|39574591917237469870450225021060414307739921805175278714587916710470034315941,spread,False
mlb-sd-sf-2026-09-11,mlb-sd-sf-2026-09-11|spread|-1.5|39574591917237469870450225021060414307739921805175278714587916710470034315941,spread,False
mlb-sd-sf-2026-09-11,mlb-sd-sf-2026-09-11|spread|-1.5|39574591917237469870450225021060414307739921805175278714587916710470034315941,spread,False
mlb-sd-sf-2026-09-11,mlb-sd-sf-2026-09-11|spread|-1.5|39574591917237469870450225021060414307739921805175278714587916710470034315941,spread,False
mlb-sd-sf-2026-09-11,mlb-sd-sf-2026-09-11|spread|-1.5|39574591917237469870450225021060414307739921805175278714587916710470034315941,spread,True
mlb-sd-sf-2026-09-11,mlb-sd-sf-2026-09-11|spread|-1.5|39574591917237469870450225021060414307739921805175278714587916710470034315941,spread,True
mlb-sd-sf-2026-09-11,mlb-sd-sf-2026-09-11|spread|-1.5|39574591917237469870450225021060414307739921805175278714587916710470034315941,spread,True
mlb-sd-sf-2026-09-11,mlb-sd-sf-2026-09-11|spread|-1.5|39574591917237469870450225021060414307739921805175278714587916710470034315941,spread,True
mlb-sd-sf-2026-09-11,mlb-sd-sf-2026-09-11|spread|-1.5|39574591917237469870450225021060414307739921805175278714587916710470034315941,spread,True
mlb-sd-sf-2026-09-11,mlb-sd-sf-2026-09-11|spread|-1.5|39574591917237469870450225021060414307739921805175278714587916710470034315941,spread,True
mlb-sd-sf-2026-09-11,mlb-sd-sf-2026-09-11|spread|-1.5|39574591917237469870450225021060414307739921805175278714587916710470034315941,spread,False
mlb-sd-sf-2026-09-11,mlb-sd-sf-2026-09-11|spread|-1.5|39574591917237469870450225021060414307739921805175278714587916710470034315941,spread,True
mlb-sd-sf-2026-09-11,mlb-sd-sf-2026-09-11|spread|-1.5|39574591917237469870450225021060414307739921805175278714587916710470034315941,spread,True
mlb-sd-sf-2026-09-11,mlb-sd-sf-2026-09-11|spread|-1.5|39574591917237469870450225021060414307739921805175278714587916710470034315941,spread,False
mlb-sd-sf-2026-09-11,mlb-sd-sf-2026-09-11|spread|-1.5|39574591917237469870450225021060414307739921805175278714587916710470034315941,spread,True
mlb-sd-sf-2026-09-11,mlb-sd-sf-2026-09-11|spread|-1.5|39574591917237469870450225021060414307739921805175278714587916710470034315941,spread,False
mlb-sd-sf-2026-09-11,mlb-sd-sf-2026-09-11|spread|-1.5|39574591917237469870450225021060414307739921805175278714587916710470034315941,spread,True
mlb-sd-sf-2026-09-11,mlb-sd-sf-2026-09-11|spread|-1.5|39574591917237469870450225021060414307739921805175278714587916710470034315941,spread,True
mlb-sd-sf-2026-09-11,mlb-sd-sf-2026-09-11|spread|-1.5|39574591917237469870450225021060414307739921805175278714587916710470034315941,spread,True
mlb-sd-sf-2026-09-11,mlb-sd-sf-2026-09-11|spread|-1.5|39574591917237469870450225021060414307739921805175278714587916710470034315941,spread,True
mlb-sd-sf-2026-09-11,mlb-sd-sf-2026-09-11|spread|-1.5|39574591917237469870450225021060414307739921805175278714587916710470034315941,spread,True
mlb-sd-sf-2026-09-11,mlb-sd-sf-2026-09-11|spread|-1.5|39574591917237469870450225021060414307739921805175278714587916710470034315941,spread,True
mlb-sd-sf-2026-09-11,mlb-sd-sf-2026-09-11|spread|-1.5|39574591917237469870450225021060414307739921805175278714587916710470034315941,spread,False
mlb-sd-sf-2026-09-11,mlb-sd-sf-2026-09-11|spread|-1.5|39574591917237469870450225021060414307739921805175278714587916710470034315941,spread,True
mlb-sd-sf-2026-09-11,mlb-sd-sf-2026-09-11|spread|-1.5|39574591917237469870450225021060414307739921805175278714587916710470034315941,spread,True
mlb-sd-sf-2026-09-11,mlb-sd-sf-2026-09-11|spread|-1.5|39574591917237469870450225021060414307739921805175278714587916710470034315941,spread,False
mlb-sd-sf-2026-09-11,mlb-sd-sf-2026-09-11|spread|-1.5|39574591917237469870450225021060414307739921805175278714587916710470034315941,spread,True
mlb-sd-sf-2026-09-11,mlb-sd-sf-2026-09-11|spread|-1.5|39574591917237469870450225021060414307739921805175278714587916710470034315941,spread,False
mlb-sd-sf-2026-09-11,mlb-sd-sf-2026-09-11|spread|-1.5|39574591917237469870450225021060414307739921805175278714587916710470034315941,spread,True
mlb-sd-sf-2026-09-11,mlb-sd-sf-2026-09-11|spread|-1.5|39574591917237469870450225021060414307739921805175278714587916710470034315941,spread,True
mlb-sd-sf-2026-09-11,mlb-sd-sf-2026-09-11|spread|-1.5|39574591917237469870450225021060414307739921805175278714587916710470034315941,spread,False
mlb-sd-sf-2026-09-11,mlb-sd-sf-2026-09-11|spread|-1.5|39574591917237469870450225021060414307739921805175278714587916710470034315941,spread,True
mlb-sd-sf-2026-09-11,mlb-sd-sf-2026-09-11|spread|-1.5|39574591917237469870450225021060414307739921805175278714587916710470034315941,spread,False
mlb-sd-sf-2026-09-11,mlb-sd-sf-2026-09-11|spread|-1.5|39574591917237469870450225021060414307739921805175278714587916710470034315941,spread,False
mlb-sd-sf-2026-09-11,mlb-sd-sf-2026-09-11|spread|-1.5|39574591917237469870450225021060414307739921805175278714587916710470034315941,spread,False
mlb-sd-sf-2026-09-11,mlb-sd-sf-2026-09-11|spread|-1.5|39574591917237469870450225021060414307739921805175278714587916710470034315941,spread,False
mlb-sd-sf-2026-09-11,mlb-sd-sf-2026-09-11|spread|-1.5|39574591917237469870450225021060414307739921805175278714587916710470034315941,spread,True
mlb-sd-sf-2026-09-11,mlb-sd-sf-2026-09-11|spread|-1.5|39574591917237469870450225021060414307739921805175278714587916710470034315941,spread,True
mlb-sd-sf-2026-09-11,mlb-sd-sf-2026-09-11|spread|-1.5|39574591917237469870450225021060414307739921805175278714587916710470034315941,spread,False
mlb-sd-sf-2026-09-11,mlb-sd-sf-2026-09-11|spread|-1.5|39574591917237469870450225021060414307739921805175278714587916710470034315941,spread,True
mlb-sd-sf-2026-09-11,mlb-sd-sf-2026-09-11|spread|-1.5|39574591917237469870450225021060414307739921805175278714587916710470034315941,spread,False
mlb-sd-sf-2026-09-11,mlb-sd-sf-2026-09-11|spread|-1.5|39574591917237469870450225021060414307739921805175278714587916710470034315941,spread,True
mlb-sd-sf-2026-09-11,mlb-sd-sf-2026-09-11|spread|-1.5|39574591917237469870450225021060414307739921805175278714587916710470034315941,spread,True
mlb-sd-sf-2026-09-11,mlb-sd-sf-2026-09-11|spread|-1.5|39574591917237469870450225021060414307739921805175278714587916710470034315941,spread,True
mlb-sd-sf-2026-09-11,mlb-sd-sf-2026-09-11|spread|-1.5|39574591917237469870450225021060414307739921805175278714587916710470034315941,spread,True
mlb-sd-sf-2026-09-11,mlb-sd-sf-2026-09-11|spread|-1.5|39574591917237469870450225021060414307739921805175278714587916710470034315941,spread,False
mlb-sd-sf-2026-09-11,mlb-sd-sf-2026-09-11|spread|-1.5|39574591917237469870450225021060414307739921805175278714587916710470034315941,spread,False
mlb-sd-sf-2026-09-11,mlb-sd-sf-2026-09-11|spread|-1.5|39574591917237469870450225021060414307739921805175278714587916710470034315941,spread,False
mlb-sd-sf-2026-09-11,mlb-sd-sf-2026-09-11|spread|-1.5|39574591917237469870450225021060414307739921805175278714587916710470034315941,spread,False
mlb-sd-sf-2026-09-11,mlb-sd-sf-2026-09-11|spread|-1.5|39574591917237469870450225021060414307739921805175278714587916710470034315941,spread,True
mlb-sd-sf-2026-09-11,mlb-sd-sf-2026-09-11|spread|-1.5|39574591917237469870450225021060414307739921805175278714587916710470034315941,spread,False
mlb-sd-sf-2026-09-11,mlb-sd-sf-2026-09-11|spread|-1.5|39574591917237469870450225021060414307739921805175278714587916710470034315941,spread,True
mlb-sd-sf-2026-09-11,mlb-sd-sf-2026-09-11|spread|-1.5|39574591917237469870450225021060414307739921805175278714587916710470034315941,spread,False
mlb-sd-sf-2026-09-11,mlb-sd-sf-2026-09-11|spread|-1.5|39574591917237469870450225021060414307739921805175278714587916710470034315941,spread,False
mlb-sd-sf-2026-09-11,mlb-sd-sf-2026-09-11|spread|-1.5|39574591917237469870450225021060414307739921805175278714587916710470034315941,spread,False
mlb-sd-sf-2026-09-11,mlb-sd-sf-2026-09-11|spread|-1.5|39574591917237469870450225021060414307739921805175278714587916710470034315941,spread,False
mlb-sd-sf-2026-09-11,mlb-sd-sf-2026-09-11|spread|-1.5|39574591917237469870450225021060414307739921805175278714587916710470034315941,spread,False
mlb-sd-sf-2026-09-11,mlb-sd-sf-2026-09-11|spread|-1.5|39574591917237469870450225021060414307739921805175278714587916710470034315941,spread,False
mlb-sd-sf-2026-09-11,mlb-sd-sf-2026-09-11|spread|-1.5|39574591917237469870450225021060414307739921805175278714587916710470034315941,spread,True
mlb-sd-sf-2026-09-11,mlb-sd-sf-2026-09-11|spread|-1.5|39574591917237469870450225021060414307739921805175278714587916710470034315941,spread,False
mlb-sd-sf-2026-09-11,mlb-sd-sf-2026-09-11|spread|-1.5|39574591917237469870450225021060414307739921805175278714587916710470034315941,spread,True
mlb-sd-sf-2026-09-11,mlb-sd-sf-2026-09-11|spread|-1.5|39574591917237469870450225021060414307739921805175278714587916710470034315941,spread,True
mlb-sd-sf-2026-09-11,mlb-sd-sf-2026-09-11|spread|-1.5|39574591917237469870450225021060414307739921805175278714587916710470034315941,spread,True
mlb-sd-sf-2026-09-11,mlb-sd-sf-2026-09-11|spread|-1.5|39574591917237469870450225021060414307739921805175278714587916710470034315941,spread,False
mlb-sd-sf-2026-09-11,mlb-sd-sf-2026-09-11|spread|-1.5|39574591917237469870450225021060414307739921805175278714587916710470034315941,spread,True
mlb-sd-sf-2026-09-11,mlb-sd-sf-2026-09-11|spread|-1.5|39574591917237469870450225021060414307739921805175278714587916710470034315941,spread,False
mlb-sd-sf-2026-09-11,mlb-sd-sf-2026-09-11|spread|-1.5|39574591917237469870450225021060414307739921805175278714587916710470034315941,spread,False
mlb-sd-sf-2026-09-11,mlb-sd-sf-2026-09-11|spread|-1.5|39574591917237469870450225021060414307739921805175278714587916710470034315941,spread,False
mlb-sd-sf-2026-09-11,mlb-sd-sf-2026-09-11|spread|-1.5|39574591917237469870450225021060414307739921805175278714587916710470034315941,spread,False
mlb-sd-sf-2026-09-11,mlb-sd-sf-2026-09-11|spread|-1.5|39574591917237469870450225021060414307739921805175278714587916710470034315941,spread,False
mlb-sd-sf-2026-09-11,mlb-sd-sf-2026-09-11|spread|-1.5|39574591917237469870450225021060414307739921805175278714587916710470034315941,spread,False
mlb-sd-sf-2026-09-11,mlb-sd-sf-2026-09-11|spread|-1.5|39574591917237469870450225021060414307739921805175278714587916710470034315941,spread,False
mlb-sd-sf-2026-09-11,mlb-sd-sf-2026-09-11|spread|-1.5|39574591917237469870450225021060414307739921805175278714587916710470034315941,spread,False
mlb-sd-sf-2026-09-11,mlb-sd-sf-2026-09-11|spread|-1.5|39574591917237469870450225021060414307739921805175278714587916710470034315941,spread,True
mlb-sd-sf-2026-09-11,mlb-sd-sf-2026-09-11|spread|-1.5|39574591917237469870450225021060414307739921805175278714587916710470034315941,spread,False
mlb-sd-sf-2026-09-11,mlb-sd-sf-2026-09-11|spread|-1.5|39574591917237469870450225021060414307739921805175278714587916710470034315941,spread,False
mlb-sd-sf-2026-09-11,mlb-sd-sf-2026-09-11|spread|-1.5|39574591917237469870450225021060414307739921805175278714587916710470034315941,spread,True
mlb-sd-sf-2026-09-11,mlb-sd-sf-2026-09-11|spread|-1.5|39574591917237469870450225021060414307739921805175278714587916710470034315941,spread,True
mlb-sd-sf-2026-09-11,mlb-sd-sf-2026-09-11|spread|-1.5|39574591917237469870450225021060414307739921805175278714587916710470034315941,spread,False
mlb-sd-sf-2026-09-11,mlb-sd-sf-2026-09-11|spread|-1.5|39574591917237469870450225021060414307739921805175278714587916710470034315941,spread,False
mlb-sd-sf-2026-09-11,mlb-sd-sf-2026-09-11|spread|-1.5|39574591917237469870450225021060414307739921805175278714587916710470034315941,spread,False
mlb-sd-sf-2026-09-11,mlb-sd-sf-2026-09-11|spread|-1.5|39574591917237469870450225021060414307739921805175278714587916710470034315941,spread,False
mlb-sd-sf-2026-09-11,mlb-sd-sf-2026-09-11|spread|-1.5|39574591917237469870450225021060414307739921805175278714587916710470034315941,spread,False
mlb-sd-sf-2026-09-11,mlb-sd-sf-2026-09-11|spread|-1.5|39574591917237469870450225021060414307739921805175278714587916710470034315941,spread,False
mlb-sd-sf-2026-09-11,mlb-sd-sf-2026-09-11|spread|-1.5|39574591917237469870450225021060414307739921805175278714587916710470034315941,spread,False
mlb-sd-sf-2026-09-11,mlb-sd-sf-2026-09-11|spread|-1.5|39574591917237469870450225021060414307739921805175278714587916710470034315941,spread,False
mlb-sd-sf-2026-09-11,mlb-sd-sf-2026-09-11|spread|-1.5|39574591917237469870450225021060414307739921805175278714587916710470034315941,spread,True
mlb-sd-sf-2026-09-11,mlb-sd-sf-2026-09-11|spread|-1.5|39574591917237469870450225021060414307739921805175278714587916710470034315941,spread,True
mlb-sd-sf-2026-09-11,mlb-sd-sf-2026-09-11|spread|-2.5|57265946044260698940212609395672411300773817848475366819142846665014997272621,spread,False
mlb-sd-sf-2026-09-11,mlb-sd-sf-2026-09-11|spread|-2.5|57265946044260698940212609395672411300773817848475366819142846665014997272621,spread,True
mlb-sd-sf-2026-09-11,mlb-sd-sf-2026-09-11|spread|-2.5|57265946044260698940212609395672411300773817848475366819142846665014997272621,spread,False
mlb-sd-sf-2026-09-11,mlb-sd-sf-2026-09-11|spread|-2.5|57265946044260698940212609395672411300773817848475366819142846665014997272621,spread,False
mlb-sd-sf-2026-09-11,mlb-sd-sf-2026-09-11|spread|-2.5|57265946044260698940212609395672411300773817848475366819142846665014997272621,spread,True
mlb-sd-sf-2026-09-11,mlb-sd-sf-2026-09-11|spread|-2.5|57265946044260698940212609395672411300773817848475366819142846665014997272621,spread,False
mlb-sd-sf-2026-09-11,mlb-sd-sf-2026-09-11|spread|-2.5|57265946044260698940212609395672411300773817848475366819142846665014997272621,spread,True
mlb-sd-sf-2026-09-11,mlb-sd-sf-2026-09-11|spread|-2.5|57265946044260698940212609395672411300773817848475366819142846665014997272621,spread,True
mlb-sd-sf-2026-09-11,mlb-sd-sf-2026-09-11|spread|-2.5|57265946044260698940212609395672411300773817848475366819142846665014997272621,spread,True
mlb-sd-sf-2026-09-11,mlb-sd-sf-2026-09-11|spread|-2.5|57265946044260698940212609395672411300773817848475366819142846665014997272621,spread,False
mlb-sd-sf-2026-09-11,mlb-sd-sf-2026-09-11|spread|-2.5|57265946044260698940212609395672411300773817848475366819142846665014997272621,spread,True
mlb-sd-sf-2026-09-11,mlb-sd-sf-2026-09-11|spread|-2.5|57265946044260698940212609395672411300773817848475366819142846665014997272621,spread,False
mlb-sd-sf-2026-09-11,mlb-sd-sf-2026-09-11|spread|-2.5|57265946044260698940212609395672411300773817848475366819142846665014997272621,spread,False
mlb-sd-sf-2026-09-11,mlb-sd-sf-2026-09-11|spread|-2.5|57265946044260698940212609395672411300773817848475366819142846665014997272621,spread,False
mlb-sd-sf-2026-09-11,mlb-sd-sf-2026-09-11|spread|-2.5|87956717221783818943754353182956347699705637534206247299039539043367385786195,spread,True
mlb-sd-sf-2026-09-11,mlb-sd-sf-2026-09-11|spread|-2.5|87956717221783818943754353182956347699705637534206247299039539043367385786195,spread,False
mlb-sd-sf-2026-09-11,mlb-sd-sf-2026-09-11|spread|-2.5|87956717221783818943754353182956347699705637534206247299039539043367385786195,spread,False
mlb-sd-sf-2026-09-11,mlb-sd-sf-2026-09-11|spread|-2.5|87956717221783818943754353182956347699705637534206247299039539043367385786195,spread,True
mlb-sd-sf-2026-09-11,mlb-sd-sf-2026-09-11|spread|-2.5|87956717221783818943754353182956347699705637534206247299039539043367385786195,spread,True
mlb-sd-sf-2026-09-11,mlb-sd-sf-2026-09-11|spread|-2.5|87956717221783818943754353182956347699705637534206247299039539043367385786195,spread,True
mlb-sd-sf-2026-09-11,mlb-sd-sf-2026-09-11|spread|-2.5|87956717221783818943754353182956347699705637534206247299039539043367385786195,spread,False
mlb-sd-sf-2026-09-11,mlb-sd-sf-2026-09-11|spread|-2.5|87956717221783818943754353182956347699705637534206247299039539043367385786195,spread,False
mlb-sd-sf-2026-09-11,mlb-sd-sf-2026-09-11|spread|-2.5|87956717221783818943754353182956347699705637534206247299039539043367385786195,spread,True
mlb-sd-sf-2026-09-11,mlb-sd-sf-2026-09-11|spread|-2.5|87956717221783818943754353182956347699705637534206247299039539043367385786195,spread,True
mlb-sd-sf-2026-09-11,mlb-sd-sf-2026-09-11|spread|-2.5|87956717221783818943754353182956347699705637534206247299039539043367385786195,spread,True
mlb-sd-sf-2026-09-11,mlb-sd-sf-2026-09-11|spread|-2.5|87956717221783818943754353182956347699705637534206247299039539043367385786195,spread,True
mlb-sd-sf-2026-09-11,mlb-sd-sf-2026-09-11|spread|-2.5|87956717221783818943754353182956347699705637534206247299039539043367385786195,spread,False
mlb-sd-sf-2026-09-11,mlb-sd-sf-2026-09-11|spread|-2.5|87956717221783818943754353182956347699705637534206247299039539043367385786195,spread,True
mlb-sd-sf-2026-09-11,mlb-sd-sf-2026-09-11|spread|-2.5|87956717221783818943754353182956347699705637534206247299039539043367385786195,spread,True
mlb-sd-sf-2026-09-11,mlb-sd-sf-2026-09-11|spread|-2.5|87956717221783818943754353182956347699705637534206247299039539043367385786195,spread,True
mlb-sd-sf-2026-09-11,mlb-sd-sf-2026-09-11|spread|-2.5|87956717221783818943754353182956347699705637534206247299039539043367385786195,spread,True
mlb-sd-sf-2026-09-11,mlb-sd-sf-2026-09-11|spread|-2.5|87956717221783818943754353182956347699705637534206247299039539043367385786195,spread,True
mlb-sd-sf-2026-09-11,mlb-sd-sf-2026-09-11|spread|-2.5|87956717221783818943754353182956347699705637534206247299039539043367385786195,spread,True
mlb-sd-sf-2026-09-11,mlb-sd-sf-2026-09-11|spread|-2.5|87956717221783818943754353182956347699705637534206247299039539043367385786195,spread,True
mlb-sd-sf-2026-09-11,mlb-sd-sf-2026-09-11|spread|-2.5|87956717221783818943754353182956347699705637534206247299039539043367385786195,spread,True
mlb-sd-sf-2026-09-11,mlb-sd-sf-2026-09-11|spread|-2.5|87956717221783818943754353182956347699705637534206247299039539043367385786195,spread,False
mlb-sd-sf-2026-09-11,mlb-sd-sf-2026-09-11|spread|-2.5|87956717221783818943754353182956347699705637534206247299039539043367385786195,spread,True
mlb-sd-sf-2026-09-11,mlb-sd-sf-2026-09-11|spread|-2.5|87956717221783818943754353182956347699705637534206247299039539043367385786195,spread,False
mlb-sd-sf-2026-09-11,mlb-sd-sf-2026-09-11|spread|-2.5|87956717221783818943754353182956347699705637534206247299039539043367385786195,spread,True
mlb-sd-sf-2026-09-11,mlb-sd-sf-2026-09-11|spread|-2.5|87956717221783818943754353182956347699705637534206247299039539043367385786195,spread,True
mlb-sd-sf-2026-09-11,mlb-sd-sf-2026-09-11|spread|-2.5|87956717221783818943754353182956347699705637534206247299039539043367385786195,spread,False
mlb-sd-sf-2026-09-11,mlb-sd-sf-2026-09-11|spread|-2.5|87956717221783818943754353182956347699705637534206247299039539043367385786195,spread,False
mlb-sd-sf-2026-09-11,mlb-sd-sf-2026-09-11|spread|-2.5|87956717221783818943754353182956347699705637534206247299039539043367385786195,spread,False
mlb-sd-sf-2026-09-11,mlb-sd-sf-2026-09-11|spread|-2.5|87956717221783818943754353182956347699705637534206247299039539043367385786195,spread,False
mlb-sd-sf-2026-09-11,mlb-sd-sf-2026-09-11|spread|-2.5|87956717221783818943754353182956347699705637534206247299039539043367385786195,spread,False
mlb-sd-sf-2026-09-11,mlb-sd-sf-2026-09-11|spread|-2.5|87956717221783818943754353182956347699705637534206247299039539043367385786195,spread,True
mlb-sd-sf-2026-09-11,mlb-sd-sf-2026-09-11|spread|-2.5|87956717221783818943754353182956347699705637534206247299039539043367385786195,spread,True
mlb-sd-sf-2026-09-11,mlb-sd-sf-2026-09-11|spread|-2.5|87956717221783818943754353182956347699705637534206247299039539043367385786195,spread,False
mlb-sd-sf-2026-09-11,mlb-sd-sf-2026-09-11|spread|-2.5|87956717221783818943754353182956347699705637534206247299039539043367385786195,spread,True
mlb-sd-sf-2026-09-11,mlb-sd-sf-2026-09-11|spread|-2.5|87956717221783818943754353182956347699705637534206247299039539043367385786195,spread,False
mlb-sd-sf-2026-09-11,mlb-sd-sf-2026-09-11|spread|-2.5|87956717221783818943754353182956347699705637534206247299039539043367385786195,spread,True
mlb-sd-sf-2026-09-11,mlb-sd-sf-2026-09-11|spread|-2.5|87956717221783818943754353182956347699705637534206247299039539043367385786195,spread,False
mlb-sd-sf-2026-09-11,mlb-sd-sf-2026-09-11|spread|-2.5|87956717221783818943754353182956347699705637534206247299039539043367385786195,spread,True
mlb-sd-sf-2026-09-11,mlb-sd-sf-2026-09-11|spread|-2.5|87956717221783818943754353182956347699705637534206247299039539043367385786195,spread,True
mlb-sd-sf-2026-09-11,mlb-sd-sf-2026-09-11|spread|-2.5|87956717221783818943754353182956347699705637534206247299039539043367385786195,spread,True
mlb-sd-sf-2026-09-11,mlb-sd-sf-2026-09-11|spread|-2.5|87956717221783818943754353182956347699705637534206247299039539043367385786195,spread,False
mlb-sd-sf-2026-09-11,mlb-sd-sf-2026-09-11|spread|-2.5|87956717221783818943754353182956347699705637534206247299039539043367385786195,spread,False
mlb-sd-sf-2026-09-11,mlb-sd-sf-2026-09-11|spread|-2.5|87956717221783818943754353182956347699705637534206247299039539043367385786195,spread,False
mlb-sd-sf-2026-09-11,mlb-sd-sf-2026-09-11|spread|-2.5|87956717221783818943754353182956347699705637534206247299039539043367385786195,spread,False
mlb-sd-sf-2026-09-11,mlb-sd-sf-2026-09-11|spread|-2.5|87956717221783818943754353182956347699705637534206247299039539043367385786195,spread,False
mlb-sd-sf-2026-09-11,mlb-sd-sf-2026-09-11|spread|-2.5|87956717221783818943754353182956347699705637534206247299039539043367385786195,spread,True
mlb-sd-sf-2026-09-11,mlb-sd-sf-2026-09-11|spread|-2.5|87956717221783818943754353182956347699705637534206247299039539043367385786195,spread,True
mlb-sd-sf-2026-09-11,mlb-sd-sf-2026-09-11|spread|-2.5|87956717221783818943754353182956347699705637534206247299039539043367385786195,spread,False
mlb-sd-sf-2026-09-11,mlb-sd-sf-2026-09-11|spread|-2.5|87956717221783818943754353182956347699705637534206247299039539043367385786195,spread,True
mlb-sd-sf-2026-09-11,mlb-sd-sf-2026-09-11|spread|-2.5|87956717221783818943754353182956347699705637534206247299039539043367385786195,spread,True
mlb-sd-sf-2026-09-11,mlb-sd-sf-2026-09-11|spread|-2.5|87956717221783818943754353182956347699705637534206247299039539043367385786195,spread,False
mlb-sd-sf-2026-09-11,mlb-sd-sf-2026-09-11|spread|-2.5|87956717221783818943754353182956347699705637534206247299039539043367385786195,spread,False
mlb-sd-sf-2026-09-11,mlb-sd-sf-2026-09-11|spread|-2.5|87956717221783818943754353182956347699705637534206247299039539043367385786195,spread,False
mlb-sd-sf-2026-09-11,mlb-sd-sf-2026-09-11|spread|-2.5|87956717221783818943754353182956347699705637534206247299039539043367385786195,spread,True
mlb-sd-sf-2026-09-11,mlb-sd-sf-2026-09-11|spread|-2.5|87956717221783818943754353182956347699705637534206247299039539043367385786195,spread,False
mlb-sd-sf-2026-09-11,mlb-sd-sf-2026-09-11|spread|-2.5|87956717221783818943754353182956347699705637534206247299039539043367385786195,spread,False
mlb-sd-sf-2026-09-11,mlb-sd-sf-2026-09-11|spread|-2.5|87956717221783818943754353182956347699705637534206247299039539043367385786195,spread,False
mlb-sd-sf-2026-09-11,mlb-sd-sf-2026-09-11|spread|-2.5|87956717221783818943754353182956347699705637534206247299039539043367385786195,spread,True
mlb-sd-sf-2026-09-11,mlb-sd-sf-2026-09-11|spread|-2.5|87956717221783818943754353182956347699705637534206247299039539043367385786195,spread,True
mlb-sd-sf-2026-09-11,mlb-sd-sf-2026-09-11|spread|-2.5|87956717221783818943754353182956347699705637534206247299039539043367385786195,spread,False
mlb-sd-sf-2026-09-11,mlb-sd-sf-2026-09-11|spread|-2.5|87956717221783818943754353182956347699705637534206247299039539043367385786195,spread,False
mlb-sd-sf-2026-09-11,mlb-sd-sf-2026-09-11|spread|-2.5|87956717221783818943754353182956347699705637534206247299039539043367385786195,spread,False
mlb-sd-sf-2026-09-11,mlb-sd-sf-2026-09-11|spread|-2.5|87956717221783818943754353182956347699705637534206247299039539043367385786195,spread,True
mlb-sd-sf-2026-09-11,mlb-sd-sf-2026-09-11|spread|-2.5|87956717221783818943754353182956347699705637534206247299039539043367385786195,spread,False
mlb-sd-sf-2026-09-11,mlb-sd-sf-2026-09-11|spread|-2.5|87956717221783818943754353182956347699705637534206247299039539043367385786195,spread,False
mlb-sd-sf-2026-09-11,mlb-sd-sf-2026-09-11|spread|-2.5|87956717221783818943754353182956347699705637534206247299039539043367385786195,spread,True
mlb-sd-sf-2026-09-11,mlb-sd-sf-2026-09-11|spread|-2.5|87956717221783818943754353182956347699705637534206247299039539043367385786195,spread,False
mlb-sd-sf-2026-09-11,mlb-sd-sf-2026-09-11|spread|-2.5|87956717221783818943754353182956347699705637534206247299039539043367385786195,spread,True
mlb-sd-sf-2026-09-11,mlb-sd-sf-2026-09-11|spread|-2.5|87956717221783818943754353182956347699705637534206247299039539043367385786195,spread,True
mlb-sd-sf-2026-09-11,mlb-sd-sf-2026-09-11|spread|-2.5|87956717221783818943754353182956347699705637534206247299039539043367385786195,spread,False
mlb-sd-sf-2026-09-11,mlb-sd-sf-2026-09-11|spread|-2.5|87956717221783818943754353182956347699705637534206247299039539043367385786195,spread,False
mlb-sd-sf-2026-09-11,mlb-sd-sf-2026-09-11|spread|-2.5|87956717221783818943754353182956347699705637534206247299039539043367385786195,spread,True
mlb-sd-sf-2026-09-11,mlb-sd-sf-2026-09-11|spread|-2.5|87956717221783818943754353182956347699705637534206247299039539043367385786195,spread,True
mlb-sd-sf-2026-09-11,mlb-sd-sf-2026-09-11|spread|-2.5|87956717221783818943754353182956347699705637534206247299039539043367385786195,spread,False
mlb-sd-sf-2026-09-11,mlb-sd-sf-2026-09-11|spread|-2.5|87956717221783818943754353182956347699705637534206247299039539043367385786195,spread,True
mlb-sd-sf-2026-09-11,mlb-sd-sf-2026-09-11|spread|-2.5|87956717221783818943754353182956347699705637534206247299039539043367385786195,spread,True
mlb-sd-sf-2026-09-11,mlb-sd-sf-2026-09-11|spread|-2.5|87956717221783818943754353182956347699705637534206247299039539043367385786195,spread,True
mlb-sd-sf-2026-09-11,mlb-sd-sf-2026-09-11|spread|-2.5|87956717221783818943754353182956347699705637534206247299039539043367385786195,spread,True
mlb-sd-sf-2026-09-11,mlb-sd-sf-2026-09-11|spread|-2.5|87956717221783818943754353182956347699705637534206247299039539043367385786195,spread,True
mlb-sd-sf-2026-09-11,mlb-sd-sf-2026-09-11|spread|-2.5|87956717221783818943754353182956347699705637534206247299039539043367385786195,spread,True
mlb-sd-sf-2026-09-11,mlb-sd-sf-2026-09-11|spread|-2.5|87956717221783818943754353182956347699705637534206247299039539043367385786195,spread,True
mlb-sd-sf-2026-09-11,mlb-sd-sf-2026-09-11|spread|-2.5|87956717221783818943754353182956347699705637534206247299039539043367385786195,spread,False
mlb-sd-sf-2026-09-11,mlb-sd-sf-2026-09-11|spread|-2.5|87956717221783818943754353182956347699705637534206247299039539043367385786195,spread,False
mlb-sd-sf-2026-09-11,mlb-sd-sf-2026-09-11|spread|-2.5|87956717221783818943754353182956347699705637534206247299039539043367385786195,spread,False
mlb-sd-sf-2026-09-11,mlb-sd-sf-2026-09-11|spread|-2.5|87956717221783818943754353182956347699705637534206247299039539043367385786195,spread,False
mlb-sd-sf-2026-09-11,mlb-sd-sf-2026-09-11|spread|-2.5|87956717221783818943754353182956347699705637534206247299039539043367385786195,spread,True
mlb-sd-sf-2026-09-11,mlb-sd-sf-2026-09-11|spread|-2.5|87956717221783818943754353182956347699705637534206247299039539043367385786195,spread,True
