ts_signal,ts_in,ts_out,sid,side,px_in,px_out,shares,stake,fee,pnl,cash,move_ticks,edge
1788861510600,1788861510600,1788861515600,31,-1.0,0.4699999988079071,0.12999999910593033,9.433962242931775,5.0,0.17084905587367505,3.036698103911589,53.03669810391159,-34.99999940395355,-0.964502215385437
1788861542200,1788861542200,1788861547200,31,-1.0,0.4699999988079071,0.12999999910593033,9.433962242931775,5.0,0.17084905587367505,3.036698103911589,56.07339620782318,-34.99999940395355,-0.9777072668075562
1788861558800,1788861558800,1788861563800,94,-1.0,0.4000000059604645,0.1800000077486038,8.333333416117563,5.0,0.16150000416735807,1.6718333324773447,57.74522954030053,-24.49999898672104,-0.9357161521911621
1788861572400,1788861572400,1788861577400,31,-1.0,0.4699999988079071,0.12999999910593033,9.433962242931775,5.0,0.17084905587367505,3.036698103911589,60.78192764421212,-34.99999940395355,-0.9762277603149414
1788861587200,1788861587200,1788861592200,31,-1.0,0.4699999988079071,0.12999999910593033,9.433962242931775,5.0,0.17084905587367505,3.036698103911589,63.81862574812371,-34.99999940395355,-0.9764437675476074
1788861597200,1788861597200,1788861602200,31,-1.0,0.4699999988079071,0.12999999910593033,9.433962242931775,5.0,0.17084905587367505,3.036698103911589,66.8553238520353,-34.99999940395355,-0.9635822176933289
1788861607800,1788861607800,1788861612800,37,1.0,0.3199999928474426,0.38999997079372406,15.625000349245973,5.0,0.35585937592259076,0.7378903039352671,67.59321415597057,7.999998331069946,0.9774734377861023
1788861651800,1788861651800,1788861656800,31,-1.0,0.4699999988079071,0.12999999910593033,9.433962242931775,5.0,0.17084905587367505,3.036698103911589,70.62991225988216,-34.99999940395355,-0.9645364284515381
1788861672800,1788861672800,1788861677800,31,-1.0,0.4699999988079071,0.12999999910593033,9.433962242931775,5.0,0.17084905587367505,3.036698103911589,73.66661036379375,-34.99999940395355,-0.9765039682388306
1788861687800,1788861687800,1788861692800,94,-1.0,0.4000000059604645,0.1800000077486038,8.333333416117563,5.0,0.16150000416735807,1.6718333324773447,75.3384436962711,-24.49999898672104,-0.9590663313865662
1788861703800,1788861703800,1788861708800,94,-1.0,0.4000000059604645,0.1800000077486038,8.333333416117563,5.0,0.16150000416735807,1.6718333324773447,77.01027702874845,-24.49999898672104,-0.9616109728813171
1788861734800,1788861734800,1788861739800,94,-1.0,0.4000000059604645,0.1800000077486038,8.333333416117563,5.0,0.16150000416735807,1.6718333324773447,78.6821103612258,-24.49999898672104,-0.9355382323265076
1788861776800,1788861776800,1788861781800,94,-1.0,0.4000000059604645,0.1800000077486038,8.333333416117563,5.0,0.16150000416735807,1.6718333324773447,80.35394369370314,-24.49999898672104,-0.9354926347732544
1788861796400,1788861796400,1788861801400,94,-1.0,0.4000000059604645,0.1800000077486038,8.333333416117563,5.0,0.16150000416735807,1.6718333324773447,82.02577702618049,-24.49999898672104,-0.9693005084991455
1788861817200,1788861817200,1788861822200,94,-1.0,0.4000000059604645,0.1800000077486038,8.333333416117563,5.0,0.16150000416735807,1.6718333324773447,83.69761035865784,-24.49999898672104,-0.968953549861908
1788861849200,1788861849200,1788861854200,94,-1.0,0.4000000059604645,0.1800000077486038,8.333333416117563,5.0,0.16150000416735807,1.6718333324773447,85.36944369113519,-24.49999898672104,-0.9672641754150391
1788861863600,1788861863600,1788861868600,31,-1.0,0.4699999988079071,0.12999999910593033,9.433962242931775,5.0,0.17084905587367505,3.036698103911589,88.40614179504678,-34.99999940395355,-0.9642280340194702
1788861901400,1788861901400,1788861906400,94,-1.0,0.4000000059604645,0.1800000077486038,8.333333416117563,5.0,0.16150000416735807,1.6718333324773447,90.07797512752413,-24.49999898672104,-0.9355241656303406
1788861926600,1788861926600,1788861931600,31,-1.0,0.4699999988079071,0.47999998927116394,9.433962242931775,5.0,0.23523584829133443,-0.32957538075137727,89.74839974677275,0.0,-0.9644595980644226
1788861937400,1788861937400,1788861942400,94,-1.0,0.4000000059604645,0.41999998688697815,8.333333416117563,5.0,0.2015000016242265,-0.36816651100085673,89.3802332357719,0.0,-0.9597343802452087
1788862020000,1788862020000,1788862025000,31,-1.0,0.4699999988079071,0.47999998927116394,9.433962242931775,5.0,0.23523584829133443,-0.32957538075137727,89.05065785502052,0.0,-0.9610631465911865
1788862030000,1788862030000,1788862035000,37,1.0,0.3199999928474426,0.3100000023841858,15.625000349245973,5.0,0.33710938123113016,-0.4933592357119746,88.55729861930854,0.0,0.9691411852836609
1788862133800,1788862133800,1788862138800,94,-1.0,0.4000000059604645,0.1800000077486038,8.333333416117563,5.0,0.16150000416735807,1.6718333324773447,90.22913195178589,-24.49999898672104,-0.9608080983161926
1788862143800,1788862143800,1788862148800,94,-1.0,0.4000000059604645,0.1800000077486038,8.333333416117563,5.0,0.16150000416735807,1.6718333324773447,91.90096528426324,-24.49999898672104,-0.957982063293457
1788862167600,1788862167600,1788862172600,94,-1.0,0.4000000059604645,0.1800000077486038,8.333333416117563,5.0,0.16150000416735807,1.6718333324773447,93.57279861674058,-24.49999898672104,-0.9604707956314087
1788862179200,1788862179200,1788862184200,31,-1.0,0.4699999988079071,0.12999999910593033,9.433962242931775,5.0,0.17084905587367505,3.036698103911589,96.60949672065217,-34.99999940395355,-0.9755154848098755
1788862194000,1788862194000,1788862199000,9,1.0,0.23999999463558197,0.4699999988079071,20.83333379899463,5.0,0.4494791737330768,4.3421876869591305,100.95168440761131,23.999999463558197,0.9496724009513855
1788862220400,1788862220400,1788862225400,31,-1.0,0.4699999988079071,0.12999999910593033,9.433962242931775,5.0,0.17084905587367505,3.036698103911589,103.9883825115229,-34.99999940395355,-0.9775261282920837
1788862232800,1788862232800,1788862237800,31,-1.0,0.4699999988079071,0.12999999910593033,9.433962242931775,5.0,0.17084905587367505,3.036698103911589,107.02508061543449,-34.99999940395355,-0.9774465560913086
1788862247400,1788862247400,1788862252400,31,-1.0,0.4699999988079071,0.12999999910593033,9.433962242931775,5.0,0.17084905587367505,3.036698103911589,110.06177871934608,-34.99999940395355,-0.9774152636528015
1788862259800,1788862259800,1788862264800,94,-1.0,0.4000000059604645,0.1800000077486038,8.333333416117563,5.0,0.16150000416735807,1.6718333324773447,111.73361205182343,-24.49999898672104,-0.9557804465293884
1788862269800,1788862269800,1788862274800,31,-1.0,0.4699999988079071,0.12999999910593033,9.433962242931775,5.0,0.17084905587367505,3.036698103911589,114.77031015573502,-34.99999940395355,-0.9757266640663147
1788862283800,1788862283800,1788862288800,94,-1.0,0.4000000059604645,0.41999998688697815,8.333333416117563,5.0,0.2015000016242265,-0.36816651100085673,114.40214364473417,0.0,-0.9665870666503906
1788862293800,1788862293800,1788862298800,65,1.0,0.3199999928474426,0.3100000023841858,15.625000349245973,5.0,0.33710938123113016,-0.4933592357119746,113.90878440902219,0.0,0.9812266826629639
1788862312600,1788862312600,1788862317600,94,-1.0,0.4000000059604645,0.41999998688697815,8.333333416117563,5.0,0.2015000016242265,-0.36816651100085673,113.54061789802134,0.0,-0.9418732523918152
1788862334200,1788862334200,1788862339200,37,1.0,0.3199999928474426,0.3100000023841858,15.625000349245973,5.0,0.33710938123113016,-0.4933592357119746,113.04725866230936,0.0,0.9697983264923096
1788862422000,1788862422000,1788862427000,101,1.0,0.19999999582767486,0.17999999940395356,25.000000521540652,5.0,0.3845000044152142,-0.8844999254390579,112.1627587368703,0.0,0.9663448929786682
1788862432000,1788862432000,1788862437000,101,1.0,0.19999999582767486,0.17999999940395356,25.000000521540652,5.0,0.3845000044152142,-0.8844999254390579,111.27825881143124,0.0,0.9530699849128723
1788862442800,1788862442800,1788862447800,101,1.0,0.19999999582767486,0.17999999940395356,25.000000521540652,5.0,0.3845000044152142,-0.8844999254390579,110.39375888599218,0.0,0.9545273184776306
1788862452800,1788862452800,1788862457800,101,1.0,0.19999999582767486,0.17999999940395356,25.000000521540652,5.0,0.3845000044152142,-0.8844999254390579,109.50925896055313,0.0,0.949685275554657
1788862468000,1788862468000,1788862473000,101,1.0,0.19999999582767486,0.17999999940395356,25.000000521540652,5.0,0.3845000044152142,-0.8844999254390579,108.62475903511407,0.0,0.9585161805152893
1788862478800,1788862478800,1788862483800,101,1.0,0.19999999582767486,0.17999999940395356,25.000000521540652,5.0,0.3845000044152142,-0.8844999254390579,107.74025910967501,0.0,0.9548282623291016
1788862488800,1788862488800,1788862493800,94,-1.0,0.4000000059604645,0.1800000077486038,8.333333416117563,5.0,0.16150000416735807,1.6718333324773447,109.41209244215236,-24.49999898672104,-0.9618469476699829
1788862499600,1788862499600,1788862504600,101,1.0,0.19999999582767486,0.17999999940395356,25.000000521540652,5.0,0.3845000044152142,-0.8844999254390579,108.5275925167133,0.0,0.9548274874687195
1788862509600,1788862509600,1788862514600,101,1.0,0.19999999582767486,0.17999999940395356,25.000000521540652,5.0,0.3845000044152142,-0.8844999254390579,107.64309259127424,0.0,0.9335759282112122
1788862519800,1788862519800,1788862524800,101,1.0,0.19999999582767486,0.17999999940395356,25.000000521540652,5.0,0.3845000044152142,-0.8844999254390579,106.75859266583518,0.0,0.9505824446678162
1788862529800,1788862529800,1788862534800,101,1.0,0.19999999582767486,0.17999999940395356,25.000000521540652,5.0,0.3845000044152142,-0.8844999254390579,105.87409274039612,0.0,0.9500715136528015
1788862539800,1788862539800,1788862544800,101,1.0,0.19999999582767486,0.17999999940395356,25.000000521540652,5.0,0.3845000044152142,-0.8844999254390579,104.98959281495706,0.0,0.9376046061515808
1788862550000,1788862550000,1788862555000,101,1.0,0.19999999582767486,0.17999999940395356,25.000000521540652,5.0,0.3845000044152142,-0.8844999254390579,104.105092889518,0.0,0.9526476263999939
1788862560000,1788862560000,1788862565000,101,1.0,0.19999999582767486,0.17999999940395356,25.000000521540652,5.0,0.3845000044152142,-0.8844999254390579,103.22059296407895,0.0,0.9558514356613159
1788862570800,1788862570800,1788862575800,101,1.0,0.19999999582767486,0.33000001311302185,25.000000521540652,5.0,0.4763750123817474,2.773625487552221,105.99421845163117,14.500001072883606,0.9342041015625
1788862580800,1788862580800,1788862585800,101,1.0,0.19999999582767486,0.17999999940395356,25.000000521540652,5.0,0.3845000044152142,-0.8844999254390579,105.10971852619211,0.0,0.9577304720878601
1788862590800,1788862590800,1788862595800,101,1.0,0.19999999582767486,0.17999999940395356,25.000000521540652,5.0,0.3845000044152142,-0.8844999254390579,104.22521860075305,0.0,0.975524365901947
1788862600800,1788862600800,1788862605800,101,1.0,0.19999999582767486,0.17999999940395356,25.000000521540652,5.0,0.3845000044152142,-0.8844999254390579,103.340718675314,0.0,0.9624757766723633
1788862610800,1788862610800,1788862615800,101,1.0,0.19999999582767486,0.17999999940395356,25.000000521540652,5.0,0.3845000044152142,-0.8844999254390579,102.45621874987494,0.0,0.9725859761238098
1788862620800,1788862620800,1788862625800,101,1.0,0.19999999582767486,0.17999999940395356,25.000000521540652,5.0,0.3845000044152142,-0.8844999254390579,101.57171882443588,0.0,0.9526057243347168
1788862789600,1788862789600,1788862794600,101,1.0,0.19999999582767486,0.33000001311302185,25.000000521540652,5.0,0.4763750123817474,2.773625487552221,104.3453443119881,14.500001072883606,0.9580916166305542
1788862801400,1788862801400,1788862806400,94,-1.0,0.4000000059604645,0.1800000077486038,8.333333416117563,5.0,0.16150000416735807,1.6718333324773447,106.01717764446545,-24.49999898672104,-0.9444032311439514
1788862814200,1788862814200,1788862819200,94,-1.0,0.4000000059604645,0.41999998688697815,8.333333416117563,5.0,0.2015000016242265,-0.36816651100085673,105.6490111334646,0.0,-0.9696252346038818
1788862832200,1788862832200,1788862837200,94,-1.0,0.4000000059604645,0.1800000077486038,8.333333416117563,5.0,0.16150000416735807,1.6718333324773447,107.32084446594195,-24.49999898672104,-0.969493567943573
1788862852600,1788862852600,1788862857600,30,-1.0,0.5699999928474426,0.5799999833106995,11.627906783327278,5.0,0.2841279043852798,-0.4004068613261921,106.92043760461576,0.0,-0.9780926704406738
1788862961400,1788862961400,1788862966400,9,-1.0,0.4699999988079071,0.23999999463558197,9.433962242931775,5.0,0.2035377340417139,1.9662736211941523,108.8867112258099,-23.999999463558197,-0.9330081343650818
1788862972000,1788862972000,1788862977000,9,1.0,0.23999999463558197,0.23000000417232513,20.83333379899463,5.0,0.3744791744781349,-0.5828123137859275,108.30389891202398,0.0,0.9708818197250366
1788863036400,1788863036400,1788863041400,9,-1.0,0.4699999988079071,0.47999998927116394,9.433962242931775,5.0,0.23523584829133443,-0.32957538075137727,107.9743235312726,0.0,-0.9323400259017944
1788863048600,1788863048600,1788863053600,17,-1.0,0.44999997317790985,0.4599999934434891,9.09090864756878,5.0,0.22540907845886313,-0.31631834916708035,107.65800518210553,0.0,-0.9372036457061768
1788863058600,1788863058600,1788863063600,9,-1.0,0.4699999988079071,0.47999998927116394,9.433962242931775,5.0,0.23523584829133443,-0.32957538075137727,107.32842980135415,0.0,-0.9224212169647217
1788863068600,1788863068600,1788863073600,31,-1.0,0.4699999988079071,0.47999998927116394,9.433962242931775,5.0,0.23523584829133443,-0.32957538075137727,106.99885442060277,0.0,-0.9175324440002441
1788863078600,1788863078600,1788863083600,31,-1.0,0.4699999988079071,0.47999998927116394,9.433962242931775,5.0,0.23523584829133443,-0.32957538075137727,106.66927903985139,0.0,-0.9200958609580994
1788863088800,1788863088800,1788863093800,17,-1.0,0.4399999976158142,0.44999998807907104,8.928571390558263,5.0,0.2204910698299277,-0.30977669858601814,106.35950234126537,0.0,-0.9077919721603394
1788863098800,1788863098800,1788863103800,16,-1.0,0.5699999928474426,0.5799999833106995,11.627906783327278,5.0,0.2841279043852798,-0.4004068613261921,105.95909547993918,0.0,-0.9770722389221191
1788863108800,1788863108800,1788863113800,16,-1.0,0.5699999928474426,0.5799999833106995,11.627906783327278,5.0,0.2841279043852798,-0.4004068613261921,105.55868861861299,0.0,-0.9776283502578735
1788863118800,1788863118800,1788863123800,16,-1.0,0.5699999928474426,0.5799999833106995,11.627906783327278,5.0,0.2841279043852798,-0.4004068613261921,105.1582817572868,0.0,-0.9541024565696716
1788863129800,1788863129800,1788863134800,17,-1.0,0.4399999976158142,0.44999998807907104,8.928571390558263,5.0,0.2204910698299277,-0.30977669858601814,104.84850505870078,0.0,-0.9180549383163452
1788863144200,1788863144200,1788863149200,94,-1.0,0.4000000059604645,0.41999998688697815,8.333333416117563,5.0,0.2015000016242265,-0.36816651100085673,104.48033854769993,0.0,-0.970106303691864
1788863154200,1788863154200,1788863159200,37,1.0,0.3199999928474426,0.3100000023841858,15.625000349245973,5.0,0.33710938123113016,-0.4933592357119746,103.98697931198795,0.0,0.9784886240959167
1788863164200,1788863164200,1788863169200,17,-1.0,0.4399999976158142,0.44999998807907104,8.928571390558263,5.0,0.2204910698299277,-0.30977669858601814,103.67720261340193,0.0,-0.9318456649780273
1788863174200,1788863174200,1788863179200,37,1.0,0.3199999928474426,0.3100000023841858,15.625000349245973,5.0,0.33710938123113016,-0.4933592357119746,103.18384337768995,0.0,0.9548112750053406
1788863190600,1788863190600,1788863195600,17,-1.0,0.4399999976158142,0.44999998807907104,8.928571390558263,5.0,0.2204910698299277,-0.30977669858601814,102.87406667910393,0.0,-0.9060159921646118
1788863202000,1788863202000,1788863207000,65,1.0,0.3199999928474426,0.3100000023841858,15.625000349245973,5.0,0.33710938123113016,-0.4933592357119746,102.38070744339196,0.0,0.9808967113494873
1788863221400,1788863221400,1788863226400,65,1.0,0.3199999928474426,0.3100000023841858,15.625000349245973,5.0,0.33710938123113016,-0.4933592357119746,101.88734820767998,0.0,0.9784824848175049
1788863233000,1788863233000,1788863238000,65,-1.0,0.38999997079372406,0.3999999910593033,8.196720919023454,5.0,0.19586064299386846,-0.27782801829540016,101.60952018938458,0.0,-0.9073987603187561
1788863252800,1788863252800,1788863257800,65,1.0,0.3199999928474426,0.3100000023841858,15.625000349245973,5.0,0.33710938123113016,-0.4933592357119746,101.1161609536726,0.0,0.9781708717346191
1788863262800,1788863262800,1788863267800,31,-1.0,0.4699999988079071,0.47999998927116394,9.433962242931775,5.0,0.23523584829133443,-0.32957538075137727,100.78658557292123,0.0,-0.970311164855957
1788863272800,1788863272800,1788863277800,31,-1.0,0.4699999988079071,0.47999998927116394,9.433962242931775,5.0,0.23523584829133443,-0.32957538075137727,100.45701019216985,0.0,-0.9201266169548035
1788863332200,1788863332200,1788863337200,17,-1.0,0.4399999976158142,0.44999998807907104,8.928571390558263,5.0,0.2204910698299277,-0.30977669858601814,100.14723349358383,0.0,-0.9603649377822876
1788863344200,1788863344200,1788863349200,101,1.0,0.19999999582767486,0.17999999940395356,25.000000521540652,5.0,0.3845000044152142,-0.8844999254390579,99.26273356814477,0.0,0.957361102104187
1788863354600,1788863354600,1788863359600,101,1.0,0.19999999582767486,0.17999999940395356,25.000000521540652,5.0,0.3845000044152142,-0.8844999254390579,98.37823364270571,0.0,0.9706152677536011
1788863365400,1788863365400,1788863370400,101,1.0,0.19999999582767486,0.17999999940395356,25.000000521540652,5.0,0.3845000044152142,-0.8844999254390579,97.49373371726665,0.0,0.9537153244018555
1788863403000,1788863403000,1788863408000,17,-1.0,0.4399999976158142,0.44999998807907104,8.928571390558263,5.0,0.2204910698299277,-0.30977669858601814,97.18395701868063,0.0,-0.909622311592102
1788863423800,1788863423800,1788863428800,10,-1.0,0.3500000089406967,0.36000002920627594,7.692307798114755,5.0,0.17611539121474715,-0.25303862508496777,96.93091839359566,0.0,-0.9335126876831055
1788863435600,1788863435600,1788863440600,9,-1.0,0.4699999988079071,0.47999998927116394,9.433962242931775,5.0,0.23523584829133443,-0.32957538075137727,96.60134301284428,0.0,-0.926144003868103
1788863445600,1788863445600,1788863450600,10,-1.0,0.3500000089406967,0.16999999463558196,7.692307798114755,5.0,0.14176923238913686,1.242846281310865,97.84418929415514,-19.00000274181366,-0.9217267632484436
1788863463600,1788863463600,1788863468600,9,-1.0,0.4699999988079071,0.47999998927116394,9.433962242931775,5.0,0.23523584829133443,-0.32957538075137727,97.51461391340376,0.0,-0.9066757559776306
1788863475800,1788863475800,1788863480800,9,-1.0,0.4699999988079071,0.47999998927116394,9.433962242931775,5.0,0.23523584829133443,-0.32957538075137727,97.18503853265238,0.0,-0.902324378490448
1788863485800,1788863485800,1788863490800,37,1.0,0.3199999928474426,0.38999997079372406,15.625000349245973,5.0,0.35585937592259076,0.7378903039352671,97.92292883658766,7.999998331069946,0.976222574710846
1788863495800,1788863495800,1788863500800,37,1.0,0.3199999928474426,0.38999997079372406,15.625000349245973,5.0,0.35585937592259076,0.7378903039352671,98.66081914052293,7.999998331069946,0.975731372833252
1788863507000,1788863507000,1788863512000,17,-1.0,0.4399999976158142,0.1299999922513962,8.928571390558263,5.0,0.16049106805775393,2.607366110911897,101.26818525143483,-32.999999821186066,-0.9742565155029297
1788863517000,1788863517000,1788863522000,37,1.0,0.3199999928474426,0.3100000023841858,15.625000349245973,5.0,0.33710938123113016,-0.4933592357119746,100.77482601572285,0.0,0.9795246720314026
1788863527000,1788863527000,1788863532000,17,-1.0,0.4399999976158142,0.44999998807907104,8.928571390558263,5.0,0.2204910698299277,-0.30977669858601814,100.46504931713683,0.0,-0.9046286940574646
1788863602400,1788863602400,1788863607400,37,1.0,0.3199999928474426,0.3100000023841858,15.625000349245973,5.0,0.33710938123113016,-0.4933592357119746,99.97169008142485,0.0,0.976315975189209
1788863631400,1788863631400,1788863636400,17,-1.0,0.4399999976158142,0.44999998807907104,8.928571390558263,5.0,0.2204910698299277,-0.30977669858601814,99.66191338283883,0.0,-0.9469807744026184
1788863684800,1788863684800,1788863689800,101,1.0,0.19999999582767486,0.17999999940395356,25.000000521540652,5.0,0.3845000044152142,-0.8844999254390579,98.77741345739977,0.0,0.9625777006149292
1788863694800,1788863694800,1788863699800,101,1.0,0.19999999582767486,0.17999999940395356,25.000000521540652,5.0,0.3845000044152142,-0.8844999254390579,97.89291353196072,0.0,0.9660335183143616
1788863704800,1788863704800,1788863709800,101,1.0,0.19999999582767486,0.17999999940395356,25.000000521540652,5.0,0.3845000044152142,-0.8844999254390579,97.00841360652166,0.0,0.9419291615486145
1788863714800,1788863714800,1788863719800,37,1.0,0.3199999928474426,0.3100000023841858,15.625000349245973,5.0,0.33710938123113016,-0.4933592357119746,96.51505437080968,0.0,0.9663293361663818
1788863724800,1788863724800,1788863729800,101,1.0,0.19999999582767486,0.17999999940395356,25.000000521540652,5.0,0.3845000044152142,-0.8844999254390579,95.63055444537062,0.0,0.9599354267120361
1788863734800,1788863734800,1788863739800,37,1.0,0.3199999928474426,0.38999997079372406,15.625000349245973,5.0,0.35585937592259076,0.7378903039352671,96.3684447493059,7.999998331069946,0.9810744524002075
1788863744800,1788863744800,1788863749800,37,1.0,0.3199999928474426,0.3100000023841858,15.625000349245973,5.0,0.33710938123113016,-0.4933592357119746,95.87508551359392,0.0,0.9765377044677734
1788863754800,1788863754800,1788863759800,17,-1.0,0.4399999976158142,0.44999998807907104,8.928571390558263,5.0,0.2204910698299277,-0.30977669858601814,95.5653088150079,0.0,-0.9202117919921875
1788863764800,1788863764800,1788863769800,37,1.0,0.3199999928474426,0.3100000023841858,15.625000349245973,5.0,0.33710938123113016,-0.4933592357119746,95.07194957929592,0.0,0.9752452373504639
1788863774800,1788863774800,1788863779800,37,1.0,0.3199999928474426,0.3100000023841858,15.625000349245973,5.0,0.33710938123113016,-0.4933592357119746,94.57859034358394,0.0,0.9745979309082031
1788863785600,1788863785600,1788863790600,37,-1.0,0.38999997079372406,0.3199999928474426,8.196720919023454,5.0,0.18668031524211087,0.3870899683213546,94.96568031190529,-7.999998331069946,-0.9294841289520264
1788863799400,1788863799400,1788863804400,37,-1.0,0.38999997079372406,0.3999999910593033,8.196720919023454,5.0,0.19586064299386846,-0.27782801829540016,94.6878522936099,0.0,-0.9136317372322083
1788863815000,1788863815000,1788863820000,37,-1.0,0.38999997079372406,0.3999999910593033,8.196720919023454,5.0,0.19586064299386846,-0.27782801829540016,94.4100242753145,0.0,-0.9221325516700745
1788863825000,1788863825000,1788863830000,37,-1.0,0.38999997079372406,0.3999999910593033,8.196720919023454,5.0,0.19586064299386846,-0.27782801829540016,94.1321962570191,0.0,-0.9018458127975464
1788863837000,1788863837000,1788863842000,37,-1.0,0.38999997079372406,0.3999999910593033,8.196720919023454,5.0,0.19586064299386846,-0.27782801829540016,93.85436823872371,0.0,-0.9192702770233154
1788863847000,1788863847000,1788863852000,16,-1.0,0.5600000023841858,0.5699999928474426,11.36363642521141,5.0,0.27926136555596576,-0.3928976214359979,93.46147061728772,0.0,-0.9578564763069153
1788863857000,1788863857000,1788863862000,37,-1.0,0.38999997079372406,0.3999999910593033,8.196720919023454,5.0,0.19586064299386846,-0.27782801829540016,93.18364259899232,0.0,-0.9226545095443726
1788863867000,1788863867000,1788863872000,16,-1.0,0.5600000023841858,0.5699999928474426,11.36363642521141,5.0,0.27926136555596576,-0.3928976214359979,92.79074497755633,0.0,-0.9274808168411255
1788863877400,1788863877400,1788863882400,16,-1.0,0.5600000023841858,0.5699999928474426,11.36363642521141,5.0,0.27926136555596576,-0.3928976214359979,92.39784735612034,0.0,-0.9664492011070251
1788863890400,1788863890400,1788863895400,17,-1.0,0.4399999976158142,0.44999998807907104,8.928571390558263,5.0,0.2204910698299277,-0.30977669858601814,92.08807065753432,0.0,-0.9031164050102234
1788863900400,1788863900400,1788863905400,101,1.0,0.19999999582767486,0.17999999940395356,25.000000521540652,5.0,0.3845000044152142,-0.8844999254390579,91.20357073209526,0.0,0.9573809504508972
1788863911200,1788863911200,1788863916200,101,1.0,0.19999999582767486,0.17999999940395356,25.000000521540652,5.0,0.3845000044152142,-0.8844999254390579,90.3190708066562,0.0,0.9601931571960449
1788863921200,1788863921200,1788863926200,17,-1.0,0.4399999976158142,0.44999998807907104,8.928571390558263,5.0,0.2204910698299277,-0.30977669858601814,90.00929410807018,0.0,-0.9404115080833435
1788863931200,1788863931200,1788863936200,101,1.0,0.19999999582767486,0.17999999940395356,25.000000521540652,5.0,0.3845000044152142,-0.8844999254390579,89.12479418263112,0.0,0.9535483717918396
1788863941800,1788863941800,1788863946800,101,1.0,0.19999999582767486,0.17999999940395356,25.000000521540652,5.0,0.3845000044152142,-0.8844999254390579,88.24029425719206,0.0,0.960577130317688
1788863951800,1788863951800,1788863956800,101,1.0,0.19999999582767486,0.17999999940395356,25.000000521540652,5.0,0.3845000044152142,-0.8844999254390579,87.355794331753,0.0,0.9551780819892883
1788863973000,1788863973000,1788863978000,17,-1.0,0.4399999976158142,0.44999998807907104,8.928571390558263,5.0,0.2204910698299277,-0.30977669858601814,87.04601763316698,0.0,-0.959201455116272
1788864058400,1788864058400,1788864063400,101,1.0,0.19999999582767486,0.17999999940395356,25.000000521540652,5.0,0.3845000044152142,-0.8844999254390579,86.16151770772792,0.0,0.9594131112098694
1788864069400,1788864069400,1788864074400,101,1.0,0.19999999582767486,0.17999999940395356,25.000000521540652,5.0,0.3845000044152142,-0.8844999254390579,85.27701778228887,0.0,0.9662620425224304
1788864080600,1788864080600,1788864085600,101,1.0,0.19999999582767486,0.17999999940395356,25.000000521540652,5.0,0.3845000044152142,-0.8844999254390579,84.3925178568498,0.0,0.9522644281387329
1788864091800,1788864091800,1788864096800,101,1.0,0.19999999582767486,0.17999999940395356,25.000000521540652,5.0,0.3845000044152142,-0.8844999254390579,83.50801793141075,0.0,0.9363024234771729
1788864101800,1788864101800,1788864106800,101,1.0,0.19999999582767486,0.17999999940395356,25.000000521540652,5.0,0.3845000044152142,-0.8844999254390579,82.62351800597169,0.0,0.967849612236023
1788864111800,1788864111800,1788864116800,101,1.0,0.19999999582767486,0.17999999940395356,25.000000521540652,5.0,0.3845000044152142,-0.8844999254390579,81.73901808053263,0.0,0.9538803100585938
1788864121800,1788864121800,1788864126800,101,1.0,0.19999999582767486,0.17999999940395356,25.000000521540652,5.0,0.3845000044152142,-0.8844999254390579,80.85451815509357,0.0,0.9405465126037598
1788864132000,1788864132000,1788864137000,101,1.0,0.19999999582767486,0.17999999940395356,25.000000521540652,5.0,0.3845000044152142,-0.8844999254390579,79.97001822965451,0.0,0.9547533392906189
1788864191200,1788864191200,1788864196200,101,1.0,0.19999999582767486,0.17999999940395356,25.000000521540652,5.0,0.3845000044152142,-0.8844999254390579,79.08551830421546,0.0,0.9620547890663147
1788864201200,1788864201200,1788864206200,101,1.0,0.19999999582767486,0.17999999940395356,25.000000521540652,5.0,0.3845000044152142,-0.8844999254390579,78.2010183787764,0.0,0.9559342861175537
1788864211200,1788864211200,1788864216200,101,1.0,0.19999999582767486,0.17999999940395356,25.000000521540652,5.0,0.3845000044152142,-0.8844999254390579,77.31651845333734,0.0,0.9321849346160889
1788864221200,1788864221200,1788864226200,101,1.0,0.19999999582767486,0.17999999940395356,25.000000521540652,5.0,0.3845000044152142,-0.8844999254390579,76.43201852789828,0.0,0.9585968255996704
1788864283400,1788864283400,1788864288400,101,1.0,0.19999999582767486,0.17999999940395356,25.000000521540652,5.0,0.3845000044152142,-0.8844999254390579,75.54751860245922,0.0,0.9616590142250061
1788864294200,1788864294200,1788864299200,101,1.0,0.19999999582767486,0.17999999940395356,25.000000521540652,5.0,0.3845000044152142,-0.8844999254390579,74.66301867702016,0.0,0.9573289752006531
1788864305400,1788864305400,1788864310400,101,1.0,0.19999999582767486,0.17999999940395356,25.000000521540652,5.0,0.3845000044152142,-0.8844999254390579,73.7785187515811,0.0,0.966631293296814
1788864316600,1788864316600,1788864321600,101,1.0,0.19999999582767486,0.17999999940395356,25.000000521540652,5.0,0.3845000044152142,-0.8844999254390579,72.89401882614204,0.0,0.955919086933136
1788864351800,1788864351800,1788864356800,17,-1.0,0.4399999976158142,0.1299999922513962,8.928571390558263,5.0,0.16049106805775393,2.607366110911897,75.50138493705394,-32.999999821186066,-0.947553813457489
1788864363200,1788864363200,1788864368200,17,-1.0,0.4399999976158142,0.44999998807907104,8.928571390558263,5.0,0.2204910698299277,-0.30977669858601814,75.19160823846792,0.0,-0.9631250500679016
1788864373200,1788864373200,1788864378200,17,-1.0,0.4399999976158142,0.1299999922513962,8.928571390558263,5.0,0.16049106805775393,2.607366110911897,77.79897434937982,-32.999999821186066,-0.9291684031486511
1788864383200,1788864383200,1788864388200,101,1.0,0.19999999582767486,0.17999999940395356,25.000000521540652,5.0,0.3845000044152142,-0.8844999254390579,76.91447442394076,0.0,0.948161244392395
1788864393200,1788864393200,1788864398200,17,-1.0,0.4399999976158142,0.44999998807907104,8.928571390558263,5.0,0.2204910698299277,-0.30977669858601814,76.60469772535474,0.0,-0.9601487517356873
1788864403200,1788864403200,1788864408200,17,-1.0,0.4399999976158142,0.44999998807907104,8.928571390558263,5.0,0.2204910698299277,-0.30977669858601814,76.29492102676872,0.0,-0.9297275543212891
1788864413200,1788864413200,1788864418200,9,-1.0,0.4699999988079071,0.47999998927116394,9.433962242931775,5.0,0.23523584829133443,-0.32957538075137727,75.96534564601734,0.0,-0.902969479560852
1788864433600,1788864433600,1788864438600,101,1.0,0.19999999582767486,0.17999999940395356,25.000000521540652,5.0,0.3845000044152142,-0.8844999254390579,75.08084572057828,0.0,0.95829838514328
1788864444000,1788864444000,1788864449000,101,1.0,0.19999999582767486,0.17999999940395356,25.000000521540652,5.0,0.3845000044152142,-0.8844999254390579,74.19634579513922,0.0,0.951299250125885
1788864454000,1788864454000,1788864459000,101,1.0,0.19999999582767486,0.17999999940395356,25.000000521540652,5.0,0.3845000044152142,-0.8844999254390579,73.31184586970016,0.0,0.953471839427948
1788864464600,1788864464600,1788864469600,101,1.0,0.19999999582767486,0.17999999940395356,25.000000521540652,5.0,0.3845000044152142,-0.8844999254390579,72.4273459442611,0.0,0.9611572027206421
1788864474600,1788864474600,1788864479600,101,1.0,0.19999999582767486,0.17999999940395356,25.000000521540652,5.0,0.3845000044152142,-0.8844999254390579,71.54284601882205,0.0,0.97118079662323
1788864484600,1788864484600,1788864489600,17,-1.0,0.4399999976158142,0.44999998807907104,8.928571390558263,5.0,0.2204910698299277,-0.30977669858601814,71.23306932023603,0.0,-0.9099615216255188
1788864494600,1788864494600,1788864499600,101,1.0,0.19999999582767486,0.17999999940395356,25.000000521540652,5.0,0.3845000044152142,-0.8844999254390579,70.34856939479697,0.0,0.9631391167640686
1788864504600,1788864504600,1788864509600,17,-1.0,0.4399999976158142,0.1299999922513962,8.928571390558263,5.0,0.16049106805775393,2.607366110911897,72.95593550570887,-32.999999821186066,-0.9069620966911316
1788864515000,1788864515000,1788864520000,17,-1.0,0.4399999976158142,0.44999998807907104,8.928571390558263,5.0,0.2204910698299277,-0.30977669858601814,72.64615880712284,0.0,-0.9690135717391968
1788864525000,1788864525000,1788864530000,101,1.0,0.19999999582767486,0.17999999940395356,25.000000521540652,5.0,0.3845000044152142,-0.8844999254390579,71.76165888168379,0.0,0.9397423267364502
1788864535000,1788864535000,1788864540000,17,-1.0,0.4399999976158142,0.44999998807907104,8.928571390558263,5.0,0.2204910698299277,-0.30977669858601814,71.45188218309777,0.0,-0.9143069982528687
1788864545000,1788864545000,1788864550000,17,-1.0,0.4399999976158142,0.44999998807907104,8.928571390558263,5.0,0.2204910698299277,-0.30977669858601814,71.14210548451175,0.0,-0.9070051312446594
1788864555000,1788864555000,1788864560000,65,1.0,0.3199999928474426,0.3100000023841858,15.625000349245973,5.0,0.33710938123113016,-0.4933592357119746,70.64874624879977,0.0,0.965634286403656
1788864565000,1788864565000,1788864570000,65,1.0,0.3199999928474426,0.3100000023841858,15.625000349245973,5.0,0.33710938123113016,-0.4933592357119746,70.15538701308779,0.0,0.9668770432472229
1788864575000,1788864575000,1788864580000,101,1.0,0.19999999582767486,0.17999999940395356,25.000000521540652,5.0,0.3845000044152142,-0.8844999254390579,69.27088708764873,0.0,0.9708712100982666
1788864585000,1788864585000,1788864590000,16,-1.0,0.5600000023841858,0.5699999928474426,11.36363642521141,5.0,0.27926136555596576,-0.3928976214359979,68.87798946621274,0.0,-0.9476200342178345
1788864595000,1788864595000,1788864600000,101,1.0,0.19999999582767486,0.17999999940395356,25.000000521540652,5.0,0.3845000044152142,-0.8844999254390579,67.99348954077368,0.0,0.9535982608795166
1788864605800,1788864605800,1788864610800,101,1.0,0.19999999582767486,0.17999999940395356,25.000000521540652,5.0,0.3845000044152142,-0.8844999254390579,67.10898961533462,0.0,0.940474271774292
1788864617000,1788864617000,1788864622000,17,-1.0,0.4399999976158142,0.44999998807907104,8.928571390558263,5.0,0.2204910698299277,-0.30977669858601814,66.7992129167486,0.0,-0.9622783064842224
1788864627000,1788864627000,1788864632000,17,-1.0,0.4399999976158142,0.44999998807907104,8.928571390558263,5.0,0.2204910698299277,-0.30977669858601814,66.48943621816258,0.0,-0.9350264668464661
1788864637000,1788864637000,1788864642000,17,-1.0,0.4399999976158142,0.1299999922513962,8.928571390558263,5.0,0.16049106805775393,2.607366110911897,69.09680232907448,-32.999999821186066,-0.97257399559021
1788864647000,1788864647000,1788864652000,17,-1.0,0.4399999976158142,0.1299999922513962,8.928571390558263,5.0,0.16049106805775393,2.607366110911897,71.70416843998638,-32.999999821186066,-0.9646971821784973
1788864666000,1788864666000,1788864671000,17,-1.0,0.4399999976158142,0.1299999922513962,8.928571390558263,5.0,0.16049106805775393,2.607366110911897,74.31153455089827,-32.999999821186066,-0.9756788015365601
1788864676000,1788864676000,1788864681000,17,-1.0,0.4399999976158142,0.44999998807907104,8.928571390558263,5.0,0.2204910698299277,-0.30977669858601814,74.00175785231225,0.0,-0.9764864444732666
1788864781800,1788864781800,1788864786800,94,-1.0,0.4000000059604645,0.1800000077486038,8.333333416117563,5.0,0.16150000416735807,1.6718333324773447,75.6735911847896,-24.49999898672104,-0.9600619673728943
1788864804600,1788864804600,1788864809600,94,-1.0,0.4000000059604645,0.1800000077486038,8.333333416117563,5.0,0.16150000416735807,1.6718333324773447,77.34542451726695,-24.49999898672104,-0.9582263827323914
1788864815200,1788864815200,1788864820200,101,1.0,0.19999999582767486,0.17999999940395356,25.000000521540652,5.0,0.3845000044152142,-0.8844999254390579,76.46092459182789,0.0,0.9571164846420288
1788864825200,1788864825200,1788864830200,94,-1.0,0.4000000059604645,0.1800000077486038,8.333333416117563,5.0,0.16150000416735807,1.6718333324773447,78.13275792430524,-24.49999898672104,-0.9413251876831055
1788864836000,1788864836000,1788864841000,101,1.0,0.19999999582767486,0.17999999940395356,25.000000521540652,5.0,0.3845000044152142,-0.8844999254390579,77.24825799886618,0.0,0.9578303694725037
1788864847000,1788864847000,1788864852000,94,-1.0,0.4000000059604645,0.1800000077486038,8.333333416117563,5.0,0.16150000416735807,1.6718333324773447,78.92009133134353,-24.49999898672104,-0.9720971584320068
1788864857200,1788864857200,1788864862200,101,1.0,0.19999999582767486,0.17999999940395356,25.000000521540652,5.0,0.3845000044152142,-0.8844999254390579,78.03559140590447,0.0,0.9621958136558533
1788864867200,1788864867200,1788864872200,101,1.0,0.19999999582767486,0.17999999940395356,25.000000521540652,5.0,0.3845000044152142,-0.8844999254390579,77.15109148046541,0.0,0.9432263970375061
1788864877200,1788864877200,1788864882200,101,1.0,0.19999999582767486,0.17999999940395356,25.000000521540652,5.0,0.3845000044152142,-0.8844999254390579,76.26659155502635,0.0,0.9505605697631836
1788864887600,1788864887600,1788864892600,101,1.0,0.19999999582767486,0.17999999940395356,25.000000521540652,5.0,0.3845000044152142,-0.8844999254390579,75.3820916295873,0.0,0.9334748983383179
1788864906800,1788864906800,1788864911800,94,-1.0,0.4000000059604645,0.1800000077486038,8.333333416117563,5.0,0.16150000416735807,1.6718333324773447,77.05392496206464,-24.49999898672104,-0.9360923171043396
1788864916800,1788864916800,1788864921800,101,1.0,0.19999999582767486,0.17999999940395356,25.000000521540652,5.0,0.3845000044152142,-0.8844999254390579,76.16942503662558,0.0,0.9571941494941711
1788864926800,1788864926800,1788864931800,101,1.0,0.19999999582767486,0.17999999940395356,25.000000521540652,5.0,0.3845000044152142,-0.8844999254390579,75.28492511118652,0.0,0.9569839239120483
1788864936800,1788864936800,1788864941800,101,1.0,0.19999999582767486,0.17999999940395356,25.000000521540652,5.0,0.3845000044152142,-0.8844999254390579,74.40042518574747,0.0,0.9526271224021912
1788864947600,1788864947600,1788864952600,101,1.0,0.19999999582767486,0.17999999940395356,25.000000521540652,5.0,0.3845000044152142,-0.8844999254390579,73.5159252603084,0.0,0.9429852962493896
1788865075200,1788865075200,1788865080200,17,-1.0,0.4399999976158142,0.1299999922513962,8.928571390558263,5.0,0.16049106805775393,2.607366110911897,76.1232913712203,-32.999999821186066,-0.9619901776313782
1788865112200,1788865112200,1788865117200,101,1.0,0.19999999582767486,0.17999999940395356,25.000000521540652,5.0,0.3845000044152142,-0.8844999254390579,75.23879144578125,0.0,0.9586289525032043
1788865122200,1788865122200,1788865127200,101,1.0,0.19999999582767486,0.17999999940395356,25.000000521540652,5.0,0.3845000044152142,-0.8844999254390579,74.35429152034219,0.0,0.9554181098937988
1788865132200,1788865132200,1788865137200,101,1.0,0.19999999582767486,0.17999999940395356,25.000000521540652,5.0,0.3845000044152142,-0.8844999254390579,73.46979159490313,0.0,0.9592010378837585
1788865182800,1788865182800,1788865187800,94,-1.0,0.4000000059604645,0.41999998688697815,8.333333416117563,5.0,0.2015000016242265,-0.36816651100085673,73.10162508390228,0.0,-0.935782253742218
1788865195600,1788865195600,1788865200600,94,-1.0,0.4000000059604645,0.1800000077486038,8.333333416117563,5.0,0.16150000416735807,1.6718333324773447,74.77345841637963,-24.49999898672104,-0.9706736207008362
1788865205600,1788865205600,1788865210600,94,-1.0,0.4000000059604645,0.1800000077486038,8.333333416117563,5.0,0.16150000416735807,1.6718333324773447,76.44529174885697,-24.49999898672104,-0.9668351411819458
1788865215600,1788865215600,1788865220600,101,1.0,0.19999999582767486,0.33000001311302185,25.000000521540652,5.0,0.4763750123817474,2.773625487552221,79.2189172364092,14.500001072883606,0.9713486433029175
1788865225600,1788865225600,1788865230600,94,-1.0,0.4000000059604645,0.1800000077486038,8.333333416117563,5.0,0.16150000416735807,1.6718333324773447,80.89075056888655,-24.49999898672104,-0.9692376255989075
1788865235600,1788865235600,1788865240600,94,-1.0,0.4000000059604645,0.1800000077486038,8.333333416117563,5.0,0.16150000416735807,1.6718333324773447,82.5625839013639,-24.49999898672104,-0.9163908958435059
1788865245600,1788865245600,1788865250600,94,-1.0,0.4000000059604645,0.1800000077486038,8.333333416117563,5.0,0.16150000416735807,1.6718333324773447,84.23441723384124,-24.49999898672104,-0.9228549599647522
1788865255800,1788865255800,1788865260800,101,1.0,0.19999999582767486,0.17999999940395356,25.000000521540652,5.0,0.3845000044152142,-0.8844999254390579,83.34991730840218,0.0,0.9432498216629028
1788865301600,1788865301600,1788865306600,94,-1.0,0.4000000059604645,0.1800000077486038,8.333333416117563,5.0,0.16150000416735807,1.6718333324773447,85.02175064087953,-24.49999898672104,-0.9356147050857544
1788865357600,1788865357600,1788865362600,65,1.0,0.3199999928474426,0.3100000023841858,15.625000349245973,5.0,0.33710938123113016,-0.4933592357119746,84.52839140516755,0.0,0.9800189733505249
1788865511200,1788865511200,1788865516200,101,1.0,0.19999999582767486,0.17999999940395356,25.000000521540652,5.0,0.3845000044152142,-0.8844999254390579,83.6438914797285,0.0,0.9635612368583679
1788865522200,1788865522200,1788865527200,101,1.0,0.19999999582767486,0.17999999940395356,25.000000521540652,5.0,0.3845000044152142,-0.8844999254390579,82.75939155428944,0.0,0.9524942636489868
1788865532800,1788865532800,1788865537800,94,-1.0,0.4000000059604645,0.41999998688697815,8.333333416117563,5.0,0.2015000016242265,-0.36816651100085673,82.39122504328859,0.0,-0.9530360102653503
1788865542800,1788865542800,1788865547800,101,1.0,0.19999999582767486,0.17999999940395356,25.000000521540652,5.0,0.3845000044152142,-0.8844999254390579,81.50672511784953,0.0,0.9601231813430786
1788865553800,1788865553800,1788865558800,101,1.0,0.19999999582767486,0.17999999940395356,25.000000521540652,5.0,0.3845000044152142,-0.8844999254390579,80.62222519241047,0.0,0.9561896324157715
1788865565000,1788865565000,1788865570000,101,1.0,0.19999999582767486,0.17999999940395356,25.000000521540652,5.0,0.3845000044152142,-0.8844999254390579,79.73772526697141,0.0,0.9572360515594482
1788865591600,1788865591600,1788865596600,94,-1.0,0.4000000059604645,0.1800000077486038,8.333333416117563,5.0,0.16150000416735807,1.6718333324773447,81.40955859944876,-24.49999898672104,-0.9598900675773621
1788865606400,1788865606400,1788865611400,101,1.0,0.19999999582767486,0.17999999940395356,25.000000521540652,5.0,0.3845000044152142,-0.8844999254390579,80.5250586740097,0.0,0.9598012566566467
1788865617000,1788865617000,1788865622000,101,1.0,0.19999999582767486,0.17999999940395356,25.000000521540652,5.0,0.3845000044152142,-0.8844999254390579,79.64055874857064,0.0,0.9600647687911987
1788865627000,1788865627000,1788865632000,101,1.0,0.19999999582767486,0.17999999940395356,25.000000521540652,5.0,0.3845000044152142,-0.8844999254390579,78.75605882313158,0.0,0.9436137080192566
1788865637800,1788865637800,1788865642800,101,1.0,0.19999999582767486,0.17999999940395356,25.000000521540652,5.0,0.3845000044152142,-0.8844999254390579,77.87155889769252,0.0,0.964264988899231
1788865656400,1788865656400,1788865661400,94,-1.0,0.4000000059604645,0.41999998688697815,8.333333416117563,5.0,0.2015000016242265,-0.36816651100085673,77.50339238669167,0.0,-0.9728286862373352
1788865667600,1788865667600,1788865672600,101,1.0,0.19999999582767486,0.17999999940395356,25.000000521540652,5.0,0.3845000044152142,-0.8844999254390579,76.61889246125261,0.0,0.9610702991485596
1788865678400,1788865678400,1788865683400,101,1.0,0.19999999582767486,0.17999999940395356,25.000000521540652,5.0,0.3845000044152142,-0.8844999254390579,75.73439253581356,0.0,0.9564988017082214
1788865688400,1788865688400,1788865693400,65,1.0,0.3199999928474426,0.3100000023841858,15.625000349245973,5.0,0.33710938123113016,-0.4933592357119746,75.24103330010158,0.0,0.9722966551780701
1788865727200,1788865727200,1788865732200,37,-1.0,0.38999997079372406,0.3999999910593033,8.196720919023454,5.0,0.19586064299386846,-0.27782801829540016,74.96320528180618,0.0,-0.9168388843536377
1788865746000,1788865746000,1788865751000,31,-1.0,0.4699999988079071,0.47999998927116394,9.433962242931775,5.0,0.23523584829133443,-0.32957538075137727,74.6336299010548,0.0,-0.958885908126831
1788865801000,1788865801000,1788865806000,65,1.0,0.3199999928474426,0.3100000023841858,15.625000349245973,5.0,0.33710938123113016,-0.4933592357119746,74.14027066534283,0.0,0.9788410663604736
1788865811000,1788865811000,1788865816000,16,-1.0,0.5600000023841858,0.5699999928474426,11.36363642521141,5.0,0.27926136555596576,-0.3928976214359979,73.74737304390683,0.0,-0.9174463748931885
1788865822200,1788865822200,1788865827200,101,1.0,0.19999999582767486,0.17999999940395356,25.000000521540652,5.0,0.3845000044152142,-0.8844999254390579,72.86287311846777,0.0,0.9238907098770142
1788865861200,1788865861200,1788865866200,65,1.0,0.3199999928474426,0.38999997079372406,15.625000349245973,5.0,0.35585937592259076,0.7378903039352671,73.60076342240305,7.999998331069946,0.9814980030059814
1788865871200,1788865871200,1788865876200,65,1.0,0.3199999928474426,0.38999997079372406,15.625000349245973,5.0,0.35585937592259076,0.7378903039352671,74.33865372633832,7.999998331069946,0.9734047055244446
1788865881400,1788865881400,1788865886400,65,1.0,0.3199999928474426,0.3100000023841858,15.625000349245973,5.0,0.33710938123113016,-0.4933592357119746,73.84529449062634,0.0,0.9800204634666443
1788865894200,1788865894200,1788865899200,65,1.0,0.3199999928474426,0.3100000023841858,15.625000349245973,5.0,0.33710938123113016,-0.4933592357119746,73.35193525491437,0.0,0.9832563400268555
1788865906400,1788865906400,1788865911400,65,1.0,0.3199999928474426,0.3100000023841858,15.625000349245973,5.0,0.33710938123113016,-0.4933592357119746,72.85857601920239,0.0,0.977119505405426
1788865921000,1788865921000,1788865926000,65,1.0,0.3199999928474426,0.3100000023841858,15.625000349245973,5.0,0.33710938123113016,-0.4933592357119746,72.36521678349041,0.0,0.9673498868942261
1788865941200,1788865941200,1788865946200,65,1.0,0.3199999928474426,0.3100000023841858,15.625000349245973,5.0,0.33710938123113016,-0.4933592357119746,71.87185754777843,0.0,0.9810025095939636
1788865954800,1788865954800,1788865959800,37,-1.0,0.38999997079372406,0.3199999928474426,8.196720919023454,5.0,0.18668031524211087,0.3870899683213546,72.25894751609978,-7.999998331069946,-0.9187728762626648
1788865964800,1788865964800,1788865969800,101,1.0,0.19999999582767486,0.17999999940395356,25.000000521540652,5.0,0.3845000044152142,-0.8844999254390579,71.37444759066072,0.0,0.9633291363716125
1788865974800,1788865974800,1788865979800,101,1.0,0.19999999582767486,0.17999999940395356,25.000000521540652,5.0,0.3845000044152142,-0.8844999254390579,70.48994766522166,0.0,0.967840850353241
1788865985200,1788865985200,1788865990200,37,1.0,0.32999999821186066,0.31999997794628143,15.151515233615214,5.0,0.33234848017411744,-0.4838639395645019,70.00608372565716,0.0,0.9785563945770264
1788865995200,1788865995200,1788866000200,37,1.0,0.32999999821186066,0.31999997794628143,15.151515233615214,5.0,0.33234848017411744,-0.4838639395645019,69.52221978609266,0.0,0.9723591804504395
1788866005200,1788866005200,1788866010200,37,-1.0,0.38999997079372406,0.3999999910593033,8.196720919023454,5.0,0.19586064299386846,-0.27782801829540016,69.24439176779727,0.0,-0.904342770576477
1788866015200,1788866015200,1788866020200,94,-1.0,0.4000000059604645,0.41999998688697815,8.333333416117563,5.0,0.2015000016242265,-0.36816651100085673,68.87622525679642,0.0,-0.9148169755935669
1788866030800,1788866030800,1788866035800,37,1.0,0.32999999821186066,0.31999997794628143,15.151515233615214,5.0,0.33234848017411744,-0.4838639395645019,68.39236131723192,0.0,0.9755497574806213
1788866040800,1788866040800,1788866045800,101,1.0,0.19999999582767486,0.33000001311302185,25.000000521540652,5.0,0.4763750123817474,2.773625487552221,71.16598680478414,14.500001072883606,0.9634315371513367
1788866050800,1788866050800,1788866055800,101,1.0,0.19999999582767486,0.17999999940395356,25.000000521540652,5.0,0.3845000044152142,-0.8844999254390579,70.28148687934508,0.0,0.9557623863220215
1788866060800,1788866060800,1788866065800,101,1.0,0.19999999582767486,0.17999999940395356,25.000000521540652,5.0,0.3845000044152142,-0.8844999254390579,69.39698695390602,0.0,0.9447160363197327
1788866070800,1788866070800,1788866075800,101,1.0,0.19999999582767486,0.17999999940395356,25.000000521540652,5.0,0.3845000044152142,-0.8844999254390579,68.51248702846696,0.0,0.9537804126739502
1788866129800,1788866129800,1788866134800,94,-1.0,0.4000000059604645,0.41999998688697815,8.333333416117563,5.0,0.2015000016242265,-0.36816651100085673,68.14432051746611,0.0,-0.9547888040542603
1788866189600,1788866189600,1788866194600,17,-1.0,0.4399999976158142,0.44999998807907104,8.928571390558263,5.0,0.2204910698299277,-0.30977669858601814,67.83454381888009,0.0,-0.9621863961219788
1788866244600,1788866244600,1788866249600,94,-1.0,0.4000000059604645,0.41999998688697815,8.333333416117563,5.0,0.2015000016242265,-0.36816651100085673,67.46637730787924,0.0,-0.957463264465332
1788866268400,1788866268400,1788866273400,37,1.0,0.32999999821186066,0.31999997794628143,15.151515233615214,5.0,0.33234848017411744,-0.4838639395645019,66.98251336831474,0.0,0.9429033398628235
1788866309400,1788866309400,1788866314400,94,-1.0,0.4000000059604645,0.1800000077486038,8.333333416117563,5.0,0.16150000416735807,1.6718333324773447,68.65434670079209,-24.49999898672104,-0.9426432251930237
1788866319800,1788866319800,1788866324800,94,-1.0,0.4000000059604645,0.41999998688697815,8.333333416117563,5.0,0.2015000016242265,-0.36816651100085673,68.28618018979124,0.0,-0.9695778489112854
1788866348200,1788866348200,1788866353200,94,-1.0,0.4000000059604645,0.41999998688697815,8.333333416117563,5.0,0.2015000016242265,-0.36816651100085673,67.91801367879039,0.0,-0.9587845802307129
1788866371800,1788866371800,1788866376800,93,1.0,0.2500000077486038,0.5099999904632568,19.999999380111714,5.0,0.4373999905080797,4.762599502614036,72.68061318140442,26.999998092651367,0.9653102159500122
1788866381800,1788866381800,1788866386800,93,1.0,0.2500000077486038,0.5099999904632568,19.999999380111714,5.0,0.4373999905080797,4.762599502614036,77.44321268401846,26.999998092651367,0.9766052961349487
1788866391800,1788866391800,1788866396800,93,1.0,0.2500000077486038,0.24000000178813935,19.999999380111714,5.0,0.36989999333930035,-0.5699001063497031,76.87331257766876,0.0,0.9597553610801697
1788866401800,1788866401800,1788866406800,93,-1.0,0.5099999904632568,0.2500000077486038,10.204081434053666,5.0,0.22316326303675194,2.429897733436113,79.30321031110486,-26.999998092651367,-0.9477205872535706
1788866411800,1788866411800,1788866416800,93,-1.0,0.5099999904632568,0.5199999809265137,10.204081434053666,5.0,0.2548469343020586,-0.35688765132889144,78.94632265977597,0.0,-0.9739828705787659
1788866428600,1788866428600,1788866433600,93,-1.0,0.5099999904632568,0.5199999809265137,10.204081434053666,5.0,0.2548469343020586,-0.35688765132889144,78.58943500844708,0.0,-0.9197266101837158
1788866438600,1788866438600,1788866443600,93,1.0,0.2500000077486038,0.5099999904632568,19.999999380111714,5.0,0.4373999905080797,4.762599502614036,83.35203451106112,26.999998092651367,0.980402410030365
1788866448600,1788866448600,1788866453600,93,1.0,0.2500000077486038,0.5099999904632568,19.999999380111714,5.0,0.4373999905080797,4.762599502614036,88.11463401367516,26.999998092651367,0.9775487184524536
1788866458600,1788866458600,1788866463600,93,-1.0,0.5099999904632568,0.5199999809265137,10.204081434053666,5.0,0.2548469343020586,-0.35688765132889144,87.75774636234627,0.0,-0.9473713636398315
1788866497600,1788866497600,1788866502600,31,-1.0,0.4699999988079071,0.47999998927116394,9.433962242931775,5.0,0.23523584829133443,-0.32957538075137727,87.42817098159489,0.0,-0.9709702134132385
1788866584000,1788866584000,1788866589000,16,-1.0,0.5600000023841858,0.5699999928474426,11.36363642521141,5.0,0.27926136555596576,-0.3928976214359979,87.0352733601589,0.0,-0.9695159196853638
1788866599000,1788866599000,1788866604000,101,1.0,0.19999999582767486,0.17999999940395356,25.000000521540652,5.0,0.3845000044152142,-0.8844999254390579,86.15077343471984,0.0,0.9583726525306702
1788866609000,1788866609000,1788866614000,101,1.0,0.19999999582767486,0.17999999940395356,25.000000521540652,5.0,0.3845000044152142,-0.8844999254390579,85.26627350928078,0.0,0.9410262703895569
1788866619000,1788866619000,1788866624000,101,1.0,0.19999999582767486,0.17999999940395356,25.000000521540652,5.0,0.3845000044152142,-0.8844999254390579,84.38177358384172,0.0,0.9503762125968933
1788866629600,1788866629600,1788866634600,101,1.0,0.19999999582767486,0.17999999940395356,25.000000521540652,5.0,0.3845000044152142,-0.8844999254390579,83.49727365840266,0.0,0.9638060331344604
1788866640800,1788866640800,1788866645800,101,1.0,0.19999999582767486,0.17999999940395356,25.000000521540652,5.0,0.3845000044152142,-0.8844999254390579,82.6127737329636,0.0,0.955477237701416
1788866650800,1788866650800,1788866655800,101,1.0,0.19999999582767486,0.17999999940395356,25.000000521540652,5.0,0.3845000044152142,-0.8844999254390579,81.72827380752454,0.0,0.9388319253921509
1788866703400,1788866703400,1788866708400,101,1.0,0.19999999582767486,0.17999999940395356,25.000000521540652,5.0,0.3845000044152142,-0.8844999254390579,80.84377388208549,0.0,0.9634408950805664
1788866714200,1788866714200,1788866719200,101,1.0,0.19999999582767486,0.17999999940395356,25.000000521540652,5.0,0.3845000044152142,-0.8844999254390579,79.95927395664643,0.0,0.9604483246803284
1788866725400,1788866725400,1788866730400,101,1.0,0.19999999582767486,0.17999999940395356,25.000000521540652,5.0,0.3845000044152142,-0.8844999254390579,79.07477403120737,0.0,0.9541046619415283
1788866736600,1788866736600,1788866741600,101,1.0,0.19999999582767486,0.17999999940395356,25.000000521540652,5.0,0.3845000044152142,-0.8844999254390579,78.19027410576831,0.0,0.9562296271324158
1788866767600,1788866767600,1788866772600,16,-1.0,0.5600000023841858,0.5699999928474426,11.36363642521141,5.0,0.27926136555596576,-0.3928976214359979,77.79737648433232,0.0,-0.9595339894294739
1788866782200,1788866782200,1788866787200,94,-1.0,0.4000000059604645,0.4099999964237213,8.333333416117563,5.0,0.20079166888983715,-0.2841249235781523,77.51325156075417,0.0,-0.9705386757850647
1788866792200,1788866792200,1788866797200,94,-1.0,0.4000000059604645,0.1800000077486038,8.333333416117563,5.0,0.16150000416735807,1.6718333324773447,79.18508489323152,-23.499999940395355,-0.9245617985725403
1788866811400,1788866811400,1788866816400,17,-1.0,0.4399999976158142,0.1299999922513962,8.928571390558263,5.0,0.16049106805775393,2.607366110911897,81.79245100414342,-32.999999821186066,-0.9767335653305054
1788866821600,1788866821600,1788866826600,17,-1.0,0.4399999976158142,0.1299999922513962,8.928571390558263,5.0,0.16049106805775393,2.607366110911897,84.39981711505531,-32.999999821186066,-0.9761561155319214
1788866831600,1788866831600,1788866836600,101,1.0,0.19999999582767486,0.17999999940395356,25.000000521540652,5.0,0.3845000044152142,-0.8844999254390579,83.51531718961625,0.0,0.9594237804412842
1788866841600,1788866841600,1788866846600,101,1.0,0.19999999582767486,0.17999999940395356,25.000000521540652,5.0,0.3845000044152142,-0.8844999254390579,82.6308172641772,0.0,0.9638338088989258
1788866851800,1788866851800,1788866856800,16,-1.0,0.5600000023841858,0.1800000149011612,11.36363642521141,5.0,0.22386364283271068,4.094318056509268,86.72513532068646,-38.999998569488525,-0.9790313243865967
1788866861800,1788866861800,1788866866800,17,-1.0,0.4399999976158142,0.1299999922513962,8.928571390558263,5.0,0.16049106805775393,2.607366110911897,89.33250143159836,-32.999999821186066,-0.9551824927330017
1788866875600,1788866875600,1788866880600,94,-1.0,0.4000000059604645,0.4099999964237213,8.333333416117563,5.0,0.20079166888983715,-0.2841249235781523,89.04837650802021,0.0,-0.970498263835907
1788866885600,1788866885600,1788866890600,16,-1.0,0.5600000023841858,0.5699999928474426,11.36363642521141,5.0,0.27926136555596576,-0.3928976214359979,88.65547888658422,0.0,-0.9118624329566956
1788866895600,1788866895600,1788866900600,9,-1.0,0.4699999988079071,0.47999998927116394,9.433962242931775,5.0,0.23523584829133443,-0.32957538075137727,88.32590350583284,0.0,-0.9240180253982544
1788866905600,1788866905600,1788866910600,101,1.0,0.19999999582767486,0.17999999940395356,25.000000521540652,5.0,0.3845000044152142,-0.8844999254390579,87.44140358039378,0.0,0.9708525538444519
1788866915600,1788866915600,1788866920600,101,1.0,0.19999999582767486,0.17999999940395356,25.000000521540652,5.0,0.3845000044152142,-0.8844999254390579,86.55690365495472,0.0,0.9600201845169067
1788866925600,1788866925600,1788866930600,101,1.0,0.19999999582767486,0.17999999940395356,25.000000521540652,5.0,0.3845000044152142,-0.8844999254390579,85.67240372951566,0.0,0.9673502445220947
1788866935600,1788866935600,1788866940600,93,1.0,0.2500000077486038,0.24000000178813935,19.999999380111714,5.0,0.36989999333930035,-0.5699001063497031,85.10250362316596,0.0,0.9349552989006042
1788866945600,1788866945600,1788866950600,101,1.0,0.19999999582767486,0.17999999940395356,25.000000521540652,5.0,0.3845000044152142,-0.8844999254390579,84.2180036977269,0.0,0.9656428098678589
1788866955800,1788866955800,1788866960800,93,1.0,0.2500000077486038,0.24000000178813935,19.999999380111714,5.0,0.36989999333930035,-0.5699001063497031,83.6481035913772,0.0,0.9829215407371521
1788866965800,1788866965800,1788866970800,93,1.0,0.2500000077486038,0.24000000178813935,19.999999380111714,5.0,0.36989999333930035,-0.5699001063497031,83.07820348502749,0.0,0.9332177639007568
1788866984400,1788866984400,1788866989400,65,1.0,0.3199999928474426,0.3100000023841858,15.625000349245973,5.0,0.33710938123113016,-0.4933592357119746,82.58484424931551,0.0,0.9636570811271667
1788866995600,1788866995600,1788867000600,100,1.0,0.26999999582767487,0.25999997556209564,18.518518804686227,5.0,0.36064814108287124,-0.5458337044182434,82.03901054489727,0.0,0.9722673892974854
1788867050000,1788867050000,1788867055000,93,-1.0,0.5099999904632568,0.2500000077486038,10.204081434053666,5.0,0.22316326303675194,2.429897733436113,84.46890827833337,-26.999998092651367,-0.963762104511261
1788867060000,1788867060000,1788867065000,93,1.0,0.2500000077486038,0.24000000178813935,19.999999380111714,5.0,0.36989999333930035,-0.5699001063497031,83.89900817198367,0.0,0.9318608045578003
1788867070000,1788867070000,1788867075000,93,-1.0,0.5099999904632568,0.2500000077486038,10.204081434053666,5.0,0.22316326303675194,2.429897733436113,86.32890590541977,-26.999998092651367,-0.9717614054679871
1788867080000,1788867080000,1788867085000,93,1.0,0.2500000077486038,0.24000000178813935,19.999999380111714,5.0,0.36989999333930035,-0.5699001063497031,85.75900579907007,0.0,0.9615215063095093
1788867090000,1788867090000,1788867095000,93,-1.0,0.5099999904632568,0.5199999809265137,10.204081434053666,5.0,0.2548469343020586,-0.35688765132889144,85.40211814774118,0.0,-0.9724438786506653
1788867100000,1788867100000,1788867105000,93,-1.0,0.5099999904632568,0.5199999809265137,10.204081434053666,5.0,0.2548469343020586,-0.35688765132889144,85.04523049641229,0.0,-0.9329033493995667
1788867110000,1788867110000,1788867115000,94,-1.0,0.4000000059604645,0.4099999964237213,8.333333416117563,5.0,0.20079166888983715,-0.2841249235781523,84.76110557283414,0.0,-0.9484348893165588
1788867120000,1788867120000,1788867125000,93,1.0,0.2500000077486038,0.24000000178813935,19.999999380111714,5.0,0.36989999333930035,-0.5699001063497031,84.19120546648443,0.0,0.9800069332122803
1788867130200,1788867130200,1788867135200,93,1.0,0.2500000077486038,0.24000000178813935,19.999999380111714,5.0,0.36989999333930035,-0.5699001063497031,83.62130536013473,0.0,0.9716225862503052
1788867140200,1788867140200,1788867145200,93,-1.0,0.5099999904632568,0.5199999809265137,10.204081434053666,5.0,0.2548469343020586,-0.35688765132889144,83.26441770880584,0.0,-0.9012560844421387
1788867150200,1788867150200,1788867155200,94,-1.0,0.4000000059604645,0.18999999821186064,8.333333416117563,5.0,0.16412500166520477,1.5858750802911827,84.85029278909703,-23.000000417232513,-0.920791506767273
1788867162200,1788867162200,1788867167200,93,-1.0,0.5099999904632568,0.2500000077486038,10.204081434053666,5.0,0.22316326303675194,2.429897733436113,87.28019052253313,-26.999998092651367,-0.966540515422821
1788867172200,1788867172200,1788867177200,93,1.0,0.2500000077486038,0.24000000178813935,19.999999380111714,5.0,0.36989999333930035,-0.5699001063497031,86.71029041618343,0.0,0.9196409583091736
1788867182200,1788867182200,1788867187200,93,1.0,0.2500000077486038,0.24000000178813935,19.999999380111714,5.0,0.36989999333930035,-0.5699001063497031,86.14039030983372,0.0,0.9709100127220154
1788867192200,1788867192200,1788867197200,93,1.0,0.2500000077486038,0.24000000178813935,19.999999380111714,5.0,0.36989999333930035,-0.5699001063497031,85.57049020348401,0.0,0.9401013255119324
1788867202200,1788867202200,1788867207200,94,-1.0,0.4000000059604645,0.4099999964237213,8.333333416117563,5.0,0.20079166888983715,-0.2841249235781523,85.28636527990587,0.0,-0.9377833604812622
1788867212200,1788867212200,1788867217200,101,1.0,0.19999999582767486,0.17999999940395356,25.000000521540652,5.0,0.3845000044152142,-0.8844999254390579,84.4018653544668,0.0,0.9608025550842285
1788867222200,1788867222200,1788867227200,101,1.0,0.19999999582767486,0.17999999940395356,25.000000521540652,5.0,0.3845000044152142,-0.8844999254390579,83.51736542902775,0.0,0.9592376947402954
1788867232400,1788867232400,1788867237400,101,1.0,0.19999999582767486,0.17999999940395356,25.000000521540652,5.0,0.3845000044152142,-0.8844999254390579,82.63286550358869,0.0,0.9644798040390015
1788867242600,1788867242600,1788867247600,101,1.0,0.19999999582767486,0.17999999940395356,25.000000521540652,5.0,0.3845000044152142,-0.8844999254390579,81.74836557814963,0.0,0.9484198689460754
1788867252600,1788867252600,1788867257600,101,1.0,0.19999999582767486,0.33000001311302185,25.000000521540652,5.0,0.4763750123817474,2.773625487552221,84.52199106570185,14.500001072883606,0.9521969556808472
1788867262600,1788867262600,1788867267600,37,1.0,0.32999999821186066,0.31999997794628143,15.151515233615214,5.0,0.33234848017411744,-0.4838639395645019,84.03812712613735,0.0,0.9639540910720825
1788867272600,1788867272600,1788867277600,16,-1.0,0.5600000023841858,0.5699999928474426,11.36363642521141,5.0,0.27926136555596576,-0.3928976214359979,83.64522950470136,0.0,-0.9700339436531067
1788867282600,1788867282600,1788867287600,101,1.0,0.19999999582767486,0.17999999940395356,25.000000521540652,5.0,0.3845000044152142,-0.8844999254390579,82.7607295792623,0.0,0.9787424802780151
1788867292600,1788867292600,1788867297600,101,1.0,0.19999999582767486,0.17999999940395356,25.000000521540652,5.0,0.3845000044152142,-0.8844999254390579,81.87622965382324,0.0,0.9696487188339233
1788867302600,1788867302600,1788867307600,101,1.0,0.19999999582767486,0.17999999940395356,25.000000521540652,5.0,0.3845000044152142,-0.8844999254390579,80.99172972838419,0.0,0.9591172337532043
1788867312600,1788867312600,1788867317600,101,1.0,0.19999999582767486,0.33000001311302185,25.000000521540652,5.0,0.4763750123817474,2.773625487552221,83.76535521593641,14.500001072883606,0.9591392874717712
1788867341400,1788867341400,1788867346400,94,-1.0,0.4000000059604645,0.18999999821186064,8.333333416117563,5.0,0.16412500166520477,1.5858750802911827,85.3512302962276,-23.000000417232513,-0.9390777945518494
1788867351400,1788867351400,1788867356400,93,1.0,0.2500000077486038,0.5099999904632568,19.999999380111714,5.0,0.4373999905080797,4.762599502614036,90.11382979884164,26.999998092651367,0.9360777735710144
1788867361400,1788867361400,1788867366400,101,1.0,0.19999999582767486,0.17999999940395356,25.000000521540652,5.0,0.3845000044152142,-0.8844999254390579,89.22932987340258,0.0,0.9154216051101685
1788867371800,1788867371800,1788867376800,101,1.0,0.19999999582767486,0.17999999940395356,25.000000521540652,5.0,0.3845000044152142,-0.8844999254390579,88.34482994796352,0.0,0.9128997921943665
1788867389800,1788867389800,1788867394800,101,1.0,0.19999999582767486,0.17999999940395356,25.000000521540652,5.0,0.3845000044152142,-0.8844999254390579,87.46033002252446,0.0,0.9609187245368958
1788867400400,1788867400400,1788867405400,101,1.0,0.19999999582767486,0.17999999940395356,25.000000521540652,5.0,0.3845000044152142,-0.8844999254390579,86.5758300970854,0.0,0.9531395435333252
1788867412400,1788867412400,1788867417400,65,1.0,0.3199999928474426,0.3100000023841858,15.625000349245973,5.0,0.33710938123113016,-0.4933592357119746,86.08247086137342,0.0,0.9794996976852417
1788867422800,1788867422800,1788867427800,101,1.0,0.19999999582767486,0.17999999940395356,25.000000521540652,5.0,0.3845000044152142,-0.8844999254390579,85.19797093593436,0.0,0.9523886442184448
1788867451000,1788867451000,1788867456000,65,1.0,0.3199999928474426,0.3100000023841858,15.625000349245973,5.0,0.33710938123113016,-0.4933592357119746,84.70461170022239,0.0,0.9756888151168823
1788867464000,1788867464000,1788867469000,65,1.0,0.3199999928474426,0.3100000023841858,15.625000349245973,5.0,0.33710938123113016,-0.4933592357119746,84.21125246451041,0.0,0.9678835272789001
1788867474000,1788867474000,1788867479000,16,-1.0,0.5600000023841858,0.5699999928474426,11.36363642521141,5.0,0.27926136555596576,-0.3928976214359979,83.81835484307442,0.0,-0.9449577331542969
1788867488200,1788867488200,1788867493200,65,1.0,0.3199999928474426,0.38999997079372406,15.625000349245973,5.0,0.35585937592259076,0.7378903039352671,84.55624514700969,7.999998331069946,0.9762865304946899
1788867498200,1788867498200,1788867503200,65,1.0,0.3199999928474426,0.3100000023841858,15.625000349245973,5.0,0.33710938123113016,-0.4933592357119746,84.06288591129771,0.0,0.9704499840736389
1788867509400,1788867509400,1788867514400,30,-1.0,0.5699999928474426,0.5899999737739563,11.627906783327278,5.0,0.28313953350078963,-0.5156974473826141,83.54718846391509,0.4999995231628418,-0.9746347069740295
1788867540400,1788867540400,1788867545400,94,-1.0,0.4000000059604645,0.18999999821186064,8.333333416117563,5.0,0.16412500166520477,1.5858750802911827,85.13306354420628,-23.000000417232513,-0.9435415863990784
1788867550800,1788867550800,1788867555800,94,-1.0,0.4000000059604645,0.18999999821186064,8.333333416117563,5.0,0.16412500166520477,1.5858750802911827,86.71893862449747,-23.000000417232513,-0.9615285396575928
1788867560800,1788867560800,1788867565800,94,-1.0,0.4000000059604645,0.4099999964237213,8.333333416117563,5.0,0.20079166888983715,-0.2841249235781523,86.43481370091932,0.0,-0.9419435858726501
1788867572200,1788867572200,1788867577200,9,-1.0,0.4699999988079071,0.47999998927116394,9.433962242931775,5.0,0.23523584829133443,-0.32957538075137727,86.10523832016794,0.0,-0.9704801440238953
1788867582800,1788867582800,1788867587800,94,-1.0,0.4000000059604645,0.18999999821186064,8.333333416117563,5.0,0.16412500166520477,1.5858750802911827,87.69111340045913,-23.000000417232513,-0.9192954897880554
1788867595600,1788867595600,1788867600600,94,-1.0,0.4000000059604645,0.18999999821186064,8.333333416117563,5.0,0.16412500166520477,1.5858750802911827,89.27698848075032,-23.000000417232513,-0.9504130482673645
1788867605600,1788867605600,1788867610600,94,-1.0,0.4000000059604645,0.4099999964237213,8.333333416117563,5.0,0.20079166888983715,-0.2841249235781523,88.99286355717217,0.0,-0.9222138524055481
1788867633600,1788867633600,1788867638600,101,1.0,0.19999999582767486,0.17999999940395356,25.000000521540652,5.0,0.3845000044152142,-0.8844999254390579,88.10836363173311,0.0,0.9700059294700623
1788867643600,1788867643600,1788867648600,101,1.0,0.19999999582767486,0.17999999940395356,25.000000521540652,5.0,0.3845000044152142,-0.8844999254390579,87.22386370629405,0.0,0.9593296051025391
1788867653600,1788867653600,1788867658600,101,1.0,0.19999999582767486,0.17999999940395356,25.000000521540652,5.0,0.3845000044152142,-0.8844999254390579,86.339363780855,0.0,0.9643476009368896
1788867663600,1788867663600,1788867668600,101,1.0,0.19999999582767486,0.17999999940395356,25.000000521540652,5.0,0.3845000044152142,-0.8844999254390579,85.45486385541594,0.0,0.9638682007789612
1788867673800,1788867673800,1788867678800,101,1.0,0.19999999582767486,0.17999999940395356,25.000000521540652,5.0,0.3845000044152142,-0.8844999254390579,84.57036392997688,0.0,0.9548928141593933
1788867683800,1788867683800,1788867688800,101,1.0,0.19999999582767486,0.17999999940395356,25.000000521540652,5.0,0.3845000044152142,-0.8844999254390579,83.68586400453782,0.0,0.9179860353469849
1788867702600,1788867702600,1788867707600,101,1.0,0.19999999582767486,0.17999999940395356,25.000000521540652,5.0,0.3845000044152142,-0.8844999254390579,82.80136407909876,0.0,0.9591434597969055
1788867713200,1788867713200,1788867718200,101,1.0,0.19999999582767486,0.17999999940395356,25.000000521540652,5.0,0.3845000044152142,-0.8844999254390579,81.9168641536597,0.0,0.9667636156082153
1788867723200,1788867723200,1788867728200,101,1.0,0.19999999582767486,0.17999999940395356,25.000000521540652,5.0,0.3845000044152142,-0.8844999254390579,81.03236422822064,0.0,0.9345809817314148
1788867733200,1788867733200,1788867738200,16,-1.0,0.5600000023841858,0.5699999928474426,11.36363642521141,5.0,0.27926136555596576,-0.3928976214359979,80.63946660678465,0.0,-0.9370775818824768
1788867743800,1788867743800,1788867748800,101,1.0,0.19999999582767486,0.17999999940395356,25.000000521540652,5.0,0.3845000044152142,-0.8844999254390579,79.75496668134559,0.0,0.9558491706848145
1788867845800,1788867845800,1788867850800,101,1.0,0.19999999582767486,0.17999999940395356,25.000000521540652,5.0,0.3845000044152142,-0.8844999254390579,78.87046675590653,0.0,0.9672751426696777
1788867855800,1788867855800,1788867860800,101,1.0,0.19999999582767486,0.17999999940395356,25.000000521540652,5.0,0.3845000044152142,-0.8844999254390579,77.98596683046748,0.0,0.949344277381897
1788867866800,1788867866800,1788867871800,101,1.0,0.19999999582767486,0.17999999940395356,25.000000521540652,5.0,0.3845000044152142,-0.8844999254390579,77.10146690502842,0.0,0.9168205857276917
1788867881400,1788867881400,1788867886400,101,1.0,0.19999999582767486,0.17999999940395356,25.000000521540652,5.0,0.3845000044152142,-0.8844999254390579,76.21696697958936,0.0,0.9571627378463745
1788867891800,1788867891800,1788867896800,101,1.0,0.19999999582767486,0.17999999940395356,25.000000521540652,5.0,0.3845000044152142,-0.8844999254390579,75.3324670541503,0.0,0.9604488015174866
1788867901800,1788867901800,1788867906800,101,1.0,0.19999999582767486,0.17999999940395356,25.000000521540652,5.0,0.3845000044152142,-0.8844999254390579,74.44796712871124,0.0,0.9369220733642578
1788867912600,1788867912600,1788867917600,101,1.0,0.19999999582767486,0.17999999940395356,25.000000521540652,5.0,0.3845000044152142,-0.8844999254390579,73.56346720327218,0.0,0.9641578793525696
1788868032400,1788868032400,1788868037400,30,-1.0,0.5799999833106995,0.5899999737739563,11.904761431709188,5.0,0.28898808815413024,-0.40803558893856995,73.15543161433361,0.0,-0.9677180051803589
1788868061400,1788868061400,1788868066400,94,-1.0,0.4000000059604645,0.18999999821186064,8.333333416117563,5.0,0.16412500166520477,1.5858750802911827,74.7413066946248,-23.000000417232513,-0.9045968651771545
1788868074200,1788868074200,1788868079200,94,-1.0,0.4000000059604645,0.4099999964237213,8.333333416117563,5.0,0.20079166888983715,-0.2841249235781523,74.45718177104665,0.0,-0.9692614674568176
1788868104400,1788868104400,1788868109400,100,1.0,0.26999999582767487,0.25999997556209564,18.518518804686227,5.0,0.36064814108287124,-0.5458337044182434,73.9113480666284,0.0,0.9702007174491882
1788868114400,1788868114400,1788868119400,101,1.0,0.19999999582767486,0.17999999940395356,25.000000521540652,5.0,0.3845000044152142,-0.8844999254390579,73.02684814118935,0.0,0.9765133857727051
1788868124400,1788868124400,1788868129400,101,1.0,0.19999999582767486,0.17999999940395356,25.000000521540652,5.0,0.3845000044152142,-0.8844999254390579,72.14234821575029,0.0,0.9620099663734436
1788868134400,1788868134400,1788868139400,101,1.0,0.19999999582767486,0.33000001311302185,25.000000521540652,5.0,0.4763750123817474,2.773625487552221,74.91597370330251,14.500001072883606,0.9797102808952332
1788868144400,1788868144400,1788868149400,101,1.0,0.19999999582767486,0.17999999940395356,25.000000521540652,5.0,0.3845000044152142,-0.8844999254390579,74.03147377786345,0.0,0.9658668041229248
1788868154400,1788868154400,1788868159400,101,1.0,0.19999999582767486,0.17999999940395356,25.000000521540652,5.0,0.3845000044152142,-0.8844999254390579,73.1469738524244,0.0,0.9589397311210632
1788868164400,1788868164400,1788868169400,101,1.0,0.19999999582767486,0.17999999940395356,25.000000521540652,5.0,0.3845000044152142,-0.8844999254390579,72.26247392698534,0.0,0.9505019187927246
1788868174400,1788868174400,1788868179400,101,1.0,0.19999999582767486,0.17999999940395356,25.000000521540652,5.0,0.3845000044152142,-0.8844999254390579,71.37797400154628,0.0,0.9622057676315308
1788868184400,1788868184400,1788868189400,101,1.0,0.19999999582767486,0.17999999940395356,25.000000521540652,5.0,0.3845000044152142,-0.8844999254390579,70.49347407610722,0.0,0.9634894132614136
1788868194400,1788868194400,1788868199400,100,1.0,0.26999999582767487,0.25999997556209564,18.518518804686227,5.0,0.36064814108287124,-0.5458337044182434,69.94764037168898,0.0,0.9691237807273865
1788868204400,1788868204400,1788868209400,101,1.0,0.19999999582767486,0.17999999940395356,25.000000521540652,5.0,0.3845000044152142,-0.8844999254390579,69.06314044624992,0.0,0.9687705636024475
1788868214400,1788868214400,1788868219400,101,1.0,0.19999999582767486,0.17999999940395356,25.000000521540652,5.0,0.3845000044152142,-0.8844999254390579,68.17864052081086,0.0,0.978273868560791
1788868224400,1788868224400,1788868229400,100,1.0,0.26999999582767487,0.25999997556209564,18.518518804686227,5.0,0.36064814108287124,-0.5458337044182434,67.63280681639262,0.0,0.9761560559272766
1788868234400,1788868234400,1788868239400,17,-1.0,0.4399999976158142,0.1299999922513962,8.928571390558263,5.0,0.16049106805775393,2.607366110911897,70.24017292730451,-32.999999821186066,-0.9386935234069824
1788868244400,1788868244400,1788868249400,100,1.0,0.26999999582767487,0.4399999976158142,18.518518804686227,5.0,0.41064815245190606,2.737500077458445,72.97767300476296,18.000000715255737,0.9713950157165527
1788868254400,1788868254400,1788868259400,101,1.0,0.19999999582767486,0.17999999940395356,25.000000521540652,5.0,0.3845000044152142,-0.8844999254390579,72.0931730793239,0.0,0.964883029460907
1788868264400,1788868264400,1788868269400,101,1.0,0.19999999582767486,0.17999999940395356,25.000000521540652,5.0,0.3845000044152142,-0.8844999254390579,71.20867315388485,0.0,0.9537826776504517
1788868274400,1788868274400,1788868279400,101,1.0,0.19999999582767486,0.17999999940395356,25.000000521540652,5.0,0.3845000044152142,-0.8844999254390579,70.32417322844579,0.0,0.9711824059486389
1788868284400,1788868284400,1788868289400,100,1.0,0.26999999582767487,0.4399999976158142,18.518518804686227,5.0,0.41064815245190606,2.737500077458445,73.06167330590424,18.000000715255737,0.9603380560874939
1788868294400,1788868294400,1788868299400,101,1.0,0.19999999582767486,0.17999999940395356,25.000000521540652,5.0,0.3845000044152142,-0.8844999254390579,72.17717338046518,0.0,0.9765057563781738
1788868304400,1788868304400,1788868309400,101,1.0,0.19999999582767486,0.33000001311302185,25.000000521540652,5.0,0.4763750123817474,2.773625487552221,74.9507988680174,14.500001072883606,0.9720162749290466
1788868314400,1788868314400,1788868319400,101,1.0,0.19999999582767486,0.17999999940395356,25.000000521540652,5.0,0.3845000044152142,-0.8844999254390579,74.06629894257834,0.0,0.9711549878120422
1788868324400,1788868324400,1788868329400,100,1.0,0.26999999582767487,0.25999997556209564,18.518518804686227,5.0,0.36064814108287124,-0.5458337044182434,73.5204652381601,0.0,0.9749988913536072
1788868350600,1788868350600,1788868355600,100,1.0,0.26999999582767487,0.25999997556209564,18.518518804686227,5.0,0.36064814108287124,-0.5458337044182434,72.97463153374186,0.0,0.9740046858787537
1788868360600,1788868360600,1788868365600,101,1.0,0.19999999582767486,0.17999999940395356,25.000000521540652,5.0,0.3845000044152142,-0.8844999254390579,72.0901316083028,0.0,0.972062349319458
1788868383400,1788868383400,1788868388400,100,1.0,0.26999999582767487,0.4399999976158142,18.518518804686227,5.0,0.41064815245190606,2.737500077458445,74.82763168576125,18.000000715255737,0.9677426815032959
1788868394800,1788868394800,1788868399800,101,1.0,0.19999999582767486,0.17999999940395356,25.000000521540652,5.0,0.3845000044152142,-0.8844999254390579,73.94313176032219,0.0,0.9772396683692932
1788868404800,1788868404800,1788868409800,101,1.0,0.19999999582767486,0.17999999940395356,25.000000521540652,5.0,0.3845000044152142,-0.8844999254390579,73.05863183488313,0.0,0.9664905667304993
1788868414800,1788868414800,1788868419800,101,1.0,0.19999999582767486,0.17999999940395356,25.000000521540652,5.0,0.3845000044152142,-0.8844999254390579,72.17413190944407,0.0,0.962756335735321
1788868424800,1788868424800,1788868429800,101,1.0,0.19999999582767486,0.17999999940395356,25.000000521540652,5.0,0.3845000044152142,-0.8844999254390579,71.28963198400501,0.0,0.9623845815658569
1788868501000,1788868501000,1788868506000,101,1.0,0.19999999582767486,0.17999999940395356,25.000000521540652,5.0,0.3845000044152142,-0.8844999254390579,70.40513205856595,0.0,0.9628704786300659
1788868511000,1788868511000,1788868516000,101,1.0,0.19999999582767486,0.17999999940395356,25.000000521540652,5.0,0.3845000044152142,-0.8844999254390579,69.5206321331269,0.0,0.9665659070014954
1788868521000,1788868521000,1788868526000,101,1.0,0.19999999582767486,0.17999999940395356,25.000000521540652,5.0,0.3845000044152142,-0.8844999254390579,68.63613220768784,0.0,0.9395676255226135
1788868531000,1788868531000,1788868536000,101,1.0,0.19999999582767486,0.17999999940395356,25.000000521540652,5.0,0.3845000044152142,-0.8844999254390579,67.75163228224878,0.0,0.9663246870040894
1788868564400,1788868564400,1788868569400,101,1.0,0.19999999582767486,0.33000001311302185,25.000000521540652,5.0,0.4763750123817474,2.773625487552221,70.525257769801,14.500001072883606,0.9610303044319153
1788868574400,1788868574400,1788868579400,101,1.0,0.19999999582767486,0.17999999940395356,25.000000521540652,5.0,0.3845000044152142,-0.8844999254390579,69.64075784436194,0.0,0.956322968006134
1788868584400,1788868584400,1788868589400,101,1.0,0.19999999582767486,0.17999999940395356,25.000000521540652,5.0,0.3845000044152142,-0.8844999254390579,68.75625791892288,0.0,0.9578965306282043
1788868594400,1788868594400,1788868599400,101,1.0,0.19999999582767486,0.17999999940395356,25.000000521540652,5.0,0.3845000044152142,-0.8844999254390579,67.87175799348383,0.0,0.9389635324478149
1788868604400,1788868604400,1788868609400,101,1.0,0.19999999582767486,0.17999999940395356,25.000000521540652,5.0,0.3845000044152142,-0.8844999254390579,66.98725806804477,0.0,0.9363787174224854
1788868619000,1788868619000,1788868624000,101,1.0,0.19999999582767486,0.17999999940395356,25.000000521540652,5.0,0.3845000044152142,-0.8844999254390579,66.10275814260571,0.0,0.9527180194854736
1788868630000,1788868630000,1788868635000,101,1.0,0.19999999582767486,0.17999999940395356,25.000000521540652,5.0,0.3845000044152142,-0.8844999254390579,65.21825821716665,0.0,0.9562588930130005
1788868641200,1788868641200,1788868646200,101,1.0,0.19999999582767486,0.17999999940395356,25.000000521540652,5.0,0.3845000044152142,-0.8844999254390579,64.33375829172759,0.0,0.9523472189903259
1788868652400,1788868652400,1788868657400,101,1.0,0.19999999582767486,0.17999999940395356,25.000000521540652,5.0,0.3845000044152142,-0.8844999254390579,63.44925836628853,0.0,0.9566227197647095
1788868667000,1788868667000,1788868672000,101,1.0,0.19999999582767486,0.17999999940395356,25.000000521540652,5.0,0.3845000044152142,-0.8844999254390579,62.564758440849474,0.0,0.956417441368103
1788868677400,1788868677400,1788868682400,101,1.0,0.19999999582767486,0.17999999940395356,25.000000521540652,5.0,0.3845000044152142,-0.8844999254390579,61.680258515410415,0.0,0.9203482866287231
1788868687400,1788868687400,1788868692400,101,1.0,0.19999999582767486,0.17999999940395356,25.000000521540652,5.0,0.3845000044152142,-0.8844999254390579,60.795758589971356,0.0,0.9475044012069702
1788868698200,1788868698200,1788868703200,101,1.0,0.19999999582767486,0.17999999940395356,25.000000521540652,5.0,0.3845000044152142,-0.8844999254390579,59.9112586645323,0.0,0.9543634653091431
1788868848400,1788868848400,1788868853400,65,-1.0,0.38999997079372406,0.3999999910593033,8.196720919023454,5.0,0.19586064299386846,-0.27782801829540016,59.633430646236896,0.0,-0.9203311800956726
1788868865800,1788868865800,1788868870800,101,1.0,0.19999999582767486,0.17999999940395356,25.000000521540652,5.0,0.3845000044152142,-0.8844999254390579,58.74893072079784,0.0,0.9606040716171265
1788868876400,1788868876400,1788868881400,101,1.0,0.19999999582767486,0.17999999940395356,25.000000521540652,5.0,0.3845000044152142,-0.8844999254390579,57.86443079535878,0.0,0.9554641842842102
1788868886400,1788868886400,1788868891400,101,1.0,0.19999999582767486,0.17999999940395356,25.000000521540652,5.0,0.3845000044152142,-0.8844999254390579,56.97993086991972,0.0,0.9390888214111328
1788868897200,1788868897200,1788868902200,101,1.0,0.19999999582767486,0.17999999940395356,25.000000521540652,5.0,0.3845000044152142,-0.8844999254390579,56.09543094448066,0.0,0.9676936268806458
1788868907200,1788868907200,1788868912200,101,1.0,0.19999999582767486,0.17999999940395356,25.000000521540652,5.0,0.3845000044152142,-0.8844999254390579,55.2109310190416,0.0,0.9755961298942566
1788868917200,1788868917200,1788868922200,101,1.0,0.19999999582767486,0.17999999940395356,25.000000521540652,5.0,0.3845000044152142,-0.8844999254390579,54.326431093602544,0.0,0.9757570028305054
1788868927200,1788868927200,1788868932200,101,1.0,0.19999999582767486,0.17999999940395356,25.000000521540652,5.0,0.3845000044152142,-0.8844999254390579,53.441931168163485,0.0,0.9653257727622986
1788868937400,1788868937400,1788868942400,101,1.0,0.19999999582767486,0.17999999940395356,25.000000521540652,5.0,0.3845000044152142,-0.8844999254390579,52.55743124272443,0.0,0.9708959460258484
1788868947600,1788868947600,1788868952600,101,1.0,0.19999999582767486,0.17999999940395356,25.000000521540652,5.0,0.3845000044152142,-0.8844999254390579,51.67293131728537,0.0,0.9420017004013062
1788868957600,1788868957600,1788868962600,65,1.0,0.3199999928474426,0.3100000023841858,15.625000349245973,5.0,0.33710938123113016,-0.4933592357119746,51.17957208157339,0.0,0.9699703454971313
1788868967600,1788868967600,1788868972600,101,1.0,0.19999999582767486,0.17999999940395356,25.000000521540652,5.0,0.3845000044152142,-0.8844999254390579,50.29507215613433,0.0,0.9559110999107361
1788868982400,1788868982400,1788868987400,31,-1.0,0.4699999988079071,0.47999998927116394,9.433962242931775,5.0,0.23523584829133443,-0.32957538075137727,49.96549677538295,0.0,-0.9012216925621033
1788869004000,1788869004000,1788869009000,16,-1.0,0.5600000023841858,0.1800000149011612,11.36363642521141,5.0,0.22386364283271068,4.094318056509268,54.05981483189222,-38.999998569488525,-0.9763846397399902
1788869017000,1788869017000,1788869022000,17,-1.0,0.4399999976158142,0.1299999922513962,8.928571390558263,5.0,0.16049106805775393,2.607366110911897,56.667180942804116,-32.999999821186066,-0.9705350399017334
1788869027000,1788869027000,1788869032000,16,-1.0,0.5600000023841858,0.5699999928474426,11.36363642521141,5.0,0.27926136555596576,-0.3928976214359979,56.27428332136812,0.0,-0.9334550499916077
1788869037000,1788869037000,1788869042000,17,-1.0,0.4399999976158142,0.44999998807907104,8.928571390558263,5.0,0.2204910698299277,-0.30977669858601814,55.964506622782096,0.0,-0.944924533367157
1788869047000,1788869047000,1788869052000,17,-1.0,0.4399999976158142,0.1299999922513962,8.928571390558263,5.0,0.16049106805775393,2.607366110911897,58.57187273369399,-32.999999821186066,-0.9305990934371948
1788869101000,1788869101000,1788869106000,44,-1.0,0.3799999952316284,0.38999998569488525,8.064516067008695,5.0,0.19092741615597336,-0.27157249991684185,58.30030023377715,0.0,-0.9058790802955627
1788869128000,1788869128000,1788869133000,44,-1.0,0.3799999952316284,0.38999998569488525,8.064516067008695,5.0,0.19092741615597336,-0.27157249991684185,58.02872773386031,0.0,-0.9294629096984863
1788869138600,1788869138600,1788869143600,44,-1.0,0.3799999952316284,0.38999998569488525,8.064516067008695,5.0,0.19092741615597336,-0.27157249991684185,57.757155233943465,0.0,-0.9357798099517822
1788869238800,1788869238800,1788869243800,65,1.0,0.3199999928474426,0.3100000023841858,15.625000349245973,5.0,0.33710938123113016,-0.4933592357119746,57.26379599823149,0.0,0.9741182923316956
1788869305200,1788869305200,1788869310200,101,1.0,0.19999999582767486,0.33000001311302185,25.000000521540652,5.0,0.4763750123817474,2.773625487552221,60.03742148578371,14.500001072883606,0.9583185911178589
1788869315200,1788869315200,1788869320200,101,1.0,0.19999999582767486,0.17999999940395356,25.000000521540652,5.0,0.3845000044152142,-0.8844999254390579,59.15292156034465,0.0,0.961650013923645
1788869325200,1788869325200,1788869330200,101,1.0,0.19999999582767486,0.17999999940395356,25.000000521540652,5.0,0.3845000044152142,-0.8844999254390579,58.26842163490559,0.0,0.9610294699668884
1788869335400,1788869335400,1788869340400,101,1.0,0.19999999582767486,0.17999999940395356,25.000000521540652,5.0,0.3845000044152142,-0.8844999254390579,57.383921709466534,0.0,0.9619946479797363
1788869345400,1788869345400,1788869350400,101,1.0,0.19999999582767486,0.17999999940395356,25.000000521540652,5.0,0.3845000044152142,-0.8844999254390579,56.499421784027476,0.0,0.9339561462402344
1788869400400,1788869400400,1788869405400,101,1.0,0.19999999582767486,0.17999999940395356,25.000000521540652,5.0,0.3845000044152142,-0.8844999254390579,55.61492185858842,0.0,0.9700882434844971
1788869410400,1788869410400,1788869415400,101,1.0,0.19999999582767486,0.17999999940395356,25.000000521540652,5.0,0.3845000044152142,-0.8844999254390579,54.73042193314936,0.0,0.9652489423751831
1788869420400,1788869420400,1788869425400,101,1.0,0.19999999582767486,0.17999999940395356,25.000000521540652,5.0,0.3845000044152142,-0.8844999254390579,53.8459220077103,0.0,0.9659997820854187
1788869430600,1788869430600,1788869435600,101,1.0,0.19999999582767486,0.17999999940395356,25.000000521540652,5.0,0.3845000044152142,-0.8844999254390579,52.96142208227124,0.0,0.9571755528450012
1788869441200,1788869441200,1788869446200,101,1.0,0.19999999582767486,0.17999999940395356,25.000000521540652,5.0,0.3845000044152142,-0.8844999254390579,52.07692215683218,0.0,0.9660438895225525
1788869468400,1788869468400,1788869473400,101,1.0,0.19999999582767486,0.17999999940395356,25.000000521540652,5.0,0.3845000044152142,-0.8844999254390579,51.192422231393124,0.0,0.973743200302124
1788869478400,1788869478400,1788869483400,101,1.0,0.19999999582767486,0.17999999940395356,25.000000521540652,5.0,0.3845000044152142,-0.8844999254390579,50.307922305954065,0.0,0.9541254639625549
1788869488400,1788869488400,1788869493400,101,1.0,0.19999999582767486,0.17999999940395356,25.000000521540652,5.0,0.3845000044152142,-0.8844999254390579,49.42342238051501,0.0,0.9217953681945801
1788869499200,1788869499200,1788869504200,101,1.0,0.19999999582767486,0.17999999940395356,25.000000521540652,5.0,0.3845000044152142,-0.8844999254390579,48.53892245507595,0.0,0.9747336506843567
1788869509200,1788869509200,1788869514200,101,1.0,0.19999999582767486,0.17999999940395356,25.000000521540652,5.0,0.3845000044152142,-0.8844999254390579,47.65442252963689,0.0,0.9587419033050537
1788869519200,1788869519200,1788869524200,101,1.0,0.19999999582767486,0.17999999940395356,25.000000521540652,5.0,0.3845000044152142,-0.8844999254390579,46.76992260419783,0.0,0.9591783881187439
1788869529200,1788869529200,1788869534200,101,1.0,0.19999999582767486,0.17999999940395356,25.000000521540652,5.0,0.3845000044152142,-0.8844999254390579,45.88542267875877,0.0,0.9603172540664673
1788869539200,1788869539200,1788869544200,101,1.0,0.19999999582767486,0.33000001311302185,25.000000521540652,5.0,0.4763750123817474,2.773625487552221,48.659048166310995,14.500001072883606,0.9618878364562988
1788869549200,1788869549200,1788869554200,101,1.0,0.19999999582767486,0.17999999940395356,25.000000521540652,5.0,0.3845000044152142,-0.8844999254390579,47.77454824087194,0.0,0.961144745349884
1788869559600,1788869559600,1788869564600,101,1.0,0.19999999582767486,0.17999999940395356,25.000000521540652,5.0,0.3845000044152142,-0.8844999254390579,46.89004831543288,0.0,0.9574203491210938
1788869569600,1788869569600,1788869574600,101,1.0,0.19999999582767486,0.17999999940395356,25.000000521540652,5.0,0.3845000044152142,-0.8844999254390579,46.00554838999382,0.0,0.9614385962486267
1788869579600,1788869579600,1788869584600,101,1.0,0.19999999582767486,0.17999999940395356,25.000000521540652,5.0,0.3845000044152142,-0.8844999254390579,45.12104846455476,0.0,0.9557598233222961
1788869662600,1788869662600,1788869667600,101,1.0,0.19999999582767486,0.17999999940395356,25.000000521540652,5.0,0.3845000044152142,-0.8844999254390579,44.2365485391157,0.0,0.9712682366371155
1788869672600,1788869672600,1788869677600,94,1.0,0.19000000536441802,0.17000000894069672,26.315788730690045,5.0,0.3881578959182027,-0.9144735764194089,43.32207496269629,0.0,0.9777717590332031
1788869683000,1788869683000,1788869688000,101,1.0,0.19999999582767486,0.17999999940395356,25.000000521540652,5.0,0.3845000044152142,-0.8844999254390579,42.43757503725723,0.0,0.9762270450592041
1788869693000,1788869693000,1788869698000,101,1.0,0.19999999582767486,0.17999999940395356,25.000000521540652,5.0,0.3845000044152142,-0.8844999254390579,41.553075111818174,0.0,0.9599206447601318
1788869703200,1788869703200,1788869708200,101,1.0,0.19999999582767486,0.17999999940395356,25.000000521540652,5.0,0.3845000044152142,-0.8844999254390579,40.668575186379115,0.0,0.9536120891571045
1788869713200,1788869713200,1788869718200,101,1.0,0.19999999582767486,0.17999999940395356,25.000000521540652,5.0,0.3845000044152142,-0.8844999254390579,39.78407526094006,0.0,0.961500346660614
1788869732800,1788869732800,1788869737800,30,1.0,0.16999999463558196,0.1599999886751175,29.411765633982387,5.0,0.40514705507658316,-0.6992648867241908,39.08481037421586,0.0,0.9830636978149414
1788869830400,1788869830400,1788869835400,30,1.0,0.16999999463558196,0.1599999886751175,29.411765633982387,5.0,0.40514705507658316,-0.6992648867241908,38.38554548749167,0.0,0.9856712222099304
1788869840400,1788869840400,1788869845400,101,1.0,0.19999999582767486,0.17999999940395356,25.000000521540652,5.0,0.3845000044152142,-0.8844999254390579,37.50104556205261,0.0,0.96551513671875
1788869850400,1788869850400,1788869855400,17,-1.0,0.4399999976158142,0.44999998807907104,8.928571390558263,5.0,0.2204910698299277,-0.30977669858601814,37.19126886346659,0.0,-0.9219176173210144
1788869860400,1788869860400,1788869865400,17,-1.0,0.4399999976158142,0.44999998807907104,8.928571390558263,5.0,0.2204910698299277,-0.30977669858601814,36.88149216488057,0.0,-0.9058386087417603
1788869870400,1788869870400,1788869875400,101,1.0,0.19999999582767486,0.17999999940395356,25.000000521540652,5.0,0.3845000044152142,-0.8844999254390579,35.99699223944151,0.0,0.966081976890564
1788869880800,1788869880800,1788869885800,101,1.0,0.19999999582767486,0.17999999940395356,25.000000521540652,5.0,0.3845000044152142,-0.8844999254390579,35.11249231400245,0.0,0.9682844877243042
1788869890800,1788869890800,1788869895800,101,1.0,0.19999999582767486,0.17999999940395356,25.000000521540652,5.0,0.3845000044152142,-0.8844999254390579,34.22799238856339,0.0,0.9520992636680603
1788869900800,1788869900800,1788869905800,101,1.0,0.19999999582767486,0.17999999940395356,25.000000521540652,5.0,0.3845000044152142,-0.8844999254390579,33.343492463124335,0.0,0.9298867583274841
1788870041800,1788870041800,1788870046800,100,-1.0,0.4300000071525574,0.44999998807907104,8.771929934634617,5.0,0.2160526342063949,-0.39149106558780156,32.952001397536534,0.4999995231628418,-0.912926971912384
1788870051800,1788870051800,1788870056800,101,1.0,0.19999999582767486,0.17999999940395356,25.000000521540652,5.0,0.3845000044152142,-0.8844999254390579,32.067501472097476,0.0,0.9699693918228149
1788870061800,1788870061800,1788870066800,101,1.0,0.19999999582767486,0.17999999940395356,25.000000521540652,5.0,0.3845000044152142,-0.8844999254390579,31.183001546658417,0.0,0.954261839389801
1788870071800,1788870071800,1788870076800,101,1.0,0.19999999582767486,0.17999999940395356,25.000000521540652,5.0,0.3845000044152142,-0.8844999254390579,30.29850162121936,0.0,0.9510184526443481
1788870081800,1788870081800,1788870086800,101,1.0,0.19999999582767486,0.17999999940395356,25.000000521540652,5.0,0.3845000044152142,-0.8844999254390579,29.4140016957803,0.0,0.9444053173065186
1788870201200,1788870201200,1788870206200,101,1.0,0.19999999582767486,0.17999999940395356,25.000000521540652,5.0,0.3845000044152142,-0.8844999254390579,28.52950177034124,0.0,0.9782843589782715
1788870224400,1788870224400,1788870229400,101,1.0,0.19999999582767486,0.33000001311302185,25.000000521540652,5.0,0.4763750123817474,2.773625487552221,31.30312725789346,14.500001072883606,0.9813343286514282
1788870234400,1788870234400,1788870239400,17,-1.0,0.4399999976158142,0.44999998807907104,8.928571390558263,5.0,0.2204910698299277,-0.30977669858601814,30.993350559307444,0.0,-0.900790274143219
1788870244400,1788870244400,1788870249400,101,1.0,0.19999999582767486,0.33000001311302185,25.000000521540652,5.0,0.4763750123817474,2.773625487552221,33.76697604685967,14.500001072883606,0.9800592660903931
1788870265200,1788870265200,1788870270200,31,-1.0,0.4699999988079071,0.47999998927116394,9.433962242931775,5.0,0.23523584829133443,-0.32957538075137727,33.43740066610829,0.0,-0.9583902359008789
1788870297400,1788870297400,1788870302400,31,-1.0,0.4699999988079071,0.47999998927116394,9.433962242931775,5.0,0.23523584829133443,-0.32957538075137727,33.10782528535691,0.0,-0.9710689783096313
1788870307400,1788870307400,1788870312400,101,1.0,0.19999999582767486,0.17999999940395356,25.000000521540652,5.0,0.3845000044152142,-0.8844999254390579,32.22332535991785,0.0,0.9439719915390015
1788870317400,1788870317400,1788870322400,101,1.0,0.19999999582767486,0.17999999940395356,25.000000521540652,5.0,0.3845000044152142,-0.8844999254390579,31.338825434478792,0.0,0.9311698079109192
1788870344600,1788870344600,1788870349600,101,1.0,0.19999999582767486,0.17999999940395356,25.000000521540652,5.0,0.3845000044152142,-0.8844999254390579,30.454325509039734,0.0,0.967510461807251
1788870354800,1788870354800,1788870359800,101,1.0,0.19999999582767486,0.17999999940395356,25.000000521540652,5.0,0.3845000044152142,-0.8844999254390579,29.569825583600675,0.0,0.9602230787277222
1788870364800,1788870364800,1788870369800,101,1.0,0.19999999582767486,0.17999999940395356,25.000000521540652,5.0,0.3845000044152142,-0.8844999254390579,28.685325658161617,0.0,0.9426577091217041
1788870377400,1788870377400,1788870382400,31,-1.0,0.4699999988079071,0.47999998927116394,9.433962242931775,5.0,0.23523584829133443,-0.32957538075137727,28.355750277410237,0.0,-0.9572526216506958
1788870389400,1788870389400,1788870394400,31,-1.0,0.4699999988079071,0.47999998927116394,9.433962242931775,5.0,0.23523584829133443,-0.32957538075137727,28.02617489665886,0.0,-0.905166506767273
1788870416400,1788870416400,1788870421400,16,-1.0,0.5600000023841858,0.5699999928474426,11.36363642521141,5.0,0.27926136555596576,-0.3928976214359979,27.63327727522286,0.0,-0.9407448768615723
1788870504200,1788870504200,1788870509200,101,1.0,0.19999999582767486,0.17999999940395356,25.000000521540652,5.0,0.3845000044152142,-0.8844999254390579,26.7487773497838,0.0,0.9620738625526428
1788870514200,1788870514200,1788870519200,101,1.0,0.19999999582767486,0.17999999940395356,25.000000521540652,5.0,0.3845000044152142,-0.8844999254390579,25.864277424344742,0.0,0.978478729724884
1788870525400,1788870525400,1788870530400,101,1.0,0.19999999582767486,0.17999999940395356,25.000000521540652,5.0,0.3845000044152142,-0.8844999254390579,24.979777498905683,0.0,0.9748497009277344
1788870535400,1788870535400,1788870540400,16,-1.0,0.5600000023841858,0.5699999928474426,11.36363642521141,5.0,0.27926136555596576,-0.3928976214359979,24.586879877469684,0.0,-0.9776744842529297
1788870545400,1788870545400,1788870550400,65,1.0,0.3199999928474426,0.38999997079372406,15.625000349245973,5.0,0.35585937592259076,0.7378903039352671,25.32477018140495,7.999998331069946,0.9462473392486572
1788870555400,1788870555400,1788870560400,65,1.0,0.3199999928474426,0.3100000023841858,15.625000349245973,5.0,0.33710938123113016,-0.4933592357119746,24.831410945692976,0.0,0.9671133160591125
1788870565400,1788870565400,1788870570400,101,1.0,0.19999999582767486,0.17999999940395356,25.000000521540652,5.0,0.3845000044152142,-0.8844999254390579,23.946911020253918,0.0,0.9531524181365967
1788870575400,1788870575400,1788870580400,101,1.0,0.19999999582767486,0.17999999940395356,25.000000521540652,5.0,0.3845000044152142,-0.8844999254390579,23.06241109481486,0.0,0.9301152229309082
1788870607400,1788870607400,1788870612400,101,1.0,0.19999999582767486,0.17999999940395356,25.000000521540652,5.0,0.3845000044152142,-0.8844999254390579,22.1779111693758,0.0,0.9639803171157837
1788870617400,1788870617400,1788870622400,101,1.0,0.19999999582767486,0.17999999940395356,25.000000521540652,5.0,0.3845000044152142,-0.8844999254390579,21.293411243936742,0.0,0.9750499129295349
1788870627400,1788870627400,1788870632400,101,1.0,0.19999999582767486,0.17999999940395356,25.000000521540652,5.0,0.3845000044152142,-0.8844999254390579,20.408911318497683,0.0,0.9568393230438232
1788870637400,1788870637400,1788870642400,31,-1.0,0.4699999988079071,0.47999998927116394,9.433962242931775,5.0,0.23523584829133443,-0.32957538075137727,20.079335937746308,0.0,-0.9131469130516052
1788870647600,1788870647600,1788870652600,101,1.0,0.19999999582767486,0.17999999940395356,25.000000521540652,5.0,0.3845000044152142,-0.8844999254390579,19.19483601230725,0.0,0.9587251543998718
1788870661800,1788870661800,1788870666800,101,1.0,0.19999999582767486,0.17999999940395356,25.000000521540652,5.0,0.3845000044152142,-0.8844999254390579,18.31033608686819,0.0,0.9736679792404175
1788870671800,1788870671800,1788870676800,101,1.0,0.19999999582767486,0.33000001311302185,25.000000521540652,5.0,0.4763750123817474,2.773625487552221,21.08396157442041,14.500001072883606,0.9568694233894348
1788870802800,1788870802800,1788870807800,101,1.0,0.19999999582767486,0.17999999940395356,25.000000521540652,5.0,0.3845000044152142,-0.8844999254390579,20.19946164898135,0.0,0.9671350121498108
1788870812800,1788870812800,1788870817800,101,1.0,0.19999999582767486,0.17999999940395356,25.000000521540652,5.0,0.3845000044152142,-0.8844999254390579,19.314961723542293,0.0,0.959809422492981
1788870822800,1788870822800,1788870827800,101,1.0,0.19999999582767486,0.17999999940395356,25.000000521540652,5.0,0.3845000044152142,-0.8844999254390579,18.430461798103234,0.0,0.9600579142570496
1788870833000,1788870833000,1788870838000,101,1.0,0.19999999582767486,0.17999999940395356,25.000000521540652,5.0,0.3845000044152142,-0.8844999254390579,17.545961872664176,0.0,0.9694194197654724
1788870843600,1788870843600,1788870848600,101,1.0,0.19999999582767486,0.17999999940395356,25.000000521540652,5.0,0.3845000044152142,-0.8844999254390579,16.661461947225117,0.0,0.9685691595077515
1788870853600,1788870853600,1788870858600,101,1.0,0.19999999582767486,0.17999999940395356,25.000000521540652,5.0,0.3845000044152142,-0.8844999254390579,15.776962021786058,0.0,0.9734717607498169
1788870864400,1788870864400,1788870869400,101,1.0,0.19999999582767486,0.17999999940395356,25.000000521540652,5.0,0.3845000044152142,-0.8844999254390579,14.892462096347,0.0,0.9674085378646851
1788870874400,1788870874400,1788870879400,101,1.0,0.19999999582767486,0.17999999940395356,25.000000521540652,5.0,0.3845000044152142,-0.8844999254390579,14.007962170907941,0.0,0.9564361572265625
1788870885600,1788870885600,1788870890600,101,1.0,0.19999999582767486,0.17999999940395356,25.000000521540652,5.0,0.3845000044152142,-0.8844999254390579,13.123462245468883,0.0,0.9622163772583008
1788870915600,1788870915600,1788870920600,65,1.0,0.3199999928474426,0.3100000023841858,15.625000349245973,5.0,0.33710938123113016,-0.4933592357119746,12.630103009756908,0.0,0.910922646522522
1788870962200,1788870962200,1788870967200,101,1.0,0.19999999582767486,0.17999999940395356,25.000000521540652,5.0,0.3845000044152142,-0.8844999254390579,11.74560308431785,0.0,0.9658002257347107
1788870973200,1788870973200,1788870978200,101,1.0,0.19999999582767486,0.17999999940395356,25.000000521540652,5.0,0.3845000044152142,-0.8844999254390579,10.861103158878791,0.0,0.9628278613090515
1788870983200,1788870983200,1788870988200,101,1.0,0.19999999582767486,0.17999999940395356,25.000000521540652,5.0,0.3845000044152142,-0.8844999254390579,9.976603233439732,0.0,0.9720615744590759
1788870994400,1788870994400,1788870999400,101,1.0,0.19999999582767486,0.33000001311302185,25.000000521540652,5.0,0.4763750123817474,2.773625487552221,12.750228720991952,14.500001072883606,0.9830272197723389
1788871161400,1788871161400,1788871166400,101,1.0,0.19999999582767486,0.33000001311302185,25.000000521540652,5.0,0.4763750123817474,2.773625487552221,15.523854208544172,14.500001072883606,0.9692406058311462
1788871171400,1788871171400,1788871176400,30,1.0,0.16999999463558196,0.1599999886751175,29.411765633982387,5.0,0.40514705507658316,-0.6992648867241908,14.824589321819982,0.0,0.9539369344711304
1788871182000,1788871182000,1788871187000,101,1.0,0.19999999582767486,0.17999999940395356,25.000000521540652,5.0,0.3845000044152142,-0.8844999254390579,13.940089396380923,0.0,0.9283056855201721
1788871192000,1788871192000,1788871197000,101,1.0,0.19999999582767486,0.17999999940395356,25.000000521540652,5.0,0.3845000044152142,-0.8844999254390579,13.055589470941865,0.0,0.9646416902542114
1788871202000,1788871202000,1788871207000,101,1.0,0.19999999582767486,0.17999999940395356,25.000000521540652,5.0,0.3845000044152142,-0.8844999254390579,12.171089545502806,0.0,0.9488820433616638
1788871212000,1788871212000,1788871217000,101,1.0,0.19999999582767486,0.17999999940395356,25.000000521540652,5.0,0.3845000044152142,-0.8844999254390579,11.286589620063747,0.0,0.9524921774864197
1788871222000,1788871222000,1788871227000,101,1.0,0.19999999582767486,0.17999999940395356,25.000000521540652,5.0,0.3845000044152142,-0.8844999254390579,10.402089694624689,0.0,0.9692971110343933
1788871232000,1788871232000,1788871237000,101,1.0,0.19999999582767486,0.17999999940395356,25.000000521540652,5.0,0.3845000044152142,-0.8844999254390579,9.51758976918563,0.0,0.9541860818862915
1788871242000,1788871242000,1788871247000,101,1.0,0.19999999582767486,0.17999999940395356,25.000000521540652,5.0,0.3845000044152142,-0.8844999254390579,8.633089843746571,0.0,0.9590914249420166
1788871252400,1788871252400,1788871257400,101,1.0,0.19999999582767486,0.17999999940395356,25.000000521540652,5.0,0.3845000044152142,-0.8844999254390579,7.7485899183075135,0.0,0.9546496868133545
1788871271600,1788871271600,1788871276600,101,1.0,0.19999999582767486,0.17999999940395356,25.000000521540652,5.0,0.3845000044152142,-0.8844999254390579,6.864089992868456,0.0,0.9714014530181885
1788871281600,1788871281600,1788871286600,101,1.0,0.19999999582767486,0.17999999940395356,25.000000521540652,5.0,0.3845000044152142,-0.8844999254390579,5.979590067429398,0.0,0.9653692841529846
1788871308800,1788871308800,1788871313800,30,1.0,0.16999999463558196,0.1599999886751175,29.411765633982387,5.0,0.40514705507658316,-0.6992648867241908,5.280325180705207,0.0,0.9830482006072998
1788871318800,1788871318800,1788871323800,30,1.0,0.16999999463558196,0.1599999886751175,29.411765633982387,5.0,0.40514705507658316,-0.6992648867241908,4.581060293981016,0.0,0.9136704206466675
1788871330400,1788871330400,1788871335400,17,-1.0,0.4399999976158142,0.44999998807907104,8.180464775852265,4.581060293981016,0.20201657703505543,-0.28382114677858655,4.29723914720243,0.0,-0.9715524315834045
1788871340400,1788871340400,1788871345400,17,-1.0,0.4399999976158142,0.1199999976158142,7.67364130161972,4.29723914720243,0.13505608610351008,2.3205091304148002,6.61774827761723,-33.49999934434891,-0.9286932349205017
1788871350400,1788871350400,1788871355400,17,-1.0,0.4399999976158142,0.44999998807907104,8.928571390558263,5.0,0.2204910698299277,-0.30977669858601814,6.3079715790312125,0.0,-0.9341661334037781
1788871366400,1788871366400,1788871371400,17,-1.0,0.4399999976158142,0.44999998807907104,8.928571390558263,5.0,0.2204910698299277,-0.30977669858601814,5.998194880445195,0.0,-0.97280353307724
1788871376400,1788871376400,1788871381400,17,-1.0,0.4399999976158142,0.44999998807907104,8.928571390558263,5.0,0.2204910698299277,-0.30977669858601814,5.688418181859177,0.0,-0.9613901376724243
1788871386400,1788871386400,1788871391400,101,1.0,0.19999999582767486,0.17999999940395356,25.000000521540652,5.0,0.3845000044152142,-0.8844999254390579,4.803918256420119,0.0,0.9040219783782959
1788871440800,1788871440800,1788871445800,101,1.0,0.19999999582767486,0.17999999940395356,24.01959178318833,4.803918256420119,0.3694213181607728,-0.8498130679237849,3.9541051884963343,0.0,0.9759615063667297
1788871450800,1788871450800,1788871455800,101,1.0,0.19999999582767486,0.33000001311302185,19.770526354926993,3.9541051884963343,0.3767273816257346,2.1934413862551825,6.147546574751517,14.500001072883606,0.959446370601654
1788871460800,1788871460800,1788871465800,101,1.0,0.19999999582767486,0.17999999940395356,25.000000521540652,5.0,0.3845000044152142,-0.8844999254390579,5.263046649312459,0.0,0.9714390635490417
1788871470800,1788871470800,1788871475800,30,1.0,0.16999999463558196,0.1599999886751175,29.411765633982387,5.0,0.40514705507658316,-0.6992648867241908,4.563781762588269,0.0,0.9713906645774841
1788871480800,1788871480800,1788871485800,30,1.0,0.16999999463558196,0.1599999886751175,26.845775921177843,4.563781762588269,0.369800548224971,-0.6382584674500429,3.925523295138226,0.0,0.9686017036437988
1788871490800,1788871490800,1788871495800,16,-1.0,0.5600000023841858,0.5699999928474426,8.921643900929734,3.925523295138226,0.21924939918441108,-0.3084657531102819,3.6170575420279443,0.0,-0.9392244815826416
1788871508000,1788871508000,1788871513000,44,-1.0,0.3799999952316284,0.38999998569488525,5.833963732595866,3.6170575420279443,0.13811909011737428,-0.1964586718063192,3.420598870221625,0.0,-0.9115479588508606
1788871523800,1788871523800,1788871528800,101,1.0,0.19999999582767486,0.17999999940395356,17.1029947079044,3.420598870221625,0.26304405614057835,-0.6051038891335907,2.815494981088034,0.0,0.9707717299461365
1788871533800,1788871533800,1788871538800,101,1.0,0.19999999582767486,0.17999999940395356,14.077475199119188,2.815494981088034,0.2165115665318725,-0.49806102016928155,2.3174339609187524,0.0,0.9708329439163208
1788871543800,1788871543800,1788871548800,101,1.0,0.19999999582767486,0.17999999940395356,11.587170046320967,2.3174339609187524,0.17821067364104556,-0.40995403312851547,1.907479927790237,0.0,0.9751850366592407
1788871553800,1788871553800,1788871558800,101,1.0,0.19999999582767486,0.17999999940395356,9.537399837916851,1.907479927790237,0.14668520813145575,-0.3374331707813929,1.570046757008844,0.0,0.9660024642944336
1788871563800,1788871563800,1788871568800,101,1.0,0.19999999582767486,0.17999999940395356,7.850233948812863,1.570046757008844,0.12073659700039868,-0.2777412479020315,1.2923055091068125,0.0,0.9650930762290955
1788871573800,1788871573800,1788871578800,101,1.0,0.19999999582767486,0.17999999940395356,6.4615276803320345,1.2923055091068125,0.09937829479147502,-0.2286088252898919,1.0636966838169206,0.0,0.9534193277359009
1788871585000,1788871585000,1788871590000,101,1.0,0.19999999582767486,0.17999999940395356,5.318483530036816,1.0636966838169206,0.08179827592481094,-0.1881679275051679,0.8755287563117528,0.0,0.9679468870162964
1788871595600,1788871595600,1788871600600,101,1.0,0.19999999582767486,0.17999999940395356,4.377643872883532,0.8755287563117528,0.06732816213350319,-0.1548810239354993,0.7206477323762535,0.0,0.9705904722213745
1788871605600,1788871605600,1788871610600,101,1.0,0.19999999582767486,0.17999999940395356,3.603238737050685,0.7206477323762535,0.05541781125609672,-0.12748257311092448,0.593165159265329,0.0,0.9459308385848999
1788871622400,1788871622400,1788871627400,16,-1.0,0.5600000023841858,0.5699999928474426,1.348102641998764,0.593165159265329,0.033129622475331535,-0.04661063603881052,0.5465545232265184,0.0,-0.9022859334945679
1788871682400,1788871682400,1788871687400,16,-1.0,0.5600000023841858,0.5699999928474426,1.242169377700184,0.5465545232265184,0.030526312501405466,-0.04294799443215699,0.5036065287943614,0.0,-0.967458188533783
1788871801800,1788871801800,1788871806800,93,-1.0,0.5,0.5099999904632568,1.0072130575887228,0.5036065287943614,0.025175290384035653,-0.03524741135439064,0.4683591174399708,0.0,-0.93121737241745
1788871825200,1788871825200,1788871830200,9,-1.0,0.4699999988079071,0.47999998927116394,0.8836964460123067,0.4683591174399708,0.02203497085919445,-0.030871926891731474,0.4374871905482393,0.0,-0.9635869264602661
1788871844400,1788871844400,1788871849400,16,-1.0,0.5600000023841858,0.1800000149011612,0.9942890748154755,0.4374871905482393,0.019587495233755418,0.3582423407506334,0.7957295312988727,-38.999998569488525,-0.9747204780578613
1788871854400,1788871854400,1788871859400,16,-1.0,0.5600000023841858,0.5699999928474426,1.8084762172968545,0.7957295312988727,0.044443303104746354,-0.06252804803074169,0.7332014832681311,0.0,-0.9443206787109375
1788871865000,1788871865000,1788871870000,16,-1.0,0.5600000023841858,0.5699999928474426,1.6663670164569537,0.7332014832681311,0.04095096948902357,-0.057614623761878855,0.6755868595062522,0.0,-0.9721793532371521
1788871884600,1788871884600,1788871889600,9,-1.0,0.4699999988079071,0.23999999463558197,1.2746921848805672,0.6755868595062522,0.027501483706452053,0.26567772413450863,0.9412645836407608,-23.999999463558197,-0.9021766185760498
1788871910800,1788871910800,1788871915800,93,-1.0,0.5,0.5099999904632568,1.8825291672815216,0.9412645836407608,0.047053816554154825,-0.06587909027377287,0.875385493366988,0.0,-0.9228032827377319
1788871926200,1788871926200,1788871931200,93,-1.0,0.5,0.5099999904632568,1.750770986733976,0.875385493366988,0.04376052083011238,-0.061268214000798904,0.814117279366189,0.0,-0.914829432964325
1788871939600,1788871939600,1788871944600,101,1.0,0.19999999582767486,0.33000001311302185,4.070586481749997,0.814117279366189,0.07756502580765257,0.4516112871813468,1.2657285665475357,14.500001072883606,0.9638519883155823
1788871953200,1788871953200,1788871958200,101,1.0,0.19999999582767486,0.17999999940395356,6.32864296476346,1.2657285665475357,0.09733452788519806,-0.22390736454747623,1.0418212020000595,0.0,0.9809848666191101
1788871963200,1788871963200,1788871968200,101,1.0,0.19999999582767486,0.17999999940395356,5.20910611867072,1.0418212020000595,0.08011605135377733,-0.18429815509797648,0.8575230469020829,0.0,0.9594082236289978
1788871973200,1788871973200,1788871978200,101,1.0,0.19999999582767486,0.17999999940395356,4.2876153239570405,0.8575230469020829,0.06594352306399977,-0.15169581420943323,0.7058272326926497,0.0,0.9564242959022522
1788871984400,1788871984400,1788871989400,101,1.0,0.19999999582767486,0.17999999940395356,3.529136237086768,0.7058272326926497,0.054278114817340455,-0.12486082693790107,0.5809664057547486,0.0,0.9042686820030212
1788872000400,1788872000400,1788872005400,16,-1.0,0.5600000023841858,0.1800000149011612,1.3203782020517625,0.5809664057547486,0.026011451191136938,0.4757322490613913,1.05669865481614,-38.999998569488525,-0.9683579206466675
1788872010400,1788872010400,1788872015400,101,1.0,0.19999999582767486,0.17999999940395356,5.283493384302961,1.05669865481614,0.08126012748847135,-0.1869299762792857,0.8697686785368541,0.0,0.9648666381835938
1788872021200,1788872021200,1788872026200,101,1.0,0.19999999582767486,0.17999999940395356,4.348843483408215,0.8697686785368541,0.06688521214752709,-0.15386206626301507,0.7159066122738391,0.0,0.9558494687080383
1788872031200,1788872031200,1788872036200,101,1.0,0.19999999582767486,0.17999999940395356,3.579533136044076,0.7159066122738391,0.05505321911603444,-0.12664386903550784,0.5892627432383313,0.0,0.9599114656448364
1788872093400,1788872093400,1788872098400,101,1.0,0.19999999582767486,0.17999999940395356,2.9463137776565516,0.5892627432383313,0.04531430547537192,-0.10424057049166374,0.48502217274666753,0.0,0.9766025543212891
1788872103400,1788872103400,1788872108400,101,1.0,0.19999999582767486,0.17999999940395356,2.425110914325094,0.48502217274666753,0.037298205512514095,-0.08580041512614348,0.39922175762052403,0.0,0.9789738655090332
1788872113400,1788872113400,1788872118400,101,1.0,0.19999999582767486,0.17999999940395356,1.9961088297446954,0.39922175762052403,0.030700153513548215,-0.07062232296980063,0.3285994346507234,0.0,0.9756602048873901
1788872123400,1788872123400,1788872128400,101,1.0,0.19999999582767486,0.17999999940395356,1.6429972075292096,0.3285994346507234,0.02526929681480801,-0.058129235089576285,0.2704701995611471,0.0,0.9639641642570496
1788872133400,1788872133400,1788872138400,101,1.0,0.19999999582767486,0.17999999940395356,1.3523510260179763,0.2704701995611471,0.020799158585088986,-0.047846174269064345,0.22262402529208275,0.0,0.9687313437461853
1788872156800,1788872156800,1788872161800,101,1.0,0.19999999582767486,0.17999999940395356,1.1131201496819096,0.22262402529208275,0.017119787741547716,-0.03938218675435803,0.18324183853772472,0.0,0.9691472053527832
1788872167000,1788872167000,1788872172000,101,1.0,0.19999999582767486,0.17999999940395356,0.9162092118022372,0.18324183853772472,0.014091297545361425,-0.03241547850478668,0.15082636003293803,0.0,0.9587891101837158
1788872177000,1788872177000,1788872182000,101,1.0,0.19999999582767486,0.17999999940395356,0.7541318158971059,0.15082636003293803,0.011598547219719074,-0.02668118084067564,0.1241451791922624,0.0,0.9391973614692688
1788872187000,1788872187000,1788872192000,101,1.0,0.19999999582767486,0.17999999940395356,0.6207259089106636,0.1241451791922624,0.00954676438951049,-0.021961280347834917,0.10218389884442748,0.0,0.9735671877861023
1788872198200,1788872198200,1788872203200,101,1.0,0.19999999582767486,0.33000001311302185,0.5109195048807489,0.10218389884442748,0.009735571215445873,0.05668397325047241,0.1588678720948999,14.500001072883606,0.956960916519165
1788872209400,1788872209400,1788872214400,101,1.0,0.19999999582767486,0.17999999940395356,0.7943393770457102,0.1588678720948999,0.01221693950438494,-0.02810372420452015,0.13076414789037974,0.0,0.9712275266647339
1788872220600,1788872220600,1788872225600,101,1.0,0.19999999582767486,0.17999999940395356,0.6538207530916625,0.13076414789037974,0.010055763088240547,-0.023132175811828568,0.10763197207855117,0.0,0.9580428600311279
1788872231800,1788872231800,1788872236800,101,1.0,0.19999999582767486,0.17999999940395356,0.5381598716196456,0.10763197207855117,0.008276898747884228,-0.019040094255667453,0.08859187782288372,0.0,0.9559949636459351
1788872243200,1788872243200,1788872248200,101,1.0,0.19999999582767486,0.17999999940395356,0.44295939835527176,0.08859187782288372,0.006812715482810182,-0.015671901865769357,0.07291997595711436,0.0,0.9516067504882812
1788872254400,1788872254400,1788872259400,101,1.0,0.19999999582767486,0.17999999940395356,0.36459988739171817,0.07291997595711436,0.005607546215493558,-0.01289954265941711,0.06002043329769725,0.0,0.9657590985298157
1788872265600,1788872265600,1788872270600,101,1.0,0.19999999582767486,0.17999999940395356,0.30010217274910544,0.06002043329769725,0.004615571373593533,-0.010617613755326633,0.049402819542370614,0.0,0.9643279910087585
1788872279400,1788872279400,1788872284400,101,1.0,0.19999999582767486,0.33000001311302185,0.24701410286496883,0.049402819542370614,0.004706853754238007,0.02740498388793242,0.07680780343030304,14.500001072883606,0.9698013663291931
1788872289400,1788872289400,1788872294400,101,1.0,0.19999999582767486,0.17999999940395356,0.3840390251631936,0.07680780343030304,0.005906520151614885,-0.013587299281448171,0.06322050414885487,0.0,0.9705104231834412
1788872300000,1788872300000,1788872305000,101,1.0,0.19999999582767486,0.17999999940395356,0.31610252733868693,0.06322050414885487,0.0048616568248733534,-0.011183706241176357,0.05203679790767851,0.0,0.9646482467651367
1788872310000,1788872310000,1788872315000,101,1.0,0.19999999582767486,0.17999999940395356,0.26018399496625366,0.05203679790767851,0.0040016298050512,-0.009205308773885795,0.04283148913379271,0.0,0.9423233270645142
1788872320000,1788872320000,1788872325000,101,1.0,0.19999999582767486,0.17999999940395356,0.21415745013663615,0.04283148913379271,0.0032937415522107,-0.007576889789056696,0.035254599344736015,0.0,0.9539201855659485
1788872492600,1788872492600,1788872497600,17,-1.0,0.4399999976158142,0.44999998807907104,0.06295464141900081,0.035254599344736015,0.0015546648651892623,-0.002184210678997024,0.03307038866573899,0.0,-0.919484555721283
1788872503600,1788872503600,1788872508600,101,1.0,0.19999999582767486,0.33000001311302185,0.1653519467782054,0.03307038866573899,0.0031507813620221224,0.018344974577310352,0.05141536324304934,14.500001072883606,0.980425238609314
1788872513600,1788872513600,1788872518600,100,-1.0,0.4300000071525574,0.4399999976158142,0.0902023927863634,0.05141536324304934,0.002216723805950769,-0.00311874687357735,0.048296616369471995,0.0,-0.9447284936904907
1788872523600,1788872523600,1788872528600,100,-1.0,0.4300000071525574,0.4399999976158142,0.08473090697458714,0.048296616369471995,0.002082262041930692,-0.0029295703036196657,0.04536704606585233,0.0,-0.9287458658218384
1788872533600,1788872533600,1788872538600,100,-1.0,0.4300000071525574,0.4399999976158142,0.07959130988619954,0.04536704606585233,0.0019559564432997606,-0.0027518687831198756,0.04261517728273245,0.0,-0.9273368120193481
1788872543600,1788872543600,1788872548600,100,-1.0,0.4300000071525574,0.4399999976158142,0.07476346985523238,0.04261517728273245,0.0018373122743660856,-0.0025849462599183996,0.040030231022814056,0.0,-0.912603497505188
1788872635000,1788872635000,1788872640000,101,1.0,0.19999999582767486,0.33000001311302185,0.20015115928954885,0.040030231022814056,0.003813880359827451,0.022205773807496137,0.06223600483031019,14.500001072883606,0.982194721698761
1788872646400,1788872646400,1788872651400,101,1.0,0.19999999582767486,0.33000001311302185,0.31118003064327227,0.06223600483031019,0.005929535514325901,0.0345238738481543,0.0967598786784645,14.500001072883606,0.9821903109550476
1788872671600,1788872671600,1788872676600,101,1.0,0.19999999582767486,0.17999999940395356,0.4837994034851646,0.0967598786784645,0.0074408347558170395,-0.01711682109531883,0.07964305758314567,0.0,0.9780933856964111
1788872722400,1788872722400,1788872727400,44,-1.0,0.3799999952316284,0.38999998569488525,0.1284565435009954,0.07964305758314567,0.0030412086398222808,-0.0043257728497751715,0.0753172847333705,0.0,-0.9346062541007996
1788872732400,1788872732400,1788872737400,44,-1.0,0.3799999952316284,0.38999998569488525,0.12147949057114701,0.0753172847333705,0.002876026913205234,-0.004090820660398003,0.07122646407297249,0.0,-0.9095885157585144
1788872742400,1788872742400,1788872747400,2,-1.0,0.4000000059604645,0.4099999964237213,0.11871077463423975,0.07122646407297249,0.0028603361180668347,-0.004047442732295064,0.06717902134067742,0.0,-0.9074040055274963
1788872752400,1788872752400,1788872757400,100,-1.0,0.4300000071525574,0.26999999582767487,0.11785793365554922,0.06717902134067742,0.002605838907715035,0.016251431811900093,0.08343045315257752,-17.000001668930054,-0.935716450214386
1788872762400,1788872762400,1788872767400,2,-1.0,0.4000000059604645,0.4099999964237213,0.13905075663564104,0.08343045315257752,0.003350427984948283,-0.004740934225213341,0.07868951892736419,0.0,-0.9146482348442078
1788872772400,1788872772400,1788872777400,31,-1.0,0.4699999988079071,0.47999998927116394,0.1484707900950438,0.07868951892736419,0.003702119147303106,-0.005186825632325752,0.07350269329503843,0.0,-0.918067455291748
1788872782400,1788872782400,1788872787400,9,-1.0,0.4699999988079071,0.47999998927116394,0.13868432665983743,0.07350269329503843,0.003458093681791229,-0.004844935625792799,0.06865775766924563,0.0,-0.9686148166656494
1788872795800,1788872795800,1788872800800,2,-1.0,0.4000000059604645,0.32999999821186066,0.1144295972521653,0.06865775766924563,0.0026381743679907334,0.005371898326330452,0.07402965599557608,-8.000001311302185,-0.938158392906189
1788872823800,1788872823800,1788872828800,2,-1.0,0.4000000059604645,0.4099999964237213,0.12338276121832441,0.07402965599557608,0.002972907634938452,-0.004206734070451992,0.06982292192512408,0.0,-0.9337155818939209
1788872836400,1788872836400,1788872841400,16,-1.0,0.5600000023841858,0.5699999928474426,0.1586884597806065,0.06982292192512408,0.0038997689047835463,-0.005486651989218527,0.06433626993590556,0.0,-0.9786219596862793
1788872846600,1788872846600,1788872851600,101,1.0,0.19999999582767486,0.33000001311302185,0.32168135639032386,0.06433626993590556,0.006129638277462491,0.035688943613653476,0.10002521354955904,14.500001072883606,0.9780776500701904
1788872856600,1788872856600,1788872861600,101,1.0,0.19999999582767486,0.17999999940395356,0.5001260781812382,0.10002521354955904,0.007691939010287639,-0.017694458785322165,0.08233075476423687,0.0,0.9811927676200867
1788872866600,1788872866600,1788872871600,101,1.0,0.19999999582767486,0.17999999940395356,0.4116537824089515,0.08233075476423687,0.0063312351140714,-0.014564309290061778,0.0677664454741751,0.0,0.9782178401947021
1788872889800,1788872889800,1788872894800,2,-1.0,0.4000000059604645,0.4099999964237213,0.11294407691229043,0.0677664454741751,0.002721387536298354,-0.0038508272283026045,0.0639156182458725,0.0,-0.9168034195899963
1788872900400,1788872900400,1788872905400,30,1.0,0.16999999463558196,0.1599999886751175,0.3759742368397381,0.0639156182458725,0.005179044901142874,-0.008938789510521333,0.05497682873535116,0.0,0.9784876704216003
1788872910400,1788872910400,1788872915400,30,1.0,0.16999999463558196,0.1599999886751175,0.32339312041274737,0.05497682873535116,0.004454740051915439,-0.007688673183616115,0.047288155551735045,0.0,0.9859639406204224
1788872920400,1788872920400,1788872925400,101,1.0,0.19999999582767486,0.17999999940395356,0.23644078269121432,0.047288155551735045,0.0036364592036858922,-0.008365274011932045,0.038922881539803,0.0,0.9676647782325745
1788872930400,1788872930400,1788872935400,101,1.0,0.19999999582767486,0.17999999940395356,0.19461441175898803,0.038922881539803,0.002993169624781423,-0.006885457163965808,0.03203742437583719,0.0,0.9652945399284363
1788872948400,1788872948400,1788872953400,37,-1.0,0.38999997079372406,0.32999999821186066,0.05252036531461132,0.03203742437583719,0.001205342365500627,0.0019458781133655022,0.03398330248920269,-6.999999284744263,-0.9045521020889282
1788872996200,1788872996200,1788873001200,44,-1.0,0.3799999952316284,0.38999998569488525,0.05481177778683834,0.03398330248920269,0.0012976688273420656,-0.001845786082484602,0.03213751640671809,0.0,-0.9053322076797485
1788873006200,1788873006200,1788873011200,16,-1.0,0.5600000023841858,0.1800000149011612,0.0730398104110422,0.03213751640671809,0.0014388842988807835,0.026316242743077742,0.05845375914979583,-38.999998569488525,-0.9250961542129517
1788873018400,1788873018400,1788873023400,44,-1.0,0.3799999952316284,0.38999998569488525,0.094280255968117,0.05845375914979583,0.0022320850398148207,-0.003174886700369404,0.055278872449426426,0.0,-0.9068959951400757
1788873028400,1788873028400,1788873033400,16,-1.0,0.5600000023841858,0.5699999928474426,0.12563380170218352,0.055278872449426426,0.0030874506813241753,-0.004343787500208711,0.05093508494921772,0.0,-0.924414873123169
1788873038400,1788873038400,1788873043400,101,1.0,0.19999999582767486,0.17999999940395356,0.2546754300590321,0.05093508494921772,0.003916908077572705,-0.00901041576796303,0.04192466918125469,0.0,0.9793306589126587
1788873048400,1788873048400,1788873053400,101,1.0,0.19999999582767486,0.17999999940395356,0.20962335027935733,0.04192466918125469,0.003224007097059765,-0.007416473352975389,0.0345081958282793,0.0,0.9792913198471069
1788873060200,1788873060200,1788873065200,16,-1.0,0.5600000023841858,0.1800000149011612,0.0784277182165126,0.0345081958282793,0.0015450260851406306,0.02825750585545634,0.06276570168373563,-38.999998569488525,-0.9709261059761047
1788873081000,1788873081000,1788873086000,37,-1.0,0.38999997079372406,0.32999999821186066,0.10289458799765229,0.06276570168373563,0.002361430758361443,0.003812241700319826,0.06657794338405545,-6.999999284744263,-0.9018517136573792
1788873173600,1788873173600,1788873178600,9,-1.0,0.4699999988079071,0.47999998927116394,0.1256187608194457,0.06657794338405545,0.003132303797888144,-0.0043884902080887425,0.06218945317596671,0.0,-0.9148147702217102
1788873249400,1788873249400,1788873254400,100,-1.0,0.4300000071525574,0.4399999976158142,0.10910430518656405,0.06218945317596671,0.0026812383038616852,-0.003772280315227589,0.05841717286073912,0.0,-0.9046590328216553
1788873378800,1788873378800,1788873383800,16,-1.0,0.5600000023841858,0.5699999928474426,0.1327663026756333,0.05841717286073912,0.0032627318930017815,-0.004590393653599985,0.05382677920713914,0.0,-0.9628735184669495
1788873388800,1788873388800,1788873393800,17,-1.0,0.4399999976158142,0.1299999922513962,0.09611924817495177,0.05382677920713914,0.001727743457012532,0.02806922399284634,0.08189600319998548,-32.999999821186066,-0.9011481404304504
1788873457000,1788873457000,1788873462000,16,-1.0,0.5600000023841858,0.5699999928474426,0.18612728100851705,0.08189600319998548,0.004574077937440737,-0.006435348972477833,0.07546065422750765,0.0,-0.9756401777267456
1788873805000,1788873805000,1788873810000,100,-1.0,0.4300000071525574,0.4399999976158142,0.13238711434107733,0.07546065422750765,0.0032534133396665073,-0.004577283220535373,0.07088337100697228,0.0,-0.9034479856491089
1788873831600,1788873831600,1788873836600,100,-1.0,0.4300000071525574,0.4399999976158142,0.12435679280077434,0.07088337100697228,0.0030560681875263745,-0.004299634929575325,0.06658373607739695,0.0,-0.9469506740570068
1788873913200,1788873913200,1788873918200,16,-1.0,0.5600000023841858,0.5699999928474426,0.15132667372315423,0.06658373607739695,0.0037188530121583787,-0.0052321183062262995,0.06135161777117065,0.0,-0.9740003347396851
1788873950200,1788873950200,1788873955200,100,-1.0,0.4300000071525574,0.4399999976158142,0.1076344184930386,0.06135161777117065,0.00264511583831573,-0.0037214589967643113,0.05763015877440634,0.0,-0.9470772743225098
1788874026200,1788874026200,1788874031200,100,-1.0,0.4300000071525574,0.4399999976158142,0.10110554297819217,0.05763015877440634,0.0024846687223048884,-0.003495723187869214,0.054134435586537126,0.0,-0.9061869978904724
1788874036200,1788874036200,1788874041200,100,-1.0,0.4300000071525574,0.4399999976158142,0.09497269520321891,0.054134435586537126,0.0023339539880155927,-0.00328368003431758,0.050850755552219545,0.0,-0.9007821083068848
1788874046400,1788874046400,1788874051400,100,-1.0,0.4300000071525574,0.4399999976158142,0.08921185296546043,0.050850755552219545,0.0021923812898166544,-0.00308449896868073,0.047766256583538814,0.0,-0.9023187756538391
1788874093600,1788874093600,1788874098600,10,-1.0,0.3500000089406967,0.36000002920627594,0.07348654960086118,0.047766256583538814,0.001682474593014786,-0.0024173415782708903,0.04534891500526792,0.0,-0.9117986559867859
1788874469800,1788874469800,1788874474800,31,-1.0,0.4699999988079071,0.47999998927116394,0.08556399038352396,0.04534891500526792,0.002133538098071165,-0.002989177185904604,0.042359737819363315,0.0,-0.9606676697731018
1788874778000,1788874778000,1788874783000,17,-1.0,0.4399999976158142,0.44999998807907104,0.07564238864110323,0.042359737819363315,0.001867988781901333,-0.002624411946930333,0.03973532587243298,0.0,-0.9710288047790527
1788874795400,1788874795400,1788874800400,17,-1.0,0.4399999976158142,0.44999998807907104,0.07095593875582293,0.03973532587243298,0.0017522569023307104,-0.002461815613200376,0.0372735102592326,0.0,-0.9131938219070435
1788874853800,1788874853800,1788874858800,16,-1.0,0.5600000023841858,0.1800000149011612,0.08471252377546136,0.0372735102592326,0.0016688367575588448,0.030521921216771896,0.0677954314760045,-38.999998569488525,-0.9700583815574646
1788874864600,1788874864600,1788874869600,16,-1.0,0.5600000023841858,0.5699999928474426,0.1540805269167298,0.0677954314760045,0.003786528954488984,-0.00532733275422987,0.06246809872177463,0.0,-0.9731684327125549
1788875120000,1788875120000,1788875125000,9,-1.0,0.4699999988079071,0.23999999463558197,0.1178643369457913,0.06246809872177463,0.0025429230527448184,0.02456587493655552,0.08703397365833015,-23.999999463558197,-0.904060423374176
1788875130000,1788875130000,1788875135000,9,-1.0,0.4699999988079071,0.47999998927116394,0.16421504426900108,0.08703397365833015,0.0040947021247365895,-0.0057368510013499,0.08129712265698026,0.0,-0.923758864402771
1788875140000,1788875140000,1788875145000,16,-1.0,0.5600000023841858,0.5699999928474426,0.18476618885794815,0.08129712265698026,0.00454062909779183,-0.0063882892243036235,0.07490883343267664,0.0,-0.9600275754928589
1788875161400,1788875161400,1788875166400,16,-1.0,0.5600000023841858,0.5699999928474426,0.1702473496331317,0.07490883343267664,0.004183828623322732,-0.005886300496048801,0.06902253293662784,0.0,-0.9764595627784729
1788875341200,1788875341200,1788875346200,100,-1.0,0.4300000071525574,0.4399999976158142,0.12109216456622192,0.06902253293662784,0.0029758399485454966,-0.004186760439382843,0.064835772497245,0.0,-0.9193375110626221
1788875504800,1788875504800,1788875509800,16,-1.0,0.5600000023841858,0.5699999928474426,0.14735402920128268,0.064835772497245,0.003621225272891313,-0.005094764159626609,0.05974100833761839,0.0,-0.9751362204551697
1788875737200,1788875737200,1788875742200,17,-1.0,0.4399999976158142,0.44999998807907104,0.10668037157727243,0.05974100833761839,0.0026344717682160214,-0.0037012744666054414,0.05603973387101295,0.0,-0.9759438037872314
1788875758000,1788875758000,1788875763000,16,-1.0,0.5600000023841858,0.1800000149011612,0.12736303221515927,0.05603973387101295,0.00250905179354812,0.04588889885401246,0.10192863272502542,-38.999998569488525,-0.9754058718681335
1788875769400,1788875769400,1788875774400,31,-1.0,0.4699999988079071,0.47999998927116394,0.19231817452030997,0.10192863272502542,0.004795453676849444,-0.006718633587963508,0.09520999913706191,0.0,-0.9714987277984619
1788875794800,1788875794800,1788875799800,2,-1.0,0.4000000059604645,0.4099999964237213,0.15868333347148048,0.09520999913706191,0.0038234749243461234,-0.005410306745738732,0.08979969239132317,0.0,-0.9323371052742004
1788876040800,1788876040800,1788876045800,100,-1.0,0.4300000071525574,0.4399999976158142,0.15754332196168563,0.08979969239132317,0.003871627142842612,-0.00544705886000927,0.08435263353131389,0.0,-0.9462894201278687
1788876052800,1788876052800,1788876057800,100,-1.0,0.4300000071525574,0.4399999976158142,0.14798707822771923,0.08435263353131389,0.00363678245273863,-0.0051166518237010655,0.07923598170761283,0.0,-0.9694550037384033
1788876062800,1788876062800,1788876067800,100,-1.0,0.4300000071525574,0.4399999976158142,0.13901049596823398,0.07923598170761283,0.0034161829433907525,-0.004806286577365695,0.07442969513024714,0.0,-0.9447075128555298
1788876078600,1788876078600,1788876083600,100,-1.0,0.4300000071525574,0.26999999582767487,0.13057841414774865,0.07442969513024714,0.0028870887308137506,0.018005459011611234,0.09243515414185838,-17.000001668930054,-0.9642694592475891
1788876088600,1788876088600,1788876093600,100,-1.0,0.4300000071525574,0.4399999976158142,0.16216693912590652,0.09243515414185838,0.0039852525348186936,-0.005606920379533311,0.08682823376232507,0.0,-0.9258987903594971
1788876098600,1788876098600,1788876103600,100,-1.0,0.4300000071525574,0.4399999976158142,0.1523302365822383,0.08682823376232507,0.0037435155694562597,-0.0052668164825443,0.08156141727978077,0.0,-0.9126989245414734
1788876402000,1788876402000,1788876407000,16,-1.0,0.5600000023841858,0.1800000149011612,0.1853668584584768,0.08156141727978077,0.0036517271973701033,0.06678767669661868,0.14834909397639945,-38.999998569488525,-0.971209704875946
1788876412000,1788876412000,1788876417000,31,-1.0,0.4699999988079071,0.1199999937415123,0.279903950269298,0.14834909397639945,0.004964096490457519,0.0930022875219007,0.24135138149830015,-35.999999940395355,-0.9191609621047974
1788876422000,1788876422000,1788876427000,16,-1.0,0.5600000023841858,0.5699999928474426,0.5485258700138358,0.24135138149830015,0.013480023275206829,-0.018965276744194844,0.2223861047541053,0.0,-0.9547728896141052
1788876432000,1788876432000,1788876437000,2,-1.0,0.4000000059604645,0.4099999964237213,0.37064351160552134,0.2223861047541053,0.00893065542229739,-0.012637087003620628,0.20974901775048468,0.0,-0.9150578379631042
1788876442000,1788876442000,1788876447000,31,-1.0,0.4699999988079071,0.47999998927116394,0.3957528627900198,0.20974901775048468,0.009868097623761885,-0.013825622477468675,0.195923395273016,0.0,-0.9306952953338623
1788876452000,1788876452000,1788876457000,2,-1.0,0.4000000059604645,0.4099999964237213,0.3265389953655668,0.195923395273016,0.007867957102286422,-0.011133343941823559,0.18479005133119245,0.0,-0.9129924774169922
1788876464800,1788876464800,1788876469800,65,-1.0,0.3799999952316284,0.38999998569488525,0.2980484675967526,0.18479005133119245,0.007056297406398852,-0.01003677923995469,0.17475327209123775,0.0,-0.9102479815483093
1788876478400,1788876478400,1788876483400,31,-1.0,0.4699999988079071,0.47999998927116394,0.329723154147504,0.17475327209123775,0.008221646840413738,-0.011518875237403742,0.163234396853834,0.0,-0.9593770503997803
1788876491800,1788876491800,1788876496800,2,-1.0,0.4000000059604645,0.4099999964237213,0.2720573307923701,0.163234396853834,0.006555221392901462,-0.009275792106284275,0.15395860474754974,0.0,-0.9065220355987549
1788876781000,1788876781000,1788876786000,2,-1.0,0.4000000059604645,0.4099999964237213,0.2565976771283185,0.15395860474754974,0.006182721037442264,-0.008748695361619305,0.14520990938593042,0.0,-0.9201555252075195
1788876793600,1788876793600,1788876798600,101,1.0,0.19999999582767486,0.17999999940395356,0.7260495620762263,0.14520990938593042,0.011166642160004622,-0.025687630804973563,0.11952227858095686,0.0,0.9632376432418823
1788876804400,1788876804400,1788876809400,2,-1.0,0.4000000059604645,0.4099999964237213,0.19920379961384005,0.11952227858095686,0.004799815557157272,-0.006791851653540199,0.11273042692741667,0.0,-0.9086507558822632
1788876817200,1788876817200,1788876822200,2,-1.0,0.4000000059604645,0.4099999964237213,0.1878840467454881,0.11273042692741667,0.004527066111483966,-0.006405904787136948,0.10632452214027972,0.0,-0.9013065695762634
1788877031400,1788877031400,1788877036400,2,-1.0,0.4000000059604645,0.32999999821186066,0.17720753866086494,0.10632452214027972,0.004085519809001814,0.008319009270369743,0.11464353141064947,-8.000001311302185,-0.9319609999656677
1788877041400,1788877041400,1788877046400,2,-1.0,0.4000000059604645,0.32999999821186066,0.19107255424921774,0.11464353141064947,0.004405177743796233,0.008969902534194532,0.123613433944844,-8.000001311302185,-0.9559760093688965
1788877051400,1788877051400,1788877056400,2,-1.0,0.4000000059604645,0.4099999964237213,0.2060223919547219,0.123613433944844,0.004964109539797775,-0.0070243314945623555,0.11658910245028165,0.0,-0.92093825340271
1788877061400,1788877061400,1788877066400,30,1.0,0.16999999463558196,0.1599999886751175,0.6858182713488091,0.11658910245028165,0.009447146302350731,-0.01630533310363426,0.10028376934664739,0.0,0.9666896462440491
1788877071400,1788877071400,1788877076400,10,-1.0,0.3500000089406967,0.36000002920627594,0.15428272419391142,0.10028376934664739,0.0035323030541948544,-0.005075133422762739,0.09520863592388465,0.0,-0.9061212539672852
1788877081600,1788877081600,1788877086600,30,-1.0,0.5799999833106995,0.5899999737739563,0.22668721938246075,0.09520863592388465,0.005502832334281214,-0.007769702366248032,0.08743893355763661,0.0,-0.9396462440490723
1788877148800,1788877148800,1788877153800,2,-1.0,0.4000000059604645,0.4099999964237213,0.1457315573771073,0.08743893355763661,0.003511401878997088,-0.004968716062963728,0.08247021749467288,0.0,-0.9257925152778625
1788877158800,1788877158800,1788877163800,30,1.0,0.16999999463558196,0.1599999886751175,0.48511894174737463,0.08247021749467288,0.0066825131498984055,-0.011533705458906366,0.07093651203576652,0.0,0.9842125773429871
1788877169000,1788877169000,1788877174000,30,-1.0,0.5799999833106995,0.5899999737739563,0.16889645051667357,0.07093651203576652,0.004099961398707723,-0.005788924293152389,0.06514758774261413,0.0,-0.9732882976531982
1788877183200,1788877183200,1788877188200,30,1.0,0.16999999463558196,0.5799999833106995,0.3832211164610141,0.06514758774261413,0.0073712581584531155,0.14974939525062855,0.21489698299324267,41.999998688697815,0.9841568470001221
1788877199400,1788877199400,1788877204400,31,1.0,0.1199999976158142,0.4699999988079071,1.7908082271905184,0.21489698299324267,0.03175998374057387,0.5950228979109173,0.80991988090416,36.4999994635582,0.9645556211471558
1788877218600,1788877218600,1788877223600,100,-1.0,0.4300000071525574,0.26999999582767487,1.420912089591781,0.80991988090416,0.031416366235660693,0.19592958419068676,1.0058494650948469,-17.000001668930054,-0.9754113554954529
1788877267200,1788877267200,1788877272200,17,-1.0,0.4399999976158142,0.44999998807907104,1.7961597514508363,1.0058494650948469,0.044356164929324655,-0.06231774531431879,0.9435317197805281,0.0,-0.9056205749511719
1788877277200,1788877277200,1788877282200,30,-1.0,0.5799999833106995,0.5899999737739563,2.2465040054474943,0.9435317197805281,0.054533885562430676,-0.07699890419257391,0.8665328155879541,0.0,-0.936530590057373
1788877287200,1788877287200,1788877292200,31,1.0,0.1199999976158142,0.4699999988079071,7.2211069400367895,0.8665328155879541,0.12806633090150227,2.3993211067196043,3.265853922307558,36.4999994635582,0.9830345511436462
1788877297200,1788877297200,1788877302200,31,-1.0,0.4699999988079071,0.47999998927116394,6.161988518796029,3.265853922307558,0.15364918356192003,-0.21526900998457843,3.0505849123229796,0.0,-0.9075478911399841
1788877307200,1788877307200,1788877312200,31,-1.0,0.4699999988079071,0.47999998927116394,5.755820576342465,3.0505849123229796,0.14352138592700842,-0.20107953679865054,2.849505375524329,0.0,-0.9697819352149963
1788877352600,1788877352600,1788877357600,3,-1.0,0.30000001192092896,0.3199999928474426,4.070722034358739,2.849505375524329,0.08703203754103625,-0.16844640058534996,2.681058974938979,0.0,-0.9025012254714966
1788877364000,1788877364000,1788877369000,31,1.0,0.1199999976158142,0.1000000011920929,22.342158568390303,2.681058974938979,0.21850630984003575,-0.665349401306056,2.015709573632923,0.0,0.985994279384613
1788877374000,1788877374000,1788877379000,31,-1.0,0.4699999988079071,0.47999998927116394,3.8032256020738204,2.015709573632923,0.09483343029250094,-0.1328656500428534,1.8828439235900698,0.0,-0.9691291451454163
1788877384000,1788877384000,1788877389000,31,-1.0,0.4699999988079071,0.47999998927116394,3.5525356968964474,1.8828439235900698,0.0885824775131789,-0.12410780060252286,1.758736122987547,0.0,-0.956247091293335
1788877394000,1788877394000,1788877399000,30,1.0,0.16999999463558196,0.5799999833106995,10.34550693226571,1.758736122987547,0.19899582539198338,4.042661899675307,5.8013980226628545,41.999998688697815,0.9730253219604492
1788877404000,1788877404000,1788877409000,30,1.0,0.16999999463558196,0.1599999886751175,29.411765633982387,5.0,0.40514705507658316,-0.6992648867241908,5.102133135938663,0.0,0.9803276062011719
1788877414000,1788877414000,1788877419000,30,-1.0,0.5799999833106995,0.5899999737739563,11.904761431709188,5.0,0.28898808815413024,-0.40803558893856995,4.694097547000093,0.0,-0.9567538499832153
1788877424000,1788877424000,1788877429000,30,1.0,0.16999999463558196,0.1599999886751175,27.612339383083675,4.694097547000093,0.38035995948186013,-0.6564835178950645,4.037614029105029,0.0,0.9825199246406555
1788877434000,1788877434000,1788877439000,31,1.0,0.1199999976158142,0.4699999988079071,33.64678424437678,4.037614029105029,0.5967257154053248,11.17964881023664,15.21726283934167,36.4999994635582,0.9837875962257385
1788877446800,1788877446800,1788877451800,31,-1.0,0.4699999988079071,0.47999998927116394,9.433962242931775,5.0,0.23523584829133443,-0.32957538075137727,14.887687458590293,0.0,-0.9383538365364075
1788877456800,1788877456800,1788877461800,31,-1.0,0.4699999988079071,0.47999998927116394,9.433962242931775,5.0,0.23523584829133443,-0.32957538075137727,14.558112077838915,0.0,-0.9281986355781555
1788877466800,1788877466800,1788877471800,31,-1.0,0.4699999988079071,0.47999998927116394,9.433962242931775,5.0,0.23523584829133443,-0.32957538075137727,14.228536697087538,0.0,-0.9160307049751282
1788877483400,1788877483400,1788877488400,31,1.0,0.1199999976158142,0.1000000011920929,41.66666749450897,5.0,0.40750000630815836,-1.2408332071867223,12.987703489900817,0.0,0.9775972366333008
1788877493400,1788877493400,1788877498400,31,-1.0,0.4699999988079071,0.47999998927116394,9.433962242931775,5.0,0.23523584829133443,-0.32957538075137727,12.65812810914944,0.0,-0.9280447363853455
1788877503400,1788877503400,1788877508400,2,-1.0,0.4000000059604645,0.4099999964237213,8.333333416117563,5.0,0.20079166888983715,-0.2841249235781523,12.374003185571286,0.0,-0.9463027715682983
1788877513400,1788877513400,1788877518400,2,-1.0,0.4000000059604645,0.4099999964237213,8.333333416117563,5.0,0.20079166888983715,-0.2841249235781523,12.089878261993134,0.0,-0.930023729801178
1788877523400,1788877523400,1788877528400,2,-1.0,0.4000000059604645,0.4099999964237213,8.333333416117563,5.0,0.20079166888983715,-0.2841249235781523,11.80575333841498,0.0,-0.9092017412185669
1788877678800,1788877678800,1788877683800,31,-1.0,0.4699999988079071,0.47999998927116394,9.433962242931775,5.0,0.23523584829133443,-0.32957538075137727,11.476177957663603,0.0,-0.9278478622436523
1788877697200,1788877697200,1788877702200,9,-1.0,0.4699999988079071,0.47999998927116394,9.433962242931775,5.0,0.23523584829133443,-0.32957538075137727,11.146602576912226,0.0,-0.9121662378311157
1788877861200,1788877861200,1788877866200,31,-1.0,0.4699999988079071,0.47999998927116394,9.433962242931775,5.0,0.23523584829133443,-0.32957538075137727,10.817027196160849,0.0,-0.9333946704864502
1788877875400,1788877875400,1788877880400,31,1.0,0.1199999976158142,0.1000000011920929,41.66666749450897,5.0,0.40750000630815836,-1.2408332071867223,9.576193988974126,0.0,0.9849133491516113
1788877885400,1788877885400,1788877890400,31,1.0,0.1199999976158142,0.1000000011920929,41.66666749450897,5.0,0.40750000630815836,-1.2408332071867223,8.335360781787404,0.0,0.9768450260162354
1788877898000,1788877898000,1788877903000,31,-1.0,0.4699999988079071,0.47999998927116394,9.433962242931775,5.0,0.23523584829133443,-0.32957538075137727,8.005785401036027,0.0,-0.962134063243866
1788877908000,1788877908000,1788877913000,31,1.0,0.1199999976158142,0.1000000011920929,41.66666749450897,5.0,0.40750000630815836,-1.2408332071867223,6.764952193849305,0.0,0.9849404692649841
1788877918000,1788877918000,1788877923000,31,-1.0,0.4699999988079071,0.47999998927116394,9.433962242931775,5.0,0.23523584829133443,-0.32957538075137727,6.435376813097927,0.0,-0.949624240398407
1788877928000,1788877928000,1788877933000,31,1.0,0.1199999976158142,0.4699999988079071,41.66666749450897,5.0,0.738958344091144,13.844375328657534,20.279752141755463,36.4999994635582,0.9862202405929565
1788877938000,1788877938000,1788877943000,31,-1.0,0.4699999988079071,0.47999998927116394,9.433962242931775,5.0,0.23523584829133443,-0.32957538075137727,19.950176761004087,0.0,-0.9458402395248413
1788877948200,1788877948200,1788877953200,16,-1.0,0.5600000023841858,0.1800000149011612,11.36363642521141,5.0,0.22386364283271068,4.094318056509268,24.044494817513353,-38.999998569488525,-0.9032246470451355
1788877958200,1788877958200,1788877963200,16,-1.0,0.5600000023841858,0.5699999928474426,11.36363642521141,5.0,0.27926136555596576,-0.3928976214359979,23.651597196077354,0.0,-0.9647716879844666
1788878055800,1788878055800,1788878060800,2,-1.0,0.4000000059604645,0.4099999964237213,8.333333416117563,5.0,0.20079166888983715,-0.2841249235781523,23.367472272499203,0.0,-0.9358156323432922
1788878088000,1788878088000,1788878093000,30,1.0,0.16999999463558196,0.1599999886751175,29.411765633982387,5.0,0.40514705507658316,-0.6992648867241908,22.668207385775013,0.0,0.9766578674316406
1788878098000,1788878098000,1788878103000,30,-1.0,0.5799999833106995,0.5899999737739563,11.904761431709188,5.0,0.28898808815413024,-0.40803558893856995,22.260171796836442,0.0,-0.9445781707763672
1788878108000,1788878108000,1788878113000,30,1.0,0.16999999463558196,0.5799999833106995,29.411765633982387,5.0,0.5657353106899039,11.493088266158084,33.75326006299453,41.999998688697815,0.9805575013160706
1788878118000,1788878118000,1788878123000,30,-1.0,0.5799999833106995,0.5899999737739563,11.904761431709188,5.0,0.28898808815413024,-0.40803558893856995,33.34522447405596,0.0,-0.9339141845703125
1788878128600,1788878128600,1788878133600,30,-1.0,0.5799999833106995,0.5899999737739563,11.904761431709188,5.0,0.28898808815413024,-0.40803558893856995,32.93718888511739,0.0,-0.9168648719787598
1788878139000,1788878139000,1788878144000,30,-1.0,0.5799999833106995,0.5899999737739563,11.904761431709188,5.0,0.28898808815413024,-0.40803558893856995,32.529153296178826,0.0,-0.9210342764854431
1788878149000,1788878149000,1788878154000,30,1.0,0.16999999463558196,0.1599999886751175,29.411765633982387,5.0,0.40514705507658316,-0.6992648867241908,31.829888409454636,0.0,0.9746838808059692
1788878159200,1788878159200,1788878164200,31,-1.0,0.4699999988079071,0.1199999976158142,9.433962242931775,5.0,0.16731131948994843,3.134575476782332,34.96446388623697,-36.4999994635582,-0.9253829717636108
1788878170200,1788878170200,1788878175200,31,-1.0,0.4699999988079071,0.47999998927116394,9.433962242931775,5.0,0.23523584829133443,-0.32957538075137727,34.63488850548559,0.0,-0.9750810861587524
1788878251800,1788878251800,1788878256800,2,-1.0,0.4000000059604645,0.4099999964237213,8.333333416117563,5.0,0.20079166888983715,-0.2841249235781523,34.35076358190744,0.0,-0.9223840832710266
1788878263400,1788878263400,1788878268400,2,-1.0,0.4000000059604645,0.32999999821186066,8.333333416117563,5.0,0.19212500215197606,0.39120840154795256,34.741971983455386,-8.000001311302185,-0.936211884021759
1788878280000,1788878280000,1788878285000,2,-1.0,0.4000000059604645,0.32999999821186066,8.333333416117563,5.0,0.19212500215197606,0.39120840154795256,35.133180385003335,-8.000001311302185,-0.9395825862884521
1788878293600,1788878293600,1788878298600,30,1.0,0.16999999463558196,0.1599999886751175,29.411765633982387,5.0,0.40514705507658316,-0.6992648867241908,34.43391549827914,0.0,0.9733383059501648
1788878312400,1788878312400,1788878317400,16,-1.0,0.5600000023841858,0.5699999928474426,11.36363642521141,5.0,0.27926136555596576,-0.3928976214359979,34.04101787684314,0.0,-0.969386637210846
1788878349400,1788878349400,1788878354400,17,-1.0,0.4399999976158142,0.44999998807907104,8.928571390558263,5.0,0.2204910698299277,-0.30977669858601814,33.73124117825712,0.0,-0.963010847568512
1788878359400,1788878359400,1788878364400,31,-1.0,0.4699999988079071,0.47999998927116394,9.433962242931775,5.0,0.23523584829133443,-0.32957538075137727,33.40166579750574,0.0,-0.9176746606826782
1788878383600,1788878383600,1788878388600,31,1.0,0.1199999976158142,0.1000000011920929,41.66666749450897,5.0,0.40750000630815836,-1.2408332071867223,32.16083259031902,0.0,0.9847316145896912
1788878393600,1788878393600,1788878398600,31,1.0,0.1199999976158142,0.1000000011920929,41.66666749450897,5.0,0.40750000630815836,-1.2408332071867223,30.919999383132296,0.0,0.9835474491119385
1788878522000,1788878522000,1788878527000,37,-1.0,0.38999997079372406,0.3999999910593033,8.196720919023454,5.0,0.19586064299386846,-0.27782801829540016,30.642171364836898,0.0,-0.9176918268203735
1788878532200,1788878532200,1788878537200,31,-1.0,0.4699999988079071,0.47999998927116394,9.433962242931775,5.0,0.23523584829133443,-0.32957538075137727,30.31259598408552,0.0,-0.9757117629051208
1788878546800,1788878546800,1788878551800,31,-1.0,0.4699999988079071,0.47999998927116394,9.433962242931775,5.0,0.23523584829133443,-0.32957538075137727,29.98302060333414,0.0,-0.9161776304244995
1788878560800,1788878560800,1788878565800,31,1.0,0.1199999976158142,0.1000000011920929,41.66666749450897,5.0,0.40750000630815836,-1.2408332071867223,28.74218739614742,0.0,0.984760582447052
1788878570800,1788878570800,1788878575800,31,-1.0,0.4699999988079071,0.47999998927116394,9.433962242931775,5.0,0.23523584829133443,-0.32957538075137727,28.412612015396043,0.0,-0.9081175923347473
1788878663200,1788878663200,1788878668200,44,-1.0,0.3799999952316284,0.3100000023841858,8.064516067008695,5.0,0.1812499985098839,0.38326606849881095,28.795878083894856,-7.999998331069946,-0.9237056374549866
1788878676000,1788878676000,1788878681000,44,-1.0,0.3799999952316284,0.38999998569488525,8.064516067008695,5.0,0.19092741615597336,-0.27157249991684185,28.524305583978013,0.0,-0.9239147305488586
1788878687600,1788878687600,1788878692600,30,-1.0,0.5799999833106995,0.5899999737739563,11.904761431709188,5.0,0.28898808815413024,-0.40803558893856995,28.116269995039442,0.0,-0.9149488806724548
1788878704000,1788878704000,1788878709000,30,-1.0,0.5799999833106995,0.5899999737739563,11.904761431709188,5.0,0.28898808815413024,-0.40803558893856995,27.70823440610087,0.0,-0.9006074666976929
1788878768200,1788878768200,1788878773200,44,-1.0,0.3799999952316284,0.38999998569488525,8.064516067008695,5.0,0.19092741615597336,-0.27157249991684185,27.43666190618403,0.0,-0.9054466485977173
1788878784000,1788878784000,1788878789000,44,-1.0,0.3799999952316284,0.38999998569488525,8.064516067008695,5.0,0.19092741615597336,-0.27157249991684185,27.165089406267185,0.0,-0.9316597580909729
1788878794000,1788878794000,1788878799000,29,1.0,0.2500000077486038,0.24000000178813935,19.999999380111714,5.0,0.36989999333930035,-0.5699001063497031,26.595189299917482,0.0,0.9037532210350037
1788878804000,1788878804000,1788878809000,2,-1.0,0.4000000059604645,0.4099999964237213,8.333333416117563,5.0,0.20079166888983715,-0.2841249235781523,26.31106437633933,0.0,-0.9549314379692078
1788878814000,1788878814000,1788878819000,30,-1.0,0.5699999928474426,0.5799999833106995,11.627906783327278,5.0,0.2841279043852798,-0.4004068613261921,25.91065751501314,0.0,-0.9629034399986267
1788878824000,1788878824000,1788878829000,29,1.0,0.2500000077486038,0.24000000178813935,19.999999380111714,5.0,0.36989999333930035,-0.5699001063497031,25.340757408663436,0.0,0.9077662229537964
1788878834000,1788878834000,1788878839000,29,1.0,0.2500000077486038,0.24000000178813935,19.999999380111714,5.0,0.36989999333930035,-0.5699001063497031,24.770857302313733,0.0,0.9069377779960632
1788878844000,1788878844000,1788878849000,29,1.0,0.2500000077486038,0.24000000178813935,19.999999380111714,5.0,0.36989999333930035,-0.5699001063497031,24.20095719596403,0.0,0.9070290923118591
1788878857200,1788878857200,1788878862200,31,-1.0,0.4699999988079071,0.47999998927116394,9.433962242931775,5.0,0.23523584829133443,-0.32957538075137727,23.87138181521265,0.0,-0.9515340924263
1788878868400,1788878868400,1788878873400,30,-1.0,0.5699999928474426,0.1800000149011612,11.627906783327278,5.0,0.22831395581743388,4.306569433241621,28.17795124845427,-39.99999761581421,-0.973869264125824
1788878878400,1788878878400,1788878883400,30,-1.0,0.5699999928474426,0.1800000149011612,11.627906783327278,5.0,0.22831395581743388,4.306569433241621,32.48452068169589,-39.99999761581421,-0.9593021869659424
1788878900600,1788878900600,1788878905600,30,-1.0,0.5699999928474426,0.5799999833106995,11.627906783327278,5.0,0.2841279043852798,-0.4004068613261921,32.0841138203697,0.0,-0.9731053709983826
1788878910600,1788878910600,1788878915600,31,-1.0,0.4699999988079071,0.47999998927116394,9.433962242931775,5.0,0.23523584829133443,-0.32957538075137727,31.754538439618322,0.0,-0.9170272946357727
1788878920600,1788878920600,1788878925600,30,-1.0,0.5699999928474426,0.1800000149011612,11.627906783327278,5.0,0.22831395581743388,4.306569433241621,36.06110787285994,-39.99999761581421,-0.9031444191932678
1788878932400,1788878932400,1788878937400,31,-1.0,0.4699999988079071,0.1199999976158142,9.433962242931775,5.0,0.16731131948994843,3.134575476782332,39.19568334964227,-36.4999994635582,-0.972923219203949
1788878953800,1788878953800,1788878958800,30,-1.0,0.5699999928474426,0.5799999833106995,11.627906783327278,5.0,0.2841279043852798,-0.4004068613261921,38.795276488316084,0.0,-0.9726355671882629
1788878963800,1788878963800,1788878968800,30,-1.0,0.5699999928474426,0.1800000149011612,11.627906783327278,5.0,0.22831395581743388,4.306569433241621,43.101845921557704,-39.99999761581421,-0.9518925547599792
1788878973800,1788878973800,1788878978800,29,1.0,0.2500000077486038,0.24000000178813935,19.999999380111714,5.0,0.36989999333930035,-0.5699001063497031,42.531945815208,0.0,0.9089986085891724
1788878983800,1788878983800,1788878988800,29,1.0,0.2500000077486038,0.24000000178813935,19.999999380111714,5.0,0.36989999333930035,-0.5699001063497031,41.96204570885829,0.0,0.9097890853881836
1788878993800,1788878993800,1788878998800,29,1.0,0.2500000077486038,0.24000000178813935,19.999999380111714,5.0,0.36989999333930035,-0.5699001063497031,41.392145602508585,0.0,0.9083120226860046
1788879003800,1788879003800,1788879008800,29,1.0,0.2500000077486038,0.24000000178813935,19.999999380111714,5.0,0.36989999333930035,-0.5699001063497031,40.82224549615888,0.0,0.9087123870849609
1788879013800,1788879013800,1788879018800,9,-1.0,0.4699999988079071,0.47999998927116394,9.433962242931775,5.0,0.23523584829133443,-0.32957538075137727,40.4926701154075,0.0,-0.9756243228912354
1788879023800,1788879023800,1788879028800,29,1.0,0.2500000077486038,0.24000000178813935,19.999999380111714,5.0,0.36989999333930035,-0.5699001063497031,39.92277000905779,0.0,0.9093329906463623
1788879033800,1788879033800,1788879038800,29,1.0,0.2500000077486038,0.24000000178813935,19.999999380111714,5.0,0.36989999333930035,-0.5699001063497031,39.352869902708086,0.0,0.9085105657577515
1788879043800,1788879043800,1788879048800,29,1.0,0.2500000077486038,0.24000000178813935,19.999999380111714,5.0,0.36989999333930035,-0.5699001063497031,38.78296979635838,0.0,0.9080328941345215
1788879054200,1788879054200,1788879059200,29,1.0,0.2500000077486038,0.24000000178813935,19.999999380111714,5.0,0.36989999333930035,-0.5699001063497031,38.21306969000867,0.0,0.9082087874412537
1788879071000,1788879071000,1788879076000,31,-1.0,0.44999997317790985,0.4599999934434891,9.09090864756878,5.0,0.22540907845886313,-0.31631834916708035,37.89675134084159,0.0,-0.9446493983268738
1788879117800,1788879117800,1788879122800,93,-1.0,0.5099999904632568,0.23999999463558197,10.204081434053666,5.0,0.22056121887117072,2.534540725748574,40.43129206659016,-27.99999862909317,-0.9069080352783203
1788879127800,1788879127800,1788879132800,29,1.0,0.2500000077486038,0.24000000178813935,19.999999380111714,5.0,0.36989999333930035,-0.5699001063497031,39.861391960240454,0.0,0.9089968800544739
1788879137800,1788879137800,1788879142800,29,1.0,0.2500000077486038,0.24000000178813935,19.999999380111714,5.0,0.36989999333930035,-0.5699001063497031,39.29149185389075,0.0,0.9091262817382812
1788879147800,1788879147800,1788879152800,30,-1.0,0.5699999928474426,0.1800000149011612,11.627906783327278,5.0,0.22831395581743388,4.306569433241621,43.59806128713237,-39.99999761581421,-0.9297065734863281
1788879157800,1788879157800,1788879162800,29,1.0,0.2500000077486038,0.24000000178813935,19.999999380111714,5.0,0.36989999333930035,-0.5699001063497031,43.02816118078266,0.0,0.9095703959465027
1788879167800,1788879167800,1788879172800,29,1.0,0.2500000077486038,0.24000000178813935,19.999999380111714,5.0,0.36989999333930035,-0.5699001063497031,42.458261074432954,0.0,0.9091781973838806
1788879177800,1788879177800,1788879182800,30,-1.0,0.5699999928474426,0.5799999833106995,11.627906783327278,5.0,0.2841279043852798,-0.4004068613261921,42.057854213106765,0.0,-0.9757730960845947
1788879187800,1788879187800,1788879192800,30,-1.0,0.5699999928474426,0.5799999833106995,11.627906783327278,5.0,0.2841279043852798,-0.4004068613261921,41.657447351780576,0.0,-0.9352539777755737
1788879197800,1788879197800,1788879202800,30,-1.0,0.5699999928474426,0.5799999833106995,11.627906783327278,5.0,0.2841279043852798,-0.4004068613261921,41.257040490454386,0.0,-0.9125556945800781
1788879224400,1788879224400,1788879229400,2,-1.0,0.4000000059604645,0.4099999964237213,8.333333416117563,5.0,0.20079166888983715,-0.2841249235781523,40.97291556687623,0.0,-0.9116657376289368
1788879246000,1788879246000,1788879251000,31,-1.0,0.44999997317790985,0.4599999934434891,9.09090864756878,5.0,0.22540907845886313,-0.31631834916708035,40.65659721770915,0.0,-0.962169885635376
1788879260000,1788879260000,1788879265000,29,1.0,0.2500000077486038,0.24000000178813935,19.999999380111714,5.0,0.36989999333930035,-0.5699001063497031,40.08669711135944,0.0,0.9030349254608154
1788879271000,1788879271000,1788879276000,29,1.0,0.2500000077486038,0.24000000178813935,19.999999380111714,5.0,0.36989999333930035,-0.5699001063497031,39.516797005009735,0.0,0.9029985070228577
1788879283400,1788879283400,1788879288400,31,-1.0,0.44999997317790985,0.4599999934434891,9.09090864756878,5.0,0.22540907845886313,-0.31631834916708035,39.20047865584265,0.0,-0.9574031233787537
1788879323000,1788879323000,1788879328000,100,-1.0,0.4300000071525574,0.4399999976158142,8.771929934634617,5.0,0.21557017845735435,-0.30328939414805767,38.89718926169459,0.0,-0.9067870378494263
1788879338600,1788879338600,1788879343600,10,-1.0,0.3500000089406967,0.16999999463558196,7.692307798114755,5.0,0.14176923238913686,1.242846281310865,40.14003554300546,-19.00000274181366,-0.9559308290481567
1788879348600,1788879348600,1788879353600,29,1.0,0.2500000077486038,0.24000000178813935,19.999999380111714,5.0,0.36989999333930035,-0.5699001063497031,39.570135436655754,0.0,0.9040902853012085
1788879358600,1788879358600,1788879363600,10,-1.0,0.3500000089406967,0.36000002920627594,7.692307798114755,5.0,0.17611539121474715,-0.25303862508496777,39.317096811570785,0.0,-0.9625175595283508
1788879371600,1788879371600,1788879376600,29,1.0,0.2500000077486038,0.24000000178813935,19.999999380111714,5.0,0.36989999333930035,-0.5699001063497031,38.74719670522108,0.0,0.9035667181015015
1788879383200,1788879383200,1788879388200,29,1.0,0.2500000077486038,0.24000000178813935,19.999999380111714,5.0,0.36989999333930035,-0.5699001063497031,38.17729659887137,0.0,0.9021768569946289
1788879403200,1788879403200,1788879408200,30,-1.0,0.5699999928474426,0.5799999833106995,11.627906783327278,5.0,0.2841279043852798,-0.4004068613261921,37.77688973754518,0.0,-0.9749033451080322
1788879423600,1788879423600,1788879428600,2,-1.0,0.4000000059604645,0.4099999964237213,8.333333416117563,5.0,0.20079166888983715,-0.2841249235781523,37.49276481396703,0.0,-0.9417170882225037
1788879433600,1788879433600,1788879438600,2,-1.0,0.4000000059604645,0.4099999964237213,8.333333416117563,5.0,0.20079166888983715,-0.2841249235781523,37.20863989038887,0.0,-0.9299164414405823
1788879471400,1788879471400,1788879476400,29,1.0,0.2500000077486038,0.24000000178813935,19.999999380111714,5.0,0.36989999333930035,-0.5699001063497031,36.63873978403917,0.0,0.902834415435791
1788879481400,1788879481400,1788879486400,29,1.0,0.2500000077486038,0.24000000178813935,19.999999380111714,5.0,0.36989999333930035,-0.5699001063497031,36.06883967768946,0.0,0.9029248356819153
1788879493800,1788879493800,1788879498800,29,1.0,0.2500000077486038,0.24000000178813935,19.999999380111714,5.0,0.36989999333930035,-0.5699001063497031,35.498939571339754,0.0,0.9029641151428223
1788879503800,1788879503800,1788879508800,29,1.0,0.2500000077486038,0.24000000178813935,19.999999380111714,5.0,0.36989999333930035,-0.5699001063497031,34.92903946499005,0.0,0.9036076664924622
1788879513800,1788879513800,1788879518800,29,1.0,0.2500000077486038,0.24000000178813935,19.999999380111714,5.0,0.36989999333930035,-0.5699001063497031,34.35913935864034,0.0,0.9048044681549072
1788879523800,1788879523800,1788879528800,29,1.0,0.2500000077486038,0.24000000178813935,19.999999380111714,5.0,0.36989999333930035,-0.5699001063497031,33.789239252290635,0.0,0.9058831930160522
1788879537600,1788879537600,1788879542600,29,1.0,0.2500000077486038,0.24000000178813935,19.999999380111714,5.0,0.36989999333930035,-0.5699001063497031,33.21933914594093,0.0,0.9040225148200989
1788879547600,1788879547600,1788879552600,100,1.0,0.26999999582767487,0.25999997556209564,18.518518804686227,5.0,0.36064814108287124,-0.5458337044182434,32.673505441522686,0.0,0.9749723076820374
1788879557600,1788879557600,1788879562600,100,-1.0,0.4300000071525574,0.26999999582767487,8.771929934634617,5.0,0.19394737045217855,1.209561518430436,33.88306695995312,-17.000001668930054,-0.9512922167778015
1788879568800,1788879568800,1788879573800,100,-1.0,0.4300000071525574,0.26999999582767487,8.771929934634617,5.0,0.19394737045217855,1.209561518430436,35.09262847838355,-17.000001668930054,-0.9725672006607056
1788879579400,1788879579400,1788879584400,100,-1.0,0.4300000071525574,0.26999999582767487,8.771929934634617,5.0,0.19394737045217855,1.209561518430436,36.302189996813986,-17.000001668930054,-0.9753705263137817
1788879590400,1788879590400,1788879595400,31,-1.0,0.44999997317790985,0.4599999934434891,9.09090864756878,5.0,0.22540907845886313,-0.31631834916708035,35.9858716476469,0.0,-0.9743640422821045
1788879600400,1788879600400,1788879605400,100,-1.0,0.4300000071525574,0.26999999582767487,8.771929934634617,5.0,0.19394737045217855,1.209561518430436,37.195433166077336,-17.000001668930054,-0.9373793601989746
1788879610400,1788879610400,1788879615400,17,-1.0,0.4399999976158142,0.44999998807907104,8.928571390558263,5.0,0.2204910698299277,-0.30977669858601814,36.885656467491316,0.0,-0.9145361185073853
1788879620400,1788879620400,1788879625400,29,1.0,0.2500000077486038,0.24000000178813935,19.999999380111714,5.0,0.36989999333930035,-0.5699001063497031,36.31575636114161,0.0,0.9074185490608215
1788879632600,1788879632600,1788879637600,44,-1.0,0.3799999952316284,0.3100000023841858,8.064516067008695,5.0,0.1812499985098839,0.38326606849881095,36.69902242964042,-7.999998331069946,-0.9191592931747437
1788879642600,1788879642600,1788879647600,31,-1.0,0.44999997317790985,0.4599999934434891,9.09090864756878,5.0,0.22540907845886313,-0.31631834916708035,36.38270408047334,0.0,-0.9333699345588684
1788879652600,1788879652600,1788879657600,31,-1.0,0.44999997317790985,0.1299999922513962,9.09090864756878,5.0,0.1639090790901305,2.7451815147365575,39.1278855952099,-33.99999886751175,-0.9010840058326721
1788879674800,1788879674800,1788879679800,31,-1.0,0.44999997317790985,0.1299999922513962,9.09090864756878,5.0,0.1639090790901305,2.7451815147365575,41.873067109946454,-33.99999886751175,-0.9721059799194336
1788879684800,1788879684800,1788879689800,93,-1.0,0.5099999904632568,0.23999999463558197,10.204081434053666,5.0,0.22056121887117072,2.534540725748574,44.40760783569503,-27.99999862909317,-0.9362494349479675
1788879694800,1788879694800,1788879699800,93,-1.0,0.5099999904632568,0.5199999809265137,10.204081434053666,5.0,0.2548469343020586,-0.35688765132889144,44.05072018436614,0.0,-0.9451660513877869
1788879709600,1788879709600,1788879714600,93,-1.0,0.5099999904632568,0.5199999809265137,10.204081434053666,5.0,0.2548469343020586,-0.35688765132889144,43.69383253303725,0.0,-0.9329754710197449
1788879733800,1788879733800,1788879738800,100,-1.0,0.4300000071525574,0.4399999976158142,8.771929934634617,5.0,0.21557017845735435,-0.30328939414805767,43.39054313888919,0.0,-0.9523119926452637
1788879743800,1788879743800,1788879748800,93,-1.0,0.5099999904632568,0.5199999809265137,10.204081434053666,5.0,0.2548469343020586,-0.35688765132889144,43.0336554875603,0.0,-0.9148833155632019
1788879877200,1788879877200,1788879882200,44,-1.0,0.3799999952316284,0.38999998569488525,8.064516067008695,5.0,0.19092741615597336,-0.27157249991684185,42.76208298764346,0.0,-0.9055927991867065
1788880053800,1788880053800,1788880058800,31,-1.0,0.44999997317790985,0.1299999922513962,9.09090864756878,5.0,0.1639090790901305,2.7451815147365575,45.50726450238002,-33.99999886751175,-0.9477581977844238
1788880066800,1788880066800,1788880071800,17,-1.0,0.4399999976158142,0.44999998807907104,8.928571390558263,5.0,0.2204910698299277,-0.30977669858601814,45.197487803794,0.0,-0.9612641334533691
1788880076800,1788880076800,1788880081800,29,1.0,0.2500000077486038,0.24000000178813935,19.999999380111714,5.0,0.36989999333930035,-0.5699001063497031,44.62758769744429,0.0,0.9126384258270264
1788880113200,1788880113200,1788880118200,31,-1.0,0.44999997317790985,0.1299999922513962,9.09090864756878,5.0,0.1639090790901305,2.7451815147365575,47.37276921218085,-33.99999886751175,-0.9491193890571594
1788880123200,1788880123200,1788880128200,31,-1.0,0.44999997317790985,0.1299999922513962,9.09090864756878,5.0,0.1639090790901305,2.7451815147365575,50.11795072691741,-33.99999886751175,-0.9575321078300476
1788880134400,1788880134400,1788880139400,29,1.0,0.2500000077486038,0.24000000178813935,19.999999380111714,5.0,0.36989999333930035,-0.5699001063497031,49.5480506205677,0.0,0.9130799174308777
1788880144600,1788880144600,1788880149600,31,-1.0,0.44999997317790985,0.4599999934434891,9.09090864756878,5.0,0.22540907845886313,-0.31631834916708035,49.23173227140062,0.0,-0.9708860516548157
1788880162000,1788880162000,1788880167000,31,-1.0,0.44999997317790985,0.4599999934434891,9.09090864756878,5.0,0.22540907845886313,-0.31631834916708035,48.91541392223353,0.0,-0.971078634262085
1788880186600,1788880186600,1788880191600,31,-1.0,0.44999997317790985,0.4599999934434891,9.09090864756878,5.0,0.22540907845886313,-0.31631834916708035,48.59909557306645,0.0,-0.9590883851051331
1788880266200,1788880266200,1788880271200,17,-1.0,0.4399999976158142,0.1199999976158142,8.928571390558263,5.0,0.15714285553718102,2.699999989441463,51.299095562507915,-33.49999934434891,-0.9695395231246948
1788880282200,1788880282200,1788880287200,93,-1.0,0.5099999904632568,0.5199999809265137,10.204081434053666,5.0,0.2548469343020586,-0.35688765132889144,50.942207911179025,0.0,-0.9752922058105469
1788880295400,1788880295400,1788880300400,31,-1.0,0.44999997317790985,0.4599999934434891,9.09090864756878,5.0,0.22540907845886313,-0.31631834916708035,50.62588956201194,0.0,-0.9566025733947754
1788880318200,1788880318200,1788880323200,31,-1.0,0.44999997317790985,0.4599999934434891,9.09090864756878,5.0,0.22540907845886313,-0.31631834916708035,50.30957121284486,0.0,-0.9672088623046875
1788880356400,1788880356400,1788880361400,44,-1.0,0.3799999952316284,0.3100000023841858,8.064516067008695,5.0,0.1812499985098839,0.38326606849881095,50.69283728134367,-7.999998331069946,-0.907099723815918
1788880391600,1788880391600,1788880396600,44,-1.0,0.3799999952316284,0.38999998569488525,8.064516067008695,5.0,0.19092741615597336,-0.27157249991684185,50.42126478142683,0.0,-0.9094021320343018
1788880494800,1788880494800,1788880499800,31,-1.0,0.44999997317790985,0.4599999934434891,9.09090864756878,5.0,0.22540907845886313,-0.31631834916708035,50.104946432259744,0.0,-0.9668742418289185
1788880507800,1788880507800,1788880512800,30,-1.0,0.5699999928474426,0.1800000077486038,11.627906783327278,5.0,0.22831395315601732,4.306569519072308,54.41151595133205,-40.49999862909317,-0.9745221734046936
1788880522800,1788880522800,1788880527800,29,1.0,0.2500000077486038,0.24000000178813935,19.999999380111714,5.0,0.36989999333930035,-0.5699001063497031,53.84161584498234,0.0,0.9108689427375793
1788880532800,1788880532800,1788880537800,29,1.0,0.2500000077486038,0.24000000178813935,19.999999380111714,5.0,0.36989999333930035,-0.5699001063497031,53.271715738632636,0.0,0.9108688831329346
1788880544200,1788880544200,1788880549200,100,-1.0,0.4300000071525574,0.4399999976158142,8.771929934634617,5.0,0.21557017845735435,-0.30328939414805767,52.96842634448458,0.0,-0.9588550329208374
1788880624400,1788880624400,1788880629400,44,-1.0,0.3799999952316284,0.38999998569488525,8.064516067008695,5.0,0.19092741615597336,-0.27157249991684185,52.696853844567734,0.0,-0.9161293506622314
1788880641400,1788880641400,1788880646400,100,-1.0,0.4300000071525574,0.4399999976158142,8.771929934634617,5.0,0.21557017845735435,-0.30328939414805767,52.393564450419674,0.0,-0.9635326266288757
1788880651400,1788880651400,1788880656400,101,1.0,0.19999999582767486,0.33000001311302185,25.000000521540652,5.0,0.4763750123817474,2.773625487552221,55.1671899379719,14.000001549720764,0.9290037751197815
1788880663200,1788880663200,1788880668200,101,1.0,0.19999999582767486,0.1899999898672104,25.000000521540652,5.0,0.39237499720342445,-0.6423751514304457,54.524814786541455,0.0,0.978354811668396
1788880701600,1788880701600,1788880706600,31,-1.0,0.44999997317790985,0.1299999922513962,9.09090864756878,5.0,0.1639090790901305,2.7451815147365575,57.26999630127801,-33.99999886751175,-0.9754703044891357
1788880712200,1788880712200,1788880717200,29,1.0,0.2500000077486038,0.24000000178813935,19.999999380111714,5.0,0.36989999333930035,-0.5699001063497031,56.70009619492831,0.0,0.9124968647956848
1788880723800,1788880723800,1788880728800,29,1.0,0.2500000077486038,0.24000000178813935,19.999999380111714,5.0,0.36989999333930035,-0.5699001063497031,56.1301960885786,0.0,0.9129917621612549
1788880735200,1788880735200,1788880740200,29,1.0,0.2500000077486038,0.24000000178813935,19.999999380111714,5.0,0.36989999333930035,-0.5699001063497031,55.560295982228894,0.0,0.9129079580307007
1788880746600,1788880746600,1788880751600,31,-1.0,0.44999997317790985,0.4599999934434891,9.09090864756878,5.0,0.22540907845886313,-0.31631834916708035,55.24397763306181,0.0,-0.9537941813468933
1788880760600,1788880760600,1788880765600,31,-1.0,0.44999997317790985,0.1299999922513962,9.09090864756878,5.0,0.1639090790901305,2.7451815147365575,57.98915914779837,-33.99999886751175,-0.9593681693077087
1788880772000,1788880772000,1788880777000,31,-1.0,0.44999997317790985,0.4599999934434891,9.09090864756878,5.0,0.22540907845886313,-0.31631834916708035,57.672840798631285,0.0,-0.9643096923828125
1788880787600,1788880787600,1788880792600,44,-1.0,0.3799999952316284,0.3100000023841858,8.064516067008695,5.0,0.1812499985098839,0.38326606849881095,58.0561068671301,-7.999998331069946,-0.9102197289466858
1788880807800,1788880807800,1788880812800,44,-1.0,0.3799999952316284,0.38999998569488525,8.064516067008695,5.0,0.19092741615597336,-0.27157249991684185,57.784534367213254,0.0,-0.9411200881004333
1788880860600,1788880860600,1788880865600,29,1.0,0.2500000077486038,0.24000000178813935,19.999999380111714,5.0,0.36989999333930035,-0.5699001063497031,57.21463426086355,0.0,0.9139437675476074
1788880870600,1788880870600,1788880875600,29,1.0,0.2500000077486038,0.24000000178813935,19.999999380111714,5.0,0.36989999333930035,-0.5699001063497031,56.64473415451384,0.0,0.9137077927589417
1788880938400,1788880938400,1788880943400,100,-1.0,0.4300000071525574,0.4399999976158142,8.771929934634617,5.0,0.21557017845735435,-0.30328939414805767,56.34144476036578,0.0,-0.9680863618850708
1788881000000,1788881000000,1788881005000,17,-1.0,0.4399999976158142,0.44999998807907104,8.928571390558263,5.0,0.2204910698299277,-0.30977669858601814,56.03166806177976,0.0,-0.964914083480835
1788881010000,1788881010000,1788881015000,31,-1.0,0.44999997317790985,0.4599999934434891,9.09090864756878,5.0,0.22540907845886313,-0.31631834916708035,55.71534971261268,0.0,-0.9015421271324158
1788881027200,1788881027200,1788881032200,17,-1.0,0.4399999976158142,0.44999998807907104,8.928571390558263,5.0,0.2204910698299277,-0.30977669858601814,55.40557301402666,0.0,-0.9082589745521545
1788881045000,1788881045000,1788881050000,44,-1.0,0.3799999952316284,0.3100000023841858,8.064516067008695,5.0,0.1812499985098839,0.38326606849881095,55.78883908252547,-7.999998331069946,-0.9048942923545837
1788881170600,1788881170600,1788881175600,29,1.0,0.2500000077486038,0.24000000178813935,19.999999380111714,5.0,0.36989999333930035,-0.5699001063497031,55.218938976175764,0.0,0.9142141938209534
1788881180600,1788881180600,1788881185600,29,1.0,0.2500000077486038,0.24000000178813935,19.999999380111714,5.0,0.36989999333930035,-0.5699001063497031,54.64903886982606,0.0,0.9148343205451965
1788881190600,1788881190600,1788881195600,29,1.0,0.2500000077486038,0.24000000178813935,19.999999380111714,5.0,0.36989999333930035,-0.5699001063497031,54.07913876347635,0.0,0.9151773452758789
1788881200600,1788881200600,1788881205600,29,1.0,0.2500000077486038,0.24000000178813935,19.999999380111714,5.0,0.36989999333930035,-0.5699001063497031,53.509238657126645,0.0,0.9154700636863708
1788881210600,1788881210600,1788881215600,29,1.0,0.2500000077486038,0.24000000178813935,19.999999380111714,5.0,0.36989999333930035,-0.5699001063497031,52.93933855077694,0.0,0.9141764044761658
1788881220600,1788881220600,1788881225600,30,-1.0,0.5699999928474426,0.5799999833106995,11.627906783327278,5.0,0.2841279043852798,-0.4004068613261921,52.53893168945075,0.0,-0.9569376111030579
1788881230600,1788881230600,1788881235600,29,1.0,0.2500000077486038,0.24000000178813935,19.999999380111714,5.0,0.36989999333930035,-0.5699001063497031,51.96903158310104,0.0,0.9134278893470764
1788881240600,1788881240600,1788881245600,29,1.0,0.2500000077486038,0.24000000178813935,19.999999380111714,5.0,0.36989999333930035,-0.5699001063497031,51.399131476751336,0.0,0.9130331873893738
1788881250600,1788881250600,1788881255600,29,1.0,0.2500000077486038,0.24000000178813935,19.999999380111714,5.0,0.36989999333930035,-0.5699001063497031,50.82923137040163,0.0,0.9134424924850464
1788881260600,1788881260600,1788881265600,29,1.0,0.2500000077486038,0.24000000178813935,19.999999380111714,5.0,0.36989999333930035,-0.5699001063497031,50.25933126405192,0.0,0.9146798253059387
1788881270600,1788881270600,1788881275600,29,1.0,0.2500000077486038,0.24000000178813935,19.999999380111714,5.0,0.36989999333930035,-0.5699001063497031,49.68943115770222,0.0,0.9135831594467163
1788881283400,1788881283400,1788881288400,29,1.0,0.2500000077486038,0.24000000178813935,19.999999380111714,5.0,0.36989999333930035,-0.5699001063497031,49.11953105135251,0.0,0.9131631851196289
1788881294200,1788881294200,1788881299200,29,1.0,0.2500000077486038,0.24000000178813935,19.999999380111714,5.0,0.36989999333930035,-0.5699001063497031,48.549630945002804,0.0,0.9146293997764587
1788881308800,1788881308800,1788881313800,29,1.0,0.2500000077486038,0.24000000178813935,19.999999380111714,5.0,0.36989999333930035,-0.5699001063497031,47.9797308386531,0.0,0.9149159789085388
1788881322600,1788881322600,1788881327600,29,1.0,0.2500000077486038,0.24000000178813935,19.999999380111714,5.0,0.36989999333930035,-0.5699001063497031,47.40983073230339,0.0,0.915966808795929
1788881332600,1788881332600,1788881337600,29,1.0,0.2500000077486038,0.24000000178813935,19.999999380111714,5.0,0.36989999333930035,-0.5699001063497031,46.839930625953684,0.0,0.9137952327728271
1788881342600,1788881342600,1788881347600,29,1.0,0.2500000077486038,0.24000000178813935,19.999999380111714,5.0,0.36989999333930035,-0.5699001063497031,46.27003051960398,0.0,0.91341632604599
1788881443800,1788881443800,1788881448800,44,-1.0,0.3799999952316284,0.3100000023841858,8.064516067008695,5.0,0.1812499985098839,0.38326606849881095,46.65329658810279,-7.999998331069946,-0.9019563794136047
1788881459200,1788881459200,1788881464200,44,-1.0,0.3799999952316284,0.3100000023841858,8.064516067008695,5.0,0.1812499985098839,0.38326606849881095,47.0365626566016,-7.999998331069946,-0.9447001218795776
1788881473000,1788881473000,1788881478000,37,-1.0,0.38999997079372406,0.32999999821186066,8.196720919023454,5.0,0.18811474220906835,0.3036882881935251,47.34025094479513,-6.999999284744263,-0.921802818775177
1788881483000,1788881483000,1788881488000,44,-1.0,0.3799999952316284,0.3100000023841858,8.064516067008695,5.0,0.1812499985098839,0.38326606849881095,47.72351701329394,-7.999998331069946,-0.928269624710083
1788881493000,1788881493000,1788881498000,44,-1.0,0.3799999952316284,0.38999998569488525,8.064516067008695,5.0,0.19092741615597336,-0.27157249991684185,47.4519445133771,0.0,-0.9076386094093323
1788881509800,1788881509800,1788881514800,93,-1.0,0.5099999904632568,0.5199999809265137,10.204081434053666,5.0,0.2548469343020586,-0.35688765132889144,47.09505686204821,0.0,-0.9724673628807068
1788881522800,1788881522800,1788881527800,44,-1.0,0.3799999952316284,0.38999998569488525,8.064516067008695,5.0,0.19092741615597336,-0.27157249991684185,46.82348436213137,0.0,-0.9102744460105896
1788881532800,1788881532800,1788881537800,29,1.0,0.2500000077486038,0.24000000178813935,19.999999380111714,5.0,0.36989999333930035,-0.5699001063497031,46.25358425578166,0.0,0.9132550358772278
1788881546000,1788881546000,1788881551000,93,-1.0,0.5099999904632568,0.23999999463558197,10.204081434053666,5.0,0.22056121887117072,2.534540725748574,48.78812498153023,-27.99999862909317,-0.9727159738540649
1788881562400,1788881562400,1788881567400,93,-1.0,0.5099999904632568,0.23999999463558197,10.204081434053666,5.0,0.22056121887117072,2.534540725748574,51.3226657072788,-27.99999862909317,-0.976100742816925
1788881572400,1788881572400,1788881577400,93,-1.0,0.5099999904632568,0.5199999809265137,10.204081434053666,5.0,0.2548469343020586,-0.35688765132889144,50.96577805594991,0.0,-0.9760904312133789
1788881586600,1788881586600,1788881591600,93,-1.0,0.5099999904632568,0.23999999463558197,10.204081434053666,5.0,0.22056121887117072,2.534540725748574,53.50031878169848,-27.99999862909317,-0.9342525601387024
1788881597000,1788881597000,1788881602000,31,-1.0,0.44999997317790985,0.4599999934434891,9.09090864756878,5.0,0.22540907845886313,-0.31631834916708035,53.1840004325314,0.0,-0.9453500509262085
1788881607800,1788881607800,1788881612800,17,-1.0,0.4399999976158142,0.44999998807907104,8.928571390558263,5.0,0.2204910698299277,-0.30977669858601814,52.87422373394538,0.0,-0.9737905859947205
1788881617800,1788881617800,1788881622800,17,-1.0,0.4399999976158142,0.1199999976158142,8.928571390558263,5.0,0.15714285553718102,2.699999989441463,55.574223723386844,-33.49999934434891,-0.9154138565063477
1788881627800,1788881627800,1788881632800,30,-1.0,0.5699999928474426,0.5799999833106995,11.627906783327278,5.0,0.2841279043852798,-0.4004068613261921,55.173816862060654,0.0,-0.9502929449081421
1788881638600,1788881638600,1788881643600,30,-1.0,0.5699999928474426,0.1800000077486038,11.627906783327278,5.0,0.22831395315601732,4.306569519072308,59.48038638113296,-40.49999862909317,-0.9736224412918091
1788881651200,1788881651200,1788881656200,10,-1.0,0.3500000089406967,0.36000002920627594,7.692307798114755,5.0,0.17611539121474715,-0.25303862508496777,59.22734775604799,0.0,-0.9049118161201477
1788881661200,1788881661200,1788881666200,9,-1.0,0.4699999988079071,0.47999998927116394,9.433962242931775,5.0,0.23523584829133443,-0.32957538075137727,58.89777237529661,0.0,-0.9577603340148926
1788881671200,1788881671200,1788881676200,9,-1.0,0.4699999988079071,0.47999998927116394,9.433962242931775,5.0,0.23523584829133443,-0.32957538075137727,58.56819699454523,0.0,-0.96416836977005
1788881681200,1788881681200,1788881686200,9,-1.0,0.4699999988079071,0.47999998927116394,9.433962242931775,5.0,0.23523584829133443,-0.32957538075137727,58.23862161379385,0.0,-0.9501684904098511
1788881691200,1788881691200,1788881696200,9,-1.0,0.4699999988079071,0.47999998927116394,9.433962242931775,5.0,0.23523584829133443,-0.32957538075137727,57.909046233042474,0.0,-0.9458881616592407
1788881701600,1788881701600,1788881706600,101,1.0,0.19999999582767486,0.33000001311302185,25.000000521540652,5.0,0.4763750123817474,2.773625487552221,60.6826717205947,14.500001072883606,0.9635121822357178
1788881711600,1788881711600,1788881716600,9,-1.0,0.4699999988079071,0.47999998927116394,9.433962242931775,5.0,0.23523584829133443,-0.32957538075137727,60.35309633984332,0.0,-0.9451296925544739
1788881721600,1788881721600,1788881726600,17,-1.0,0.4399999976158142,0.1199999976158142,8.928571390558263,5.0,0.15714285553718102,2.699999989441463,63.053096329284784,-33.49999934434891,-0.9096724987030029
1788881731800,1788881731800,1788881736800,9,-1.0,0.4699999988079071,0.47999998927116394,9.433962242931775,5.0,0.23523584829133443,-0.32957538075137727,62.723520948533405,0.0,-0.9284337759017944
1788881747200,1788881747200,1788881752200,101,1.0,0.19999999582767486,0.17999999940395356,25.000000521540652,5.0,0.3845000044152142,-0.8844999254390579,61.83902102309435,0.0,0.975632905960083
1788881757200,1788881757200,1788881762200,101,1.0,0.19999999582767486,0.17999999940395356,25.000000521540652,5.0,0.3845000044152142,-0.8844999254390579,60.95452109765529,0.0,0.972891092300415
1788881767200,1788881767200,1788881772200,100,-1.0,0.4300000071525574,0.4399999976158142,8.771929934634617,5.0,0.21557017845735435,-0.30328939414805767,60.65123170350723,0.0,-0.9069976210594177
1788881777200,1788881777200,1788881782200,100,-1.0,0.4300000071525574,0.4399999976158142,8.771929934634617,5.0,0.21557017845735435,-0.30328939414805767,60.34794230935917,0.0,-0.9193105101585388
1788881805600,1788881805600,1788881810600,29,1.0,0.2500000077486038,0.24000000178813935,19.999999380111714,5.0,0.36989999333930035,-0.5699001063497031,59.77804220300946,0.0,0.9148352146148682
1788881825400,1788881825400,1788881830400,9,-1.0,0.4699999988079071,0.47999998927116394,9.433962242931775,5.0,0.23523584829133443,-0.32957538075137727,59.448466822258084,0.0,-0.9414750933647156
1788881835800,1788881835800,1788881840800,9,-1.0,0.4699999988079071,0.47999998927116394,9.433962242931775,5.0,0.23523584829133443,-0.32957538075137727,59.118891441506705,0.0,-0.9653637409210205
1788881864800,1788881864800,1788881869800,100,-1.0,0.4300000071525574,0.27999998688697814,8.771929934634617,5.0,0.19592105299867302,1.1198686149647608,60.23876005647146,-16.500002145767212,-0.9116773009300232
1788881935200,1788881935200,1788881940200,30,-1.0,0.5699999928474426,0.5799999833106995,11.627906783327278,5.0,0.2841279043852798,-0.4004068613261921,59.838353195145274,0.0,-0.9764202237129211
1788881959800,1788881959800,1788881964800,31,-1.0,0.44999997317790985,0.4599999934434891,9.09090864756878,5.0,0.22540907845886313,-0.31631834916708035,59.52203484597819,0.0,-0.9611741900444031
1788882040800,1788882040800,1788882045800,9,-1.0,0.4699999988079071,0.47999998927116394,9.433962242931775,5.0,0.23523584829133443,-0.32957538075137727,59.19245946522681,0.0,-0.9465357661247253
1788882050800,1788882050800,1788882055800,9,-1.0,0.4699999988079071,0.23999999463558197,9.433962242931775,5.0,0.2035377340417139,1.9662736211941523,61.158733086420966,-23.999999463558197,-0.921951174736023
1788882060800,1788882060800,1788882065800,9,-1.0,0.4699999988079071,0.47999998927116394,9.433962242931775,5.0,0.23523584829133443,-0.32957538075137727,60.82915770566959,0.0,-0.936252772808075
1788882070800,1788882070800,1788882075800,9,-1.0,0.4699999988079071,0.47999998927116394,9.433962242931775,5.0,0.23523584829133443,-0.32957538075137727,60.49958232491821,0.0,-0.9429227113723755
1788882080800,1788882080800,1788882085800,9,-1.0,0.4699999988079071,0.47999998927116394,9.433962242931775,5.0,0.23523584829133443,-0.32957538075137727,60.17000694416683,0.0,-0.9268410801887512
1788882091600,1788882091600,1788882096600,9,-1.0,0.4699999988079071,0.47999998927116394,9.433962242931775,5.0,0.23523584829133443,-0.32957538075137727,59.84043156341545,0.0,-0.9301168322563171
1788882126000,1788882126000,1788882131000,9,-1.0,0.4699999988079071,0.23999999463558197,9.433962242931775,5.0,0.2035377340417139,1.9662736211941523,61.806705184609605,-23.999999463558197,-0.9529545903205872
1788882198600,1788882198600,1788882203600,9,-1.0,0.4699999988079071,0.47999998927116394,9.433962242931775,5.0,0.23523584829133443,-0.32957538075137727,61.477129803858226,0.0,-0.9764620065689087
1788882208600,1788882208600,1788882213600,9,-1.0,0.4699999988079071,0.47999998927116394,9.433962242931775,5.0,0.23523584829133443,-0.32957538075137727,61.14755442310685,0.0,-0.9103860855102539
1788882249200,1788882249200,1788882254200,29,1.0,0.2500000077486038,0.24000000178813935,19.999999380111714,5.0,0.36989999333930035,-0.5699001063497031,60.57765431675714,0.0,0.9133538603782654
1788882261200,1788882261200,1788882266200,29,1.0,0.2500000077486038,0.24000000178813935,19.999999380111714,5.0,0.36989999333930035,-0.5699001063497031,60.007754210407434,0.0,0.912396252155304
1788882301600,1788882301600,1788882306600,44,-1.0,0.3799999952316284,0.38999998569488525,8.064516067008695,5.0,0.19092741615597336,-0.27157249991684185,59.73618171049059,0.0,-0.9044591188430786
1788882321200,1788882321200,1788882326200,30,1.0,0.16999999463558196,0.1599999886751175,29.411765633982387,5.0,0.40514705507658316,-0.6992648867241908,59.0369168237664,0.0,0.9664716124534607
1788882331200,1788882331200,1788882336200,30,-1.0,0.5699999928474426,0.5799999833106995,11.627906783327278,5.0,0.2841279043852798,-0.4004068613261921,58.63650996244021,0.0,-0.9711018204689026
1788882341400,1788882341400,1788882346400,30,1.0,0.16999999463558196,0.1599999886751175,29.411765633982387,5.0,0.40514705507658316,-0.6992648867241908,57.937245075716014,0.0,0.9821733236312866
1788882351400,1788882351400,1788882356400,30,1.0,0.16999999463558196,0.1599999886751175,29.411765633982387,5.0,0.40514705507658316,-0.6992648867241908,57.23798018899182,0.0,0.928439736366272
1788882361400,1788882361400,1788882366400,30,-1.0,0.5699999928474426,0.5799999833106995,11.627906783327278,5.0,0.2841279043852798,-0.4004068613261921,56.83757332766563,0.0,-0.9557018876075745
1788882371400,1788882371400,1788882376400,93,-1.0,0.5099999904632568,0.23999999463558197,10.204081434053666,5.0,0.22056121887117072,2.534540725748574,59.37211405341421,-27.99999862909317,-0.9695537090301514
1788882381400,1788882381400,1788882386400,9,-1.0,0.4699999988079071,0.47999998927116394,9.433962242931775,5.0,0.23523584829133443,-0.32957538075137727,59.04253867266283,0.0,-0.9344857335090637
1788882395000,1788882395000,1788882400000,93,-1.0,0.5099999904632568,0.23999999463558197,10.204081434053666,5.0,0.22056121887117072,2.534540725748574,61.5770793984114,-27.99999862909317,-0.9684550762176514
1788882405000,1788882405000,1788882410000,9,-1.0,0.4699999988079071,0.23999999463558197,9.433962242931775,5.0,0.2035377340417139,1.9662736211941523,63.543353019605554,-23.999999463558197,-0.9289048314094543
1788882415000,1788882415000,1788882420000,9,-1.0,0.4699999988079071,0.23999999463558197,9.433962242931775,5.0,0.2035377340417139,1.9662736211941523,65.50962664079971,-23.999999463558197,-0.9378581047058105
1788882425000,1788882425000,1788882430000,9,-1.0,0.4699999988079071,0.23999999463558197,9.433962242931775,5.0,0.2035377340417139,1.9662736211941523,67.47590026199386,-23.999999463558197,-0.9605012536048889
1788882435000,1788882435000,1788882440000,93,-1.0,0.5099999904632568,0.23999999463558197,10.204081434053666,5.0,0.22056121887117072,2.534540725748574,70.01044098774243,-27.99999862909317,-0.9481353163719177
1788882445000,1788882445000,1788882450000,9,-1.0,0.4699999988079071,0.47999998927116394,9.433962242931775,5.0,0.23523584829133443,-0.32957538075137727,69.68086560699105,0.0,-0.9558379054069519
1788882455000,1788882455000,1788882460000,9,-1.0,0.4699999988079071,0.23999999463558197,9.433962242931775,5.0,0.2035377340417139,1.9662736211941523,71.6471392281852,-23.999999463558197,-0.9396352171897888
1788882465000,1788882465000,1788882470000,9,-1.0,0.4699999988079071,0.47999998927116394,9.433962242931775,5.0,0.23523584829133443,-0.32957538075137727,71.31756384743382,0.0,-0.9417018294334412
1788882479000,1788882479000,1788882484000,9,-1.0,0.4699999988079071,0.47999998927116394,9.433962242931775,5.0,0.23523584829133443,-0.32957538075137727,70.98798846668244,0.0,-0.9071560502052307
1788882562400,1788882562400,1788882567400,93,-1.0,0.5099999904632568,0.5199999809265137,10.204081434053666,5.0,0.2548469343020586,-0.35688765132889144,70.63110081535355,0.0,-0.9270709156990051
1788882578400,1788882578400,1788882583400,93,-1.0,0.5099999904632568,0.23999999463558197,10.204081434053666,5.0,0.22056121887117072,2.534540725748574,73.16564154110212,-27.99999862909317,-0.9666635394096375
1788882588600,1788882588600,1788882593600,93,-1.0,0.5099999904632568,0.5199999809265137,10.204081434053666,5.0,0.2548469343020586,-0.35688765132889144,72.80875388977323,0.0,-0.9701429605484009
1788882598600,1788882598600,1788882603600,17,-1.0,0.4399999976158142,0.44999998807907104,8.928571390558263,5.0,0.2204910698299277,-0.30977669858601814,72.49897719118721,0.0,-0.9401904344558716
1788882668600,1788882668600,1788882673600,101,1.0,0.19999999582767486,0.17999999940395356,25.000000521540652,5.0,0.3845000044152142,-0.8844999254390579,71.61447726574815,0.0,0.9766051173210144
1788882679800,1788882679800,1788882684800,10,-1.0,0.3500000089406967,0.16999999463558196,7.692307798114755,5.0,0.14176923238913686,1.242846281310865,72.85732354705901,-19.00000274181366,-0.9649350047111511
1788882689800,1788882689800,1788882694800,17,-1.0,0.4399999976158142,0.1199999976158142,8.928571390558263,5.0,0.15714285553718102,2.699999989441463,75.55732353650048,-33.49999934434891,-0.9204388856887817
1788882699800,1788882699800,1788882704800,9,-1.0,0.4699999988079071,0.47999998927116394,9.433962242931775,5.0,0.23523584829133443,-0.32957538075137727,75.2277481557491,0.0,-0.9118407964706421
1788882709800,1788882709800,1788882714800,9,-1.0,0.4699999988079071,0.47999998927116394,9.433962242931775,5.0,0.23523584829133443,-0.32957538075137727,74.89817277499772,0.0,-0.9093926548957825
1788882720000,1788882720000,1788882725000,93,-1.0,0.5099999904632568,0.5199999809265137,10.204081434053666,5.0,0.2548469343020586,-0.35688765132889144,74.54128512366883,0.0,-0.9200659990310669
1788882730000,1788882730000,1788882735000,17,-1.0,0.4399999976158142,0.44999998807907104,8.928571390558263,5.0,0.2204910698299277,-0.30977669858601814,74.23150842508281,0.0,-0.9153777956962585
1788882955400,1788882955400,1788882960400,17,-1.0,0.4399999976158142,0.44999998807907104,8.928571390558263,5.0,0.2204910698299277,-0.30977669858601814,73.92173172649679,0.0,-0.9704425930976868
1788882965400,1788882965400,1788882970400,17,-1.0,0.4399999976158142,0.44999998807907104,8.928571390558263,5.0,0.2204910698299277,-0.30977669858601814,73.61195502791077,0.0,-0.9151399731636047
1788882975400,1788882975400,1788882980400,17,-1.0,0.4399999976158142,0.44999998807907104,8.928571390558263,5.0,0.2204910698299277,-0.30977669858601814,73.30217832932475,0.0,-0.9431853294372559
1788882985400,1788882985400,1788882990400,16,-1.0,0.5600000023841858,0.5699999928474426,11.36363642521141,5.0,0.27926136555596576,-0.3928976214359979,72.90928070788875,0.0,-0.9083468914031982
1788882995400,1788882995400,1788883000400,17,-1.0,0.4399999976158142,0.44999998807907104,8.928571390558263,5.0,0.2204910698299277,-0.30977669858601814,72.59950400930273,0.0,-0.9341530799865723
1788883005400,1788883005400,1788883010400,9,-1.0,0.4699999988079071,0.47999998927116394,9.433962242931775,5.0,0.23523584829133443,-0.32957538075137727,72.26992862855136,0.0,-0.9487825036048889
1788883015400,1788883015400,1788883020400,9,-1.0,0.4699999988079071,0.47999998927116394,9.433962242931775,5.0,0.23523584829133443,-0.32957538075137727,71.94035324779998,0.0,-0.9336808323860168
1788883027400,1788883027400,1788883032400,30,1.0,0.16999999463558196,0.1599999886751175,29.411765633982387,5.0,0.40514705507658316,-0.6992648867241908,71.24108836107578,0.0,0.971862256526947
1788883038200,1788883038200,1788883043200,16,-1.0,0.5600000023841858,0.5699999928474426,11.36363642521141,5.0,0.27926136555596576,-0.3928976214359979,70.84819073963979,0.0,-0.9756560325622559
1788883059200,1788883059200,1788883064200,17,-1.0,0.4399999976158142,0.12999999582767485,8.928571390558263,5.0,0.16049106923920312,2.607366077799388,73.45555681743917,-33.49999934434891,-0.9755823612213135
1788883069200,1788883069200,1788883074200,16,-1.0,0.5600000023841858,0.5699999928474426,11.36363642521141,5.0,0.27926136555596576,-0.3928976214359979,73.06265919600318,0.0,-0.975831925868988
1788883083200,1788883083200,1788883088200,9,-1.0,0.4699999988079071,0.47999998927116394,9.433962242931775,5.0,0.23523584829133443,-0.32957538075137727,72.7330838152518,0.0,-0.9619210958480835
1788883100600,1788883100600,1788883105600,31,-1.0,0.44999997317790985,0.4599999934434891,9.09090864756878,5.0,0.22540907845886313,-0.31631834916708035,72.41676546608473,0.0,-0.9572160243988037
1788883141200,1788883141200,1788883146200,9,-1.0,0.4699999988079071,0.47999998927116394,9.433962242931775,5.0,0.23523584829133443,-0.32957538075137727,72.08719008533335,0.0,-0.920017421245575
1788883151200,1788883151200,1788883156200,9,-1.0,0.4699999988079071,0.47999998927116394,9.433962242931775,5.0,0.23523584829133443,-0.32957538075137727,71.75761470458197,0.0,-0.9147613644599915
1788883173000,1788883173000,1788883178000,9,-1.0,0.4699999988079071,0.47999998927116394,9.433962242931775,5.0,0.23523584829133443,-0.32957538075137727,71.42803932383059,0.0,-0.9482941627502441
1788883184800,1788883184800,1788883189800,9,-1.0,0.4699999988079071,0.23999999463558197,9.433962242931775,5.0,0.2035377340417139,1.9662736211941523,73.39431294502474,-23.999999463558197,-0.9646139144897461
1788883199800,1788883199800,1788883204800,9,-1.0,0.4699999988079071,0.47999998927116394,9.433962242931775,5.0,0.23523584829133443,-0.32957538075137727,73.06473756427336,0.0,-0.962117075920105
1788883209800,1788883209800,1788883214800,9,-1.0,0.4699999988079071,0.47999998927116394,9.433962242931775,5.0,0.23523584829133443,-0.32957538075137727,72.73516218352198,0.0,-0.9275602698326111
1788883222400,1788883222400,1788883227400,9,-1.0,0.4699999988079071,0.47999998927116394,9.433962242931775,5.0,0.23523584829133443,-0.32957538075137727,72.4055868027706,0.0,-0.9274981617927551
1788883233800,1788883233800,1788883238800,30,1.0,0.16999999463558196,0.1599999886751175,29.411765633982387,5.0,0.40514705507658316,-0.6992648867241908,71.7063219160464,0.0,0.9858149886131287
1788883244800,1788883244800,1788883249800,100,1.0,0.26999999582767487,0.4300000071525574,18.518518804686227,5.0,0.4094444499216943,2.5535187685481517,74.25984068459456,17.000001668930054,0.9404123425483704
1788883257800,1788883257800,1788883262800,29,1.0,0.2500000077486038,0.24000000178813935,19.999999380111714,5.0,0.36989999333930035,-0.5699001063497031,73.68994057824486,0.0,0.9136302471160889
1788883267800,1788883267800,1788883272800,100,1.0,0.26999999582767487,0.25999997556209564,18.518518804686227,5.0,0.36064814108287124,-0.5458337044182434,73.14410687382662,0.0,0.9145507216453552
1788883277800,1788883277800,1788883282800,9,-1.0,0.4699999988079071,0.23999999463558197,9.433962242931775,5.0,0.2035377340417139,1.9662736211941523,75.11038049502076,-23.999999463558197,-0.9057347178459167
1788883290000,1788883290000,1788883295000,29,1.0,0.2500000077486038,0.24000000178813935,19.999999380111714,5.0,0.36989999333930035,-0.5699001063497031,74.54048038867106,0.0,0.9154625535011292
1788883300000,1788883300000,1788883305000,29,1.0,0.2500000077486038,0.24000000178813935,19.999999380111714,5.0,0.36989999333930035,-0.5699001063497031,73.97058028232135,0.0,0.9157472252845764
1788883310000,1788883310000,1788883315000,29,1.0,0.2500000077486038,0.24000000178813935,19.999999380111714,5.0,0.36989999333930035,-0.5699001063497031,73.40068017597164,0.0,0.9155299067497253
1788883320000,1788883320000,1788883325000,30,1.0,0.16999999463558196,0.5699999928474426,29.411765633982387,5.0,0.5679411906581441,11.196765010342475,84.59744518631412,40.99999964237213,0.9859644770622253
1788883352000,1788883352000,1788883357000,31,-1.0,0.44999997317790985,0.4599999934434891,9.09090864756878,5.0,0.22540907845886313,-0.31631834916708035,84.28112683714704,0.0,-0.9578869342803955
1788883367800,1788883367800,1788883372800,31,-1.0,0.44999997317790985,0.12999999552965164,9.09090864756878,5.0,0.16390908019281636,2.7451814838315505,87.02630832097859,-33.49999859929085,-0.9574615359306335
1788883378400,1788883378400,1788883383400,31,-1.0,0.44999997317790985,0.4599999934434891,9.09090864756878,5.0,0.22540907845886313,-0.31631834916708035,86.70998997181151,0.0,-0.9175719618797302
1788883407000,1788883407000,1788883412000,29,1.0,0.2500000077486038,0.24000000178813935,19.999999380111714,5.0,0.36989999333930035,-0.5699001063497031,86.1400898654618,0.0,0.9135809540748596
1788883509800,1788883509800,1788883514800,101,1.0,0.19999999582767486,0.17999999940395356,25.000000521540652,5.0,0.3845000044152142,-0.8844999254390579,85.25558994002274,0.0,0.9703811407089233
1788883519800,1788883519800,1788883524800,101,1.0,0.19999999582767486,0.17999999940395356,25.000000521540652,5.0,0.3845000044152142,-0.8844999254390579,84.37109001458369,0.0,0.9583792686462402
1788883671200,1788883671200,1788883676200,17,-1.0,0.4399999976158142,0.44999998807907104,8.928571390558263,5.0,0.2204910698299277,-0.30977669858601814,84.06131331599767,0.0,-0.9078759551048279
1788883682600,1788883682600,1788883687600,17,-1.0,0.4399999976158142,0.1299999922513962,8.928571390558263,5.0,0.16049106805775393,2.607366110911897,86.66867942690956,-32.999999821186066,-0.9008759260177612
1788883696600,1788883696600,1788883701600,16,-1.0,0.5600000023841858,0.5699999928474426,11.36363642521141,5.0,0.27926136555596576,-0.3928976214359979,86.27578180547357,0.0,-0.9676947593688965
1788883711000,1788883711000,1788883716000,16,-1.0,0.5600000023841858,0.5699999928474426,11.36363642521141,5.0,0.27926136555596576,-0.3928976214359979,85.88288418403758,0.0,-0.9768250584602356
1788883723200,1788883723200,1788883728200,29,1.0,0.2500000077486038,0.24000000178813935,19.999999380111714,5.0,0.36989999333930035,-0.5699001063497031,85.31298407768787,0.0,0.9154443740844727
1788883735800,1788883735800,1788883740800,29,1.0,0.2500000077486038,0.24000000178813935,19.999999380111714,5.0,0.36989999333930035,-0.5699001063497031,84.74308397133817,0.0,0.9156761765480042
1788883750400,1788883750400,1788883755400,17,-1.0,0.4399999976158142,0.44999998807907104,8.928571390558263,5.0,0.2204910698299277,-0.30977669858601814,84.43330727275215,0.0,-0.9043146967887878
1788883761600,1788883761600,1788883766600,17,-1.0,0.4399999976158142,0.44999998807907104,8.928571390558263,5.0,0.2204910698299277,-0.30977669858601814,84.12353057416613,0.0,-0.9158140420913696
1788883771600,1788883771600,1788883776600,17,-1.0,0.4399999976158142,0.44999998807907104,8.928571390558263,5.0,0.2204910698299277,-0.30977669858601814,83.8137538755801,0.0,-0.9067108631134033
1788883788400,1788883788400,1788883793400,16,-1.0,0.5600000023841858,0.5699999928474426,11.36363642521141,5.0,0.27926136555596576,-0.3928976214359979,83.42085625414411,0.0,-0.967221736907959
1788883974800,1788883974800,1788883979800,31,-1.0,0.44999997317790985,0.12999999552965164,9.09090864756878,5.0,0.16390908019281636,2.7451814838315505,86.16603773797566,-33.49999859929085,-0.9591007828712463
1788883985400,1788883985400,1788883990400,31,-1.0,0.44999997317790985,0.12999999552965164,9.09090864756878,5.0,0.16390908019281636,2.7451814838315505,88.9112192218072,-33.49999859929085,-0.968542754650116
1788884058200,1788884058200,1788884063200,31,-1.0,0.44999997317790985,0.12999999552965164,9.09090864756878,5.0,0.16390908019281636,2.7451814838315505,91.65640070563875,-33.49999859929085,-0.962435781955719
1788884103800,1788884103800,1788884108800,31,-1.0,0.44999997317790985,0.12999999552965164,9.09090864756878,5.0,0.16390908019281636,2.7451814838315505,94.40158218947029,-33.49999859929085,-0.9625588655471802
1788884164400,1788884164400,1788884169400,16,-1.0,0.5600000023841858,0.5699999928474426,11.36363642521141,5.0,0.27926136555596576,-0.3928976214359979,94.0086845680343,0.0,-0.910034716129303
1788884262200,1788884262200,1788884267200,30,-1.0,0.5699999928474426,0.5799999833106995,11.627906783327278,5.0,0.2841279043852798,-0.4004068613261921,93.60827770670811,0.0,-0.9017576575279236
1788884290400,1788884290400,1788884295400,37,-1.0,0.38999997079372406,0.32999999821186066,8.196720919023454,5.0,0.18811474220906835,0.3036882881935251,93.91196599490164,-6.999999284744263,-0.9009711742401123
1788884301400,1788884301400,1788884306400,93,-1.0,0.5099999904632568,0.5199999809265137,10.204081434053666,5.0,0.2548469343020586,-0.35688765132889144,93.55507834357275,0.0,-0.9027515053749084
1788884311600,1788884311600,1788884316600,100,-1.0,0.4300000071525574,0.26999999582767487,8.771929934634617,5.0,0.19394737045217855,1.209561518430436,94.76463986200318,-17.000001668930054,-0.9293969869613647
1788884330800,1788884330800,1788884335800,100,-1.0,0.4300000071525574,0.4399999976158142,8.771929934634617,5.0,0.21557017845735435,-0.30328939414805767,94.46135046785513,0.0,-0.9651058316230774
1788884340800,1788884340800,1788884345800,100,-1.0,0.4300000071525574,0.4399999976158142,8.771929934634617,5.0,0.21557017845735435,-0.30328939414805767,94.15806107370707,0.0,-0.9161863327026367
1788884371800,1788884371800,1788884376800,31,-1.0,0.44999997317790985,0.12999999552965164,9.09090864756878,5.0,0.16390908019281636,2.7451814838315505,96.90324255753862,-33.49999859929085,-0.9730697870254517
1788884408200,1788884408200,1788884413200,31,-1.0,0.44999997317790985,0.12999999552965164,9.09090864756878,5.0,0.16390908019281636,2.7451814838315505,99.64842404137016,-33.49999859929085,-0.9626319408416748
1788884453600,1788884453600,1788884458600,31,-1.0,0.44999997317790985,0.12999999552965164,9.09090864756878,5.0,0.16390908019281636,2.7451814838315505,102.3936055252017,-33.49999859929085,-0.9624543786048889
1788884464000,1788884464000,1788884469000,31,-1.0,0.44999997317790985,0.12999999552965164,9.09090864756878,5.0,0.16390908019281636,2.7451814838315505,105.13878700903325,-33.49999859929085,-0.9626533389091492
1788884474000,1788884474000,1788884479000,16,-1.0,0.5600000023841858,0.1800000149011612,11.36363642521141,5.0,0.22386364283271068,4.094318056509268,109.23310506554252,-38.999998569488525,-0.915517270565033
1788884484000,1788884484000,1788884489000,16,-1.0,0.5600000023841858,0.5699999928474426,11.36363642521141,5.0,0.27926136555596576,-0.3928976214359979,108.84020744410653,0.0,-0.9290430545806885
1788884561800,1788884561800,1788884566800,31,-1.0,0.44999997317790985,0.12999999552965164,9.09090864756878,5.0,0.16390908019281636,2.7451814838315505,111.58538892793807,-33.49999859929085,-0.9626513719558716
1788884603800,1788884603800,1788884608800,31,-1.0,0.44999997317790985,0.4599999934434891,9.09090864756878,5.0,0.22540907845886313,-0.31631834916708035,111.269070578771,0.0,-0.9626229405403137
1788884627600,1788884627600,1788884632600,93,-1.0,0.5099999904632568,0.5199999809265137,10.204081434053666,5.0,0.2548469343020586,-0.35688765132889144,110.9121829274421,0.0,-0.9688225388526917
1788884666200,1788884666200,1788884671200,31,-1.0,0.44999997317790985,0.4599999934434891,9.09090864756878,5.0,0.22540907845886313,-0.31631834916708035,110.59586457827503,0.0,-0.9706793427467346
1788884806200,1788884806200,1788884811200,29,1.0,0.2500000077486038,0.24000000178813935,19.999999380111714,5.0,0.36989999333930035,-0.5699001063497031,110.02596447192532,0.0,0.9150901436805725
1788884816200,1788884816200,1788884821200,29,1.0,0.2500000077486038,0.24000000178813935,19.999999380111714,5.0,0.36989999333930035,-0.5699001063497031,109.45606436557561,0.0,0.9150636792182922
1788884827200,1788884827200,1788884832200,17,-1.0,0.4399999976158142,0.44999998807907104,8.928571390558263,5.0,0.2204910698299277,-0.30977669858601814,109.1462876669896,0.0,-0.9742437601089478
1788884837400,1788884837400,1788884842400,17,-1.0,0.4399999976158142,0.44999998807907104,8.928571390558263,5.0,0.2204910698299277,-0.30977669858601814,108.83651096840357,0.0,-0.9005582928657532
1788884876600,1788884876600,1788884881600,31,-1.0,0.44999997317790985,0.4599999934434891,9.09090864756878,5.0,0.22540907845886313,-0.31631834916708035,108.5201926192365,0.0,-0.9742034673690796
1788884891600,1788884891600,1788884896600,100,-1.0,0.4300000071525574,0.26999999582767487,8.771929934634617,5.0,0.19394737045217855,1.209561518430436,109.72975413766693,-17.000001668930054,-0.9243675470352173
1788884937800,1788884937800,1788884942800,16,-1.0,0.5600000023841858,0.5699999928474426,11.36363642521141,5.0,0.27926136555596576,-0.3928976214359979,109.33685651623094,0.0,-0.9677771329879761
1788885106200,1788885106200,1788885111200,9,-1.0,0.4699999988079071,0.47999998927116394,9.433962242931775,5.0,0.23523584829133443,-0.32957538075137727,109.00728113547956,0.0,-0.9659513235092163
1788885125200,1788885125200,1788885130200,9,-1.0,0.4699999988079071,0.47999998927116394,9.433962242931775,5.0,0.23523584829133443,-0.32957538075137727,108.67770575472818,0.0,-0.9635676145553589
1788885141400,1788885141400,1788885146400,31,-1.0,0.44999997317790985,0.12999999552965164,9.09090864756878,5.0,0.16390908019281636,2.7451814838315505,111.42288723855972,-33.49999859929085,-0.9744535684585571
1788885158200,1788885158200,1788885163200,31,-1.0,0.44999997317790985,0.12999999552965164,9.09090864756878,5.0,0.16390908019281636,2.7451814838315505,114.16806872239127,-33.49999859929085,-0.9600998163223267
1788885172600,1788885172600,1788885177600,31,-1.0,0.44999997317790985,0.12999999552965164,9.09090864756878,5.0,0.16390908019281636,2.7451814838315505,116.91325020622281,-33.49999859929085,-0.9716983437538147
1788885183000,1788885183000,1788885188000,30,1.0,0.16999999463558196,0.1599999886751175,29.411765633982387,5.0,0.40514705507658316,-0.6992648867241908,116.21398531949862,0.0,0.9207192659378052
1788885250800,1788885250800,1788885255800,31,-1.0,0.44999997317790985,0.12999999552965164,9.09090864756878,5.0,0.16390908019281636,2.7451814838315505,118.95916680333016,-33.49999859929085,-0.9604547023773193
1788885363600,1788885363600,1788885368600,31,-1.0,0.44999997317790985,0.12999999552965164,9.09090864756878,5.0,0.16390908019281636,2.7451814838315505,121.70434828716171,-33.49999859929085,-0.9598365426063538
1788885393600,1788885393600,1788885398600,31,-1.0,0.44999997317790985,0.12999999552965164,9.09090864756878,5.0,0.16390908019281636,2.7451814838315505,124.44952977099325,-33.49999859929085,-0.9602264165878296
1788885476000,1788885476000,1788885481000,31,-1.0,0.44999997317790985,0.12999999552965164,9.09090864756878,5.0,0.16390908019281636,2.7451814838315505,127.1947112548248,-33.49999859929085,-0.9599853754043579
1788885516200,1788885516200,1788885521200,31,-1.0,0.44999997317790985,0.12999999552965164,9.09090864756878,5.0,0.16390908019281636,2.7451814838315505,129.93989273865634,-33.49999859929085,-0.963394284248352
1788885572800,1788885572800,1788885577800,31,-1.0,0.44999997317790985,0.12999999552965164,9.09090864756878,5.0,0.16390908019281636,2.7451814838315505,132.68507422248788,-33.49999859929085,-0.9600856304168701
1788885620800,1788885620800,1788885625800,31,-1.0,0.44999997317790985,0.12999999552965164,9.09090864756878,5.0,0.16390908019281636,2.7451814838315505,135.43025570631943,-33.49999859929085,-0.9603766202926636
1788885829400,1788885829400,1788885834400,16,-1.0,0.5600000023841858,0.1800000149011612,11.36363642521141,5.0,0.22386364283271068,4.094318056509268,139.5245737628287,-38.999998569488525,-0.9623496532440186
1788885849200,1788885849200,1788885854200,16,-1.0,0.5600000023841858,0.5699999928474426,11.36363642521141,5.0,0.27926136555596576,-0.3928976214359979,139.13167614139272,0.0,-0.9777340888977051
1788885880600,1788885880600,1788885885600,37,-1.0,0.38999997079372406,0.3999999910593033,8.196720919023454,5.0,0.19586064299386846,-0.27782801829540016,138.85384812309732,0.0,-0.9241880774497986
1788885906600,1788885906600,1788885911600,9,-1.0,0.4699999988079071,0.23999999463558197,9.433962242931775,5.0,0.2035377340417139,1.9662736211941523,140.82012174429147,-23.999999463558197,-0.9621630907058716
1788885920800,1788885920800,1788885925800,16,-1.0,0.5600000023841858,0.5699999928474426,11.36363642521141,5.0,0.27926136555596576,-0.3928976214359979,140.42722412285548,0.0,-0.9553845524787903
1788885930800,1788885930800,1788885935800,93,-1.0,0.5099999904632568,0.5199999809265137,10.204081434053666,5.0,0.2548469343020586,-0.35688765132889144,140.0703364715266,0.0,-0.9280064702033997
1788885941400,1788885941400,1788885946400,37,-1.0,0.38999997079372406,0.3999999910593033,8.196720919023454,5.0,0.19586064299386846,-0.27782801829540016,139.7925084532312,0.0,-0.9054297804832458
1788885951400,1788885951400,1788885956400,93,-1.0,0.5099999904632568,0.5199999809265137,10.204081434053666,5.0,0.2548469343020586,-0.35688765132889144,139.4356208019023,0.0,-0.9306682348251343
1788885974000,1788885974000,1788885979000,93,-1.0,0.5099999904632568,0.23999999463558197,10.204081434053666,5.0,0.22056121887117072,2.534540725748574,141.97016152765087,-27.99999862909317,-0.9734618663787842
1788885992400,1788885992400,1788885997400,16,-1.0,0.5600000023841858,0.5699999928474426,11.36363642521141,5.0,0.27926136555596576,-0.3928976214359979,141.57726390621488,0.0,-0.9744254946708679
1788886003000,1788886003000,1788886008000,30,-1.0,0.5699999928474426,0.5799999833106995,11.627906783327278,5.0,0.2841279043852798,-0.4004068613261921,141.1768570448887,0.0,-0.9747017621994019
1788886013000,1788886013000,1788886018000,29,1.0,0.2500000077486038,0.24000000178813935,19.999999380111714,5.0,0.36989999333930035,-0.5699001063497031,140.60695693853899,0.0,0.9149414300918579
1788886028800,1788886028800,1788886033800,44,-1.0,0.3799999952316284,0.38999998569488525,8.064516067008695,5.0,0.19092741615597336,-0.27157249991684185,140.33538443862216,0.0,-0.905885636806488
1788886233600,1788886233600,1788886238600,93,-1.0,0.5099999904632568,0.5199999809265137,10.204081434053666,5.0,0.2548469343020586,-0.35688765132889144,139.97849678729327,0.0,-0.9688209891319275
1788886246600,1788886246600,1788886251600,30,1.0,0.16999999463558196,0.1599999886751175,29.411765633982387,5.0,0.40514705507658316,-0.6992648867241908,139.27923190056907,0.0,0.9839621186256409
1788886269200,1788886269200,1788886274200,100,-1.0,0.4300000071525574,0.4399999976158142,8.771929934634617,5.0,0.21557017845735435,-0.30328939414805767,138.975942506421,0.0,-0.9151580929756165
1788886640200,1788886640200,1788886645200,9,-1.0,0.4699999988079071,0.47999998927116394,9.433962242931775,5.0,0.23523584829133443,-0.32957538075137727,138.64636712566963,0.0,-0.9167822599411011
1788886695600,1788886695600,1788886700600,30,1.0,0.16999999463558196,0.1599999886751175,29.411765633982387,5.0,0.40514705507658316,-0.6992648867241908,137.94710223894543,0.0,0.9807838797569275
1788886821400,1788886821400,1788886826400,31,-1.0,0.44999997317790985,0.4599999934434891,9.09090864756878,5.0,0.22540907845886313,-0.31631834916708035,137.63078388977834,0.0,-0.9448391795158386
1788887117400,1788887117400,1788887122400,31,-1.0,0.44999997317790985,0.4599999934434891,9.09090864756878,5.0,0.22540907845886313,-0.31631834916708035,137.31446554061125,0.0,-0.972990870475769
1788887127400,1788887127400,1788887132400,31,-1.0,0.44999997317790985,0.4599999934434891,9.09090864756878,5.0,0.22540907845886313,-0.31631834916708035,136.99814719144416,0.0,-0.9229676723480225
1788887138600,1788887138600,1788887143600,29,1.0,0.2500000077486038,0.24000000178813935,19.999999380111714,5.0,0.36989999333930035,-0.5699001063497031,136.42824708509445,0.0,0.9172818660736084
1788887148600,1788887148600,1788887153600,29,1.0,0.2500000077486038,0.24000000178813935,19.999999380111714,5.0,0.36989999333930035,-0.5699001063497031,135.85834697874475,0.0,0.9182067513465881
1788887158600,1788887158600,1788887163600,29,1.0,0.2500000077486038,0.24000000178813935,19.999999380111714,5.0,0.36989999333930035,-0.5699001063497031,135.28844687239504,0.0,0.9179530739784241
1788887168600,1788887168600,1788887173600,29,1.0,0.2500000077486038,0.24000000178813935,19.999999380111714,5.0,0.36989999333930035,-0.5699001063497031,134.71854676604534,0.0,0.9177963733673096
1788887178600,1788887178600,1788887183600,29,1.0,0.2500000077486038,0.24000000178813935,19.999999380111714,5.0,0.36989999333930035,-0.5699001063497031,134.14864665969563,0.0,0.917784571647644
1788887190600,1788887190600,1788887195600,29,1.0,0.2500000077486038,0.24000000178813935,19.999999380111714,5.0,0.36989999333930035,-0.5699001063497031,133.57874655334592,0.0,0.9176973700523376
1788887200600,1788887200600,1788887205600,29,1.0,0.2500000077486038,0.24000000178813935,19.999999380111714,5.0,0.36989999333930035,-0.5699001063497031,133.00884644699622,0.0,0.9177342653274536
1788887238400,1788887238400,1788887243400,30,1.0,0.16999999463558196,0.5699999928474426,29.411765633982387,5.0,0.5679411906581441,11.196765010342475,144.2056114573387,40.99999964237213,0.9713616371154785
1788887248400,1788887248400,1788887253400,30,1.0,0.16999999463558196,0.1599999886751175,29.411765633982387,5.0,0.40514705507658316,-0.6992648867241908,143.5063465706145,0.0,0.9761227965354919
1788887259800,1788887259800,1788887264800,30,1.0,0.16999999463558196,0.1599999886751175,29.411765633982387,5.0,0.40514705507658316,-0.6992648867241908,142.80708168389032,0.0,0.9833812713623047
1788887278400,1788887278400,1788887283400,29,1.0,0.2500000077486038,0.24000000178813935,19.999999380111714,5.0,0.36989999333930035,-0.5699001063497031,142.2371815775406,0.0,0.9171597957611084
1788887290000,1788887290000,1788887295000,29,1.0,0.2500000077486038,0.24000000178813935,19.999999380111714,5.0,0.36989999333930035,-0.5699001063497031,141.6672814711909,0.0,0.9182384014129639
1788887300000,1788887300000,1788887305000,29,1.0,0.2500000077486038,0.24000000178813935,19.999999380111714,5.0,0.36989999333930035,-0.5699001063497031,141.0973813648412,0.0,0.9183018803596497
1788887318200,1788887318200,1788887323200,29,1.0,0.2500000077486038,0.24000000178813935,19.999999380111714,5.0,0.36989999333930035,-0.5699001063497031,140.5274812584915,0.0,0.9182746410369873
1788887328200,1788887328200,1788887333200,29,1.0,0.2500000077486038,0.24000000178813935,19.999999380111714,5.0,0.36989999333930035,-0.5699001063497031,139.95758115214178,0.0,0.9183014631271362
1788887338200,1788887338200,1788887343200,29,1.0,0.2500000077486038,0.24000000178813935,19.999999380111714,5.0,0.36989999333930035,-0.5699001063497031,139.38768104579208,0.0,0.9171491861343384
1788887348600,1788887348600,1788887353600,9,-1.0,0.4699999988079071,0.23999999463558197,9.433962242931775,5.0,0.2035377340417139,1.9662736211941523,141.35395466698623,-23.999999463558197,-0.9724043607711792
1788887358600,1788887358600,1788887363600,9,-1.0,0.4699999988079071,0.47999998927116394,9.433962242931775,5.0,0.23523584829133443,-0.32957538075137727,141.02437928623485,0.0,-0.948347806930542
1788887368600,1788887368600,1788887373600,9,-1.0,0.4699999988079071,0.23999999463558197,9.433962242931775,5.0,0.2035377340417139,1.9662736211941523,142.990652907429,-23.999999463558197,-0.972898006439209
1788887378600,1788887378600,1788887383600,29,1.0,0.2500000077486038,0.24000000178813935,19.999999380111714,5.0,0.36989999333930035,-0.5699001063497031,142.4207528010793,0.0,0.9167283773422241
1788887811600,1788887811600,1788887816600,9,-1.0,0.4699999988079071,0.47999998927116394,9.433962242931775,5.0,0.23523584829133443,-0.32957538075137727,142.0911774203279,0.0,-0.9530999660491943
1788887955600,1788887955600,1788887960600,94,-1.0,0.4000000059604645,0.4099999964237213,8.333333416117563,5.0,0.20079166888983715,-0.2841249235781523,141.80705249674975,0.0,-0.9029809832572937
1788887968600,1788887968600,1788887973600,94,-1.0,0.4000000059604645,0.4099999964237213,8.333333416117563,5.0,0.20079166888983715,-0.2841249235781523,141.5229275731716,0.0,-0.9042927026748657
1788888386800,1788888386800,1788888391800,9,-1.0,0.4699999988079071,0.47999998927116394,9.433962242931775,5.0,0.23523584829133443,-0.32957538075137727,141.1933521924202,0.0,-0.9258016347885132
1788888408600,1788888408600,1788888413600,37,-1.0,0.38999997079372406,0.3999999910593033,8.196720919023454,5.0,0.19586064299386846,-0.27782801829540016,140.9155241741248,0.0,-0.9075134992599487
1788888438000,1788888438000,1788888443000,29,1.0,0.2500000077486038,0.24000000178813935,19.999999380111714,5.0,0.36989999333930035,-0.5699001063497031,140.3456240677751,0.0,0.9155106544494629
1788889247400,1788889247400,1788889252400,2,-1.0,0.4000000059604645,0.4099999964237213,8.333333416117563,5.0,0.20079166888983715,-0.2841249235781523,140.06149914419694,0.0,-0.9236017465591431
1788889478400,1788889478400,1788889483400,10,-1.0,0.3500000089406967,0.36000002920627594,7.692307798114755,5.0,0.17611539121474715,-0.25303862508496777,139.80846051911197,0.0,-0.9517027735710144
1788889768400,1788889768400,1788889773400,100,-1.0,0.4300000071525574,0.4399999976158142,8.771929934634617,5.0,0.21557017845735435,-0.30328939414805767,139.5051711249639,0.0,-0.9508019089698792
1788889785800,1788889785800,1788889790800,9,-1.0,0.4699999988079071,0.47999998927116394,9.433962242931775,5.0,0.23523584829133443,-0.32957538075137727,139.17559574421253,0.0,-0.9713485240936279
1788890101200,1788890101200,1788890106200,37,-1.0,0.38999997079372406,0.32999999821186066,8.196720919023454,5.0,0.18811474220906835,0.3036882881935251,139.47928403240604,-6.999999284744263,-0.921576976776123
1788890118200,1788890118200,1788890123200,9,-1.0,0.4699999988079071,0.23999999463558197,9.433962242931775,5.0,0.2035377340417139,1.9662736211941523,141.4455576536002,-23.999999463558197,-0.9451552033424377
1788890128200,1788890128200,1788890133200,9,-1.0,0.4699999988079071,0.47999998927116394,9.433962242931775,5.0,0.23523584829133443,-0.32957538075137727,141.1159822728488,0.0,-0.9232082962989807
1788890143800,1788890143800,1788890148800,9,-1.0,0.4699999988079071,0.47999998927116394,9.433962242931775,5.0,0.23523584829133443,-0.32957538075137727,140.78640689209743,0.0,-0.9344011545181274
1788890167400,1788890167400,1788890172400,37,-1.0,0.38999997079372406,0.32999999821186066,8.196720919023454,5.0,0.18811474220906835,0.3036882881935251,141.09009518029094,-6.999999284744263,-0.9063553810119629
1788890181400,1788890181400,1788890186400,37,-1.0,0.38999997079372406,0.32999999821186066,8.196720919023454,5.0,0.18811474220906835,0.3036882881935251,141.39378346848446,-6.999999284744263,-0.9005010724067688
1788890202400,1788890202400,1788890207400,37,-1.0,0.38999997079372406,0.3999999910593033,8.196720919023454,5.0,0.19586064299386846,-0.27782801829540016,141.11595545018906,0.0,-0.9114298224449158
1788890224800,1788890224800,1788890229800,37,-1.0,0.38999997079372406,0.32999999821186066,8.196720919023454,5.0,0.18811474220906835,0.3036882881935251,141.41964373838258,-6.999999284744263,-0.9087074995040894
1788890242400,1788890242400,1788890247400,37,-1.0,0.38999997079372406,0.32999999821186066,8.196720919023454,5.0,0.18811474220906835,0.3036882881935251,141.7233320265761,-6.999999284744263,-0.9027028679847717
1788890299000,1788890299000,1788890304000,37,-1.0,0.38999997079372406,0.3999999910593033,8.196720919023454,5.0,0.19586064299386846,-0.27782801829540016,141.4455040082807,0.0,-0.9027517437934875
1788890309000,1788890309000,1788890314000,37,-1.0,0.38999997079372406,0.3999999910593033,8.196720919023454,5.0,0.19586064299386846,-0.27782801829540016,141.1676759899853,0.0,-0.9027128219604492
1788890328200,1788890328200,1788890333200,37,-1.0,0.38999997079372406,0.32999999821186066,8.196720919023454,5.0,0.18811474220906835,0.3036882881935251,141.4713642781788,-6.999999284744263,-0.9247080087661743
1788890348000,1788890348000,1788890353000,37,-1.0,0.38999997079372406,0.32999999821186066,8.196720919023454,5.0,0.18811474220906835,0.3036882881935251,141.77505256637232,-6.999999284744263,-0.9028120040893555
1788890365800,1788890365800,1788890370800,37,-1.0,0.38999997079372406,0.32999999821186066,8.196720919023454,5.0,0.18811474220906835,0.3036882881935251,142.07874085456584,-6.999999284744263,-0.9015288352966309
1788890407400,1788890407400,1788890412400,37,-1.0,0.38999997079372406,0.32999999821186066,8.196720919023454,5.0,0.18811474220906835,0.3036882881935251,142.38242914275935,-6.999999284744263,-0.9043005704879761
1788890421200,1788890421200,1788890426200,37,-1.0,0.38999997079372406,0.3999999910593033,8.196720919023454,5.0,0.19586064299386846,-0.27782801829540016,142.10460112446395,0.0,-0.9026557207107544
1788890506400,1788890506400,1788890511400,2,-1.0,0.4000000059604645,0.4099999964237213,8.333333416117563,5.0,0.20079166888983715,-0.2841249235781523,141.8204762008858,0.0,-0.9366421103477478
1788890518800,1788890518800,1788890523800,37,-1.0,0.38999997079372406,0.3999999910593033,8.196720919023454,5.0,0.19586064299386846,-0.27782801829540016,141.5426481825904,0.0,-0.9162032604217529
1788890529000,1788890529000,1788890534000,65,-1.0,0.3799999952316284,0.3199999928474426,8.064516067008695,5.0,0.18274193257868726,0.30112905066913903,141.84377723325954,-6.999999284744263,-0.9120325446128845
1788890539200,1788890539200,1788890544200,2,-1.0,0.4000000059604645,0.4099999964237213,8.333333416117563,5.0,0.20079166888983715,-0.2841249235781523,141.55965230968138,0.0,-0.9423959851264954
1788890551400,1788890551400,1788890556400,16,-1.0,0.5600000023841858,0.1800000149011612,11.36363642521141,5.0,0.22386364283271068,4.094318056509268,145.65397036619066,-38.999998569488525,-0.9740359783172607
1788890561400,1788890561400,1788890566400,2,-1.0,0.4000000059604645,0.32999999821186066,8.333333416117563,5.0,0.19212500215197606,0.39120840154795256,146.0451787677386,-8.000001311302185,-0.9263667464256287
1788890579200,1788890579200,1788890584200,2,-1.0,0.4000000059604645,0.32999999821186066,8.333333416117563,5.0,0.19212500215197606,0.39120840154795256,146.43638716928655,-8.000001311302185,-0.9301467537879944
1788890589200,1788890589200,1788890594200,37,-1.0,0.38999997079372406,0.3999999910593033,8.196720919023454,5.0,0.19586064299386846,-0.27782801829540016,146.15855915099115,0.0,-0.9119136929512024
1788890659800,1788890659800,1788890664800,16,-1.0,0.5600000023841858,0.5699999928474426,11.36363642521141,5.0,0.27926136555596576,-0.3928976214359979,145.76566152955516,0.0,-0.9768063426017761
1788890684400,1788890684400,1788890689400,2,-1.0,0.4000000059604645,0.32999999821186066,8.333333416117563,5.0,0.19212500215197606,0.39120840154795256,146.1568699311031,-8.000001311302185,-0.906644344329834
1788890694800,1788890694800,1788890699800,37,-1.0,0.38999997079372406,0.32999999821186066,8.196720919023454,5.0,0.18811474220906835,0.3036882881935251,146.46055821929662,-6.999999284744263,-0.9209660887718201
1788890705200,1788890705200,1788890710200,2,-1.0,0.4000000059604645,0.4099999964237213,8.333333416117563,5.0,0.20079166888983715,-0.2841249235781523,146.17643329571845,0.0,-0.9051676392555237
1788890715800,1788890715800,1788890720800,2,-1.0,0.4000000059604645,0.32999999821186066,8.333333416117563,5.0,0.19212500215197606,0.39120840154795256,146.5676416972664,-8.000001311302185,-0.9145772457122803
1788890725800,1788890725800,1788890730800,2,-1.0,0.4000000059604645,0.32999999821186066,8.333333416117563,5.0,0.19212500215197606,0.39120840154795256,146.95885009881434,-8.000001311302185,-0.9188453555107117
1788890735800,1788890735800,1788890740800,37,-1.0,0.38999997079372406,0.32999999821186066,8.196720919023454,5.0,0.18811474220906835,0.3036882881935251,147.26253838700785,-6.999999284744263,-0.9215493202209473
1788890745800,1788890745800,1788890750800,2,-1.0,0.4000000059604645,0.4099999964237213,8.333333416117563,5.0,0.20079166888983715,-0.2841249235781523,146.9784134634297,0.0,-0.9148550629615784
1788890759000,1788890759000,1788890764000,37,-1.0,0.38999997079372406,0.3999999910593033,8.196720919023454,5.0,0.19586064299386846,-0.27782801829540016,146.7005854451343,0.0,-0.9114400148391724
1788890769400,1788890769400,1788890774400,37,-1.0,0.38999997079372406,0.32999999821186066,8.196720919023454,5.0,0.18811474220906835,0.3036882881935251,147.0042737333278,-6.999999284744263,-0.9144524335861206
1788890780600,1788890780600,1788890785600,16,-1.0,0.5600000023841858,0.5699999928474426,11.36363642521141,5.0,0.27926136555596576,-0.3928976214359979,146.61137611189181,0.0,-0.9759383797645569
1788890790600,1788890790600,1788890795600,2,-1.0,0.4000000059604645,0.4099999964237213,8.333333416117563,5.0,0.20079166888983715,-0.2841249235781523,146.32725118831365,0.0,-0.9076919555664062
1788890800600,1788890800600,1788890805600,2,-1.0,0.4000000059604645,0.4099999964237213,8.333333416117563,5.0,0.20079166888983715,-0.2841249235781523,146.0431262647355,0.0,-0.9336594939231873
1788890813400,1788890813400,1788890818400,37,-1.0,0.38999997079372406,0.32999999821186066,8.196720919023454,5.0,0.18811474220906835,0.3036882881935251,146.346814552929,-6.999999284744263,-0.9066503643989563
1788890824200,1788890824200,1788890829200,2,-1.0,0.4000000059604645,0.32999999821186066,8.333333416117563,5.0,0.19212500215197606,0.39120840154795256,146.73802295447695,-8.000001311302185,-0.9136084318161011
1788890834200,1788890834200,1788890839200,2,-1.0,0.4000000059604645,0.32999999821186066,8.333333416117563,5.0,0.19212500215197606,0.39120840154795256,147.1292313560249,-8.000001311302185,-0.9301998615264893
1788890844200,1788890844200,1788890849200,2,-1.0,0.4000000059604645,0.32999999821186066,8.333333416117563,5.0,0.19212500215197606,0.39120840154795256,147.52043975757283,-8.000001311302185,-0.9350297451019287
1788890854800,1788890854800,1788890859800,9,-1.0,0.4699999988079071,0.47999998927116394,9.433962242931775,5.0,0.23523584829133443,-0.32957538075137727,147.19086437682145,0.0,-0.9195805788040161
1788890868000,1788890868000,1788890873000,9,-1.0,0.4699999988079071,0.23999999463558197,9.433962242931775,5.0,0.2035377340417139,1.9662736211941523,149.1571379980156,-23.999999463558197,-0.9020569324493408
1788890878600,1788890878600,1788890883600,37,-1.0,0.38999997079372406,0.3999999910593033,8.196720919023454,5.0,0.19586064299386846,-0.27782801829540016,148.8793099797202,0.0,-0.911255419254303
1788890897600,1788890897600,1788890902600,16,-1.0,0.5600000023841858,0.1800000149011612,11.36363642521141,5.0,0.22386364283271068,4.094318056509268,152.97362803622948,-38.999998569488525,-0.9779406785964966
1788890927000,1788890927000,1788890932000,37,-1.0,0.38999997079372406,0.32999999821186066,8.196720919023454,5.0,0.18811474220906835,0.3036882881935251,153.277316324423,-6.999999284744263,-0.9071279168128967
1788890938800,1788890938800,1788890943800,37,-1.0,0.38999997079372406,0.3999999910593033,8.196720919023454,5.0,0.19586064299386846,-0.27782801829540016,152.9994883061276,0.0,-0.9073867201805115
1788890952800,1788890952800,1788890957800,16,-1.0,0.5600000023841858,0.1800000149011612,11.36363642521141,5.0,0.22386364283271068,4.094318056509268,157.09380636263688,-38.999998569488525,-0.9690073728561401
1788890962800,1788890962800,1788890967800,16,-1.0,0.5600000023841858,0.5699999928474426,11.36363642521141,5.0,0.27926136555596576,-0.3928976214359979,156.7009087412009,0.0,-0.9108293652534485
1788890975800,1788890975800,1788890980800,16,-1.0,0.5600000023841858,0.1800000149011612,11.36363642521141,5.0,0.22386364283271068,4.094318056509268,160.79522679771017,-38.999998569488525,-0.9769889116287231
1788890998600,1788890998600,1788891003600,2,-1.0,0.4000000059604645,0.4099999964237213,8.333333416117563,5.0,0.20079166888983715,-0.2841249235781523,160.511101874132,0.0,-0.9126834869384766
1788891009800,1788891009800,1788891014800,37,-1.0,0.38999997079372406,0.32999999821186066,8.196720919023454,5.0,0.18811474220906835,0.3036882881935251,160.81479016232552,-6.999999284744263,-0.9120401740074158
1788891028400,1788891028400,1788891033400,2,-1.0,0.4000000059604645,0.32999999821186066,8.333333416117563,5.0,0.19212500215197606,0.39120840154795256,161.20599856387346,-8.000001311302185,-0.9318496584892273
1788891043800,1788891043800,1788891048800,37,-1.0,0.38999997079372406,0.32999999821186066,8.196720919023454,5.0,0.18811474220906835,0.3036882881935251,161.50968685206698,-6.999999284744263,-0.9005401730537415
1788891053800,1788891053800,1788891058800,2,-1.0,0.4000000059604645,0.4099999964237213,8.333333416117563,5.0,0.20079166888983715,-0.2841249235781523,161.22556192848882,0.0,-0.9122604131698608
1788891064400,1788891064400,1788891069400,37,-1.0,0.38999997079372406,0.32999999821186066,8.196720919023454,5.0,0.18811474220906835,0.3036882881935251,161.52925021668233,-6.999999284744263,-0.9157976508140564
1788891078800,1788891078800,1788891083800,65,-1.0,0.3799999952316284,0.38999998569488525,8.064516067008695,5.0,0.19092741615597336,-0.27157249991684185,161.2576777167655,0.0,-0.9133920669555664
1788891097000,1788891097000,1788891102000,37,-1.0,0.38999997079372406,0.32999999821186066,8.196720919023454,5.0,0.18811474220906835,0.3036882881935251,161.561366004959,-6.999999284744263,-0.9186379313468933
1788891118800,1788891118800,1788891123800,37,-1.0,0.38999997079372406,0.32999999821186066,8.196720919023454,5.0,0.18811474220906835,0.3036882881935251,161.86505429315253,-6.999999284744263,-0.907787561416626
1788891135800,1788891135800,1788891140800,37,-1.0,0.38999997079372406,0.3999999910593033,8.196720919023454,5.0,0.19586064299386846,-0.27782801829540016,161.58722627485713,0.0,-0.9090793132781982
1788891148200,1788891148200,1788891153200,37,-1.0,0.38999997079372406,0.3999999910593033,8.196720919023454,5.0,0.19586064299386846,-0.27782801829540016,161.30939825656174,0.0,-0.9145217537879944
1788891166000,1788891166000,1788891171000,37,-1.0,0.38999997079372406,0.3999999910593033,8.196720919023454,5.0,0.19586064299386846,-0.27782801829540016,161.03157023826634,0.0,-0.9233492016792297
1788891183400,1788891183400,1788891188400,37,-1.0,0.38999997079372406,0.3999999910593033,8.196720919023454,5.0,0.19586064299386846,-0.27782801829540016,160.75374221997095,0.0,-0.9031256437301636
1788891195000,1788891195000,1788891200000,37,-1.0,0.38999997079372406,0.32999999821186066,8.196720919023454,5.0,0.18811474220906835,0.3036882881935251,161.05743050816446,-6.999999284744263,-0.9206886887550354
1788891219800,1788891219800,1788891224800,65,-1.0,0.3799999952316284,0.38999998569488525,8.064516067008695,5.0,0.19092741615597336,-0.27157249991684185,160.78585800824763,0.0,-0.918456494808197
1788891242600,1788891242600,1788891247600,37,-1.0,0.38999997079372406,0.32999999821186066,8.196720919023454,5.0,0.18811474220906835,0.3036882881935251,161.08954629644114,-6.999999284744263,-0.9081162810325623
1788891327600,1788891327600,1788891332600,65,-1.0,0.3799999952316284,0.38999998569488525,8.064516067008695,5.0,0.19092741615597336,-0.27157249991684185,160.8179737965243,0.0,-0.9078351259231567
1788891508000,1788891508000,1788891513000,9,-1.0,0.4699999988079071,0.23999999463558197,9.433962242931775,5.0,0.2035377340417139,1.9662736211941523,162.78424741771846,-23.999999463558197,-0.9746608138084412
1788891520200,1788891520200,1788891525200,9,-1.0,0.4699999988079071,0.23999999463558197,9.433962242931775,5.0,0.2035377340417139,1.9662736211941523,164.7505210389126,-23.999999463558197,-0.9644425511360168
1788891547200,1788891547200,1788891552200,9,-1.0,0.4699999988079071,0.47999998927116394,9.433962242931775,5.0,0.23523584829133443,-0.32957538075137727,164.42094565816123,0.0,-0.9645419716835022
1788891557200,1788891557200,1788891562200,9,-1.0,0.4699999988079071,0.23999999463558197,9.433962242931775,5.0,0.2035377340417139,1.9662736211941523,166.38721927935538,-23.999999463558197,-0.9003890752792358
1788891582600,1788891582600,1788891587600,9,-1.0,0.4699999988079071,0.23999999463558197,9.433962242931775,5.0,0.2035377340417139,1.9662736211941523,168.35349290054953,-23.999999463558197,-0.9608877301216125
1788891638600,1788891638600,1788891643600,9,-1.0,0.4699999988079071,0.47999998927116394,9.433962242931775,5.0,0.23523584829133443,-0.32957538075137727,168.02391751979815,0.0,-0.9178611040115356
1788891648600,1788891648600,1788891653600,9,-1.0,0.4699999988079071,0.23999999463558197,9.433962242931775,5.0,0.2035377340417139,1.9662736211941523,169.9901911409923,-23.999999463558197,-0.9587317109107971
1788891668600,1788891668600,1788891673600,9,-1.0,0.4699999988079071,0.47999998927116394,9.433962242931775,5.0,0.23523584829133443,-0.32957538075137727,169.66061576024092,0.0,-0.9560807347297668
1788891678600,1788891678600,1788891683600,9,-1.0,0.4699999988079071,0.23999999463558197,9.433962242931775,5.0,0.2035377340417139,1.9662736211941523,171.62688938143506,-23.999999463558197,-0.9303140044212341
1788891688800,1788891688800,1788891693800,9,-1.0,0.4699999988079071,0.47999998927116394,9.433962242931775,5.0,0.23523584829133443,-0.32957538075137727,171.29731400068368,0.0,-0.9655938744544983
1788891711000,1788891711000,1788891716000,9,-1.0,0.4699999988079071,0.23999999463558197,9.433962242931775,5.0,0.2035377340417139,1.9662736211941523,173.26358762187783,-23.999999463558197,-0.9714701175689697
1788891723800,1788891723800,1788891728800,9,-1.0,0.4699999988079071,0.47999998927116394,9.433962242931775,5.0,0.23523584829133443,-0.32957538075137727,172.93401224112645,0.0,-0.9728283882141113
1788891734000,1788891734000,1788891739000,9,-1.0,0.4699999988079071,0.23999999463558197,9.433962242931775,5.0,0.2035377340417139,1.9662736211941523,174.9002858623206,-23.999999463558197,-0.9600182771682739
1788891748800,1788891748800,1788891753800,9,-1.0,0.4699999988079071,0.23999999463558197,9.433962242931775,5.0,0.2035377340417139,1.9662736211941523,176.86655948351475,-23.999999463558197,-0.9653209447860718
1788891758800,1788891758800,1788891763800,9,-1.0,0.4699999988079071,0.47999998927116394,9.433962242931775,5.0,0.23523584829133443,-0.32957538075137727,176.53698410276337,0.0,-0.9344640970230103
1788892190800,1788892190800,1788892195800,30,1.0,0.16999999463558196,0.1599999886751175,29.411765633982387,5.0,0.40514705507658316,-0.6992648867241908,175.83771921603918,0.0,0.9851809144020081
1788892289200,1788892289200,1788892294200,30,1.0,0.16999999463558196,0.1599999886751175,29.411765633982387,5.0,0.40514705507658316,-0.6992648867241908,175.13845432931498,0.0,0.9731559157371521
1788892309000,1788892309000,1788892314000,2,-1.0,0.4000000059604645,0.4099999964237213,8.333333416117563,5.0,0.20079166888983715,-0.2841249235781523,174.85432940573682,0.0,-0.9005047082901001
1788892319200,1788892319200,1788892324200,2,-1.0,0.4000000059604645,0.4099999964237213,8.333333416117563,5.0,0.20079166888983715,-0.2841249235781523,174.57020448215866,0.0,-0.9188598990440369
1788892330200,1788892330200,1788892335200,2,-1.0,0.4000000059604645,0.4099999964237213,8.333333416117563,5.0,0.20079166888983715,-0.2841249235781523,174.2860795585805,0.0,-0.9045594334602356
1788892349000,1788892349000,1788892354000,2,-1.0,0.4000000059604645,0.4099999964237213,8.333333416117563,5.0,0.20079166888983715,-0.2841249235781523,174.00195463500233,0.0,-0.9066386818885803
1788892360200,1788892360200,1788892365200,2,-1.0,0.4000000059604645,0.4099999964237213,8.333333416117563,5.0,0.20079166888983715,-0.2841249235781523,173.71782971142417,0.0,-0.9278843998908997
1788892370600,1788892370600,1788892375600,2,-1.0,0.4000000059604645,0.32999999821186066,8.333333416117563,5.0,0.19212500215197606,0.39120840154795256,174.10903811297212,-8.000001311302185,-0.9099276065826416
1788892383400,1788892383400,1788892388400,2,-1.0,0.4000000059604645,0.4099999964237213,8.333333416117563,5.0,0.20079166888983715,-0.2841249235781523,173.82491318939395,0.0,-0.9244232177734375
1788892393400,1788892393400,1788892398400,9,-1.0,0.4699999988079071,0.47999998927116394,9.433962242931775,5.0,0.23523584829133443,-0.32957538075137727,173.49533780864257,0.0,-0.9573249816894531
1788892404400,1788892404400,1788892409400,2,-1.0,0.4000000059604645,0.32999999821186066,8.333333416117563,5.0,0.19212500215197606,0.39120840154795256,173.88654621019052,-8.000001311302185,-0.9259894490242004
1788892414400,1788892414400,1788892419400,16,1.0,0.1800000149011612,0.17000000894069672,27.777775478216057,5.0,0.4009722104691619,-0.6787501308197661,173.20779607937075,0.0,0.9790825247764587
1788892424400,1788892424400,1788892429400,2,-1.0,0.4000000059604645,0.4099999964237213,8.333333416117563,5.0,0.20079166888983715,-0.2841249235781523,172.9236711557926,0.0,-0.9386631846427917
1788892434400,1788892434400,1788892439400,2,-1.0,0.4000000059604645,0.32999999821186066,8.333333416117563,5.0,0.19212500215197606,0.39120840154795256,173.31487955734053,-8.000001311302185,-0.9135344624519348
1788892444400,1788892444400,1788892449400,9,-1.0,0.4699999988079071,0.23999999463558197,9.433962242931775,5.0,0.2035377340417139,1.9662736211941523,175.28115317853468,-23.999999463558197,-0.9532992839813232
1788892457000,1788892457000,1788892462000,9,-1.0,0.4699999988079071,0.23999999463558197,9.433962242931775,5.0,0.2035377340417139,1.9662736211941523,177.24742679972883,-23.999999463558197,-0.9755839109420776
1788892480800,1788892480800,1788892485800,2,-1.0,0.4000000059604645,0.4099999964237213,8.333333416117563,5.0,0.20079166888983715,-0.2841249235781523,176.96330187615067,0.0,-0.9211813807487488
1788892593200,1788892593200,1788892598200,44,-1.0,0.3799999952316284,0.3100000023841858,8.064516067008695,5.0,0.1812499985098839,0.38326606849881095,177.34656794464948,-7.999998331069946,-0.9182640314102173
1788892607800,1788892607800,1788892612800,44,-1.0,0.3799999952316284,0.38999998569488525,8.064516067008695,5.0,0.19092741615597336,-0.27157249991684185,177.07499544473265,0.0,-0.9311770796775818
1788892621600,1788892621600,1788892626600,44,-1.0,0.3799999952316284,0.38999998569488525,8.064516067008695,5.0,0.19092741615597336,-0.27157249991684185,176.80342294481582,0.0,-0.9026796817779541
1788892642200,1788892642200,1788892647200,44,-1.0,0.3799999952316284,0.38999998569488525,8.064516067008695,5.0,0.19092741615597336,-0.27157249991684185,176.531850444899,0.0,-0.9106616377830505
1788892687400,1788892687400,1788892692400,10,-1.0,0.3500000089406967,0.36000002920627594,7.692307798114755,5.0,0.17611539121474715,-0.25303862508496777,176.27881181981402,0.0,-0.910996675491333
1788892699400,1788892699400,1788892704400,10,-1.0,0.3500000089406967,0.36000002920627594,7.692307798114755,5.0,0.17611539121474715,-0.25303862508496777,176.02577319472906,0.0,-0.9341017603874207
1788892709400,1788892709400,1788892714400,10,-1.0,0.3500000089406967,0.16999999463558196,7.692307798114755,5.0,0.14176923238913686,1.242846281310865,177.26861947603993,-19.00000274181366,-0.9126505255699158
1788892734000,1788892734000,1788892739000,10,-1.0,0.3500000089406967,0.16999999463558196,7.692307798114755,5.0,0.14176923238913686,1.242846281310865,178.5114657573508,-19.00000274181366,-0.9243794679641724
1788892771400,1788892771400,1788892776400,10,-1.0,0.3500000089406967,0.36000002920627594,7.692307798114755,5.0,0.17611539121474715,-0.25303862508496777,178.25842713226584,0.0,-0.9350528717041016
1788892826000,1788892826000,1788892831000,9,-1.0,0.4699999988079071,0.23999999463558197,9.433962242931775,5.0,0.2035377340417139,1.9662736211941523,180.22470075345998,-23.999999463558197,-0.9533446431159973
1788893040000,1788893040000,1788893045000,2,-1.0,0.4000000059604645,0.4099999964237213,8.333333416117563,5.0,0.20079166888983715,-0.2841249235781523,179.94057582988182,0.0,-0.9145514369010925
1788893050000,1788893050000,1788893055000,2,-1.0,0.4000000059604645,0.32999999821186066,8.333333416117563,5.0,0.19212500215197606,0.39120840154795256,180.33178423142976,-8.000001311302185,-0.9273417592048645
1788893060000,1788893060000,1788893065000,2,-1.0,0.4000000059604645,0.4099999964237213,8.333333416117563,5.0,0.20079166888983715,-0.2841249235781523,180.0476593078516,0.0,-0.9020207524299622
1788893070000,1788893070000,1788893075000,16,1.0,0.1800000149011612,0.5600000023841858,27.777775478216057,5.0,0.5472221897689674,10.008332144259402,190.05599145211102,38.999998569488525,0.9845676422119141
1788893100400,1788893100400,1788893105400,10,-1.0,0.3500000089406967,0.36000002920627594,7.692307798114755,5.0,0.17611539121474715,-0.25303862508496777,189.80295282702605,0.0,-0.9300053715705872
1788893115000,1788893115000,1788893120000,10,-1.0,0.3500000089406967,0.36000002920627594,7.692307798114755,5.0,0.17611539121474715,-0.25303862508496777,189.54991420194108,0.0,-0.9273163080215454
1788893172400,1788893172400,1788893177400,16,-1.0,0.5600000023841858,0.1800000149011612,11.36363642521141,5.0,0.22386364283271068,4.094318056509268,193.64423225845036,-38.999998569488525,-0.9553150534629822
1788893188400,1788893188400,1788893193400,16,1.0,0.1800000149011612,0.5600000023841858,27.777775478216057,5.0,0.5472221897689674,10.008332144259402,203.65256440270977,38.999998569488525,0.9695630073547363
1788893198400,1788893198400,1788893203400,16,1.0,0.1800000149011612,0.17000000894069672,27.777775478216057,5.0,0.4009722104691619,-0.6787501308197661,202.97381427189,0.0,0.9831176400184631
1788893208600,1788893208600,1788893213600,16,1.0,0.1800000149011612,0.17000000894069672,27.777775478216057,5.0,0.4009722104691619,-0.6787501308197661,202.29506414107024,0.0,0.9554411172866821
1788893288400,1788893288400,1788893293400,16,-1.0,0.5600000023841858,0.1800000149011612,11.36363642521141,5.0,0.22386364283271068,4.094318056509268,206.38938219757952,-38.999998569488525,-0.9173766374588013
1788893298400,1788893298400,1788893303400,16,-1.0,0.5600000023841858,0.5699999928474426,11.36363642521141,5.0,0.27926136555596576,-0.3928976214359979,205.99648457614353,0.0,-0.9483997225761414
1788893309000,1788893309000,1788893314000,16,1.0,0.1800000149011612,0.5600000023841858,27.777775478216057,5.0,0.5472221897689674,10.008332144259402,216.00481672040294,38.999998569488525,0.9837310314178467
1788893324000,1788893324000,1788893329000,16,1.0,0.1800000149011612,0.17000000894069672,27.777775478216057,5.0,0.4009722104691619,-0.6787501308197661,215.32606658958318,0.0,0.9857324361801147
1788893334000,1788893334000,1788893339000,16,-1.0,0.5600000023841858,0.5699999928474426,11.36363642521141,5.0,0.27926136555596576,-0.3928976214359979,214.93316896814719,0.0,-0.9434916377067566
1788893344000,1788893344000,1788893349000,16,1.0,0.1800000149011612,0.17000000894069672,27.777775478216057,5.0,0.4009722104691619,-0.6787501308197661,214.25441883732742,0.0,0.9853588342666626
1788893354000,1788893354000,1788893359000,16,1.0,0.1800000149011612,0.17000000894069672,27.777775478216057,5.0,0.4009722104691619,-0.6787501308197661,213.57566870650766,0.0,0.9739304780960083
1788893364000,1788893364000,1788893369000,16,-1.0,0.5600000023841858,0.5699999928474426,11.36363642521141,5.0,0.27926136555596576,-0.3928976214359979,213.18277108507166,0.0,-0.9576627016067505
1788893374000,1788893374000,1788893379000,16,-1.0,0.5600000023841858,0.5699999928474426,11.36363642521141,5.0,0.27926136555596576,-0.3928976214359979,212.78987346363567,0.0,-0.9248480796813965
1788893384000,1788893384000,1788893389000,9,-1.0,0.4699999988079071,0.47999998927116394,9.433962242931775,5.0,0.23523584829133443,-0.32957538075137727,212.4602980828843,0.0,-0.9470632076263428
1788893399400,1788893399400,1788893404400,9,-1.0,0.4699999988079071,0.47999998927116394,9.433962242931775,5.0,0.23523584829133443,-0.32957538075137727,212.1307227021329,0.0,-0.9669378995895386
1788893409400,1788893409400,1788893414400,9,-1.0,0.4699999988079071,0.47999998927116394,9.433962242931775,5.0,0.23523584829133443,-0.32957538075137727,211.80114732138153,0.0,-0.9087392687797546
1788893425800,1788893425800,1788893430800,9,-1.0,0.4699999988079071,0.47999998927116394,9.433962242931775,5.0,0.23523584829133443,-0.32957538075137727,211.47157194063016,0.0,-0.9605035781860352
1788893436600,1788893436600,1788893441600,9,-1.0,0.4699999988079071,0.23999999463558197,9.433962242931775,5.0,0.2035377340417139,1.9662736211941523,213.4378455618243,-23.999999463558197,-0.9548551440238953
1788893446600,1788893446600,1788893451600,9,-1.0,0.4699999988079071,0.23999999463558197,9.433962242931775,5.0,0.2035377340417139,1.9662736211941523,215.40411918301845,-23.999999463558197,-0.9287208318710327
1788893456600,1788893456600,1788893461600,9,-1.0,0.4699999988079071,0.47999998927116394,9.433962242931775,5.0,0.23523584829133443,-0.32957538075137727,215.07454380226707,0.0,-0.9499803185462952
1788893466600,1788893466600,1788893471600,9,-1.0,0.4699999988079071,0.47999998927116394,9.433962242931775,5.0,0.23523584829133443,-0.32957538075137727,214.7449684215157,0.0,-0.9239320755004883
1788893476600,1788893476600,1788893481600,9,-1.0,0.4699999988079071,0.47999998927116394,9.433962242931775,5.0,0.23523584829133443,-0.32957538075137727,214.41539304076431,0.0,-0.9108090996742249
1788893486600,1788893486600,1788893491600,9,-1.0,0.4699999988079071,0.47999998927116394,9.433962242931775,5.0,0.23523584829133443,-0.32957538075137727,214.08581766001294,0.0,-0.912671685218811
1788893496600,1788893496600,1788893501600,9,-1.0,0.4699999988079071,0.47999998927116394,9.433962242931775,5.0,0.23523584829133443,-0.32957538075137727,213.75624227926156,0.0,-0.9190008044242859
1788893506600,1788893506600,1788893511600,29,1.0,0.2500000077486038,0.24000000178813935,19.999999380111714,5.0,0.36989999333930035,-0.5699001063497031,213.18634217291185,0.0,0.9152871370315552
1788893516600,1788893516600,1788893521600,9,-1.0,0.4699999988079071,0.47999998927116394,9.433962242931775,5.0,0.23523584829133443,-0.32957538075137727,212.85676679216047,0.0,-0.934775710105896
1788893526600,1788893526600,1788893531600,9,-1.0,0.4699999988079071,0.47999998927116394,9.433962242931775,5.0,0.23523584829133443,-0.32957538075137727,212.5271914114091,0.0,-0.9310305714607239
1788893536600,1788893536600,1788893541600,10,-1.0,0.3500000089406967,0.36000002920627594,7.692307798114755,5.0,0.17611539121474715,-0.25303862508496777,212.27415278632412,0.0,-0.9176787734031677
1788893546600,1788893546600,1788893551600,10,-1.0,0.3500000089406967,0.36000002920627594,7.692307798114755,5.0,0.17611539121474715,-0.25303862508496777,212.02111416123915,0.0,-0.9271065592765808
1788893558200,1788893558200,1788893563200,10,-1.0,0.3500000089406967,0.36000002920627594,7.692307798114755,5.0,0.17611539121474715,-0.25303862508496777,211.76807553615419,0.0,-0.9582831263542175
1788893569200,1788893569200,1788893574200,10,-1.0,0.3500000089406967,0.36000002920627594,7.692307798114755,5.0,0.17611539121474715,-0.25303862508496777,211.51503691106922,0.0,-0.9548578262329102
1788893580200,1788893580200,1788893585200,9,-1.0,0.4699999988079071,0.47999998927116394,9.433962242931775,5.0,0.23523584829133443,-0.32957538075137727,211.18546153031784,0.0,-0.9342181086540222
1788893593200,1788893593200,1788893598200,9,-1.0,0.4699999988079071,0.47999998927116394,9.433962242931775,5.0,0.23523584829133443,-0.32957538075137727,210.85588614956646,0.0,-0.917735755443573
1788893611200,1788893611200,1788893616200,16,-1.0,0.5600000023841858,0.5699999928474426,11.36363642521141,5.0,0.27926136555596576,-0.3928976214359979,210.46298852813047,0.0,-0.9069615006446838
1788893649000,1788893649000,1788893654000,10,-1.0,0.3500000089406967,0.16999999463558196,7.692307798114755,5.0,0.14176923238913686,1.242846281310865,211.70583480944134,-19.00000274181366,-0.9338602423667908
1788893875000,1788893875000,1788893880000,29,1.0,0.2500000077486038,0.24000000178813935,19.999999380111714,5.0,0.36989999333930035,-0.5699001063497031,211.13593470309164,0.0,0.9157330989837646
1788893895800,1788893895800,1788893900800,16,1.0,0.1800000149011612,0.17000000894069672,27.777775478216057,5.0,0.4009722104691619,-0.6787501308197661,210.45718457227187,0.0,0.974895179271698
1788894411800,1788894411800,1788894416800,16,-1.0,0.5600000023841858,0.5699999928474426,11.36363642521141,5.0,0.27926136555596576,-0.3928976214359979,210.06428695083588,0.0,-0.9462758898735046
1788894472400,1788894472400,1788894477400,16,-1.0,0.5600000023841858,0.5699999928474426,11.36363642521141,5.0,0.27926136555596576,-0.3928976214359979,209.6713893293999,0.0,-0.9763338565826416
1788894491800,1788894491800,1788894496800,16,1.0,0.1800000149011612,0.17000000894069672,27.777775478216057,5.0,0.4009722104691619,-0.6787501308197661,208.99263919858012,0.0,0.9836128950119019
1788894686600,1788894686600,1788894691600,9,-1.0,0.4699999988079071,0.47999998927116394,9.433962242931775,5.0,0.23523584829133443,-0.32957538075137727,208.66306381782874,0.0,-0.9488649368286133
1788894759400,1788894759400,1788894764400,17,-1.0,0.4399999976158142,0.44999998807907104,8.928571390558263,5.0,0.2204910698299277,-0.30977669858601814,208.35328711924274,0.0,-0.9623563885688782
1788894805600,1788894805600,1788894810600,16,1.0,0.1800000149011612,0.17000000894069672,27.777775478216057,5.0,0.4009722104691619,-0.6787501308197661,207.67453698842297,0.0,0.9863441586494446
1788894936600,1788894936600,1788894941600,29,1.0,0.2500000077486038,0.24000000178813935,19.999999380111714,5.0,0.36989999333930035,-0.5699001063497031,207.10463688207327,0.0,0.9153196811676025
1788894948800,1788894948800,1788894953800,29,1.0,0.2500000077486038,0.24000000178813935,19.999999380111714,5.0,0.36989999333930035,-0.5699001063497031,206.53473677572356,0.0,0.9153099060058594
1788894960600,1788894960600,1788894965600,29,1.0,0.2500000077486038,0.24000000178813935,19.999999380111714,5.0,0.36989999333930035,-0.5699001063497031,205.96483666937385,0.0,0.9153282046318054
1788895064000,1788895064000,1788895069000,2,-1.0,0.4000000059604645,0.4099999964237213,8.333333416117563,5.0,0.20079166888983715,-0.2841249235781523,205.6807117457957,0.0,-0.9358236193656921
1788895077400,1788895077400,1788895082400,2,-1.0,0.4000000059604645,0.32999999821186066,8.333333416117563,5.0,0.19212500215197606,0.39120840154795256,206.07192014734363,-8.000001311302185,-0.9354500770568848
1788895136600,1788895136600,1788895141600,2,-1.0,0.4000000059604645,0.4099999964237213,8.333333416117563,5.0,0.20079166888983715,-0.2841249235781523,205.78779522376547,0.0,-0.9268367886543274
1788895147800,1788895147800,1788895152800,2,-1.0,0.4000000059604645,0.4099999964237213,8.333333416117563,5.0,0.20079166888983715,-0.2841249235781523,205.5036703001873,0.0,-0.9262889623641968
1788895435600,1788895435600,1788895440600,17,-1.0,0.4399999976158142,0.44999998807907104,8.928571390558263,5.0,0.2204910698299277,-0.30977669858601814,205.1938936016013,0.0,-0.9638204574584961
1788895445600,1788895445600,1788895450600,16,-1.0,0.5600000023841858,0.1800000149011612,11.36363642521141,5.0,0.22386364283271068,4.094318056509268,209.28821165811058,-38.999998569488525,-0.9200124144554138
1788895459400,1788895459400,1788895464400,31,-1.0,0.44999997317790985,0.1199999937415123,9.09090864756878,5.0,0.16049998879161767,2.8394996779642487,212.12771133607484,-33.99999886751175,-0.9579733610153198
1788895469400,1788895469400,1788895474400,16,1.0,0.1800000149011612,0.17000000894069672,27.777775478216057,5.0,0.4009722104691619,-0.6787501308197661,211.44896120525507,0.0,0.9711066484451294
1788895479400,1788895479400,1788895484400,16,-1.0,0.5600000023841858,0.1800000149011612,11.36363642521141,5.0,0.22386364283271068,4.094318056509268,215.54327926176435,-38.999998569488525,-0.9744425415992737
1788895489400,1788895489400,1788895494400,16,1.0,0.1800000149011612,0.17000000894069672,27.777775478216057,5.0,0.4009722104691619,-0.6787501308197661,214.8645291309446,0.0,0.9769117832183838
1788895499400,1788895499400,1788895504400,16,1.0,0.1800000149011612,0.17000000894069672,27.777775478216057,5.0,0.4009722104691619,-0.6787501308197661,214.18577900012482,0.0,0.9468137621879578
1788895509400,1788895509400,1788895514400,16,1.0,0.1800000149011612,0.17000000894069672,27.777775478216057,5.0,0.4009722104691619,-0.6787501308197661,213.50702886930506,0.0,0.959546685218811
1788895519400,1788895519400,1788895524400,2,-1.0,0.4000000059604645,0.4099999964237213,8.333333416117563,5.0,0.20079166888983715,-0.2841249235781523,213.2229039457269,0.0,-0.9249833226203918
1788895529600,1788895529600,1788895534600,16,-1.0,0.5600000023841858,0.1800000149011612,11.36363642521141,5.0,0.22386364283271068,4.094318056509268,217.31722200223618,-38.999998569488525,-0.9688855409622192
1788895549400,1788895549400,1788895554400,16,-1.0,0.5600000023841858,0.1800000149011612,11.36363642521141,5.0,0.22386364283271068,4.094318056509268,221.41154005874546,-38.999998569488525,-0.9791256785392761
1788895563800,1788895563800,1788895568800,16,1.0,0.1800000149011612,0.17000000894069672,27.777775478216057,5.0,0.4009722104691619,-0.6787501308197661,220.7327899279257,0.0,0.9130575656890869
1788895573800,1788895573800,1788895578800,16,1.0,0.1800000149011612,0.17000000894069672,27.777775478216057,5.0,0.4009722104691619,-0.6787501308197661,220.05403979710593,0.0,0.9552803635597229
1788895583800,1788895583800,1788895588800,16,-1.0,0.5600000023841858,0.1800000149011612,11.36363642521141,5.0,0.22386364283271068,4.094318056509268,224.1483578536152,-38.999998569488525,-0.9332714676856995
1788895603800,1788895603800,1788895608800,16,1.0,0.1800000149011612,0.17000000894069672,27.777775478216057,5.0,0.4009722104691619,-0.6787501308197661,223.46960772279544,0.0,0.9515809416770935
1788895613800,1788895613800,1788895618800,16,-1.0,0.5600000023841858,0.1800000149011612,11.36363642521141,5.0,0.22386364283271068,4.094318056509268,227.56392577930472,-38.999998569488525,-0.9459027647972107
1788895624400,1788895624400,1788895629400,16,-1.0,0.5600000023841858,0.5699999928474426,11.36363642521141,5.0,0.27926136555596576,-0.3928976214359979,227.17102815786873,0.0,-0.9262313842773438
1788895634400,1788895634400,1788895639400,16,1.0,0.1800000149011612,0.17000000894069672,27.777775478216057,5.0,0.4009722104691619,-0.6787501308197661,226.49227802704897,0.0,0.985456645488739
1788895644400,1788895644400,1788895649400,16,-1.0,0.5600000023841858,0.1800000149011612,11.36363642521141,5.0,0.22386364283271068,4.094318056509268,230.58659608355825,-38.999998569488525,-0.9495721459388733
1788895657000,1788895657000,1788895662000,93,-1.0,0.5099999904632568,0.5199999809265137,10.204081434053666,5.0,0.2548469343020586,-0.35688765132889144,230.22970843222936,0.0,-0.9747989177703857
1788895667000,1788895667000,1788895672000,93,-1.0,0.5099999904632568,0.5199999809265137,10.204081434053666,5.0,0.2548469343020586,-0.35688765132889144,229.87282078090047,0.0,-0.9230958223342896
1788895771200,1788895771200,1788895776200,93,-1.0,0.5099999904632568,0.5199999809265137,10.204081434053666,5.0,0.2548469343020586,-0.35688765132889144,229.51593312957158,0.0,-0.9238402247428894
1788896039000,1788896039000,1788896044000,9,-1.0,0.4699999988079071,0.47999998927116394,9.433962242931775,5.0,0.23523584829133443,-0.32957538075137727,229.1863577488202,0.0,-0.9066765904426575
1788896223000,1788896223000,1788896228000,9,-1.0,0.4699999988079071,0.47999998927116394,9.433962242931775,5.0,0.23523584829133443,-0.32957538075137727,228.85678236806882,0.0,-0.9639159440994263
1788896241000,1788896241000,1788896246000,9,1.0,0.23999999463558197,0.23000000417232513,20.83333379899463,5.0,0.3744791744781349,-0.5828123137859275,228.2739700542829,0.0,0.9780369400978088
1788896255000,1788896255000,1788896260000,9,-1.0,0.4699999988079071,0.47999998927116394,9.433962242931775,5.0,0.23523584829133443,-0.32957538075137727,227.94439467353152,0.0,-0.948316216468811
1788896269800,1788896269800,1788896274800,10,-1.0,0.3500000089406967,0.36000002920627594,7.692307798114755,5.0,0.17611539121474715,-0.25303862508496777,227.69135604844655,0.0,-0.9570364952087402
1788896279800,1788896279800,1788896284800,10,-1.0,0.3500000089406967,0.36000002920627594,7.692307798114755,5.0,0.17611539121474715,-0.25303862508496777,227.43831742336158,0.0,-0.942689836025238
1788896289800,1788896289800,1788896294800,10,-1.0,0.3500000089406967,0.36000002920627594,7.692307798114755,5.0,0.17611539121474715,-0.25303862508496777,227.1852787982766,0.0,-0.9132214784622192
1788896299800,1788896299800,1788896304800,2,-1.0,0.4000000059604645,0.4099999964237213,8.333333416117563,5.0,0.20079166888983715,-0.2841249235781523,226.90115387469845,0.0,-0.9097305536270142
1788896321000,1788896321000,1788896326000,37,1.0,0.32999999821186066,0.38999997079372406,15.151515233615214,5.0,0.3477272692831745,0.561363229307424,227.46251710400588,6.999999284744263,0.9786890745162964
1788896331000,1788896331000,1788896336000,101,1.0,0.19999999582767486,0.33000001311302185,25.000000521540652,5.0,0.4763750123817474,2.773625487552221,230.2361425915581,14.000001549720764,0.9631668329238892
1788896341000,1788896341000,1788896346000,31,-1.0,0.44999997317790985,0.4599999934434891,9.09090864756878,5.0,0.22540907845886313,-0.31631834916708035,229.919824242391,0.0,-0.9189009666442871
1788896351200,1788896351200,1788896356200,16,-1.0,0.5600000023841858,0.5699999928474426,11.36363642521141,5.0,0.27926136555596576,-0.3928976214359979,229.526926620955,0.0,-0.9017191529273987
1788896361200,1788896361200,1788896366200,2,-1.0,0.4000000059604645,0.32999999821186066,8.333333416117563,5.0,0.19212500215197606,0.39120840154795256,229.91813502250295,-8.000001311302185,-0.9498144388198853
1788896371200,1788896371200,1788896376200,2,-1.0,0.4000000059604645,0.4099999964237213,8.333333416117563,5.0,0.20079166888983715,-0.2841249235781523,229.6340100989248,0.0,-0.9384909272193909
1788896499200,1788896499200,1788896504200,9,1.0,0.23999999463558197,0.4699999988079071,20.83333379899463,5.0,0.4494791737330768,4.3421876869591305,233.97619778588393,23.999999463558197,0.9689345955848694
1788896509200,1788896509200,1788896514200,9,1.0,0.23999999463558197,0.23000000417232513,20.83333379899463,5.0,0.3744791744781349,-0.5828123137859275,233.393385472098,0.0,0.970239520072937
1788896519400,1788896519400,1788896524400,9,-1.0,0.4699999988079071,0.47999998927116394,9.433962242931775,5.0,0.23523584829133443,-0.32957538075137727,233.06381009134662,0.0,-0.965298593044281
1788896653000,1788896653000,1788896658000,31,-1.0,0.44999997317790985,0.4599999934434891,9.09090864756878,5.0,0.22540907845886313,-0.31631834916708035,232.74749174217953,0.0,-0.9506819844245911
1788896663000,1788896663000,1788896668000,31,-1.0,0.44999997317790985,0.4599999934434891,9.09090864756878,5.0,0.22540907845886313,-0.31631834916708035,232.43117339301244,0.0,-0.9239926338195801
1788896695600,1788896695600,1788896700600,29,1.0,0.2500000077486038,0.24000000178813935,19.999999380111714,5.0,0.36989999333930035,-0.5699001063497031,231.86127328666274,0.0,0.9069162011146545
1788896705600,1788896705600,1788896710600,29,1.0,0.2500000077486038,0.24000000178813935,19.999999380111714,5.0,0.36989999333930035,-0.5699001063497031,231.29137318031303,0.0,0.9069763422012329
1788896715600,1788896715600,1788896720600,29,1.0,0.2500000077486038,0.24000000178813935,19.999999380111714,5.0,0.36989999333930035,-0.5699001063497031,230.72147307396332,0.0,0.9069575071334839
1788896729000,1788896729000,1788896734000,10,-1.0,0.3500000089406967,0.16999999463558196,7.692307798114755,5.0,0.14176923238913686,1.242846281310865,231.9643193552742,-19.00000274181366,-0.9201211333274841
1788896739000,1788896739000,1788896744000,10,-1.0,0.3500000089406967,0.16999999463558196,7.692307798114755,5.0,0.14176923238913686,1.242846281310865,233.20716563658507,-19.00000274181366,-0.9029403924942017
1788896799400,1788896799400,1788896804400,29,1.0,0.2500000077486038,0.24000000178813935,19.999999380111714,5.0,0.36989999333930035,-0.5699001063497031,232.63726553023537,0.0,0.9063286185264587
1788896809400,1788896809400,1788896814400,29,1.0,0.2500000077486038,0.24000000178813935,19.999999380111714,5.0,0.36989999333930035,-0.5699001063497031,232.06736542388566,0.0,0.9061676263809204
1788896825400,1788896825400,1788896830400,37,1.0,0.32999999821186066,0.31999997794628143,15.151515233615214,5.0,0.33234848017411744,-0.4838639395645019,231.58350148432115,0.0,0.9263542890548706
1788897015600,1788897015600,1788897020600,17,-1.0,0.4399999976158142,0.44999998807907104,8.928571390558263,5.0,0.2204910698299277,-0.30977669858601814,231.27372478573514,0.0,-0.9078016877174377
1788897043000,1788897043000,1788897048000,31,-1.0,0.44999997317790985,0.4599999934434891,9.09090864756878,5.0,0.22540907845886313,-0.31631834916708035,230.95740643656805,0.0,-0.9725463390350342
1788897053800,1788897053800,1788897058800,10,-1.0,0.3500000089406967,0.36000002920627594,7.692307798114755,5.0,0.17611539121474715,-0.25303862508496777,230.70436781148308,0.0,-0.9034698009490967
1788897068200,1788897068200,1788897073200,30,1.0,0.16999999463558196,0.1599999886751175,29.411765633982387,5.0,0.40514705507658316,-0.6992648867241908,230.0051029247589,0.0,0.9858126044273376
1788897078200,1788897078200,1788897083200,30,1.0,0.16999999463558196,0.1599999886751175,29.411765633982387,5.0,0.40514705507658316,-0.6992648867241908,229.3058380380347,0.0,0.9646583199501038
1788897088200,1788897088200,1788897093200,30,1.0,0.16999999463558196,0.1599999886751175,29.411765633982387,5.0,0.40514705507658316,-0.6992648867241908,228.6065731513105,0.0,0.9454832077026367
1788897250400,1788897250400,1788897255400,37,1.0,0.32999999821186066,0.31999997794628143,15.151515233615214,5.0,0.33234848017411744,-0.4838639395645019,228.12270921174598,0.0,0.9674212336540222
1788897286600,1788897286600,1788897291600,37,1.0,0.32999999821186066,0.31999997794628143,15.151515233615214,5.0,0.33234848017411744,-0.4838639395645019,227.63884527218147,0.0,0.9727057218551636
1788897305000,1788897305000,1788897310000,37,1.0,0.32999999821186066,0.31999997794628143,15.151515233615214,5.0,0.33234848017411744,-0.4838639395645019,227.15498133261696,0.0,0.973193883895874
1788897329600,1788897329600,1788897334600,37,1.0,0.32999999821186066,0.31999997794628143,15.151515233615214,5.0,0.33234848017411744,-0.4838639395645019,226.67111739305244,0.0,0.9627777934074402
1788897340000,1788897340000,1788897345000,37,1.0,0.32999999821186066,0.31999997794628143,15.151515233615214,5.0,0.33234848017411744,-0.4838639395645019,226.18725345348793,0.0,0.9183423519134521
1788897440600,1788897440600,1788897445600,31,-1.0,0.44999997317790985,0.4599999934434891,9.09090864756878,5.0,0.22540907845886313,-0.31631834916708035,225.87093510432084,0.0,-0.9541366696357727
1788897531200,1788897531200,1788897536200,30,1.0,0.16999999463558196,0.1599999886751175,29.411765633982387,5.0,0.40514705507658316,-0.6992648867241908,225.17167021759664,0.0,0.9829307794570923
1788897541200,1788897541200,1788897546200,30,1.0,0.16999999463558196,0.1599999886751175,29.411765633982387,5.0,0.40514705507658316,-0.6992648867241908,224.47240533087245,0.0,0.9675675630569458
1788897623200,1788897623200,1788897628200,30,1.0,0.16999999463558196,0.1599999886751175,29.411765633982387,5.0,0.40514705507658316,-0.6992648867241908,223.77314044414825,0.0,0.9661413431167603
1788897647600,1788897647600,1788897652600,101,1.0,0.19999999582767486,0.1899999898672104,25.000000521540652,5.0,0.39237499720342445,-0.6423751514304457,223.1307652927178,0.0,0.9727686643600464
1788897685800,1788897685800,1788897690800,37,1.0,0.32999999821186066,0.31999997794628143,15.151515233615214,5.0,0.33234848017411744,-0.4838639395645019,222.64690135315328,0.0,0.945928156375885
1788897840400,1788897840400,1788897845400,94,-1.0,0.4000000059604645,0.4099999964237213,8.333333416117563,5.0,0.20079166888983715,-0.2841249235781523,222.36277642957512,0.0,-0.9178960919380188
1788897855000,1788897855000,1788897860000,93,-1.0,0.5099999904632568,0.23999999463558197,10.204081434053666,5.0,0.22056121887117072,2.534540725748574,224.8973171553237,-27.99999862909317,-0.9718863368034363
1788897865000,1788897865000,1788897870000,93,-1.0,0.5099999904632568,0.5199999809265137,10.204081434053666,5.0,0.2548469343020586,-0.35688765132889144,224.5404295039948,0.0,-0.9428698420524597
1788897876400,1788897876400,1788897881400,93,-1.0,0.5099999904632568,0.23999999463558197,10.204081434053666,5.0,0.22056121887117072,2.534540725748574,227.07497022974337,-27.99999862909317,-0.974300742149353
1788897890400,1788897890400,1788897895400,37,1.0,0.32999999821186066,0.31999997794628143,15.151515233615214,5.0,0.33234848017411744,-0.4838639395645019,226.59110629017886,0.0,0.9725659489631653
1788897918000,1788897918000,1788897923000,2,-1.0,0.4000000059604645,0.4099999964237213,8.333333416117563,5.0,0.20079166888983715,-0.2841249235781523,226.3069813666007,0.0,-0.9225743412971497
1788897984200,1788897984200,1788897989200,30,-1.0,0.5799999833106995,0.5899999737739563,11.904761431709188,5.0,0.28898808815413024,-0.40803558893856995,225.89894577766214,0.0,-0.9406219124794006
1788897994200,1788897994200,1788897999200,30,-1.0,0.5799999833106995,0.5899999737739563,11.904761431709188,5.0,0.28898808815413024,-0.40803558893856995,225.49091018872357,0.0,-0.9374973177909851
1788898004200,1788898004200,1788898009200,30,-1.0,0.5799999833106995,0.5899999737739563,11.904761431709188,5.0,0.28898808815413024,-0.40803558893856995,225.08287459978501,0.0,-0.9464077353477478
1788898014200,1788898014200,1788898019200,30,-1.0,0.5799999833106995,0.5899999737739563,11.904761431709188,5.0,0.28898808815413024,-0.40803558893856995,224.67483901084645,0.0,-0.9389923214912415
1788898024400,1788898024400,1788898029400,30,-1.0,0.5799999833106995,0.5899999737739563,11.904761431709188,5.0,0.28898808815413024,-0.40803558893856995,224.2668034219079,0.0,-0.927676796913147
1788898048600,1788898048600,1788898053600,30,-1.0,0.5799999833106995,0.5899999737739563,11.904761431709188,5.0,0.28898808815413024,-0.40803558893856995,223.85876783296933,0.0,-0.9541916251182556
1788898062200,1788898062200,1788898067200,30,-1.0,0.5799999833106995,0.5899999737739563,11.904761431709188,5.0,0.28898808815413024,-0.40803558893856995,223.45073224403077,0.0,-0.9712345004081726
1788898072200,1788898072200,1788898077200,30,-1.0,0.5799999833106995,0.16999999463558196,11.904761431709188,5.0,0.2289880856209333,4.651963966559809,228.10269621059058,-41.999998688697815,-0.9281330108642578
1788898082200,1788898082200,1788898087200,30,-1.0,0.5799999833106995,0.5899999737739563,11.904761431709188,5.0,0.28898808815413024,-0.40803558893856995,227.69466062165202,0.0,-0.9391615390777588
1788898104200,1788898104200,1788898109200,37,1.0,0.32999999821186066,0.31999997794628143,15.151515233615214,5.0,0.33234848017411744,-0.4838639395645019,227.2107966820875,0.0,0.9559022188186646
1788898126200,1788898126200,1788898131200,2,-1.0,0.4000000059604645,0.32999999821186066,8.333333416117563,5.0,0.19212500215197606,0.39120840154795256,227.60200508363545,-8.000001311302185,-0.9230539798736572
1788898145600,1788898145600,1788898150600,2,-1.0,0.4000000059604645,0.4099999964237213,8.333333416117563,5.0,0.20079166888983715,-0.2841249235781523,227.31788016005729,0.0,-0.9001298546791077
1788898159600,1788898159600,1788898164600,2,-1.0,0.4000000059604645,0.32999999821186066,8.333333416117563,5.0,0.19212500215197606,0.39120840154795256,227.70908856160523,-8.000001311302185,-0.9324056506156921
1788898174200,1788898174200,1788898179200,65,-1.0,0.3799999952316284,0.3299999988079071,8.064516067008695,5.0,0.18415322376525614,0.2190725507442218,227.92816111234944,-6.499999761581421,-0.9014384746551514
1788898203800,1788898203800,1788898208800,2,-1.0,0.4000000059604645,0.32999999821186066,8.333333416117563,5.0,0.19212500215197606,0.39120840154795256,228.31936951389739,-8.000001311302185,-0.9192134141921997
1788898220200,1788898220200,1788898225200,2,-1.0,0.4000000059604645,0.4099999964237213,8.333333416117563,5.0,0.20079166888983715,-0.2841249235781523,228.03524459031922,0.0,-0.946578323841095
1788898239600,1788898239600,1788898244600,2,-1.0,0.4000000059604645,0.4099999964237213,8.333333416117563,5.0,0.20079166888983715,-0.2841249235781523,227.75111966674106,0.0,-0.9180765748023987
1788898259600,1788898259600,1788898264600,2,-1.0,0.4000000059604645,0.32999999821186066,8.333333416117563,5.0,0.19212500215197606,0.39120840154795256,228.142328068289,-8.000001311302185,-0.9314339756965637
1788898279600,1788898279600,1788898284600,2,-1.0,0.4000000059604645,0.4099999964237213,8.333333416117563,5.0,0.20079166888983715,-0.2841249235781523,227.85820314471084,0.0,-0.9229397773742676
1788898300200,1788898300200,1788898305200,2,-1.0,0.4000000059604645,0.32999999821186066,8.333333416117563,5.0,0.19212500215197606,0.39120840154795256,228.24941154625878,-8.000001311302185,-0.9201226234436035
1788898311600,1788898311600,1788898316600,10,-1.0,0.3500000089406967,0.36000002920627594,7.692307798114755,5.0,0.17611539121474715,-0.25303862508496777,227.99637292117382,0.0,-0.9356435537338257
1788898323600,1788898323600,1788898328600,2,-1.0,0.4000000059604645,0.32999999821186066,8.333333416117563,5.0,0.19212500215197606,0.39120840154795256,228.38758132272176,-8.000001311302185,-0.9389492869377136
1788898339400,1788898339400,1788898344400,2,-1.0,0.4000000059604645,0.4099999964237213,8.333333416117563,5.0,0.20079166888983715,-0.2841249235781523,228.1034563991436,0.0,-0.9428022503852844
1788898377000,1788898377000,1788898382000,10,-1.0,0.3500000089406967,0.36000002920627594,7.692307798114755,5.0,0.17611539121474715,-0.25303862508496777,227.85041777405863,0.0,-0.9244189858436584
1788898456200,1788898456200,1788898461200,10,-1.0,0.3500000089406967,0.36000002920627594,7.692307798114755,5.0,0.17611539121474715,-0.25303862508496777,227.59737914897366,0.0,-0.9409708380699158
1788898474200,1788898474200,1788898479200,37,1.0,0.32999999821186066,0.31999997794628143,15.151515233615214,5.0,0.33234848017411744,-0.4838639395645019,227.11351520940914,0.0,0.9628416895866394
1788898580600,1788898580600,1788898585600,29,1.0,0.2500000077486038,0.24000000178813935,19.999999380111714,5.0,0.36989999333930035,-0.5699001063497031,226.54361510305944,0.0,0.9118172526359558
1788898590600,1788898590600,1788898595600,29,1.0,0.2500000077486038,0.24000000178813935,19.999999380111714,5.0,0.36989999333930035,-0.5699001063497031,225.97371499670973,0.0,0.9118174314498901
1788898600600,1788898600600,1788898605600,29,1.0,0.2500000077486038,0.24000000178813935,19.999999380111714,5.0,0.36989999333930035,-0.5699001063497031,225.40381489036002,0.0,0.9118157625198364
1788898610600,1788898610600,1788898615600,30,-1.0,0.5699999928474426,0.5799999833106995,11.627906783327278,5.0,0.2841279043852798,-0.4004068613261921,225.00340802903384,0.0,-0.9335123300552368
1788898620600,1788898620600,1788898625600,16,1.0,0.1800000149011612,0.17000000894069672,27.777775478216057,5.0,0.4009722104691619,-0.6787501308197661,224.32465789821407,0.0,0.9717822074890137
1788898777000,1788898777000,1788898782000,37,1.0,0.32999999821186066,0.38999997079372406,15.151515233615214,5.0,0.3477272692831745,0.561363229307424,224.8860211275215,6.999999284744263,0.9756537675857544
1788898787200,1788898787200,1788898792200,37,1.0,0.32999999821186066,0.31999997794628143,15.151515233615214,5.0,0.33234848017411744,-0.4838639395645019,224.402157187957,0.0,0.9784855246543884
1788898809400,1788898809400,1788898814400,37,1.0,0.32999999821186066,0.31999997794628143,15.151515233615214,5.0,0.33234848017411744,-0.4838639395645019,223.91829324839247,0.0,0.9790350794792175
1788898819400,1788898819400,1788898824400,16,1.0,0.1800000149011612,0.17000000894069672,27.777775478216057,5.0,0.4009722104691619,-0.6787501308197661,223.2395431175727,0.0,0.9803434014320374
1788898829400,1788898829400,1788898834400,16,-1.0,0.5600000023841858,0.5699999928474426,11.36363642521141,5.0,0.27926136555596576,-0.3928976214359979,222.84664549613672,0.0,-0.9546325206756592
1788898871000,1788898871000,1788898876000,16,1.0,0.1800000149011612,0.5600000023841858,27.777775478216057,5.0,0.5472221897689674,10.008332144259402,232.85497764039613,38.999998569488525,0.9742255806922913
1788899180800,1788899180800,1788899185800,10,-1.0,0.3500000089406967,0.36000002920627594,7.692307798114755,5.0,0.17611539121474715,-0.25303862508496777,232.60193901531116,0.0,-0.9115384221076965
1788899240400,1788899240400,1788899245400,37,1.0,0.32999999821186066,0.31999997794628143,15.151515233615214,5.0,0.33234848017411744,-0.4838639395645019,232.11807507574665,0.0,0.924055814743042
1788899251200,1788899251200,1788899256200,37,1.0,0.32999999821186066,0.31999997794628143,15.151515233615214,5.0,0.33234848017411744,-0.4838639395645019,231.63421113618213,0.0,0.9187192320823669
1788899283000,1788899283000,1788899288000,37,1.0,0.32999999821186066,0.31999997794628143,15.151515233615214,5.0,0.33234848017411744,-0.4838639395645019,231.15034719661762,0.0,0.9492017030715942
1788899414000,1788899414000,1788899419000,16,1.0,0.1800000149011612,0.17000000894069672,27.777775478216057,5.0,0.4009722104691619,-0.6787501308197661,230.47159706579785,0.0,0.9691526293754578
1788899424000,1788899424000,1788899429000,16,1.0,0.1800000149011612,0.5600000023841858,27.777775478216057,5.0,0.5472221897689674,10.008332144259402,240.47992921005726,38.999998569488525,0.9838899970054626
1788899501000,1788899501000,1788899506000,16,-1.0,0.5600000023841858,0.1800000149011612,11.36363642521141,5.0,0.22386364283271068,4.094318056509268,244.57424726656654,-38.999998569488525,-0.9042806625366211
1788899514200,1788899514200,1788899519200,16,-1.0,0.5600000023841858,0.5699999928474426,11.36363642521141,5.0,0.27926136555596576,-0.3928976214359979,244.18134964513055,0.0,-0.9747044444084167
1788899528000,1788899528000,1788899533000,16,1.0,0.1800000149011612,0.17000000894069672,27.777775478216057,5.0,0.4009722104691619,-0.6787501308197661,243.5025995143108,0.0,0.9832345247268677
1788899538000,1788899538000,1788899543000,16,1.0,0.1800000149011612,0.17000000894069672,27.777775478216057,5.0,0.4009722104691619,-0.6787501308197661,242.82384938349102,0.0,0.9715798497200012
1788899554000,1788899554000,1788899559000,9,-1.0,0.4699999988079071,0.23999999463558197,9.433962242931775,5.0,0.2035377340417139,1.9662736211941523,244.79012300468517,-23.999999463558197,-0.9658007025718689
1788899564000,1788899564000,1788899569000,16,1.0,0.1800000149011612,0.17000000894069672,27.777775478216057,5.0,0.4009722104691619,-0.6787501308197661,244.1113728738654,0.0,0.9791496396064758
1788899574000,1788899574000,1788899579000,16,-1.0,0.5600000023841858,0.1800000149011612,11.36363642521141,5.0,0.22386364283271068,4.094318056509268,248.2056909303747,-38.999998569488525,-0.941041111946106
1788899584000,1788899584000,1788899589000,16,-1.0,0.5600000023841858,0.5699999928474426,11.36363642521141,5.0,0.27926136555596576,-0.3928976214359979,247.8127933089387,0.0,-0.9098314642906189
1788899594000,1788899594000,1788899599000,16,1.0,0.1800000149011612,0.5600000023841858,27.777775478216057,5.0,0.5472221897689674,10.008332144259402,257.8211254531981,38.999998569488525,0.9801636338233948
1788899614000,1788899614000,1788899619000,16,1.0,0.1800000149011612,0.5600000023841858,27.777775478216057,5.0,0.5472221897689674,10.008332144259402,267.82945759745746,38.999998569488525,0.9836286306381226
1788899624000,1788899624000,1788899629000,16,-1.0,0.5600000023841858,0.1800000149011612,11.36363642521141,5.0,0.22386364283271068,4.094318056509268,271.92377565396674,-38.999998569488525,-0.9314137101173401
1788899634400,1788899634400,1788899639400,16,1.0,0.1800000149011612,0.17000000894069672,27.777775478216057,5.0,0.4009722104691619,-0.6787501308197661,271.245025523147,0.0,0.9722057580947876
1788899644400,1788899644400,1788899649400,16,1.0,0.1800000149011612,0.17000000894069672,27.777775478216057,5.0,0.4009722104691619,-0.6787501308197661,270.5662753923272,0.0,0.9748333096504211
1788899654400,1788899654400,1788899659400,16,-1.0,0.5600000023841858,0.5699999928474426,11.36363642521141,5.0,0.27926136555596576,-0.3928976214359979,270.1733777708912,0.0,-0.9447977542877197
1788899688800,1788899688800,1788899693800,94,-1.0,0.4000000059604645,0.4099999964237213,8.333333416117563,5.0,0.20079166888983715,-0.2841249235781523,269.88925284731306,0.0,-0.9448279738426208
1788899705000,1788899705000,1788899710000,2,-1.0,0.4000000059604645,0.32999999821186066,8.333333416117563,5.0,0.19212500215197606,0.39120840154795256,270.280461248861,-8.000001311302185,-0.9056323170661926
1788899829000,1788899829000,1788899834000,2,-1.0,0.4000000059604645,0.32999999821186066,8.333333416117563,5.0,0.19212500215197606,0.39120840154795256,270.67166965040894,-8.000001311302185,-0.910412609577179
1788899840200,1788899840200,1788899845200,2,-1.0,0.4000000059604645,0.4099999964237213,8.333333416117563,5.0,0.20079166888983715,-0.2841249235781523,270.3875447268308,0.0,-0.9314464926719666
1788899852400,1788899852400,1788899857400,2,-1.0,0.4000000059604645,0.4099999964237213,8.333333416117563,5.0,0.20079166888983715,-0.2841249235781523,270.1034198032527,0.0,-0.9343080520629883
1788899946400,1788899946400,1788899951400,100,-1.0,0.4300000071525574,0.4399999976158142,8.771929934634617,5.0,0.21557017845735435,-0.30328939414805767,269.8001304091046,0.0,-0.9550291895866394
1788900027000,1788900027000,1788900032000,2,-1.0,0.4000000059604645,0.4099999964237213,8.333333416117563,5.0,0.20079166888983715,-0.2841249235781523,269.5160054855265,0.0,-0.9171712398529053
1788900041600,1788900041600,1788900046600,9,-1.0,0.4699999988079071,0.47999998927116394,9.433962242931775,5.0,0.23523584829133443,-0.32957538075137727,269.1864301047751,0.0,-0.9113585948944092
1788900052800,1788900052800,1788900057800,9,-1.0,0.4699999988079071,0.47999998927116394,9.433962242931775,5.0,0.23523584829133443,-0.32957538075137727,268.8568547240238,0.0,-0.9103667736053467
1788900175200,1788900175200,1788900180200,9,-1.0,0.4699999988079071,0.47999998927116394,9.433962242931775,5.0,0.23523584829133443,-0.32957538075137727,268.5272793432724,0.0,-0.9049675464630127
1788900389200,1788900389200,1788900394200,37,1.0,0.32999999821186066,0.31999997794628143,15.151515233615214,5.0,0.33234848017411744,-0.4838639395645019,268.0434154037079,0.0,0.9642494320869446
1788900403000,1788900403000,1788900408000,37,1.0,0.32999999821186066,0.31999997794628143,15.151515233615214,5.0,0.33234848017411744,-0.4838639395645019,267.5595514641434,0.0,0.9763126373291016
1788900431600,1788900431600,1788900436600,100,-1.0,0.4300000071525574,0.4399999976158142,8.771929934634617,5.0,0.21557017845735435,-0.30328939414805767,267.25626206999533,0.0,-0.9422788619995117
1788900509800,1788900509800,1788900514800,9,-1.0,0.4699999988079071,0.47999998927116394,9.433962242931775,5.0,0.23523584829133443,-0.32957538075137727,266.926686689244,0.0,-0.9628186225891113
1788900526000,1788900526000,1788900531000,10,-1.0,0.3500000089406967,0.36000002920627594,7.692307798114755,5.0,0.17611539121474715,-0.25303862508496777,266.673648064159,0.0,-0.9464771151542664
1788900536000,1788900536000,1788900541000,10,-1.0,0.3500000089406967,0.16999999463558196,7.692307798114755,5.0,0.14176923238913686,1.242846281310865,267.91649434546986,-19.00000274181366,-0.9287972450256348
1788900794000,1788900794000,1788900799000,10,-1.0,0.3500000089406967,0.36000002920627594,7.692307798114755,5.0,0.17611539121474715,-0.25303862508496777,267.6634557203849,0.0,-0.9492020606994629
1788900987400,1788900987400,1788900992400,10,-1.0,0.3500000089406967,0.16999999463558196,7.692307798114755,5.0,0.14176923238913686,1.242846281310865,268.90630200169574,-19.00000274181366,-0.9428362250328064
1788900997400,1788900997400,1788901002400,10,-1.0,0.3500000089406967,0.36000002920627594,7.692307798114755,5.0,0.17611539121474715,-0.25303862508496777,268.65326337661077,0.0,-0.926235556602478
1788901011400,1788901011400,1788901016400,10,-1.0,0.3500000089406967,0.16999999463558196,7.692307798114755,5.0,0.14176923238913686,1.242846281310865,269.8961096579216,-19.00000274181366,-0.9550027251243591
1788901025400,1788901025400,1788901030400,10,-1.0,0.3500000089406967,0.16999999463558196,7.692307798114755,5.0,0.14176923238913686,1.242846281310865,271.13895593923246,-19.00000274181366,-0.9585913419723511
1788901045000,1788901045000,1788901050000,9,-1.0,0.4699999988079071,0.47999998927116394,9.433962242931775,5.0,0.23523584829133443,-0.32957538075137727,270.8093805584811,0.0,-0.963847279548645
1788901055000,1788901055000,1788901060000,9,-1.0,0.4699999988079071,0.23999999463558197,9.433962242931775,5.0,0.2035377340417139,1.9662736211941523,272.77565417967526,-23.999999463558197,-0.9415818452835083
1788901211000,1788901211000,1788901216000,9,-1.0,0.4699999988079071,0.47999998927116394,9.433962242931775,5.0,0.23523584829133443,-0.32957538075137727,272.4460787989239,0.0,-0.9161186814308167
1788901291200,1788901291200,1788901296200,9,-1.0,0.4699999988079071,0.47999998927116394,9.433962242931775,5.0,0.23523584829133443,-0.32957538075137727,272.11650341817256,0.0,-0.9013099670410156
1788901304000,1788901304000,1788901309000,9,-1.0,0.4699999988079071,0.47999998927116394,9.433962242931775,5.0,0.23523584829133443,-0.32957538075137727,271.7869280374212,0.0,-0.9643868803977966
1788901317600,1788901317600,1788901322600,9,-1.0,0.4699999988079071,0.23999999463558197,9.433962242931775,5.0,0.2035377340417139,1.9662736211941523,273.75320165861535,-23.999999463558197,-0.9628117084503174
1788901336400,1788901336400,1788901341400,9,-1.0,0.4699999988079071,0.23999999463558197,9.433962242931775,5.0,0.2035377340417139,1.9662736211941523,275.7194752798095,-23.999999463558197,-0.9739300608634949
1788901350000,1788901350000,1788901355000,16,-1.0,0.5600000023841858,0.5699999928474426,11.36363642521141,5.0,0.27926136555596576,-0.3928976214359979,275.3265776583735,0.0,-0.971459686756134
1788901413600,1788901413600,1788901418600,9,-1.0,0.4699999988079071,0.23999999463558197,9.433962242931775,5.0,0.2035377340417139,1.9662736211941523,277.2928512795676,-23.999999463558197,-0.9176608920097351
1788901480200,1788901480200,1788901485200,10,-1.0,0.3500000089406967,0.36000002920627594,7.692307798114755,5.0,0.17611539121474715,-0.25303862508496777,277.03981265448266,0.0,-0.9177404642105103
1788901621000,1788901621000,1788901626000,9,-1.0,0.4699999988079071,0.47999998927116394,9.433962242931775,5.0,0.23523584829133443,-0.32957538075137727,276.7102372737313,0.0,-0.902083158493042
1788901687800,1788901687800,1788901692800,9,-1.0,0.4699999988079071,0.47999998927116394,9.433962242931775,5.0,0.23523584829133443,-0.32957538075137727,276.38066189297996,0.0,-0.9440266489982605
1788901739400,1788901739400,1788901744400,37,1.0,0.32999999821186066,0.31999997794628143,15.151515233615214,5.0,0.33234848017411744,-0.4838639395645019,275.89679795341544,0.0,0.9644910097122192
1788901882000,1788901882000,1788901887000,100,-1.0,0.4300000071525574,0.4399999976158142,8.771929934634617,5.0,0.21557017845735435,-0.30328939414805767,275.5935085592674,0.0,-0.9348729848861694
1788901897000,1788901897000,1788901902000,100,-1.0,0.4300000071525574,0.26999999582767487,8.771929934634617,5.0,0.19394737045217855,1.209561518430436,276.80307007769784,-17.000001668930054,-0.9665225148200989
1788901917200,1788901917200,1788901922200,100,-1.0,0.4300000071525574,0.4399999976158142,8.771929934634617,5.0,0.21557017845735435,-0.30328939414805767,276.4997806835498,0.0,-0.9717653393745422
1788901937000,1788901937000,1788901942000,100,-1.0,0.4300000071525574,0.4399999976158142,8.771929934634617,5.0,0.21557017845735435,-0.30328939414805767,276.1964912894017,0.0,-0.9710872173309326
1788901957400,1788901957400,1788901962400,9,-1.0,0.4699999988079071,0.47999998927116394,9.433962242931775,5.0,0.23523584829133443,-0.32957538075137727,275.86691590865036,0.0,-0.9742617011070251
1788901977000,1788901977000,1788901982000,100,-1.0,0.4300000071525574,0.26999999582767487,8.771929934634617,5.0,0.19394737045217855,1.209561518430436,277.0764774270808,-17.000001668930054,-0.9520258903503418
1788901997200,1788901997200,1788902002200,100,-1.0,0.4300000071525574,0.4399999976158142,8.771929934634617,5.0,0.21557017845735435,-0.30328939414805767,276.77318803293275,0.0,-0.9692962765693665
1788902012200,1788902012200,1788902017200,100,-1.0,0.4300000071525574,0.4399999976158142,8.771929934634617,5.0,0.21557017845735435,-0.30328939414805767,276.4698986387847,0.0,-0.9505273103713989
1788902022200,1788902022200,1788902027200,9,-1.0,0.4699999988079071,0.47999998927116394,9.433962242931775,5.0,0.23523584829133443,-0.32957538075137727,276.14032325803333,0.0,-0.9446654915809631
1788902032200,1788902032200,1788902037200,9,-1.0,0.4699999988079071,0.47999998927116394,9.433962242931775,5.0,0.23523584829133443,-0.32957538075137727,275.810747877282,0.0,-0.9300598502159119
1788902042200,1788902042200,1788902047200,9,-1.0,0.4699999988079071,0.23999999463558197,9.433962242931775,5.0,0.2035377340417139,1.9662736211941523,277.77702149847613,-23.999999463558197,-0.915535032749176
1788902056800,1788902056800,1788902061800,9,-1.0,0.4699999988079071,0.23999999463558197,9.433962242931775,5.0,0.2035377340417139,1.9662736211941523,279.7432951196703,-23.999999463558197,-0.973701536655426
1788902066800,1788902066800,1788902071800,9,-1.0,0.4699999988079071,0.47999998927116394,9.433962242931775,5.0,0.23523584829133443,-0.32957538075137727,279.4137197389189,0.0,-0.9682221412658691
1788902076800,1788902076800,1788902081800,37,1.0,0.32999999821186066,0.31999997794628143,15.151515233615214,5.0,0.33234848017411744,-0.4838639395645019,278.9298557993544,0.0,0.949817419052124
1788902091400,1788902091400,1788902096400,37,1.0,0.32999999821186066,0.31999997794628143,15.151515233615214,5.0,0.33234848017411744,-0.4838639395645019,278.4459918597899,0.0,0.9459396600723267
1788902117400,1788902117400,1788902122400,10,-1.0,0.3500000089406967,0.36000002920627594,7.692307798114755,5.0,0.17611539121474715,-0.25303862508496777,278.19295323470493,0.0,-0.9078737497329712
1788902145800,1788902145800,1788902150800,9,-1.0,0.4699999988079071,0.47999998927116394,9.433962242931775,5.0,0.23523584829133443,-0.32957538075137727,277.8633778539536,0.0,-0.9502208828926086
1788902155800,1788902155800,1788902160800,9,-1.0,0.4699999988079071,0.47999998927116394,9.433962242931775,5.0,0.23523584829133443,-0.32957538075137727,277.53380247320223,0.0,-0.9238789677619934
1788902165800,1788902165800,1788902170800,10,-1.0,0.3500000089406967,0.36000002920627594,7.692307798114755,5.0,0.17611539121474715,-0.25303862508496777,277.28076384811726,0.0,-0.9152395725250244
1788902175800,1788902175800,1788902180800,16,1.0,0.1800000149011612,0.17000000894069672,27.777775478216057,5.0,0.4009722104691619,-0.6787501308197661,276.6020137172975,0.0,0.9835509061813354
1788902187600,1788902187600,1788902192600,16,-1.0,0.5600000023841858,0.1800000149011612,11.36363642521141,5.0,0.22386364283271068,4.094318056509268,280.6963317738068,-38.999998569488525,-0.9757922887802124
1788902200400,1788902200400,1788902205400,93,-1.0,0.5099999904632568,0.5199999809265137,10.204081434053666,5.0,0.2548469343020586,-0.35688765132889144,280.33944412247786,0.0,-0.9736656546592712
1788902211600,1788902211600,1788902216600,16,-1.0,0.5600000023841858,0.5699999928474426,11.36363642521141,5.0,0.27926136555596576,-0.3928976214359979,279.94654650104184,0.0,-0.9022778272628784
1788902306000,1788902306000,1788902311000,9,-1.0,0.4699999988079071,0.47999998927116394,9.433962242931775,5.0,0.23523584829133443,-0.32957538075137727,279.6169711202905,0.0,-0.9503514766693115
1788902339200,1788902339200,1788902344200,100,-1.0,0.4300000071525574,0.26999999582767487,8.771929934634617,5.0,0.19394737045217855,1.209561518430436,280.82653263872095,-17.000001668930054,-0.9318163990974426
1788902369200,1788902369200,1788902374200,100,-1.0,0.4300000071525574,0.4399999976158142,8.771929934634617,5.0,0.21557017845735435,-0.30328939414805767,280.5232432445729,0.0,-0.9319766163825989
1788902379200,1788902379200,1788902384200,100,-1.0,0.4300000071525574,0.4399999976158142,8.771929934634617,5.0,0.21557017845735435,-0.30328939414805767,280.2199538504248,0.0,-0.952366292476654
1788902389200,1788902389200,1788902394200,100,-1.0,0.4300000071525574,0.26999999582767487,8.771929934634617,5.0,0.19394737045217855,1.209561518430436,281.4295153688553,-17.000001668930054,-0.9055278301239014
1788902399200,1788902399200,1788902404200,100,-1.0,0.4300000071525574,0.4399999976158142,8.771929934634617,5.0,0.21557017845735435,-0.30328939414805767,281.1262259747072,0.0,-0.9592193365097046
1788902409200,1788902409200,1788902414200,100,-1.0,0.4300000071525574,0.4399999976158142,8.771929934634617,5.0,0.21557017845735435,-0.30328939414805767,280.82293658055914,0.0,-0.9649918675422668
1788902419200,1788902419200,1788902424200,2,-1.0,0.4000000059604645,0.4099999964237213,8.333333416117563,5.0,0.20079166888983715,-0.2841249235781523,280.538811656981,0.0,-0.9109166264533997
1788902429200,1788902429200,1788902434200,100,-1.0,0.4300000071525574,0.26999999582767487,8.771929934634617,5.0,0.19394737045217855,1.209561518430436,281.7483731754115,-17.000001668930054,-0.9646684527397156
1788902439200,1788902439200,1788902444200,10,-1.0,0.3500000089406967,0.36000002920627594,7.692307798114755,5.0,0.17611539121474715,-0.25303862508496777,281.4953345503265,0.0,-0.9380536675453186
1788902449200,1788902449200,1788902454200,93,-1.0,0.5099999904632568,0.23999999463558197,10.204081434053666,5.0,0.22056121887117072,2.534540725748574,284.0298752760751,-27.99999862909317,-0.9572888612747192
1788902460400,1788902460400,1788902465400,16,-1.0,0.5600000023841858,0.5699999928474426,11.36363642521141,5.0,0.27926136555596576,-0.3928976214359979,283.63697765463905,0.0,-0.9695538282394409
1788902470400,1788902470400,1788902475400,9,-1.0,0.4699999988079071,0.47999998927116394,9.433962242931775,5.0,0.23523584829133443,-0.32957538075137727,283.3074022738877,0.0,-0.9420570731163025
1788902480400,1788902480400,1788902485400,2,-1.0,0.4000000059604645,0.32999999821186066,8.333333416117563,5.0,0.19212500215197606,0.39120840154795256,283.69861067543565,-8.000001311302185,-0.9002167582511902
1788902499000,1788902499000,1788902504000,100,-1.0,0.4300000071525574,0.26999999582767487,8.771929934634617,5.0,0.19394737045217855,1.209561518430436,284.9081721938661,-17.000001668930054,-0.9403775334358215
1788902524600,1788902524600,1788902529600,10,-1.0,0.3500000089406967,0.16999999463558196,7.692307798114755,5.0,0.14176923238913686,1.242846281310865,286.15101847517695,-19.00000274181366,-0.932813823223114
1788902534600,1788902534600,1788902539600,9,-1.0,0.4699999988079071,0.47999998927116394,9.433962242931775,5.0,0.23523584829133443,-0.32957538075137727,285.8214430944256,0.0,-0.9450238347053528
1788902548200,1788902548200,1788902553200,10,-1.0,0.3500000089406967,0.16999999463558196,7.692307798114755,5.0,0.14176923238913686,1.242846281310865,287.06428937573645,-19.00000274181366,-0.9355316162109375
1788902590200,1788902590200,1788902595200,100,-1.0,0.4300000071525574,0.26999999582767487,8.771929934634617,5.0,0.19394737045217855,1.209561518430436,288.2738508941669,-17.000001668930054,-0.9319278001785278
1788902601200,1788902601200,1788902606200,100,-1.0,0.4300000071525574,0.4399999976158142,8.771929934634617,5.0,0.21557017845735435,-0.30328939414805767,287.97056150001885,0.0,-0.93192058801651
1788902611400,1788902611400,1788902616400,100,-1.0,0.4300000071525574,0.26999999582767487,8.771929934634617,5.0,0.19394737045217855,1.209561518430436,289.1801230184493,-17.000001668930054,-0.9672209620475769
1788902622400,1788902622400,1788902627400,100,-1.0,0.4300000071525574,0.26999999582767487,8.771929934634617,5.0,0.19394737045217855,1.209561518430436,290.38968453687977,-17.000001668930054,-0.9692175388336182
1788902633000,1788902633000,1788902638000,9,-1.0,0.4699999988079071,0.47999998927116394,9.433962242931775,5.0,0.23523584829133443,-0.32957538075137727,290.0601091561284,0.0,-0.9620332717895508
1788902643000,1788902643000,1788902648000,100,-1.0,0.4300000071525574,0.26999999582767487,8.771929934634617,5.0,0.19394737045217855,1.209561518430436,291.2696706745589,-17.000001668930054,-0.9424854516983032
1788902653000,1788902653000,1788902658000,100,-1.0,0.4300000071525574,0.26999999582767487,8.771929934634617,5.0,0.19394737045217855,1.209561518430436,292.47923219298934,-17.000001668930054,-0.9661725163459778
1788902663000,1788902663000,1788902668000,9,-1.0,0.4699999988079071,0.47999998927116394,9.433962242931775,5.0,0.23523584829133443,-0.32957538075137727,292.149656812238,0.0,-0.9186474680900574
1788902673000,1788902673000,1788902678000,37,1.0,0.32999999821186066,0.31999997794628143,15.151515233615214,5.0,0.33234848017411744,-0.4838639395645019,291.6657928726735,0.0,0.9545531272888184
1788902683000,1788902683000,1788902688000,9,-1.0,0.4699999988079071,0.47999998927116394,9.433962242931775,5.0,0.23523584829133443,-0.32957538075137727,291.3362174919221,0.0,-0.9228339195251465
1788902693000,1788902693000,1788902698000,2,-1.0,0.4000000059604645,0.32999999821186066,8.333333416117563,5.0,0.19212500215197606,0.39120840154795256,291.72742589347007,-8.000001311302185,-0.9312900900840759
1788902703000,1788902703000,1788902708000,100,-1.0,0.4300000071525574,0.26999999582767487,8.771929934634617,5.0,0.19394737045217855,1.209561518430436,292.93698741190053,-17.000001668930054,-0.938676655292511
1788903002400,1788903002400,1788903007400,100,-1.0,0.4300000071525574,0.4399999976158142,8.771929934634617,5.0,0.21557017845735435,-0.30328939414805767,292.63369801775247,0.0,-0.9566366076469421
1788903012400,1788903012400,1788903017400,100,-1.0,0.4300000071525574,0.4399999976158142,8.771929934634617,5.0,0.21557017845735435,-0.30328939414805767,292.3304086236044,0.0,-0.908449649810791
1788903057200,1788903057200,1788903062200,100,-1.0,0.4300000071525574,0.4399999976158142,8.771929934634617,5.0,0.21557017845735435,-0.30328939414805767,292.02711922945633,0.0,-0.936195969581604
1788903074800,1788903074800,1788903079800,9,1.0,0.23999999463558197,0.23000000417232513,20.83333379899463,5.0,0.3744791744781349,-0.5828123137859275,291.4443069156704,0.0,0.9749082326889038
1788903087400,1788903087400,1788903092400,86,1.0,0.32999999821186066,0.3700000047683716,15.151515233615214,5.0,0.34409091143404485,0.2619697972516389,291.70627671292203,5.0000011920928955,0.9691122770309448
1788903098600,1788903098600,1788903103600,86,1.0,0.32999999821186066,0.3700000047683716,15.151515233615214,5.0,0.34409091143404485,0.2619697972516389,291.9682465101737,5.0000011920928955,0.9697043895721436
1788903110600,1788903110600,1788903115600,86,1.0,0.32999999821186066,0.31999997794628143,15.151515233615214,5.0,0.33234848017411744,-0.4838639395645019,291.48438257060917,0.0,0.9662184715270996
1788903163200,1788903163200,1788903168200,9,-1.0,0.4699999988079071,0.23999999463558197,9.433962242931775,5.0,0.2035377340417139,1.9662736211941523,293.4506561918033,-23.999999463558197,-0.968000054359436
1788903173200,1788903173200,1788903178200,86,1.0,0.32999999821186066,0.31999997794628143,15.151515233615214,5.0,0.33234848017411744,-0.4838639395645019,292.9667922522388,0.0,0.9415597319602966
1788903186000,1788903186000,1788903191000,100,-1.0,0.4300000071525574,0.4399999976158142,8.771929934634617,5.0,0.21557017845735435,-0.30328939414805767,292.66350285809074,0.0,-0.9315406680107117
1788903196600,1788903196600,1788903201600,100,-1.0,0.4300000071525574,0.26999999582767487,8.771929934634617,5.0,0.19394737045217855,1.209561518430436,293.8730643765212,-17.000001668930054,-0.9019212126731873
1788903270000,1788903270000,1788903275000,2,-1.0,0.4000000059604645,0.4099999964237213,8.333333416117563,5.0,0.20079166888983715,-0.2841249235781523,293.58893945294307,0.0,-0.9116116762161255
1788903390000,1788903390000,1788903395000,9,-1.0,0.4699999988079071,0.47999998927116394,9.433962242931775,5.0,0.23523584829133443,-0.32957538075137727,293.2593640721917,0.0,-0.9594851136207581
1788903698800,1788903698800,1788903703800,2,-1.0,0.4000000059604645,0.32999999821186066,8.333333416117563,5.0,0.19212500215197606,0.39120840154795256,293.65057247373966,-8.000001311302185,-0.9306461811065674
1788903711600,1788903711600,1788903716600,37,1.0,0.32999999821186066,0.31999997794628143,15.151515233615214,5.0,0.33234848017411744,-0.4838639395645019,293.16670853417514,0.0,0.9592561721801758
1788903886200,1788903886200,1788903891200,37,1.0,0.32999999821186066,0.31999997794628143,15.151515233615214,5.0,0.33234848017411744,-0.4838639395645019,292.68284459461063,0.0,0.9588255286216736
1788903896200,1788903896200,1788903901200,37,1.0,0.32999999821186066,0.31999997794628143,15.151515233615214,5.0,0.33234848017411744,-0.4838639395645019,292.1989806550461,0.0,0.9264954328536987
1788903906200,1788903906200,1788903911200,37,1.0,0.32999999821186066,0.31999997794628143,15.151515233615214,5.0,0.33234848017411744,-0.4838639395645019,291.7151167154816,0.0,0.9581043720245361
1788903918400,1788903918400,1788903923400,37,1.0,0.32999999821186066,0.31999997794628143,15.151515233615214,5.0,0.33234848017411744,-0.4838639395645019,291.2312527759171,0.0,0.9032980799674988
1788903930400,1788903930400,1788903935400,37,1.0,0.32999999821186066,0.31999997794628143,15.151515233615214,5.0,0.33234848017411744,-0.4838639395645019,290.74738883635257,0.0,0.9388739466667175
1788903942400,1788903942400,1788903947400,37,1.0,0.32999999821186066,0.3799999952316284,15.151515233615214,5.0,0.3459848490320454,0.4115908674936811,291.1589797038462,6.000000238418579,0.9713702201843262
1788903952600,1788903952600,1788903957600,94,-1.0,0.4000000059604645,0.4099999964237213,8.333333416117563,5.0,0.20079166888983715,-0.2841249235781523,290.8748547802681,0.0,-0.9312092065811157
1788903962600,1788903962600,1788903967600,94,-1.0,0.4000000059604645,0.4099999964237213,8.333333416117563,5.0,0.20079166888983715,-0.2841249235781523,290.59072985668996,0.0,-0.937731921672821
1788903972600,1788903972600,1788903977600,94,-1.0,0.4000000059604645,0.4099999964237213,8.333333416117563,5.0,0.20079166888983715,-0.2841249235781523,290.3066049331118,0.0,-0.9557189345359802
1788903992200,1788903992200,1788903997200,94,-1.0,0.4000000059604645,0.4099999964237213,8.333333416117563,5.0,0.20079166888983715,-0.2841249235781523,290.0224800095337,0.0,-0.9408732652664185
1788904002200,1788904002200,1788904007200,94,-1.0,0.4000000059604645,0.4099999964237213,8.333333416117563,5.0,0.20079166888983715,-0.2841249235781523,289.73835508595556,0.0,-0.9071792960166931
1788904100800,1788904100800,1788904105800,94,-1.0,0.4000000059604645,0.4099999964237213,8.333333416117563,5.0,0.20079166888983715,-0.2841249235781523,289.4542301623774,0.0,-0.9336440563201904
1788904113800,1788904113800,1788904118800,93,1.0,0.23999999463558197,0.5099999904632568,20.83333379899463,5.0,0.4503125073582245,5.174687531446883,294.6289176938243,27.99999862909317,0.9701880216598511
1788904130000,1788904130000,1788904135000,93,1.0,0.23999999463558197,0.23000000417232513,20.83333379899463,5.0,0.3744791744781349,-0.5828123137859275,294.04610538003834,0.0,0.9805347323417664
1788904140000,1788904140000,1788904145000,93,-1.0,0.5099999904632568,0.5199999809265137,10.204081434053666,5.0,0.2548469343020586,-0.35688765132889144,293.6892177287094,0.0,-0.9283459782600403
1788904236400,1788904236400,1788904241400,16,1.0,0.1800000149011612,0.17000000894069672,27.777775478216057,5.0,0.4009722104691619,-0.6787501308197661,293.01046759788966,0.0,0.9825533628463745
1788904247800,1788904247800,1788904252800,100,-1.0,0.4300000071525574,0.4399999976158142,8.771929934634617,5.0,0.21557017845735435,-0.30328939414805767,292.7071782037416,0.0,-0.9042564630508423
1788904389400,1788904389400,1788904394400,9,-1.0,0.46000000834465027,0.4699999988079071,9.259259402343114,5.0,0.23032407790923237,-0.3229165836294847,292.3842616201121,0.0,-0.9220640063285828
1788904403200,1788904403200,1788904408200,9,1.0,0.23999999463558197,0.46000000834465027,20.83333379899463,5.0,0.4487500078200053,4.1345837135644095,296.5188453336765,23.000000417232513,0.9705912470817566
1788904413200,1788904413200,1788904418200,9,-1.0,0.46000000834465027,0.23999999463558197,9.259259402343114,5.0,0.19944444654409776,1.8375927489072068,298.3564380825837,-23.000000417232513,-0.9338197112083435
1788904423200,1788904423200,1788904428200,9,-1.0,0.46000000834465027,0.4699999988079071,9.259259402343114,5.0,0.23032407790923237,-0.3229165836294847,298.0335214989542,0.0,-0.924772322177887
1788904433200,1788904433200,1788904438200,9,1.0,0.23999999463558197,0.46000000834465027,20.83333379899463,5.0,0.4487500078200053,4.1345837135644095,302.1681052125186,23.000000417232513,0.9764117002487183
1788904445400,1788904445400,1788904450400,9,1.0,0.23999999463558197,0.46000000834465027,20.83333379899463,5.0,0.4487500078200053,4.1345837135644095,306.30268892608296,23.000000417232513,0.9781526923179626
1788904455400,1788904455400,1788904460400,9,-1.0,0.46000000834465027,0.4699999988079071,9.259259402343114,5.0,0.23032407790923237,-0.3229165836294847,305.9797723424535,0.0,-0.9159893989562988
1788904468400,1788904468400,1788904473400,9,1.0,0.23999999463558197,0.23000000417232513,20.83333379899463,5.0,0.3744791744781349,-0.5828123137859275,305.39696002866754,0.0,0.9776924252510071
1788904478400,1788904478400,1788904483400,9,-1.0,0.46000000834465027,0.4699999988079071,9.259259402343114,5.0,0.23032407790923237,-0.3229165836294847,305.07404344503806,0.0,-0.9153363108634949
1788904497800,1788904497800,1788904502800,9,1.0,0.23999999463558197,0.46000000834465027,20.83333379899463,5.0,0.4487500078200053,4.1345837135644095,309.20862715860244,23.000000417232513,0.9767370820045471
1788904507800,1788904507800,1788904512800,9,-1.0,0.46000000834465027,0.4699999988079071,9.259259402343114,5.0,0.23032407790923237,-0.3229165836294847,308.88571057497296,0.0,-0.9014186859130859
1788904518000,1788904518000,1788904523000,9,-1.0,0.46000000834465027,0.4699999988079071,9.259259402343114,5.0,0.23032407790923237,-0.3229165836294847,308.5627939913435,0.0,-0.9032571315765381
1788904611600,1788904611600,1788904616600,9,1.0,0.23999999463558197,0.46000000834465027,20.83333379899463,5.0,0.4487500078200053,4.1345837135644095,312.69737770490786,23.000000417232513,0.9789869785308838
1788904626400,1788904626400,1788904631400,9,1.0,0.23999999463558197,0.46000000834465027,20.83333379899463,5.0,0.4487500078200053,4.1345837135644095,316.83196141847225,23.000000417232513,0.9804645776748657
1788904645600,1788904645600,1788904650600,93,1.0,0.23999999463558197,0.5099999904632568,20.83333379899463,5.0,0.4503125073582245,5.174687531446883,322.0066489499191,27.99999862909317,0.9799612760543823
1788904655600,1788904655600,1788904660600,9,-1.0,0.46000000834465027,0.4699999988079071,9.259259402343114,5.0,0.23032407790923237,-0.3229165836294847,321.68373236628963,0.0,-0.9282128214836121
1788904665600,1788904665600,1788904670600,9,-1.0,0.46000000834465027,0.4699999988079071,9.259259402343114,5.0,0.23032407790923237,-0.3229165836294847,321.36081578266015,0.0,-0.9001834988594055
1788904819600,1788904819600,1788904824600,9,-1.0,0.46000000834465027,0.23999999463558197,9.259259402343114,5.0,0.19944444654409776,1.8375927489072068,323.19840853156734,-23.000000417232513,-0.9392057061195374
1788904830200,1788904830200,1788904835200,9,-1.0,0.46000000834465027,0.4699999988079071,9.259259402343114,5.0,0.23032407790923237,-0.3229165836294847,322.87549194793786,0.0,-0.9108886122703552
1788904854800,1788904854800,1788904859800,17,-1.0,0.4399999976158142,0.44999998807907104,8.928571390558263,5.0,0.2204910698299277,-0.30977669858601814,322.56571524935185,0.0,-0.9680325388908386
1788904879000,1788904879000,1788904884000,17,-1.0,0.4399999976158142,0.44999998807907104,8.928571390558263,5.0,0.2204910698299277,-0.30977669858601814,322.25593855076585,0.0,-0.9623344540596008
1788904889000,1788904889000,1788904894000,16,1.0,0.1800000149011612,0.17000000894069672,27.777775478216057,5.0,0.4009722104691619,-0.6787501308197661,321.5771884199461,0.0,0.9817366003990173
1788904899000,1788904899000,1788904904000,16,-1.0,0.5600000023841858,0.5699999928474426,11.36363642521141,5.0,0.27926136555596576,-0.3928976214359979,321.18429079851006,0.0,-0.9378513693809509
1788904909000,1788904909000,1788904914000,16,-1.0,0.5600000023841858,0.5699999928474426,11.36363642521141,5.0,0.27926136555596576,-0.3928976214359979,320.79139317707404,0.0,-0.9744898676872253
1788904919000,1788904919000,1788904924000,16,-1.0,0.5600000023841858,0.1800000149011612,11.36363642521141,5.0,0.22386364283271068,4.094318056509268,324.8857112335833,-38.999998569488525,-0.9405438899993896
1788904929000,1788904929000,1788904934000,16,1.0,0.1800000149011612,0.17000000894069672,27.777775478216057,5.0,0.4009722104691619,-0.6787501308197661,324.20696110276356,0.0,0.9816063046455383
1788904939000,1788904939000,1788904944000,16,-1.0,0.5600000023841858,0.5699999928474426,11.36363642521141,5.0,0.27926136555596576,-0.3928976214359979,323.81406348132754,0.0,-0.9164979457855225
1788904957800,1788904957800,1788904962800,16,1.0,0.1800000149011612,0.17000000894069672,27.777775478216057,5.0,0.4009722104691619,-0.6787501308197661,323.1353133505078,0.0,0.9837523102760315
1788904972400,1788904972400,1788904977400,16,1.0,0.1800000149011612,0.5600000023841858,27.777775478216057,5.0,0.5472221897689674,10.008332144259402,333.14364549476716,38.999998569488525,0.985024094581604
1788904982400,1788904982400,1788904987400,16,1.0,0.1800000149011612,0.17000000894069672,27.777775478216057,5.0,0.4009722104691619,-0.6787501308197661,332.4648953639474,0.0,0.9863175749778748
1788905082600,1788905082600,1788905087600,16,-1.0,0.5600000023841858,0.5699999928474426,11.36363642521141,5.0,0.27926136555596576,-0.3928976214359979,332.07199774251137,0.0,-0.9632487893104553
1788905092600,1788905092600,1788905097600,16,-1.0,0.5600000023841858,0.5699999928474426,11.36363642521141,5.0,0.27926136555596576,-0.3928976214359979,331.67910012107535,0.0,-0.9317795038223267
1788905106400,1788905106400,1788905111400,16,1.0,0.1800000149011612,0.17000000894069672,27.777775478216057,5.0,0.4009722104691619,-0.6787501308197661,331.0003499902556,0.0,0.9826802015304565
1788905116400,1788905116400,1788905121400,16,-1.0,0.5600000023841858,0.1800000149011612,11.36363642521141,5.0,0.22386364283271068,4.094318056509268,335.09466804676487,-38.999998569488525,-0.9031111001968384
1788905133800,1788905133800,1788905138800,16,-1.0,0.5600000023841858,0.1800000149011612,11.36363642521141,5.0,0.22386364283271068,4.094318056509268,339.18898610327415,-38.999998569488525,-0.9758648872375488
1788905143800,1788905143800,1788905148800,16,-1.0,0.5600000023841858,0.5699999928474426,11.36363642521141,5.0,0.27926136555596576,-0.3928976214359979,338.7960884818381,0.0,-0.9586484432220459
1788905168200,1788905168200,1788905173200,93,-1.0,0.5099999904632568,0.5199999809265137,10.204081434053666,5.0,0.2548469343020586,-0.35688765132889144,338.4392008305092,0.0,-0.9340925812721252
1788905255200,1788905255200,1788905260200,94,-1.0,0.4000000059604645,0.16999999463558196,8.333333416117563,5.0,0.15879166726561053,1.757875112815451,340.19707594332465,-24.000000953674316,-0.9447291493415833
1788905394000,1788905394000,1788905399000,9,-1.0,0.46000000834465027,0.23999999463558197,9.259259402343114,5.0,0.19944444654409776,1.8375927489072068,342.03466869223183,-23.000000417232513,-0.9369467496871948
1788905404000,1788905404000,1788905409000,9,-1.0,0.46000000834465027,0.4699999988079071,9.259259402343114,5.0,0.23032407790923237,-0.3229165836294847,341.71175210860235,0.0,-0.9426721334457397
1788905472400,1788905472400,1788905477400,2,-1.0,0.4000000059604645,0.32999999821186066,8.333333416117563,5.0,0.19212500215197606,0.39120840154795256,342.1029605101503,-8.000001311302185,-0.9425719976425171
1788905489200,1788905489200,1788905494200,2,-1.0,0.4000000059604645,0.4099999964237213,8.333333416117563,5.0,0.20079166888983715,-0.2841249235781523,341.81883558657216,0.0,-0.9342285394668579
1788905502600,1788905502600,1788905507600,2,-1.0,0.4000000059604645,0.4099999964237213,8.333333416117563,5.0,0.20079166888983715,-0.2841249235781523,341.53471066299403,0.0,-0.9438562393188477
1788905519200,1788905519200,1788905524200,2,-1.0,0.4000000059604645,0.4099999964237213,8.333333416117563,5.0,0.20079166888983715,-0.2841249235781523,341.2505857394159,0.0,-0.9484331011772156
1788905529200,1788905529200,1788905534200,2,1.0,0.32999999821186066,0.38999997079372406,15.151515233615214,5.0,0.3477272692831745,0.561363229307424,341.8119489687233,6.999999284744263,0.9834696054458618
1788905539200,1788905539200,1788905544200,2,-1.0,0.38999997079372406,0.3999999910593033,8.196720919023454,5.0,0.19586064299386846,-0.27782801829540016,341.5341209504279,0.0,-0.9073362350463867
1788905549200,1788905549200,1788905554200,2,-1.0,0.38999997079372406,0.3999999910593033,8.196720919023454,5.0,0.19586064299386846,-0.27782801829540016,341.2562929321325,0.0,-0.9249429106712341
1788905559200,1788905559200,1788905564200,2,-1.0,0.38999997079372406,0.32999999821186066,8.196720919023454,5.0,0.18811474220906835,0.3036882881935251,341.55998122032605,-6.999999284744263,-0.9218370318412781
1788905569200,1788905569200,1788905574200,2,-1.0,0.38999997079372406,0.32999999821186066,8.196720919023454,5.0,0.18811474220906835,0.3036882881935251,341.8636695085196,-6.999999284744263,-0.9318151473999023
1788905579200,1788905579200,1788905584200,2,1.0,0.32999999821186066,0.38999997079372406,15.151515233615214,5.0,0.3477272692831745,0.561363229307424,342.425032737827,6.999999284744263,0.9777682423591614
1788905589200,1788905589200,1788905594200,2,1.0,0.32999999821186066,0.38999997079372406,15.151515233615214,5.0,0.3477272692831745,0.561363229307424,342.9863959671344,6.999999284744263,0.9715730547904968
1788905599200,1788905599200,1788905604200,2,1.0,0.32999999821186066,0.38999997079372406,15.151515233615214,5.0,0.3477272692831745,0.561363229307424,343.5477591964418,6.999999284744263,0.9737752676010132
1788905609200,1788905609200,1788905614200,2,-1.0,0.38999997079372406,0.32999999821186066,8.196720919023454,5.0,0.18811474220906835,0.3036882881935251,343.85144748463534,-6.999999284744263,-0.9109048843383789
1788905620800,1788905620800,1788905625800,2,1.0,0.32999999821186066,0.31999997794628143,15.151515233615214,5.0,0.33234848017411744,-0.4838639395645019,343.36758354507083,0.0,0.9783734083175659
1788905630800,1788905630800,1788905635800,2,-1.0,0.38999997079372406,0.3999999910593033,8.196720919023454,5.0,0.19586064299386846,-0.27782801829540016,343.08975552677543,0.0,-0.9086136817932129
